{
    "courseDetail": {
        "CourseId": 1009,
        "CourseContent": "<p>&nbsp;</p>\n\n<h1>一夜致富是可能的！</h1>\n\n<h1>前提是你要找對工具</h1>\n\n<p>除了樂透跟繼承遺產之外</p>\n\n<p>你能想到可以一夜致富的方法還有哪些</p>\n\n<p>投資！很好，該投資什麼...</p>\n\n<p>股票嗎？這個方法不錯，穩健且踏實</p>\n\n<p>十年後或許可以讓你致富</p>\n\n<p>但除非你本金很大(這代表你本來就富了</p>\n\n<p>短期內不可能，就算靠融資玩股票</p>\n\n<p>也就翻個幾倍而已</p>\n\n<p>期貨？愈來愈接近答案了</p>\n\n<p>但玩期貨需要的保證金高得嚇人...</p>\n\n<p>&nbsp;</p>\n\n<p>事實上</p>\n\n<p>真正做到「一夜」致富的人</p>\n\n<p>他所玩的金融產品</p>\n\n<p>其槓桿倍率需高達十幾倍，甚至百倍</p>\n\n<p>而其交易的標的</p>\n\n<p>包括指數、農作物、能源...等無所不包</p>\n\n<p>&nbsp;</p>\n\n<h2>究竟這神秘的「一夜致富」煉金術是?</h2>\n\n<p>&nbsp;</p>\n\n<p>繼續看下去...</p>\n\n<p>&nbsp;</p>\n\n<p>&nbsp;</p>\n\n<p><googleadsense height=\"600px\" type=\"4\" width=\"300px\"></googleadsense></p>\n\n<p>&nbsp;</p>\n\n<p>&nbsp;</p>\n\n<h1>答案是:選擇權！</h1>\n\n<p>&nbsp;</p>\n\n<p>&nbsp;</p>\n\n<h1>台灣的選擇權商品</h1>\n\n<h1>主要可分成 3 大類：</h1>\n\n<p>&nbsp;</p>\n\n<h2>1. 指數選擇權</h2>\n\n<p>目前台灣期貨市場</p>\n\n<p>選擇權交易量</p>\n\n<p>以＂指數選擇權＂為大宗</p>\n\n<p>其中又以<strong><span style=\"background-color:#FFFF00\">台指選擇權的交易量最大。</span></strong></p>\n\n<p>&nbsp;</p>\n\n<p>&nbsp;</p>\n\n<p>&nbsp;</p>\n\n<p>&nbsp;</p>\n\n<h2>2. 台幣計價黃金選擇權</h2>\n\n<p>在台灣的商品選擇權</p>\n\n<p>就等於是 &quot; 台幣黃金選擇權 &quot;&nbsp;</p>\n\n<p>以台灣投資人習慣的現金結算</p>\n\n<p>所以目前黃金選擇權</p>\n\n<p>整體規模也相對小。</p>\n\n<p>&nbsp;</p>\n\n<p>&nbsp;</p>\n\n<p>&nbsp;</p>\n\n<p>&nbsp;</p>\n\n<h2>3. 股票選擇權</h2>\n\n<p>契約經過修改的股票選擇權</p>\n\n<p>才剛上市不久</p>\n\n<p>只有少數投資人</p>\n\n<p>會把股票交易想法轉換成選擇權</p>\n\n<p>法人機構使用的狀況也不明顯。</p>\n\n<p>台灣目前的股票選擇權標的共有42檔。</p>\n\n<p>&nbsp;</p>\n\n<p>&nbsp;</p>\n\n<p>&nbsp;</p>\n\n<p>&nbsp;</p>\n\n<h1><span style=\"color:rgb(178, 34, 34)\"><strong>可交易「權利」的商品</strong></span></h1>\n\n<h1><span style=\"color:rgb(178, 34, 34)\"><strong>主要可以分為兩大類</strong></span></h1>\n\n<h2><strong><span style=\"color:rgb(255, 102, 0)\">1. 依標的工具屬性分類</span></strong></h2>\n\n<p><img alt=\"\" height=\"301\" src=\"http://www.cmoney.tw/learn/cmstatic/learn/42/20140724152329615.png\" width=\"500\" /></p>\n\n<p><googleadsense height=\"250px\" type=\"2\" width=\"300px\"></googleadsense></p>\n\n<p>&nbsp;</p>\n\n<h2><strong><span style=\"color:rgb(255, 102, 0)\">2. 依商品型態分類</span></strong></h2>\n\n<p>&nbsp;</p>\n\n<p><img alt=\"\" height=\"298\" src=\"http://www.cmoney.tw/learn/cmstatic/learn/42/20140724143504821.png\" width=\"500\" /></p>\n\n<p>&nbsp;</p>\n\n<h2>選擇權種類很多</h2>\n\n<h2>如果只是跟著大家買</h2>\n\n<h2>一定會賠很慘...</h2>\n\n<p>&nbsp;</p>\n\n<p>了解「一夜致富的煉金術」</p>\n\n<p><span style=\"color:rgb(51, 51, 51); font-size:16px\">趕快點選 下 1 堂課</span><strong>〈<u><a href=\"http://cmy.tw/005A4c\">更深入知道</a><a href=\"http://cmy.tw/005A4c\" style=\"outline-style: initial; outline-width: 0px; position: relative; text-decoration: underline;\">次於樂透商品的台指選擇權！</a></u>〉</strong></p>\n\n<p>&nbsp;</p>\n\n<p><span style=\"font-family:arial,微軟正黑體,細明體; font-size:15px\">如果覺得這篇文章有幫助，先按個讚哦！</span></p>\n\n<p><iframe allowtransparency=\"true\" frameborder=\"0\" height=\"80\" scrolling=\"no\" src=\"https://www.facebook.com/plugins/like.php?href=https%3A%2F%2Fwww.facebook.com%2Fcmoneyapp%2F&amp;width=450&amp;layout=standard&amp;action=like&amp;size=large&amp;show_faces=true&amp;share=true&amp;height=80&amp;appId\" style=\"border:none;overflow:hidden\" width=\"450\"></iframe></p>\n\n<p>&nbsp;</p>\n",
        "ViewCount": "45958",
        "IsReference": false,
        "ReferenceList": null,
        "OgImgURL": "http://www.cmoney.tw/learn/cmstatic/learn/42/20140724152329615.png"
    },
    "badges": [],
    "isTreeCompleted": false,
    "nextCourse": null
}