{
    "courseDetail": {
        "CourseId": 100,
        "CourseContent": "<p><img alt=\"投資的機會成本\" height=\"340\" src=\"http://www.cmoney.tw/learn/cmstatic/learn/1/20190328110903188.png\" width=\"650\" /></p>\n\n<p>都說理財很重要，</p>\n\n<p>你不理財，財也不理你，</p>\n\n<p>而絕大部分人，</p>\n\n<p>都會用「投資」，</p>\n\n<p>來讓自己的財產增值。</p>\n\n<p>可是...</p>\n\n<p>投資、理財，</p>\n\n<p>要如何做才好？</p>\n\n<p>相信這是很多人都有的問題...</p>\n\n<p>&nbsp;</p>\n\n<p>繼續看下去...</p>\n\n<p>&nbsp;</p>\n\n<p><span style=\"color:rgb(128, 128, 128); font-size:12px\">(贊助商連結...)</span></p>\n\n<p><dfp type=\"3\"></dfp></p>\n\n<p>&nbsp;</p>\n\n<h1>其實...</h1>\n\n<h1>投資本身是一種選擇</h1>\n\n<h2>而魚與熊掌不可兼得</h2>\n\n<p>我們投資，</p>\n\n<p>就是在做一種選擇。</p>\n\n<p>投資 A、可能就要放棄 B，</p>\n\n<p>選擇期貨，</p>\n\n<p>你可能就沒有錢去投資基金，</p>\n\n<p>這是投資人都知道的事，</p>\n\n<p>但...</p>\n\n<p>你考慮過嗎？</p>\n\n<p>其實光是選擇「投資」本身，</p>\n\n<p>你已經放棄了很多重要的事物，</p>\n\n<p>怎麼說呢？</p>\n\n<p>&nbsp;</p>\n\n<h1>投資需要時間學，</h1>\n\n<h1>但別走火入魔</h1>\n\n<p>多少投資人，把投資當賭博、</p>\n\n<p>熱衷於短線炒作，</p>\n\n<p>幾乎走火入魔，</p>\n\n<p>每天專注於大盤的變動，</p>\n\n<p>盯著籌碼 K 線、經濟指標等等。</p>\n\n<p>對每一個數字的跳動爛熟於胸，</p>\n\n<p>卻忘了，生命中還有很多</p>\n\n<p>比投資更重要的事物，問問自己：</p>\n\n<h2>你願意用多少錢去交換</h2>\n\n<h2>每天多出 1 小時？</h2>\n\n<p>&nbsp;</p>\n\n<p>而這多出的 1 小時，</p>\n\n<p>你想花在哪裡？</p>\n\n<p>「如果每天多 1 小時，</p>\n\n<p>讓你陪伴家人、朋友、</p>\n\n<p>衝刺事業、保持健康，</p>\n\n<p>你願意用多少錢做交換？」</p>\n\n<p>&nbsp;</p>\n\n<p>對很多人來說，</p>\n\n<p>相信這個價格並不便宜，</p>\n\n<p>甚至超級貴。</p>\n\n<p>但在投資中，</p>\n\n<p>我們卻常忽略了這些價值，</p>\n\n<p>回歸到冷冰冰的 金錢增減計算。</p>\n\n<p>&nbsp;</p>\n\n<p><dfp type=\"2\"></dfp></p>\n\n<p>&nbsp;</p>\n\n<h1>是花在研究股票上嗎？</h1>\n\n<p>你多久檢查一次自己的股票呢？</p>\n\n<p>是數個月、甚至一年</p>\n\n<p>才檢視一次自己的持股，</p>\n\n<p>還是每天都要重新檢視自己的組合?</p>\n\n<p>每天要花 1 小時檢視持股、</p>\n\n<p>計算策略、思考盤勢，</p>\n\n<p>也許未來短線上</p>\n\n<p>可以少走一點冤枉路？但是...</p>\n\n<p><strong>你有多久沒花上一個小時，</strong></p>\n\n<p><strong>陪陪自己的孩子和父母了呢？</strong></p>\n\n<p>&nbsp;</p>\n\n<h2>算算看...</h2>\n\n<h2>你每天花多久時間在交易上?</h2>\n\n<p><strong>而花費的這些時間，</strong></p>\n\n<p><strong>是犧牲了那些得來的、值不值？</strong></p>\n\n<p>是 5 個小時全神貫注地盯盤，</p>\n\n<p>盤後還要花 3 小時做功課，</p>\n\n<p>還是睡前 5 分鐘 決定明天策略?</p>\n\n<p>每天花 5 個小時在交易上，</p>\n\n<p>也許看著盤勢變動腎上腺素上升，</p>\n\n<p>可以感到興奮刺激，</p>\n\n<p>也許當沖殺進殺出的投機交易效益很高，</p>\n\n<p>但真的值得嗎？</p>\n\n<p>&nbsp;</p>\n\n<h2>投資，是讓生活</h2>\n\n<h2>變得更美好的工具，</h2>\n\n<h2>而非生活的一部分。</h2>\n\n<p>當時間全心投注在投資上時，</p>\n\n<p>家人、朋友、事業、健康，</p>\n\n<p><strong>所有生活中美好的事物，</strong></p>\n\n<p><strong>永遠是相對的&nbsp;<span style=\"font-size:18px\">機會成本</span>。</strong></p>\n\n<p>&nbsp;</p>\n\n<p><dfp type=\"1\"></dfp></p>\n\n<p>&nbsp;</p>\n\n<h1>提升報酬率的方法，</h1>\n\n<h1>是花更少的時間在投資上</h1>\n\n<h2>長期穩定的報酬，</h2>\n\n<h2>才是你的目的</h2>\n\n<p>也許你開始發現，</p>\n\n<p>提高投資報酬率的方法，</p>\n\n<p>不是花更多時間看盤，</p>\n\n<p>而是好好研究，徹底了解它，</p>\n\n<p><strong>才可以花更少的時間在它身上。</strong></p>\n\n<p>&nbsp;</p>\n\n<p>畢竟，</p>\n\n<p><strong>投入一次性的時間或金錢，</strong></p>\n\n<p><strong>換取未來長期穩定的報酬，</strong></p>\n\n<p>不正是投資的本質嗎？</p>\n\n<p>別讓短期衝殺的刺激</p>\n\n<p>影響了你一開始投資的根本目標！</p>\n\n<p>&nbsp;</p>\n\n<h2>記得把時間分配好，</h2>\n\n<h2>別讓投資...</h2>\n\n<h2>佔據你人生太多的時間！</h2>\n\n<p>每一樣投資，</p>\n\n<p>都有它的機會成本，</p>\n\n<p>你花在投資上的時間</p>\n\n<p>會讓你跟家人、朋友相處變少</p>\n\n<p>想想看，</p>\n\n<p>你最初開始學投資</p>\n\n<p>是為了讓家人過得更好？</p>\n\n<p>還是為了短時間賺錢的快感？</p>\n\n<p>別搞錯了！</p>\n\n<p><strong>投資可以讓你過得更好，</strong></p>\n\n<p><strong>但別對它上癮了！那就本末倒置了...</strong></p>\n\n<p>&nbsp;</p>\n\n<p><a href=\"http://cmy.tw/009YkZ\"><img alt=\"\" height=\"600\" src=\"http://www.cmoney.tw/learn/cmstatic/learn/1/20200508120427769.jpg\" width=\"300\" /></a></p>\n\n<p>&nbsp;</p>\n",
        "ViewCount": "97524",
        "IsReference": true,
        "ReferenceList": [
            {
                "ReferenceId": 34169,
                "Description": "理財hen好懂",
                "ReferenceUrl": "https://www.facebook.com/litsaiheneasy/",
                "ReferenceImage": "https://scontent.ftpe7-4.fna.fbcdn.net/v/t1.0-1/p200x200/53591743_416700958873926_7615180700337045504_n.jpg?_nc_cat=101&amp;_nc_ht=scontent.ftpe7-4.fna&amp;oh=593cefa8ad792af648ee30de3d18e8d5&amp;oe=5D048F8F",
                "ViewCount": 4
            },
            {
                "ReferenceId": 34170,
                "Description": "CMoney理財寶",
                "ReferenceUrl": "https://www.facebook.com/cmoneyapp/",
                "ReferenceImage": "http://www.cmoney.tw/notes/cmstatic/notes/capture/24383/20150109000419539.jpg",
                "ViewCount": 2
            }
        ],
        "OgImgURL": "http://www.cmoney.tw/learn/cmstatic/learn/1/20190328110903188.png"
    },
    "badges": [],
    "isTreeCompleted": false,
    "nextCourse": null
}