{
    "courseDetail": {
        "CourseId": 1019,
        "CourseContent": "<h1>&nbsp;</h1>\n\n<h2>券商為了讓更多 散戶投資人 也能參與買賣</h2>\n\n<h2>而發明「融資」和「融券」兩種買賣的 遊戲規則</h2>\n\n<h2>所以它不算是金融商品，而是一種買賣的方式</h2>\n\n<p>&nbsp;</p>\n\n<h1>融資：</h1>\n\n<h1>預期他會漲，所以先借錢來買股票</h1>\n\n<h2>上市：自備款 4 成，借你 6 成的錢</h2>\n\n<h2>上櫃：自備款 5 成，借你 5 成的錢</h2>\n\n<p>不過實際上如果你要買 10 元個股票，</p>\n\n<p>不能這 10 元都由券商出</p>\n\n<p>自己要出 40% 也就是 4 元，</p>\n\n<p>券商幫你出 6 元</p>\n\n<p>&nbsp;</p>\n\n<p>&nbsp;</p>\n\n<p>&nbsp;</p>\n\n<h1>融券:</h1>\n\n<h1>預期他會跌，</h1>\n\n<h1>所以先借一張股票拿來賣，</h1>\n\n<h1>等它跌了我買一張還你</h1>\n\n<h2>付 9 成的保證金，</h2>\n\n<h2>保證未來一定有錢</h2>\n\n<h2>買一張來還給券商</h2>\n\n<p>&nbsp;</p>\n\n<h1>&nbsp;</h1>\n\n<p><span style=\"color:rgb(204, 0, 0); font-size:26px\">融資融券不一定好，為甚麼?</span></p>\n\n<h2>第一：槓桿讓你賺得快 賠得也快</h2>\n\n<p><img alt=\"\" height=\"106\" src=\"http://www.cmoney.tw/learn/cmstatic/learn/48/20141107111735004.jpg\" width=\"500\" /></p>\n\n<p>例如:用融資買上市股票，</p>\n\n<p>自備款 4 成( 40%)。</p>\n\n<p>也就是只要 40 塊，</p>\n\n<p>就能買到 100 塊的股票。</p>\n\n<p>股價漲 1 塊，也就是漲了 1%，</p>\n\n<p>但你只用 40 塊就賺 1 塊，</p>\n\n<p>所以對你而言報酬率是 2.5%</p>\n\n<p>相反地，股票跌 1%，</p>\n\n<p>融資戶卻會賠 2.5%</p>\n\n<p>&nbsp;</p>\n\n<h2>第二：無形殺手--手續費，吃光你賺的錢</h2>\n\n<p>買賣任何股票都要繳手續費，</p>\n\n<p>融資融券也不例外</p>\n\n<p>所以股價不只要漲，</p>\n\n<p>還要漲得『夠多』融資才會賺錢</p>\n\n<p>相反的如果是融券，</p>\n\n<p>也要跌得『夠慘』融券才會賺錢</p>\n\n<p>&nbsp;</p>\n\n<h2>第三:斷頭風險</h2>\n\n<h2>賠錢到一定程度強迫你融資賣出或融券補回</h2>\n\n<p>舉個例子來說</p>\n\n<p>我自己出 4 元，</p>\n\n<p>券商先借你 6 元買股票</p>\n\n<p>但如果今天股價沒有漲</p>\n\n<p>還跌了，跌到 6 元</p>\n\n<p>意思就是說</p>\n\n<p>你把自己出的 4 元賠光了</p>\n\n<p>你想說那我就一直放著</p>\n\n<p>等它漲回來了在賣掉？</p>\n\n<p>但是不行</p>\n\n<p>在你把自己出的自備款賠掉時</p>\n\n<p>券商就會強迫你把它賣掉，</p>\n\n<p>這就叫做融資斷頭</p>\n\n<p>&nbsp;</p>\n\n<p>融券也是相同的道理</p>\n\n<p>你預期他回跌結果反而往上漲時</p>\n\n<p>你就會賠錢</p>\n\n<p>賠錢到一定程度</p>\n\n<p>券商就會強制要你融券補回</p>\n\n<p>&nbsp;</p>\n\n<h2>第四：軋空行情</h2>\n\n<p>當股票漲得很高的時候，</p>\n\n<p>融券的人因為預測反了就會開始賠錢</p>\n\n<p>漲越多就會有越多人想融券補回，</p>\n\n<p>趕快買一張股票還券商</p>\n\n<p>要不然只怕它會越漲越高</p>\n\n<p>但是融券補回其實就是買股票</p>\n\n<p>所以又會再把股價再推高</p>\n\n<p>讓投資人不知道該怎麼停損，</p>\n\n<p>最後以斷頭結局收場</p>\n\n<p>&nbsp;</p>\n\n<h2>在除權息前會強制你立刻還它股票</h2>\n\n<p>當公司要除權息和股東會前</p>\n\n<p>會要求之前有融券</p>\n\n<p>借股票先賣的一定要買回還券商</p>\n\n<p>但融券補回就是買股票還給他</p>\n\n<p>股價又會再度被炒高</p>\n\n<p>而且常常這時大戶將股價推升，</p>\n\n<p>逼迫你以更高的價格買回股票，</p>\n\n<p>造成放空的投資人虧損，</p>\n\n<p>這就是常見的軋空行情。</p>\n\n<p>&nbsp;</p>\n\n<p>高報酬必然伴隨著高風險，</p>\n\n<p>一般而言，</p>\n\n<p>老一輩的人都建議股市新手不要借錢買股票，</p>\n\n<p>也不要認為股票莫名其妙的漲而隨意融券。</p>\n\n<p>因此建議投資人操作前先了解融資券的規則，</p>\n\n<p>以及融資券背後所透露的訊息，</p>\n\n<p>再好好使用融資券也不遲噢!</p>\n\n<p>(延伸閱讀：<a href=\"http://www.cmoney.tw/learn/course/michelle/topic/543\" target=\"_blank\">融資融券借券數據怎麼看?</a>)</p>\n\n<p>&nbsp;</p>\n",
        "ViewCount": "43406",
        "IsReference": false,
        "ReferenceList": null,
        "OgImgURL": "http://www.cmoney.tw/learn/cmstatic/learn/48/20141107111735004.jpg"
    },
    "badges": [],
    "isTreeCompleted": false,
    "nextCourse": null
}