{
    "courseDetail": {
        "CourseId": 1010,
        "CourseContent": "<p>&nbsp;</p>\n\n<h1>世界上投資致富的人</h1>\n\n<h1>多採取價值型投資</h1>\n\n<p>提到價值型投資人，</p>\n\n<p>大家一定就會聯想到</p>\n\n<p>班傑明‧葛拉漢（Benjamin Graham）</p>\n\n<p>這位價值型投資教父，</p>\n\n<p>另一位就是世界知名投資人</p>\n\n<p>華倫‧巴菲特（Warren Buffett）。</p>\n\n<h2>到底什麼是價值型投資？</h2>\n\n<p>&nbsp;</p>\n\n<p>趕快來看看吧！</p>\n\n<p>&nbsp;</p>\n\n<p><span style=\"color:#808080\"><span style=\"font-size:12px\">(贊助商連結...)</span></span></p>\n\n<p><dfp type=\"3\"></dfp></p>\n\n<p>&nbsp;</p>\n\n<h1>價值型投資</h1>\n\n<h2>找出目前被市場低估的股票</h2>\n\n<h2>追求合理利潤</h2>\n\n<p>一項資產或物品的價格</p>\n\n<p>可能和它的真實價值不同，</p>\n\n<p><strong><span style=\"background-color:#FFFF00\">所以價值型投資，</span></strong></p>\n\n<p><strong><span style=\"background-color:#FFFF00\">就是找出真實價格低於現在價格，</span></strong></p>\n\n<p><strong><span style=\"background-color:#FFFF00\">並且遭到低估的股票。</span></strong></p>\n\n<p>價值型投資人，</p>\n\n<p>購買特定的資產或物品時，</p>\n\n<p>希望支付的價格</p>\n\n<p>低於他所相信的真正價值。</p>\n\n<p>&nbsp;</p>\n\n<p><img alt=\"\" height=\"176\" src=\"http://www.cmoney.tw/learn/cmstatic/learn/50/20140728150244686.png\" width=\"500\" /></p>\n\n<p><span style=\"font-size:12px\">圖片來源：CMoney</span></p>\n\n<p>&nbsp;</p>\n\n<h2>預期股價未來</h2>\n\n<h2>應可反映基本面而走高</h2>\n\n<p>根據上市公司獲利、前景、財務狀況</p>\n\n<p>各方面評估後，</p>\n\n<p>發現股價仍低於應有水準，</p>\n\n<p>這就是投資人買進價值型股票的原因。</p>\n\n<p>&nbsp;</p>\n\n<p><dfp type=\"2\"></dfp></p>\n\n<p>&nbsp;</p>\n\n<h1>為什麼要進行價值型投資？</h1>\n\n<p>班傑明‧葛拉漢堅持以企業</p>\n\n<p>內在價值做為選股標準，</p>\n\n<p>專注於評估公司股票內在價值，</p>\n\n<p>尋找那些價格明顯低於價值的股票，</p>\n\n<p>而不是市場上其他投資人的意見。</p>\n\n<p>低價買入，長期持有，</p>\n\n<p>直到價格回歸價值。</p>\n\n<p><strong><span style=\"background-color:#FFFF00\">這種根據價值進行決策行為，</span></strong></p>\n\n<p><strong><span style=\"background-color:#FFFF00\">才是真正的投資。</span></strong></p>\n\n<p>&nbsp;</p>\n\n<p><a href=\"http://cmy.tw/008NnG\"><img alt=\"\" height=\"250\" src=\"http://www.cmoney.tw/learn/cmstatic/learn/50/20200526160742943.jpg\" width=\"300\" /></a></p>\n\n<p>&nbsp;</p>\n\n<h1>什麼樣的人</h1>\n\n<h1>適合價值型投資？</h1>\n\n<h2>懂得評估公司價值</h2>\n\n<h2>願意長期持有的投資人</h2>\n\n<p>價值型投資適合</p>\n\n<p>了解基本面的投資人，</p>\n\n<p><strong><span style=\"background-color:#FFFF00\">懂得分辨股價是否低於實際價值，</span></strong></p>\n\n<p>投資人的個性是很重要的關鍵！</p>\n\n<p><strong><span style=\"background-color:#FFFF00\">價值型投資人必須要有耐心，</span></strong></p>\n\n<p><strong><span style=\"background-color:#FFFF00\">等待時間來反映公司的價值。</span></strong></p>\n\n<p>對於想要今天買，</p>\n\n<p>明天漲的投資人，</p>\n\n<p>可能比較不適合此方法。</p>\n\n<p>&nbsp;</p>\n\n<p><dfp type=\"1\"></dfp></p>\n\n<p>&nbsp;</p>\n\n<h1>如何找尋</h1>\n\n<h1>股價低於實際價值的公司</h1>\n\n<p>我們可以藉由 <a href=\"http://www.cmoney.tw/app/ItemContent.aspx?id=1735&amp;\" target=\"_blank\">股魚-價值趨勢線系統</a>&nbsp;，</p>\n\n<p>協助我們找出低於實際價值的公司。</p>\n\n<p>透過各項基本面數據，</p>\n\n<p>篩選企業體制正常的公司。</p>\n\n<p><strong><span style=\"background-color:#FFFF00\">依照產業類型，</span></strong></p>\n\n<p><strong><span style=\"background-color:#FFFF00\">用不同的方法計算股價，</span></strong></p>\n\n<p><strong><span style=\"background-color:#FFFF00\">找出股價的超漲價格以及低估價格，</span></strong></p>\n\n<p>協助投資人進行決策。</p>\n\n<p>&nbsp;</p>\n\n<p><img alt=\"\" height=\"303\" src=\"http://www.cmoney.tw/learn/cmstatic/learn/50/20141001142651174.jpg\" width=\"500\" /></p>\n\n<p><span style=\"font-size:12px\">資料來源：<a href=\"http://www.cmoney.tw/app/ItemContent.aspx?id=1735&amp;\" target=\"_blank\">股魚-價值趨勢線系統</a></span></p>\n\n<p>&nbsp;</p>\n\n<h2>了解完價值型投資後</h2>\n\n<h2>接下來趕緊來了解</h2>\n\n<h2>什麼是<a href=\"http://www.cmoney.tw/learn/course/0520/topic/1011\" target=\"_blank\">成長型投資</a>囉！</h2>\n\n<p>&nbsp;</p>\n\n<p><a href=\"http://cmy.tw/009YkZ\"><img alt=\"\" height=\"600\" src=\"http://www.cmoney.tw/learn/cmstatic/learn/50/20200526160810965.jpg\" width=\"300\" /></a></p>\n\n<p>&nbsp;</p>\n",
        "ViewCount": "50993",
        "IsReference": true,
        "ReferenceList": [
            {
                "ReferenceId": 34382,
                "Description": "理財hen好懂",
                "ReferenceUrl": "https://www.facebook.com/litsaiheneasy/",
                "ReferenceImage": "https://scontent.ftpe8-2.fna.fbcdn.net/v/t1.0-1/p200x200/79425867_582072592336761_857360753152229376_o.jpg?_nc_cat=103&amp;_nc_sid=dbb9e7&amp;_nc_ohc=1vc5S6WoVAkAX-PD6a-&amp;_nc_ht=scontent.ftpe8-2.fna&amp;_nc_tp=6&amp;oh=bccf83beb29cd2fdf9dbf90b825137e9&amp;oe=5EF3E784",
                "ViewCount": 6
            },
            {
                "ReferenceId": 34383,
                "Description": "CMoney 理財寶",
                "ReferenceUrl": "https://www.facebook.com/cmoneyapp/",
                "ReferenceImage": "https://scontent.ftpe8-3.fna.fbcdn.net/v/t1.0-1/c0.156.200.200a/429093_260831470664421_20938524_n.jpg?_nc_cat=1&amp;_nc_sid=dbb9e7&amp;_nc_ohc=rAsx3vUbP7oAX8oE5M2&amp;_nc_ht=scontent.ftpe8-3.fna&amp;oh=c3b188313eba1f090c13cd40a83cd180&amp;oe=5EF11B32",
                "ViewCount": 5
            }
        ],
        "OgImgURL": "http://www.cmoney.tw/learn/cmstatic/learn/50/20140728150244686.png"
    },
    "badges": [],
    "isTreeCompleted": false,
    "nextCourse": null
}