{
    "courseDetail": {
        "CourseId": 1011,
        "CourseContent": "<p><strong><span style=\"color:rgb(204, 0, 0); font-size:26px\">成長型投資</span></strong></p>\n\n<h1>代表人物 - 費雪</h1>\n\n<p>菲利普&middot;費雪 (<a href=\"http://en.wikipedia.org/wiki/Philip_Arthur_Fisher\" target=\"_blank\">Philip Fisher</a>，1907 - 2004年)&nbsp;</p>\n\n<p>被稱為現代投資理論的開路先鋒之一，</p>\n\n<p>在他 70 多年的投資生涯中，</p>\n\n<p>透過投資、長期持有高質量，</p>\n\n<p>良好管理的成長型企業，取得輝煌成績。</p>\n\n<p>什麼是成長型投資？</p>\n\n<p>&nbsp;</p>\n\n<p>趕快看下去吧！</p>\n\n<p>&nbsp;</p>\n\n<p><span style=\"color:#808080\"><span style=\"font-size:12px\">(贊助商連結...)</span></span></p>\n\n<p><dfp type=\"3\"></dfp></p>\n\n<p>&nbsp;</p>\n\n<h1>成長型投資：</h1>\n\n<h1>投資未來具有成長性的公司</h1>\n\n<h2>不看過去只看未來</h2>\n\n<h2>找尋獲利快速成長的公司</h2>\n\n<p>有些公司可能過去表現不怎麼樣，</p>\n\n<p>但是股票卻默默地漲了許多，</p>\n\n<p>表示投資人看好公司未來的成長潛力，</p>\n\n<p><strong><span style=\"background-color:#FFFF00\">持有這類股票</span></strong><strong><span style=\"background-color:#FFFF00\">能夠</span></strong></p>\n\n<p><strong><span style=\"background-color:#FFFF00\">享受公司成長過程中帶來的利益。</span></strong></p>\n\n<p>&nbsp;</p>\n\n<h2>成長型股票投資人</h2>\n\n<h2>通常給與高本益比</h2>\n\n<p><strong><span style=\"background-color:#FFFF00\">高本益比反映的是</span></strong><strong><span style=\"background-color:#FFFF00\">投資人</span></strong></p>\n\n<p><strong><span style=\"background-color:#FFFF00\">對於公司未來獲利能力的信心，</span></strong></p>\n\n<p><span style=\"font-size:12px\">(延伸閱讀：<a href=\"http://www.cmoney.tw/notes/note-detail.aspx?nid=8070\" target=\"_blank\">三分鐘學會本益比</a>)</span></p>\n\n<p>投資人認為公司未來具有成長性，</p>\n\n<p>願意給予較高的本益比。</p>\n\n<p>成長型投資者認為：</p>\n\n<p><strong><span style=\"background-color:#FFFF00\">未來沒有成長性的公司，</span></strong></p>\n\n<p><strong><span style=\"background-color:#FFFF00\">就算本益比再低也不值得投資。</span></strong></p>\n\n<p>這觀點跟價值型投資人完全不同噢！</p>\n\n<p><span style=\"font-size:12px\">(延伸閱讀：<a href=\"http://www.cmoney.tw/learn/course/0520/topic/1010\" target=\"_blank\">什麼是價值型投資</a>)</span></p>\n\n<p>&nbsp;</p>\n\n<p><dfp type=\"2\"></dfp></p>\n\n<p>&nbsp;</p>\n\n<h1>成長型投資</h1>\n\n<h1>代表人物 - 費雪</h1>\n\n<h2>投資哲學：</h2>\n\n<h2>找尋「能夠成長、</h2>\n\n<h2>再成長的公司股票。」</h2>\n\n<p>以合理的價格買進後，</p>\n\n<p>一直持有，只要</p>\n\n<p>公司的成長動能沒有改變，</p>\n\n<p>就不理會市價波動。</p>\n\n<p>直至公司營收失去動能，</p>\n\n<p>獲利成長不符合預期，</p>\n\n<p>才做出賣出的決定。</p>\n\n<p><strong><span style=\"background-color:#FFFF00\">費雪的投資管理顧問公司</span></strong></p>\n\n<p><strong><span style=\"background-color:#FFFF00\">每年平均報酬率都在 20% 以上</span></strong></p>\n\n<p>&nbsp;</p>\n\n<p><dfp type=\"1\"></dfp></p>\n\n<p>&nbsp;</p>\n\n<h1>如何找出成長型的股票</h1>\n\n<p>成長型的股票，</p>\n\n<p>營收一定是節節攀升。</p>\n\n<p>透過 <a href=\"http://www.cmoney.tw/app/ItemContent.aspx?id=1387&amp;fw=1\" target=\"_blank\">營收成長找好股</a>，&nbsp;</p>\n\n<p>設定月營收成長率 (MoM)，</p>\n\n<p>以及年營收成長率 (YoY)，</p>\n\n<p>找出營運快速成長的好公司吧。</p>\n\n<p><img alt=\"\" height=\"210\" src=\"http://www.cmoney.tw/learn/cmstatic/learn/50/20141001154455875.png\" width=\"500\" /></p>\n\n<p><span style=\"font-size:12px\">資料來源：<a href=\"http://www.cmoney.tw/app/ItemContent.aspx?id=1387&amp;fw=1\" target=\"_blank\">營收成長找好股</a></span></p>\n\n<p>&nbsp;</p>\n\n<p>而長期的統計數據表明</p>\n\n<p>真正傑出的公司，</p>\n\n<p>長期的股價漲幅是相當驚人的，</p>\n\n<p>長期抱牢真正傑出公司的股票。</p>\n\n<p>可以經歷市場的波動起伏，</p>\n\n<p>獲得很好的收益，</p>\n\n<p>比頻繁買賣的策略要賺得多。</p>\n\n<p>因此尋找成長型股票，</p>\n\n<p>是長期獲得穩定收益的必經之路。</p>\n\n<p>&nbsp;</p>\n\n<p><a href=\"http://cmy.tw/009YkZ\"><img alt=\"\" height=\"600\" src=\"http://www.cmoney.tw/learn/cmstatic/learn/50/20200526164408727.jpg\" width=\"300\" /></a></p>\n\n<p>&nbsp;</p>\n",
        "ViewCount": "30681",
        "IsReference": true,
        "ReferenceList": [
            {
                "ReferenceId": 34384,
                "Description": "理財hen好懂",
                "ReferenceUrl": "https://www.facebook.com/litsaiheneasy/",
                "ReferenceImage": "https://scontent.ftpe8-2.fna.fbcdn.net/v/t1.0-1/p200x200/79425867_582072592336761_857360753152229376_o.jpg?_nc_cat=103&amp;_nc_sid=dbb9e7&amp;_nc_ohc=1vc5S6WoVAkAX-PD6a-&amp;_nc_ht=scontent.ftpe8-2.fna&amp;_nc_tp=6&amp;oh=bccf83beb29cd2fdf9dbf90b825137e9&amp;oe=5EF3E784",
                "ViewCount": 7
            },
            {
                "ReferenceId": 34385,
                "Description": "CMoney 理財寶",
                "ReferenceUrl": "https://www.facebook.com/cmoneyapp/",
                "ReferenceImage": "https://scontent.ftpe8-3.fna.fbcdn.net/v/t1.0-1/c0.156.200.200a/429093_260831470664421_20938524_n.jpg?_nc_cat=1&amp;_nc_sid=dbb9e7&amp;_nc_ohc=rAsx3vUbP7oAX8oE5M2&amp;_nc_ht=scontent.ftpe8-3.fna&amp;oh=c3b188313eba1f090c13cd40a83cd180&amp;oe=5EF11B32",
                "ViewCount": 4
            }
        ],
        "OgImgURL": "http://www.cmoney.tw/learn/cmstatic/learn/50/20141001154455875.png"
    },
    "badges": [],
    "isTreeCompleted": false,
    "nextCourse": null
}