{
    "courseDetail": {
        "CourseId": 1022,
        "CourseContent": "<h1><span style=\"color:rgb(204, 0, 0); font-size:26px\">如果能算出倒閉機率</span></h1>\n\n<h1>我一定不會買這家股票...</h1>\n\n<p>相信不少人賠錢的時候</p>\n\n<p>都萌生過這種念頭</p>\n\n<p>但是你知道</p>\n\n<p>倒閉機率真的可以算嗎？</p>\n\n<p>只要你懂得<strong><span style=\"background-color:#FFFF00\"> Z 分數 / 財務信評</span></strong></p>\n\n<p>它不僅可以反映出企業倒閉機率</p>\n\n<p>還能讓你避開地雷股</p>\n\n<p>&nbsp;</p>\n\n<p>還不趕快看！</p>\n\n<p>&nbsp;</p>\n\n<p><span style=\"color:rgb(128, 128, 128); font-size:12px\">(贊助商連結...)</span></p>\n\n<p><googleadsense height=\"600px\" type=\"4\" width=\"300px\"></googleadsense></p>\n\n<p>&nbsp;</p>\n\n<h1>Z分數 / 財務信評</h1>\n\n<h1>反映企業倒閉機率</h1>\n\n<h1>避開地雷股！</h1>\n\n<p>我們透過各種財務比率和指標</p>\n\n<p>分析企業的償債能力。</p>\n\n<p>像是：<a href=\"http://www.cmoney.tw/learn/course/0520/topic/759\" target=\"_blank\">流動比、速動比</a>、<a href=\"http://www.cmoney.tw/learn/course/0520/topic/773\" target=\"_blank\">負債比</a></p>\n\n<p><a href=\"http://www.cmoney.tw/learn/course/0520/topic/776\" target=\"_blank\">利息保障倍數</a>、<a href=\"http://www.cmoney.tw/learn/course/0520/topic/696\" target=\"_blank\">自由現金流量</a>&nbsp;等...</p>\n\n<p>但個別指標都有不同的意義</p>\n\n<p>只看一個指標容易見樹不見林</p>\n\n<p>無法確定企業整體的償債能力如何。</p>\n\n<p>於是財務專家 奧特曼 Altman</p>\n\n<p>在 1968 年發展出能用一個數字</p>\n\n<p><strong><span style=\"background-color:#FFFF00\">判斷公司的倒閉機率</span></strong></p>\n\n<p><strong><span style=\"background-color:#FFFF00\">就是 Z 分數 ( Z-Score )。</span></strong></p>\n\n<p>研究顯示</p>\n\n<p>這種判斷方法約有 70% - 80% 的準確率</p>\n\n<p>能幫助投資人避開高風險的地雷股！</p>\n\n<p>由於 Z 分數使用上不大容易</p>\n\n<p>因此 CMoney 透過 Z 分數</p>\n\n<p>以及根據產業特性調整</p>\n\n<p>設計了財務信評</p>\n\n<p>用簡單的數字就能判斷企業是否安全！</p>\n\n<p>&nbsp;</p>\n\n<h1>Z 分數 ( Z-Score )</h1>\n\n<h1>設計來判斷公司 2 年內破產機率</h1>\n\n<h2>Z 分數越高公司越安全</h2>\n\n<h2>Z 分數低於 1.81</h2>\n\n<h2>代表公司有 95% 機率</h2>\n\n<h2>在 2 年內破產</h2>\n\n<p>Z 分數計算方式有點複雜：</p>\n\n<p>&nbsp;</p>\n\n<p>Z 分數越高</p>\n\n<p>公司破產機率越低</p>\n\n<p>反之如果分數越低</p>\n\n<p>公司在 2 年內破產。</p>\n\n<p>&nbsp;</p>\n\n<p><img alt=\"\" height=\"73\" src=\"http://www.cmoney.tw/learn/cmstatic/learn/50/20141003152954272.jpg\" width=\"500\" /></p>\n\n<p>由於 Z 分數的計算、判斷上都比較複雜</p>\n\n<p>因此實務上</p>\n\n<p>可以使用 &quot; 財務信評 &quot; 來判斷一間公司的好壞！</p>\n\n<p>&nbsp;</p>\n\n<h1>財務信評是以 Z 分數為基準</h1>\n\n<h1>再根據個股的產業特性</h1>\n\n<h1>調整後得到的 CMoney 信用評等</h1>\n\n<h2>財務信評等級數字越低</h2>\n\n<h2>代表公司越安全</h2>\n\n<p>財務信評 第 1 級 代表公司幾乎不會破產</p>\n\n<p>財務信評 第 9 級 代表公司破產機率極高！</p>\n\n<p>選股時千萬要避開這類股票。</p>\n\n<p>判斷方式如下：</p>\n\n<p>&nbsp;</p>\n\n<p>&nbsp;</p>\n\n<p>&nbsp;</p>\n\n<h1>落於安全區不一定能獲利&nbsp;</h1>\n\n<h1>落於高風險或危險區一定要避開</h1>\n\n<h2>財務信評只能評估公司倒閉的機率</h2>\n\n<h2>無法判斷公司的獲利與成長</h2>\n\n<p>這個指標沒辦法幫投資人</p>\n\n<p>找到可以賺錢的投資標的</p>\n\n<p>只能評判這間公司是不是容易倒閉。</p>\n\n<p>所以<strong><span style=\"background-color:#FFFF00\">就算指標最樂觀</span></strong></p>\n\n<p><strong><span style=\"background-color:#FFFF00\">也不一定代表獲利能力好哦！</span></strong></p>\n\n<p>&nbsp;</p>\n\n<p>&nbsp;</p>\n\n<h1>財務信評資料</h1>\n\n<h1>在哪裡找的到呢?</h1>\n\n<h2>1.&nbsp;<a href=\"http://www.cmoney.tw/follow/channel/stock-2330\" target=\"_blank\">追訊</a> 裡面的分數</h2>\n\n<h2>就是用財務信評算出來的&nbsp;</h2>\n\n<p>在追訊裡</p>\n\n<p>財務信評第 1 級 ( 最安全 )</p>\n\n<p>底下的分數是 10 分。</p>\n\n<p>財務信評第 9 級 ( 最危險 )</p>\n\n<p>底下的分數是 1 分。</p>\n\n<p>&nbsp;</p>\n\n<p><img alt=\"\" height=\"371\" src=\"http://www.cmoney.tw/learn/cmstatic/learn/50/20141003161519798.jpg\" width=\"365\" /></p>\n\n<p>&nbsp;</p>\n\n<h2>2.&nbsp;<a href=\"http://cmy.tw/004RsO\" target=\"_blank\">股海掃雷系統</a>&nbsp;</h2>\n\n<h2>也可以找到 Z 分數</h2>\n\n<p>使用專門評估個股風險的<a href=\"http://cmy.tw/004RsO\" style=\"line-height: 20.7999992370605px;\" target=\"_blank\">股海掃雷系統</a></p>\n\n<p>看看股票的 Z 分數高低</p>\n\n<p><img alt=\"\" height=\"124\" src=\"http://www.cmoney.tw/learn/cmstatic/learn/50/20141007091626796.png\" width=\"500\" /></p>\n\n<p>&nbsp;</p>\n\n<h2>3.&nbsp;<a href=\"http://cmy.tw/004X8p\" target=\"_blank\">選股網</a> 可以找到財務信評</h2>\n\n<p>也可以用<a href=\"http://cmy.tw/004X8p\" target=\"_blank\">選股網</a></p>\n\n<p>找出財務信評小於某個等級的股票</p>\n\n<p><img alt=\"\" height=\"319\" src=\"http://www.cmoney.tw/learn/cmstatic/learn/50/20141003161211279.jpg\" width=\"500\" /></p>\n\n<p><img alt=\"\" height=\"448\" src=\"http://www.cmoney.tw/learn/cmstatic/learn/50/20141003161220924.jpg\" width=\"500\" /></p>\n\n<p>&nbsp;</p>\n\n<p>&nbsp;</p>\n\n<p>&nbsp;</p>\n\n<h2>記得檢查</h2>\n\n<h2>自己手上股票的財務信評</h2>\n\n<h2>看有沒有在安全的範圍哦！</h2>\n\n<p>&nbsp;</p>\n",
        "ViewCount": "35098",
        "IsReference": false,
        "ReferenceList": null,
        "OgImgURL": "http://www.cmoney.tw/learn/cmstatic/learn/50/20141003152954272.jpg"
    },
    "badges": [],
    "isTreeCompleted": false,
    "nextCourse": null
}