{
    "courseDetail": {
        "CourseId": 1020,
        "CourseContent": "<p>&nbsp;</p>\n\n<p>&nbsp;</p>\n\n<h1>買股票第一件事</h1>\n\n<h1>就是去開證券戶</h1>\n\n<p>如果你有玩股票的話</p>\n\n<p>想必對去開證券戶的經驗並不陌生</p>\n\n<p>但你是否就只開一種戶頭呢 ?</p>\n\n<p>事實上，很多證券商除了能開證券戶</p>\n\n<p>也能開「期貨戶」</p>\n\n<p>你或許會想，我又不玩期貨</p>\n\n<p>哪需要開...</p>\n\n<p>但你知道還有很多金融商品要靠期貨戶嗎！</p>\n\n<p>&nbsp;</p>\n\n<p>繼續看下去...</p>\n\n<p>&nbsp;</p>\n\n<p><span style=\"color:#D3D3D3\"><span style=\"font-size:12px\">(贊助商連結)</span></span></p>\n\n<p><span style=\"color:#808080\"><span style=\"font-size:12px\"><googleadsense height=\"600px\" type=\"4\" width=\"300px\"></googleadsense></span></span></p>\n\n<p>&nbsp;</p>\n\n<p>&nbsp;</p>\n\n<h1>在談開戶前 我們先來談談</h1>\n\n<h1>＂期貨交易商＂</h1>\n\n<p>為什麼要先講到他們呢？</p>\n\n<p>因為我們投資人</p>\n\n<p>在交易選擇權的時候</p>\n\n<p>必須透過期貨商居中幫忙我們</p>\n\n<p>跟期交所做買賣</p>\n\n<p>&nbsp;</p>\n\n<h1>交易中間人－期貨商</h1>\n\n<p>&nbsp;</p>\n\n<p>&nbsp;</p>\n\n<h1>台灣期貨市場有 3 種期貨商</h1>\n\n<h2>1. 專營期貨商</h2>\n\n<p>專為期貨市場相關業務</p>\n\n<p>所開設的期貨公司</p>\n\n<p>&nbsp;</p>\n\n<h2>2. 兼營期貨商</h2>\n\n<p>指其他申請兼營期貨經紀業務的公司</p>\n\n<p>目前台灣以證券商為主</p>\n\n<p>&nbsp;</p>\n\n<h2>3. 期貨交易輔助人</h2>\n\n<p>這其實就是仲介</p>\n\n<p>負責幫專營期貨商推廣期貨與選擇權的業務</p>\n\n<p>&nbsp;</p>\n\n<p><img alt=\"\" height=\"156\" src=\"http://www.cmoney.tw/learn/cmstatic/learn/42/20140818143547326.jpg\" width=\"553\" /></p>\n\n<p>&nbsp;</p>\n\n<h2>根據需求</h2>\n\n<h2>選擇適合的期貨商</h2>\n\n<p>每間期貨商都各有優缺點</p>\n\n<p>要先了解自己的交易需求及習慣</p>\n\n<p>才能找到適合自己的期貨商</p>\n\n<p>&nbsp;</p>\n\n<p>假設你平常主要是投資股票</p>\n\n<p>選擇權只是偶爾玩玩</p>\n\n<p>那你可能就會比較適合</p>\n\n<p>選擇你熟悉的證券公司</p>\n\n<p>比較省時也省力</p>\n\n<p>假若你只專注在投資選擇權</p>\n\n<p>那就應該選擇專營商才合適</p>\n\n<p>&nbsp;</p>\n\n<p><img alt=\"\" height=\"515\" src=\"http://www.cmoney.tw/learn/cmstatic/learn/42/20140808143837233.jpg\" width=\"654\" /></p>\n\n<p>&nbsp;</p>\n\n<h1>開戶囉！</h1>\n\n<h1>我的第一張選擇權！</h1>\n\n<p>在台灣，選擇權的開戶步驟已經相當成熟</p>\n\n<p>因此只要備齊證件到期貨商的營業場所</p>\n\n<p>只要短短 30 分鐘就可以完成開戶手續</p>\n\n<p>&nbsp;</p>\n\n<p><googleadsense height=\"250px\" type=\"2\" width=\"300px\"></googleadsense></p>\n\n<p>&nbsp;</p>\n\n<h1>我可以透過</h1>\n\n<h1>網路、電話、當面下單</h1>\n\n<p>網路下單是目前最多投資人使用的方式</p>\n\n<p>你只要在開戶的時候</p>\n\n<p>有開立電子式下單帳戶</p>\n\n<p>期貨商便會給你一組密碼</p>\n\n<p>讓你可以透過期貨商提供的網站</p>\n\n<p>或電子交易軟體下單</p>\n\n<p>之後在網路上，點選委託內容即可</p>\n\n<p>&nbsp;</p>\n\n<p>當然也有極少數人</p>\n\n<p>會透過電話聯絡營業員</p>\n\n<p>或至期貨商臨櫃下單</p>\n\n<p>&nbsp;</p>\n\n<p>&nbsp;</p>\n\n<p>&nbsp;</p>\n\n<h1>委託方式有</h1>\n\n<h1>市價委託 和 限價委託</h1>\n\n<p><img alt=\"\" height=\"295\" src=\"http://www.cmoney.tw/learn/cmstatic/learn/42/20180731175641396.png\" width=\"820\" /></p>\n\n<p>&nbsp;</p>\n\n<p>開始交易選擇權後</p>\n\n<p>要時時刻刻注意</p>\n\n<p>並且追蹤行情走勢</p>\n\n<p>因為在選擇權市場中</p>\n\n<p>時間是非常重要的影響因素</p>\n\n<p>不像股票可以放長期不去動它</p>\n\n<p>因此為了避免嚴重虧損</p>\n\n<p>後續的追蹤管理是能否獲利的關鍵</p>\n\n<p>&nbsp;</p>\n\n<h2>要記得操作選擇權時</h2>\n\n<h2>盯緊走向才不會吃虧阿...</h2>\n\n<p>&nbsp;</p>\n\n<p><a href=\"http://cmy.tw/005Qk3\"><img alt=\"\" height=\"67\" src=\"http://www.cmoney.tw/learn/cmstatic/learn/42/20170213105239722.png\" width=\"819\" /></a></p>\n\n<p>&nbsp;</p>\n\n<p><iframe allowtransparency=\"true\" frameborder=\"0\" height=\"80\" scrolling=\"no\" src=\"https://www.facebook.com/plugins/like.php?href=https%3A%2F%2Fwww.facebook.com%2Fcmoneyapp%2F&amp;width=450&amp;layout=standard&amp;action=like&amp;size=large&amp;show_faces=true&amp;share=true&amp;height=80&amp;appId\" style=\"border:none;overflow:hidden\" width=\"450\"></iframe></p>\n",
        "ViewCount": "82777",
        "IsReference": false,
        "ReferenceList": null,
        "OgImgURL": "http://www.cmoney.tw/learn/cmstatic/learn/42/20140818143547326.jpg"
    },
    "badges": [],
    "isTreeCompleted": false,
    "nextCourse": null
}