{
    "courseDetail": {
        "CourseId": 1021,
        "CourseContent": "<p>股價起起伏伏，</p>\n\n<p>在 K 線圖上形成了各式各樣的圖形，</p>\n\n<p>就構成了型態學裡的要素。</p>\n\n<p>剛剛介紹了<u><a href=\"http://cmy.tw/0050DF\">什麼是M頭和W底？</a></u></p>\n\n<p>接下來介紹，</p>\n\n<p><strong>「頭肩頂」和「頭肩底」，</strong></p>\n\n<p>它們是長甚麼樣子的圖形呢？</p>\n\n<p>如何用來作為買賣判斷依據？</p>\n\n<p>&nbsp;</p>\n\n<p>一起來看看吧～</p>\n\n<p>&nbsp;</p>\n\n<p><span style=\"color:#808080\"><span style=\"font-size:12px\">（贊助商連結）</span></span></p>\n\n<p><dfp type=\"3\"></dfp></p>\n\n<p>&nbsp;</p>\n\n<h1>用頭肩型態</h1>\n\n<h1>可以看出買賣訊號</h1>\n\n<h2>頭肩頂 是賣出訊號；</h2>\n\n<h2>頭肩底 是買進訊號</h2>\n\n<p>上章節提到頭部與底部型態&nbsp;<a href=\"http://www.cmoney.tw/learn/course/technicals/topic/486\" target=\"_blank\">W 底 M 頭</a>，</p>\n\n<p>本章節要介紹另一個常見的頭肩型態，</p>\n\n<p>包含 頭肩頂與頭肩底。</p>\n\n<p>&nbsp;</p>\n\n<p><strong><span style=\"font-size:18px\">必須注意的是，</span></strong></p>\n\n<p><strong><span style=\"font-size:18px\">頭肩型態只在</span></strong></p>\n\n<p><strong><span style=\"font-size:18px\">重大多空走勢時，才有意義。</span></strong></p>\n\n<p><img alt=\"\" height=\"256\" src=\"http://www.cmoney.tw/learn/cmstatic/learn/44/20140808111142092.jpg\" width=\"500\" /></p>\n\n<p>&nbsp;</p>\n\n<p><dfp type=\"2\"></dfp></p>\n\n<p>&nbsp;</p>\n\n<h1>一、頭肩頂 - 賣出訊號</h1>\n\n<p>頭肩頂通常發生在股價波段的高檔，</p>\n\n<p>是由一個頭、兩個肩所組成，</p>\n\n<p>「頭部」的位置 高於 兩「肩」。</p>\n\n<p>&nbsp;</p>\n\n<h2>跌破上升趨勢線，</h2>\n\n<h2>出現第 1 個賣出訊號；</h2>\n\n<h2>跌破頸線，出現第 2 個賣出訊號</h2>\n\n<p><img alt=\"\" height=\"319\" src=\"http://www.cmoney.tw/learn/cmstatic/learn/44/20140815121224986.jpg\" width=\"500\" /></p>\n\n<p>&nbsp;</p>\n\n<h2>頭肩頂賣出訊號</h2>\n\n<h2>的實際觀察，以勝華(2384)為例</h2>\n\n<p>以<a href=\"http://www.cmoney.tw/follow/channel/stock-2384\" target=\"_blank\">勝華(2384)</a> 在 2010 年 6 月</p>\n\n<p>至 2011 年 6 月為例，</p>\n\n<p>1. 頭部位置 高於左右兩肩。</p>\n\n<p>2. 股價跌破上升趨勢線時，</p>\n\n<p>出現賣出警訊，預作賣出準備。</p>\n\n<p>股價繼續跌破頸線，</p>\n\n<p>投資人應賣掉持股或作空。</p>\n\n<p>3. 成交量從量大到量縮，</p>\n\n<p>頭肩頂型態完成。</p>\n\n<p>在頭肩頂型態出現後，</p>\n\n<p><a href=\"http://www.cmoney.tw/follow/channel/stock-2384\" target=\"_blank\">勝華(2384)</a>股價出現下跌趨勢。</p>\n\n<p><img alt=\"\" height=\"275\" src=\"http://www.cmoney.tw/learn/cmstatic/learn/44/20140815120214345.jpg\" width=\"500\" /></p>\n\n<p>&nbsp;</p>\n\n<p><dfp type=\"1\"></dfp></p>\n\n<p>&nbsp;</p>\n\n<h1>二、頭肩底 - 買入訊號</h1>\n\n<p>頭肩底 通常發生在股價波段的低檔，</p>\n\n<p>也是由一個頭、兩個肩所組成，</p>\n\n<p>但「頭部」的位置 低於 兩「肩」。</p>\n\n<h2><span style=\"color:rgb(255, 102, 0); font-size:22px\">突破下降趨勢線，</span></h2>\n\n<h2><span style=\"color:rgb(255, 102, 0); font-size:22px\">出現第 1 個買入訊號；</span></h2>\n\n<h2>突破頸線，</h2>\n\n<h2>出現第 2 個買入訊號</h2>\n\n<p><img alt=\"\" height=\"360\" src=\"http://www.cmoney.tw/learn/cmstatic/learn/44/20140815121044606.jpg\" width=\"500\" /></p>\n\n<p>&nbsp;</p>\n\n<h2>頭肩底買進訊號的實際觀察，</h2>\n\n<h2>以台積電(2330)為例</h2>\n\n<p>以<a href=\"http://www.cmoney.tw/follow/channel/stock-2330\" target=\"_blank\">台積電(2330)</a> 在 2008 年 4 月<br />\n至 2009 年 9月為例，</p>\n\n<p>1. 頭部位置低於左右兩肩。</p>\n\n<p>2. 股價突破下降趨勢線，</p>\n\n<p>出現買入警訊，預作買入準備。</p>\n\n<p>股價續漲破頸線，</p>\n\n<p>投資人應買入股票或作多。</p>\n\n<p>3. 成交量的變化不明顯，</p>\n\n<p>沒有出現價漲量多、價跌量少的情況。</p>\n\n<p>&nbsp;</p>\n\n<p>在頭肩底 型態 出現後，</p>\n\n<p><a href=\"http://www.cmoney.tw/follow/channel/stock-2330\" target=\"_blank\">台積電(2330)</a> 股價出現上漲趨勢。</p>\n\n<p><img alt=\"\" height=\"281\" src=\"http://www.cmoney.tw/learn/cmstatic/learn/44/20140815121340061.jpg\" width=\"500\" /></p>\n\n<p>最後，仍要提醒投資人注意以下兩件事，</p>\n\n<p>讓你在觀察頭肩底、</p>\n\n<p>頭肩頂圖型時，做出正確的判斷喔。</p>\n\n<p>&nbsp;</p>\n",
        "ViewCount": "188148",
        "IsReference": false,
        "ReferenceList": null,
        "OgImgURL": "http://www.cmoney.tw/learn/cmstatic/learn/44/20140808111142092.jpg"
    },
    "badges": [],
    "isTreeCompleted": false,
    "nextCourse": null
}