{
    "courseDetail": {
        "CourseId": 1049,
        "CourseContent": "<p><img alt=\"\" height=\"339\" src=\"http://www.cmoney.tw/learn/cmstatic/learn/48/20200923171852865.jpg\" width=\"650\" /></p>\n\n<p>很多時候的勝利都要講求</p>\n\n<p>「天時、地利、人和」，</p>\n\n<p>在股市中也是如此，</p>\n\n<p>今天就來講講關於「地利」的玄機。</p>\n\n<p>想知道一家公司的股票未來如何、</p>\n\n<p>有沒有甚麼內幕消息，</p>\n\n<p>觀察「公司附近」的券商，</p>\n\n<p>對小散戶而言是個好方法哦~</p>\n\n<p>為什麼這麼說呢？</p>\n\n<p>&nbsp;</p>\n\n<p>繼續看下去...</p>\n\n<p>&nbsp;</p>\n\n<p><span style=\"color:#696969\"><span style=\"font-size:12px\">(贊助商連接...)</span></span></p>\n\n<p><dfp type=\"3\"></dfp></p>\n\n<h1>佔據「地利」搶先賺</h1>\n\n<h2>以<a href=\"https://www.cmoney.tw/follow/channel/stock-3360\">尚立(3360)</a>為例，</h2>\n\n<h2>統一 - 內湖 3 個月淨賺 800 萬</h2>\n\n<p>有一天，我發現</p>\n\n<p>統一 - 內湖過去並無交易紀錄，</p>\n\n<p>但在 2 月到 4 月這三個月突然急買。</p>\n\n<p>&nbsp;</p>\n\n<p>統一 - 內湖會不會藉地利之便，</p>\n\n<p>探聽到什麼內部消息呢？</p>\n\n<p>原來早在幾個月前，</p>\n\n<p>內部人可能早已得知公司的內線，</p>\n\n<p>花了三個月的時間悄悄布局。</p>\n\n<p>&nbsp;</p>\n\n<p>在統一 - 內湖收貨三個月後，</p>\n\n<p>股價在 3 個月內，</p>\n\n<p>從 12 塊 來到 29 塊，</p>\n\n<p>翻漲超過一倍！</p>\n\n<p>統一 - 內湖淨賺 800 萬元！</p>\n\n<p><img alt=\"\" height=\"204\" src=\"http://fsv.money01.com.tw/cmstatic/notes/capture/115152/20140730160130880.png\" width=\"680\" /></p>\n\n<p>究竟享有地利之便的「地緣券商」，</p>\n\n<p>能帶給投資人哪些資訊，</p>\n\n<p>又該如何追蹤呢？</p>\n\n<p>一起來研究一下！</p>\n\n<p>&nbsp;</p>\n\n<p><dfp type=\"2\"></dfp></p>\n\n<p>&nbsp;</p>\n\n<h1>誰會在公司附近的券商</h1>\n\n<h1>進行股票交易？</h1>\n\n<h2>1.公司附近的居民</h2>\n\n<p>如果你是公司附近的居民，</p>\n\n<p>你看到這間公司的貨運量</p>\n\n<p>比平常多一倍或是連晚上都燈火通明，</p>\n\n<p>你是不是會考慮買進這間公司的股票？</p>\n\n<p>&nbsp;</p>\n\n<h2>2.公司的員工</h2>\n\n<p>如果你是這間公司的員工，</p>\n\n<p>你每天被要求加班，</p>\n\n<p>或是知道到公司已經接獲大訂單，</p>\n\n<p>你是不是會考慮買進這間公司的股票？</p>\n\n<p>&nbsp;</p>\n\n<h2>3.公司本身</h2>\n\n<p>如果你是這間公司的負責人或大股東，</p>\n\n<p>當外人受到股市行情影響</p>\n\n<p>錯殺你們家的股票，</p>\n\n<p>你會不會考慮逢低承接？</p>\n\n<p>&nbsp;</p>\n\n<p>上述 3 個問題的答案</p>\n\n<p>都是相當清楚明確的。</p>\n\n<p>絕大部分的人都會進行買進的動作！</p>\n\n<p>因此當你看到公司附近的券商</p>\n\n<p>買進這間公司的股票，</p>\n\n<p>都要想到可能是「這三種人」，</p>\n\n<p>再向你洩漏情報喔！</p>\n\n<p>&nbsp;</p>\n\n<p><a href=\"http://cmy.tw/008NnG\"><img alt=\"\" height=\"250\" src=\"http://www.cmoney.tw/learn/cmstatic/learn/48/20200922174536367.jpg\" width=\"300\" /></a></p>\n\n<p>&nbsp;</p>\n\n<h1>「地緣券商」：</h1>\n\n<h1>員工會找公司附近的券商開戶</h1>\n\n<h1>內線消息就藏在公司鄰近的券商</h1>\n\n<p>我們上次討論過<a href=\"http://www.cmoney.tw/learn/course/michelle/topic/667\" target=\"_blank\">公司內部人的買賣行為</a>，</p>\n\n<p>要怎麼透過券商分點</p>\n\n<p>知道有沒有公司內部人在買股票呢？</p>\n\n<p>一般情況下，</p>\n\n<p>員工都會選擇公司地點附近的券商開戶。</p>\n\n<p>所以如果這時，</p>\n\n<p>這家公司附近的券商，</p>\n\n<p>最近突然大幅買超或賣超該家公司，</p>\n\n<p>便可懷疑，該家公司近期內</p>\n\n<p>可能會有重大消息</p>\n\n<p>像是接到大訂單、</p>\n\n<p>即將併購消息等等。</p>\n\n<p>&nbsp;</p>\n\n<h2>但切記：這個方法</h2>\n\n<h2>在台北不一定適用，</h2>\n\n<h2>因為台北的公司和券商</h2>\n\n<h2>實在是太多太密集了！</h2>\n\n<p>尤其在台北敦化南路上，</p>\n\n<p>有多間券商與公司行號都設在那，</p>\n\n<p>因此很可能只是巧合，而非地緣關係！</p>\n\n<p>&nbsp;</p>\n\n<p>例如：你今天看到</p>\n\n<p>元大在大量買賣 A 公司，</p>\n\n<p>兩邊走路距離三分鐘，</p>\n\n<p>就以為是 A 公司員工</p>\n\n<p>都是在元大開戶買賣</p>\n\n<p>但其實離公司走五分鐘</p>\n\n<p>說不定就有一家富邦，</p>\n\n<p>那才是他們員工開戶，</p>\n\n<p>真正有公司內部消息的券商。</p>\n\n<p>&nbsp;</p>\n\n<p><dfp type=\"1\"></dfp></p>\n\n<p>&nbsp;</p>\n\n<p><strong><span style=\"color:rgb(204, 0, 0); font-size:26px\">要怎麼找到</span></strong></p>\n\n<h1>那家公司附近的券商呢？</h1>\n\n<p>首先點開這個免費軟體「<a href=\"http://cmy.tw/004Xpt\" target=\"_blank\">籌碼K線</a>」</p>\n\n<p>點擊「籌碼選股」，</p>\n\n<p>勾選「「地域關係」，</p>\n\n<p>接著看是要勾選「買家在公司隔壁」</p>\n\n<p>或是「賣家在公司隔壁」。</p>\n\n<p>這樣篩選出來的，</p>\n\n<p>就是可能有公司內部消息的券商，</p>\n\n<p>我們可以在籌碼K線中</p>\n\n<p>快速查看「地緣券商」的交易！</p>\n\n<p>&nbsp;</p>\n\n<p>當「地緣券商」在進行交易，</p>\n\n<p>也別高興太早，</p>\n\n<p>交易結果要符合下列任一情況，</p>\n\n<p>才比較值得關注：</p>\n\n<h2>1.平常沒交易，</h2>\n\n<h2>突然出現單筆異常的大單！</h2>\n\n<h2>2.平常沒交易，</h2>\n\n<h2>突然出現連續幾日的買進！</h2>\n\n<p>&nbsp;</p>\n\n<h1>來不及上車沒關係，</h1>\n\n<h1>但要知道主力何時離場</h1>\n\n<p>有時看到新聞後，</p>\n\n<p>股價開始大漲，</p>\n\n<p>我們可以先行確認</p>\n\n<p>是否有地緣券商敲敲布局，</p>\n\n<p>或許我們已經錯過最佳買點，</p>\n\n<p>但是進場後，</p>\n\n<p>只要關鍵券商尚未大幅售出，</p>\n\n<p>投資人或許都還有利可圖，</p>\n\n<p>投資人可以持有股票，</p>\n\n<p>直到地緣券商離場，</p>\n\n<p>如此一來可以提高勝率</p>\n\n<p>並且降低投資風險，</p>\n\n<p>投資人可以多多留意。</p>\n\n<p><strong><span style=\"font-size:18px\">連這種資料都能查到！</span></strong></p>\n\n<p><strong><span style=\"font-size:18px\">還怕賺不了錢嗎？</span></strong></p>\n\n<p><strong><span style=\"font-size:18px\">機會，是留給有準備的人～</span></strong></p>\n\n<p><a href=\"http://cmy.tw/009YkZ\"><img alt=\"\" height=\"600\" src=\"http://www.cmoney.tw/learn/cmstatic/learn/48/20200922174441881.jpg\" width=\"300\" /></a></p>\n\n<p>&nbsp;</p>\n",
        "ViewCount": "85317",
        "IsReference": true,
        "ReferenceList": [
            {
                "ReferenceId": 35804,
                "Description": "如果有一檔股票，「主力連續狂買」且「地緣券商加持」，接下來，有趣的事情就發生了...",
                "ReferenceUrl": "http://cmy.tw/004uya",
                "ReferenceImage": "http://www.cmoney.tw/notes/cmstatic/notes/capture/128019/20151026160409403.png",
                "ViewCount": 3
            },
            {
                "ReferenceId": 35805,
                "Description": "如果一檔股票，「地緣券商」平常不買突然爆買，行情可能超過 50%！看完你也能買在起漲前..",
                "ReferenceUrl": "http://cmy.tw/004vHG",
                "ReferenceImage": "http://www.cmoney.tw/notes/cmstatic/notes/capture/128019/20150505154559911.jpg",
                "ViewCount": 0
            },
            {
                "ReferenceId": 35806,
                "Description": "什麼是籌碼面？",
                "ReferenceUrl": "http://www.cmoney.tw/learn/course/michelle/topic/1245",
                "ReferenceImage": "http://www.cmoney.tw/learn/cmstatic/learn/48/20160628144522350.jpg",
                "ViewCount": 1
            }
        ],
        "OgImgURL": "http://www.cmoney.tw/learn/cmstatic/learn/48/20200923171852865.jpg"
    },
    "badges": [],
    "isTreeCompleted": false,
    "nextCourse": null
}