{
    "courseDetail": {
        "CourseId": 105,
        "CourseContent": "<p><img alt=\"\" height=\"351\" src=\"http://www.cmoney.tw/learn/cmstatic/learn/1/20200507153715432.jpg\" width=\"650\" /></p>\n\n<h1><span style=\"color:rgb(204, 0, 0); font-size:26px\">學習投資，自信很重要</span></h1>\n\n<p>很多初學投資的人，</p>\n\n<p>都覺得投資是一件很深奧、很難的事。</p>\n\n<p>因為對自己的不自信，</p>\n\n<p>很容易去聽信別人的話，</p>\n\n<p>不敢自己做決斷。</p>\n\n<p>&nbsp;</p>\n\n<p>昔日女星 羽庭，</p>\n\n<p>找到了自己的投資方法。</p>\n\n<p>20 歲學習投資，</p>\n\n<p>年紀輕輕就有了自己的房子。</p>\n\n<h2>只因她比許多投資者</h2>\n\n<h2>都早學會這件事&hellip;</h2>\n\n<p>&nbsp;</p>\n\n<p>繼續看下去...</p>\n\n<p>&nbsp;</p>\n\n<p><span style=\"color:rgb(128, 128, 128)\"><span style=\"font-size:12px\">(贊助商連結...)</span></span></p>\n\n<p><dfp type=\"3\"></dfp></p>\n\n<p>&nbsp;</p>\n\n<h1>獨立思考，</h1>\n\n<h1>是學習投資最關鍵的事</h1>\n\n<h2>報章雜誌、網路資料</h2>\n\n<h2>都是會騙人的</h2>\n\n<p>盡信書不如無書，</p>\n\n<p>當我們想學習一項知識，</p>\n\n<p>不是去聽信他人的言語，</p>\n\n<p>而是要去思考它是不是對的， &nbsp;</p>\n\n<p>是部分對？ 還是全部對？</p>\n\n<p>抑或是根本不對？</p>\n\n<p>現在是資訊發達的時代，</p>\n\n<p>各種知識取得的管道太多了。</p>\n\n<p>如果沒有經過大腦思考，囫圇吞棗，</p>\n\n<p>很容易接收到錯誤的知識。</p>\n\n<p>尤其是報章雜誌、網路資料！</p>\n\n<p>&nbsp;</p>\n\n<p>如果今天你在雜誌上看到有人在報明牌，</p>\n\n<p>用一堆故事告訴你某一支股票可以買，</p>\n\n<p>你不應該很開心的就跟著買，</p>\n\n<p>因為那樣跟賭博沒有兩樣。</p>\n\n<p>你要做的應該是，</p>\n\n<h2><strong>去看它推薦這支股票的原因，</strong></h2>\n\n<h2><strong>然後應用自己過去所學</strong></h2>\n\n<h2><strong>去思考有沒有道理。</strong></h2>\n\n<p>&nbsp;</p>\n\n<h1>對所有的投資言論，</h1>\n\n<h1>你必須學會「好奇」</h1>\n\n<h2>勇於懷疑你所接收的每一分資訊</h2>\n\n<p>在學習投資的這條路上，</p>\n\n<p>我們就是要當個<strong>好奇寶寶，</strong></p>\n\n<p>任何事情都值得我們懷疑。<br />\n在電視上你會看到某個投顧老師</p>\n\n<p>預測未來大盤看漲還看跌，</p>\n\n<p>在網路上你會看到很多文章</p>\n\n<p>分享他們的投資心得，</p>\n\n<p>這些你都可以懷疑他們的正確性。</p>\n\n<p>&nbsp;</p>\n\n<h2>學習，而後思考、質疑</h2>\n\n<p>當然，一開始什麼都不懂的時候，</p>\n\n<p>很難分辨誰對誰錯。</p>\n\n<p>就如同忠謀哥說的：&nbsp;</p>\n\n<p><strong>「如果缺乏學習，那就沒有材料可以思考。」</strong></p>\n\n<p>所以我們才要花時間大量學習，</p>\n\n<p>隨著我們的知識和經驗愈來愈多，&nbsp;</p>\n\n<p>慢慢的，你就會知道</p>\n\n<p>什麼是有價值的，什麼是胡扯。</p>\n\n<p>&nbsp;</p>\n\n<p><dfp type=\"2\"></dfp></p>\n\n<p>&nbsp;</p>\n\n<h1>別當鴕鳥，</h1>\n\n<h1>不要恐懼「專有名詞」</h1>\n\n<h2>非財經專業，也能成為投資高手</h2>\n\n<p>對初學者來說，</p>\n\n<p><span style=\"font-size:15px\">有些人可能認為自己又不是念財金系的，</span></p>\n\n<p><span style=\"font-size:15px\">或覺得自己的數字觀念很差，</span></p>\n\n<p><span style=\"font-size:15px\">或者看到一些財經專有名詞：</span></p>\n\n<p><span style=\"font-size:15px\">毛利率、營收、</span>EPS、GDP... 頭就暈了。</p>\n\n<p>所以一直對<strong>自己開始學投資</strong></p>\n\n<p>這件事情有<strong>莫名的恐懼。</strong></p>\n\n<p>因為以為投資很難，很專業，</p>\n\n<p>所以很自然的會想要倚靠專家，</p>\n\n<p>甚至是親朋好友，想說「交給他們就好了」&hellip;</p>\n\n<p>&nbsp;</p>\n\n<h1>投資領域裡，</h1>\n\n<h1>沒有誰是真的「神」</h1>\n\n<h2>不要把自己的錢交給別人</h2>\n\n<p>如果在電視或網路上，</p>\n\n<p>看到所謂的股市老師，&nbsp;</p>\n\n<p>手舞足蹈、口沫橫飛，</p>\n\n<p>就覺得好像有這麼一回事。</p>\n\n<p>有時候看到老師某一兩次</p>\n\n<p>股市預測的非常準，(其實只是運氣好)</p>\n\n<p>就會開始心生崇拜，</p>\n\n<p>甚至把 XX 老師當作是「<strong>神」</strong><br />\n<br />\n這是相當危險的觀念，</p>\n\n<p>因為你已經把你的命運交給別人了！</p>\n\n<p>其實，根本就沒有所謂的神，</p>\n\n<p>或者說，無論是老爹老媽、大哥小妹，</p>\n\n<h2>人人都可以成為那些「老師」</h2>\n\n<h2>只要你用心！</h2>\n\n<p>&nbsp;</p>\n\n<p>任何的專家也是從&nbsp;<strong>0&nbsp;</strong>開始，</p>\n\n<p>只要你肯花時間學習，</p>\n\n<p>邊學邊思考，並持之以恆，</p>\n\n<p>過個幾年，你一定不會比那些專家差！</p>\n\n<p>當投資者們懷疑、不確定時，</p>\n\n<p>就對自己重複一次葛拉漢的話吧：</p>\n\n<p><strong>「就算全世界都說你對，你也不一定對。</strong></p>\n\n<p><strong>就算全世界都說你錯，你也不一定錯。</strong></p>\n\n<p><strong>只有根據事實和推理判斷正確，</strong></p>\n\n<p><strong>那你就正確，</strong><strong>這也是唯一你是對的理由。」</strong></p>\n\n<p><strong>──價值投資之父 &nbsp;葛拉漢</strong></p>\n\n<p>&nbsp;</p>\n\n<p><dfp type=\"1\"></dfp></p>\n\n<p>&nbsp;</p>\n\n<h1>實踐，是最好的老師</h1>\n\n<h2>找到適合自己的投資方式很重要</h2>\n\n<p>懂得獨立思考、不偏聽偏信後，</p>\n\n<p>再來就是進入更高一層的層次，</p>\n\n<p>那就是，勇於挑戰、檢討再進步。</p>\n\n<p>投資的初學者，</p>\n\n<p>當你聽見別人說出他的選股方式時，</p>\n\n<p>你應該思考為什麼對方要這樣選股，</p>\n\n<p>這樣的選股會有怎樣的缺失呢？</p>\n\n<p>這裡給大家推薦一個軟體，</p>\n\n<p>你可以透過&nbsp;<a href=\"http://www.cmoney.tw/vt/main-page.aspx\" target=\"_blank\">股市大富翁</a>&nbsp;來驗證對方的方法，</p>\n\n<p>經由過程找到自己的一套投資邏輯，</p>\n\n<p>不再隨波逐流，</p>\n\n<p>唯有了解自己的每一步決策，</p>\n\n<p>才能在結果有偏誤時，及時修正<strong>。</strong></p>\n\n<p><span style=\"font-size:18px\"><strong>與所有投資者共勉～</strong></span></p>\n\n<p>&nbsp;</p>\n\n<h2>投資最忌偏聽偏信，</h2>\n\n<h2>靠山山倒、靠人人跑，</h2>\n\n<h2>還是靠自己最好！</h2>\n\n<p><a href=\"http://cmy.tw/009YkZ\"><img alt=\"\" height=\"600\" src=\"http://www.cmoney.tw/learn/cmstatic/learn/1/20200507163643091.jpg\" width=\"300\" /></a></p>\n\n<p>&nbsp;</p>\n",
        "ViewCount": "143248",
        "IsReference": true,
        "ReferenceList": [
            {
                "ReferenceId": 34181,
                "Description": "理財hen好懂",
                "ReferenceUrl": "https://www.facebook.com/litsaiheneasy/",
                "ReferenceImage": "https://scontent.ftpe7-3.fna.fbcdn.net/v/t1.0-1/p200x200/79425867_582072592336761_857360753152229376_o.jpg?_nc_cat=103&amp;_nc_sid=dbb9e7&amp;_nc_ohc=J5ErVo7dqtIAX-uIW-R&amp;_nc_ht=scontent.ftpe7-3.fna&amp;_nc_tp=6&amp;oh=c720057e9ce75d6559fbe491aba96aa9&amp;oe=5ED83804",
                "ViewCount": 7
            },
            {
                "ReferenceId": 34182,
                "Description": "CMoney理財寶",
                "ReferenceUrl": "https://www.facebook.com/cmoneyapp/",
                "ReferenceImage": "https://scontent.ftpe7-4.fna.fbcdn.net/v/t1.0-1/c0.156.200.200a/429093_260831470664421_20938524_n.jpg?_nc_cat=1&amp;_nc_sid=dbb9e7&amp;_nc_ohc=FGm3YsMy878AX8t2DJg&amp;_nc_ht=scontent.ftpe7-4.fna&amp;oh=2ada7a39fb3a12348c035763ce13027f&amp;oe=5ED96032",
                "ViewCount": 5
            }
        ],
        "OgImgURL": "http://www.cmoney.tw/learn/cmstatic/learn/1/20200507153715432.jpg"
    },
    "badges": [],
    "isTreeCompleted": false,
    "nextCourse": null
}