{
    "courseDetail": {
        "CourseId": 1068,
        "CourseContent": "<p>&nbsp;</p>\n\n<h1>債券就是『政府、金融機構、企業』和大眾借錢的借據</h1>\n\n<p>債券其實就是<strong><span style=\"font-size:20px\">借據</span></strong>。</p>\n\n<p>而想跟你借錢的單位有三個:</p>\n\n<p>&nbsp;</p>\n\n<h2>1.政府</h2>\n\n<h2>2.一般企業</h2>\n\n<h2>3.金融機構</h2>\n\n<p><img alt=\"\" height=\"314\" src=\"http://www.cmoney.tw/learn/cmstatic/learn/64/20140811173002925.jpg\" width=\"500\" /></p>\n\n<p>&nbsp;</p>\n\n<p>當他們有重大投資案，或是需要很多錢的時候，</p>\n\n<p>就會和民眾借錢，然後開一張借據給你，也就是債券。</p>\n\n<p>而不同單位發行的債券名字也不同。</p>\n\n<h2>所以，債券就是一種借錢的方式。</h2>\n\n<h2>&nbsp;</h2>\n\n<h1>持有債券 你必須注意的4個基本概念</h1>\n\n<p>假設 現在有人要跟你借錢，</p>\n\n<p>這時候你一定會想知道幾件事:</p>\n\n<p>要跟你借多少錢、甚麼時候把錢還你；</p>\n\n<p>會給你多少利息，又要在哪時候給。</p>\n\n<p>&nbsp;</p>\n\n<p>上面提到的這些，</p>\n\n<p>就是 持有債券你要注意的4個基本概念：</p>\n\n<p>&nbsp;</p>\n\n<h2>1.票面金額: 債券上發行的價格，就是到期時對方會給你的金額。</h2>\n\n<h2>2.市場價格:&nbsp;由債券的供需決定。越多人想持有，價格就越高。</h2>\n\n<h2>3.發行年限:&nbsp;多久後，你可以拿這張債券去換錢。</h2>\n\n<h2>4.債券利率:&nbsp;借錢的人要付你多少利息、多久付一次(季/半年/一年)。</h2>\n\n<h2>&nbsp;</h2>\n\n<p>舉例來說，</p>\n\n<p>你用市場價格110萬元 買了這一張債券:</p>\n\n<p><img alt=\"\" height=\"216\" src=\"http://www.cmoney.tw/learn/cmstatic/learn/64/20140812182925795.jpg\" width=\"300\" /></p>\n\n<p>在2010~2015 的五年間，</p>\n\n<p>每年你會拿到 利息2萬元(100萬 x 2%)；</p>\n\n<p>並在2015年到期日這天，把100萬還給你。</p>\n\n<p>&nbsp;</p>\n\n<p>&nbsp;</p>\n\n<h1>債券的短期收益比股票差，但長期較高，是長期投資工具</h1>\n\n<p>先來看看下表，此為投信公司公布報酬率比較:</p>\n\n<p><img alt=\"\" height=\"273\" src=\"http://www.cmoney.tw/learn/cmstatic/learn/64/20140812170043068.jpg\" width=\"680\" /></p>\n\n<p>(註: 如果不知道什麼是年化報酬率，可以看<a href=\"http://www.cmoney.tw/notes/note-detail.aspx?cid=22814&amp;nid=1961\" target=\"_blank\">這裡</a>喔。)</p>\n\n<p>&nbsp;</p>\n\n<p>由此我們可以得知:</p>\n\n<h2>1.長期投資的債券報酬率比股票好</h2>\n\n<p>如果是三年內的短期投資，持有股票報酬率會高一些</p>\n\n<p>相反的，</p>\n\n<p>如果長期投資沒有特別意外發生(像是違約等)，債券的投資報酬率比較高</p>\n\n<p>&nbsp;</p>\n\n<h2>2.債券風險較低</h2>\n\n<p>當我們把資金拿來，</p>\n\n<p>全部買股票，你有可能賺或是賠，報酬率會在-5%到5%之間；</p>\n\n<p>全部買債券，不管是長期還是短期，你可以有4到6%的報酬率。</p>\n\n<p>所以 買債券的風險比股票低。</p>\n\n<p>順便一提，</p>\n\n<p>在2008年金融海嘯，股票跌得很慘，很多人被套牢時，</p>\n\n<p>債券仍維持4.8%的投資報酬率 (根據<a href=\"http://bond-fund.blogspot.tw/2012/06/barclays-capital.html\" target=\"_blank\">全球巴克萊債券綜合指數</a>)。</p>\n\n<p>&nbsp;</p>\n\n<p>&nbsp;</p>\n\n<p>想了解更多債券的朋友，</p>\n\n<p>你可以用用看 怪老子的&nbsp;<a href=\"http://www.masterhsiao.com.tw/Bonds/Bonds.htm\" style=\"line-height: 1.6;\" target=\"_blank\">債券入門</a>。</p>\n\n<p>或是 學習艾蜜莉對債券的投資方法&nbsp;<a href=\"http://cmy.tw/004KVe\" style=\"line-height: 1.6;\" target=\"_blank\">債券可以實現長期平均6%的報酬(上)</a>&nbsp;。</p>\n\n<p>&nbsp;</p>\n\n<h1>還有其他 6 堂投資課程，學完你就不再是理財新手囉！▶▶<a href=\"http://cmy.tw/004OLJ\">看下一課</a></h1>\n",
        "ViewCount": "31422",
        "IsReference": false,
        "ReferenceList": null,
        "OgImgURL": "http://www.cmoney.tw/learn/cmstatic/learn/64/20140811173002925.jpg"
    },
    "badges": [],
    "isTreeCompleted": false,
    "nextCourse": null
}