{
    "courseDetail": {
        "CourseId": 1074,
        "CourseContent": "<p>&nbsp;</p>\n\n<p>&nbsp;</p>\n\n<h1>「 哇！我中樂透了」</h1>\n\n<p>阿傑興奮地看著他手中的彩票</p>\n\n<p>昨天隨手買的一張，居然讓他中了 2 億元！</p>\n\n<p>他馬上開始幻想即將到手的房子、車子</p>\n\n<p>他還告訴自己別其他人一樣把錢花光光</p>\n\n<p>要做好投資，讓錢滾錢...</p>\n\n<p>這一切真的太棒了，他在捏捏自己的臉頰</p>\n\n<p>確認一下這不是夢</p>\n\n<p>&nbsp;</p>\n\n<p>然後</p>\n\n<p>&nbsp;</p>\n\n<p>他醒來了...</p>\n\n<p>原來這一切真的只是夢...</p>\n\n<p>&nbsp;</p>\n\n<h2>你是否曾有過類似的經驗呢？</h2>\n\n<p>每個人或多或少都曾抱有一夜致富的想法</p>\n\n<p>但中到樂透的機率實在太低太低</p>\n\n<p>既然如此，還有其他替代方案嗎</p>\n\n<p>有的，市場有個金融商品，其槓桿率僅低於樂透</p>\n\n<p>可說是以小搏大的最佳工具</p>\n\n<p>有風險嗎？當然有！</p>\n\n<p>但跟樂透不同的是</p>\n\n<p>你可以花時間擬定策略來規避風險</p>\n\n<p>所以這商品到底是什麼呢？</p>\n\n<p>&nbsp;</p>\n\n<p>繼續看下去...</p>\n\n<p>&nbsp;</p>\n\n<p><span style=\"color:#D3D3D3\"><span style=\"font-size:12px\">(贊助商連結)</span></span></p>\n\n<p><googleadsense height=\"600px\" type=\"4\" width=\"300px\"></googleadsense></p>\n\n<p>&nbsp;</p>\n\n<h2>沒錯！就是台指選擇權</h2>\n\n<p>&nbsp;</p>\n\n<h1>台指選擇權</h1>\n\n<h1>為台灣最主要的選擇權商品</h1>\n\n<p>目前台灣期貨市場選擇權交易量</p>\n\n<p>以指數選擇權為大宗</p>\n\n<p>佔全體比重約 98 ％ 以上</p>\n\n<p>其中又以台指選擇權的交易量最大</p>\n\n<p>占比常常超過 95 ％ 以上</p>\n\n<p>如果還不知道是什麼</p>\n\n<p>真的落伍了！</p>\n\n<p>&nbsp;</p>\n\n<h1>台指選擇權標的：</h1>\n\n<h1>台灣加權指數</h1>\n\n<p>目前台灣的加權指數</p>\n\n<p>有 21 大類，共有 823 檔股票</p>\n\n<p>其中以電子類市值佔比最高達 52 ％</p>\n\n<p>&nbsp;</p>\n\n<p><img alt=\"\" height=\"305\" src=\"http://www.cmoney.tw/learn/cmstatic/learn/42/20140811103431689.jpg\" width=\"458\" /></p>\n\n<p>&nbsp;</p>\n\n<h1>台指選擇權每 1 點 = 50 元</h1>\n\n<p>假設現在買權的買進價格是 100 點</p>\n\n<p>則市值就是 50 * 100 = 5,000 元</p>\n\n<p>&nbsp;</p>\n\n<h1>台指選擇權是「歐式選擇權」</h1>\n\n<p>歐式選擇權</p>\n\n<p>就是雙方要持有至到期日才可以履約</p>\n\n<p>&nbsp;</p>\n\n<h1>台指選擇權的交易時間</h1>\n\n<h1>營業日 8 : 45 - 13 : 45&nbsp;</h1>\n\n<p>選擇權和期貨一樣</p>\n\n<p>為了兼具避險的功能</p>\n\n<p>開盤的時間比台北股市早 15 分鐘</p>\n\n<p>收盤時間也比台北股市慢 15 分鐘</p>\n\n<p>交易時間一共是 5 小時</p>\n\n<p>&nbsp;</p>\n\n<p>&nbsp;</p>\n\n<h1>有 5 個月份的台指選擇權</h1>\n\n<h1>在市場上交易</h1>\n\n<p>指數選擇權都有近月和季月的到期月份</p>\n\n<p>有從交易當月連續 3 個月份的契約</p>\n\n<p>再加上兩個接續的季月契約</p>\n\n<p>&nbsp;</p>\n\n<p>這裡我舉個例子</p>\n\n<p>假如到期月為 1 月時</p>\n\n<p>同時就會存在 1 - 3 月到期的契約</p>\n\n<p>和接續 2 個季月契約</p>\n\n<p>也就是 6 、 9 月份的契約</p>\n\n<p>我們就可以依照我們的需求</p>\n\n<p>選擇最近的契約</p>\n\n<p>或著長達 9 個月才會到期的契約</p>\n\n<p>&nbsp;</p>\n\n<p><img alt=\"\" height=\"329\" src=\"http://www.cmoney.tw/learn/cmstatic/learn/42/20140811112305207.jpg\" width=\"400\" /></p>\n\n<p>&nbsp;</p>\n\n<h1>台指選擇權即時報價表</h1>\n\n<p>我們一定要懂怎麼看報價表</p>\n\n<p>才能了解市場交易的狀況</p>\n\n<p>&nbsp;</p>\n\n<p><img alt=\"\" height=\"520\" src=\"http://www.cmoney.tw/learn/cmstatic/learn/42/20140811121110904.jpg\" width=\"624\" /></p>\n\n<p>&nbsp;</p>\n\n<h2>花時間瞭解它</h2>\n\n<h2>才能做到穩健獲利喔！</h2>\n\n<p>&nbsp;</p>\n\n<p><a href=\"http://cmy.tw/005HQX\"><img alt=\"\" height=\"62\" src=\"http://www.cmoney.tw/learn/cmstatic/learn/42/20170213102722569.png\" width=\"819\" /></a></p>\n\n<p>&nbsp;</p>\n\n<p><iframe allowtransparency=\"true\" frameborder=\"0\" height=\"80\" scrolling=\"no\" src=\"https://www.facebook.com/plugins/like.php?href=https%3A%2F%2Fwww.facebook.com%2Fcmoneyapp%2F&amp;width=450&amp;layout=standard&amp;action=like&amp;size=large&amp;show_faces=true&amp;share=true&amp;height=80&amp;appId\" style=\"border:none;overflow:hidden\" width=\"450\"></iframe></p>\n",
        "ViewCount": "75338",
        "IsReference": false,
        "ReferenceList": null,
        "OgImgURL": "http://www.cmoney.tw/learn/cmstatic/learn/42/20140811103431689.jpg"
    },
    "badges": [],
    "isTreeCompleted": false,
    "nextCourse": null
}