{
    "courseDetail": {
        "CourseId": 1071,
        "CourseContent": "<h1>&nbsp;</h1>\n\n<h1>參考具有公信力的債券評等，找到合適的投資標的</h1>\n\n<p>如果你今天要找一家氣氛好又不會太貴的餐廳該怎麼做?</p>\n\n<p>沒錯!就是上網查。</p>\n\n<p>看看別人寫的食記或是美食評論，</p>\n\n<p>了解它的特色和評價之後你再決定要不要去吃。</p>\n\n<p>&nbsp;</p>\n\n<p>投資債券也是相同的道理！</p>\n\n<p>參考債券評等，</p>\n\n<p>就能讓你了解它的投資風險和報酬，</p>\n\n<p>看看投資標的適不適合你的風險態度和投資特性。</p>\n\n<p><span style=\"color:rgb(0, 0, 255)\"><img alt=\"\" height=\"236\" src=\"http://www.cmoney.tw/learn/cmstatic/learn/64/20140818150233179.jpg\" width=\"500\" /></span></p>\n\n<p>&nbsp;</p>\n\n<h1>債券評等:評價債券違約風險的可能性</h1>\n\n<h1>評等越好投資風險越低</h1>\n\n<p>投資債券最悲哀的莫過於拿不到當初約定的本金或利息，</p>\n\n<p>而這種公司違背承諾的風險我們就稱之為「違約風險」。</p>\n\n<p>(之前在文章中有提到，可以參考&nbsp;<a href=\"http://www.cmoney.tw/learn/course/michelle2/topic/1069\" target=\"_blank\">債券的好處與風險</a>)</p>\n\n<p>&nbsp;</p>\n\n<p>而有幾家專門幫別人評價債券，其評價有公信力的公司</p>\n\n<p>像是國外的:</p>\n\n<p>穆迪 Moody&#39;s (<a href=\"https://www.moodys.com/pages/default_tw.aspx\" target=\"_blank\">亞洲穆迪國際信用評等</a>)</p>\n\n<p>Fitch 惠譽 (<a href=\"http://www.fitchratings.com.tw/zh/\" target=\"_blank\">台灣會譽國際信用評等</a>)</p>\n\n<p>S&amp;P 又稱標準普爾 (<a href=\"http://www.taiwanratings.com/tw/A/sp.asp\" target=\"_blank\">台灣各家公司標準普爾評等</a>)</p>\n\n<p>&nbsp;</p>\n\n<p>台灣國內目前唯一一家評等公司:&nbsp;</p>\n\n<p>中華信評 (<a href=\"http://www.taiwanratings.com/portal/member/listCorporate\" style=\"line-height: 1.6;\" target=\"_blank\"><u>中華信用評等</u></a>)</p>\n\n<p>&nbsp;</p>\n\n<p>以上評等公司會分析各家企業和金融機構，並給予他們適當的評價。</p>\n\n<p>所以你也可以上該企業網站，</p>\n\n<p>找找看各家對於此企業的評等，例如: <a href=\"https://www.megabank.com.tw/about/about05.asp\" style=\"line-height: 1.6;\" target=\"_blank\">兆豐銀行信用評等</a>。</p>\n\n<p>&nbsp;</p>\n\n<p>來看看他們怎麼將債券分級:</p>\n\n<p>評等A最好，再來照順序是B、C，最差的是D。</p>\n\n<p>同樣字母出現兩次會比一次好，像是CC會比C好。</p>\n\n<p><img alt=\"\" height=\"217\" src=\"http://www.cmoney.tw/learn/cmstatic/learn/64/20140818134954075.jpg\" width=\"680\" /></p>\n\n<p>&nbsp;</p>\n\n<h1>投資等級越高代表違約風險越低&nbsp;</h1>\n\n<h1>違約風險最高的是「垃圾債券」</h1>\n\n<p>&nbsp;</p>\n\n<h2>違約風險很高 但是利率也非常高 就是垃圾債券</h2>\n\n<p>如果發行的公司之前有違約紀錄或是才成立不久，</p>\n\n<p>違約風險就比較高，</p>\n\n<p>他們發行的債券，我們稱之為「垃圾債券」。</p>\n\n<p>&nbsp;</p>\n\n<h2>垃圾債券一樣可以投資，但要承擔高風險</h2>\n\n<p>請記住投資的鐵律:高風險帶來高報酬。</p>\n\n<p>如果你覺得普通債券利率太低，</p>\n\n<p>你願意承擔比較高的風險，</p>\n\n<p>那垃圾債券就是你很好的投資選擇，因為它的利率比較高。</p>\n\n<p><img alt=\"\" height=\"249\" src=\"http://www.cmoney.tw/learn/cmstatic/learn/64/20140818142803733.jpg\" width=\"450\" /></p>\n\n<h1>&nbsp;</h1>\n\n<h1>台灣垃圾債券比國外少</h1>\n\n<p>在台灣發行公司債的門檻比較高，</p>\n\n<p>必須是信用評等很高的上市公司才能發行公司債</p>\n\n<p>所以相較於歐美，台灣的垃圾債比較少</p>\n\n<p>&nbsp;</p>\n\n<p>而目前台灣只有中華信評，</p>\n\n<p>台灣國內評等資料還沒有很完整，</p>\n\n<p>也比較少像國外評等公司會主動做每家公司的資料比對。</p>\n\n<p>所以在投資時，</p>\n\n<p>別忘了一定要一起參考國外的債券評等喔!</p>\n\n<p>&nbsp;</p>\n\n<h2>還有其他 6 堂投資課程，學完你就不再是理財新手囉！▶▶<a href=\"http://cmy.tw/004OLJ\">看下一課</a></h2>\n\n<p>&nbsp;</p>\n",
        "ViewCount": "25503",
        "IsReference": false,
        "ReferenceList": null,
        "OgImgURL": "http://www.cmoney.tw/learn/cmstatic/learn/64/20140818150233179.jpg"
    },
    "badges": [],
    "isTreeCompleted": false,
    "nextCourse": null
}