{
    "courseDetail": {
        "CourseId": 1081,
        "CourseContent": "<h1>&nbsp;</h1>\n\n<p>&nbsp;</p>\n\n<p>&nbsp;</p>\n\n<h1>台股低迷、資金出逃</h1>\n\n<h1>期貨交易量卻年年大增！</h1>\n\n<p>近年來，因為大戶出走造成台股交易量腰斬</p>\n\n<p>很多股票變成殭屍股</p>\n\n<p>使投資人逐漸轉向期貨市場</p>\n\n<p><span style=\"font-family:arial,微軟正黑體,細明體; font-size:15px\">「期貨」已成為台灣投資新顯學</span></p>\n\n<p>&nbsp;</p>\n\n<p>前幾章告訴你什麼是期貨</p>\n\n<p>買期貨的好處及期貨的功用</p>\n\n<p>( 參考 <a href=\"http://www.cmoney.tw/learn/course/futures/topic/1310\" id=\"treeTopic\" style=\"position: relative;\">還在嫌「期貨」複雜？３步驟學會買賣期貨！幫你多賺 3 倍薪水...</a></p>\n\n<p><a href=\"http://www.cmoney.tw/learn/course/futures/topic/1328\" id=\"treeTopic\" style=\"position: relative;\">買期貨比買股票成本便宜 37 倍！？期貨優於股票的 5 大不同！90%投資人都沒搞懂...</a></p>\n\n<p><a href=\"http://www.cmoney.tw/learn/course/futures/topic/1335\" id=\"treeTopic\" style=\"position: relative;\">短期賺 24 %的投資！？期貨，讓你操控 20 倍的資產，賺 20 倍的薪水！</a>)</p>\n\n<p>現在想開戶買期貨的話，要怎麼做呢？</p>\n\n<p>很簡單， 3 步驟教你完成期貨開戶...</p>\n\n<p>&nbsp;</p>\n\n<p>繼續往下看...</p>\n\n<p>&nbsp;</p>\n\n<p><span style=\"color:#D3D3D3\"><span style=\"font-size:12px\">(贊助商連結)</span></span></p>\n\n<p><googleadsense height=\"280px\" type=\"3\" width=\"336px\"></googleadsense></p>\n\n<p>&nbsp;</p>\n\n<h1>期貨開戶三步驟，迅速上手</h1>\n\n<p>&nbsp;</p>\n\n<h1>&nbsp;</h1>\n\n<p><span style=\"color:rgb(204, 0, 0); font-size:26px\">Step1. 選擇適合自己的期貨商</span></p>\n\n<p>服務品質和手續費高低</p>\n\n<p>是投資人主要考量的重點</p>\n\n<p>要注意的是，</p>\n\n<p>買期貨應該要到期貨商買，買證券要證券商買</p>\n\n<p>證券商收取手續費比期貨商來的高</p>\n\n<p>但手續費低，也不是對每個都投資人都有利</p>\n\n<p>交易員、下單介面、券商公司地點等</p>\n\n<p>因素都需要列入考慮！</p>\n\n<p>&nbsp;</p>\n\n<h1>Step2. 攜帶雙證件、個人印鑑、銀行存摺</h1>\n\n<p>&nbsp;</p>\n\n<p>個人印鑑可以用簽名、蓋章</p>\n\n<p>簽名加蓋章三種方式證明呦！</p>\n\n<p>除此之外，</p>\n\n<p>要準備一本以上本人銀行存摺正本、或封面影本</p>\n\n<p>&nbsp;</p>\n\n<p>&nbsp;</p>\n\n<p>準備齊全了嗎？</p>\n\n<p>快親自到期貨營業處辦理開戶吧！</p>\n\n<p>&nbsp;</p>\n\n<h1>Step3. 填寫開戶文件</h1>\n\n<h2>1. 開戶申請書暨信用調查表</h2>\n\n<p>為了了解申請人的資產狀況</p>\n\n<p>方便查詢你的信用狀況</p>\n\n<p>如果信用不良、身分不符</p>\n\n<p>期貨商有權利拒絕你的開戶</p>\n\n<p>&nbsp;</p>\n\n<h2>2. 印鑑卡</h2>\n\n<p>之後交易是以印鑑卡上的樣式為準</p>\n\n<p>&nbsp;</p>\n\n<h2>3. CA 憑證申請同意書</h2>\n\n<p>網路下單須用網路憑證來確認投資人的身分</p>\n\n<p>&nbsp;</p>\n\n<h2>4. 電子交易密碼申請書&nbsp;</h2>\n\n<p>取得後盡快登錄並改成你自己慣用的密碼</p>\n\n<p>&nbsp;</p>\n\n<p><googleadsense height=\"250px\" type=\"2\" width=\"300px\"></googleadsense></p>\n\n<p>&nbsp;</p>\n\n<p>拿回營業員給你的資料</p>\n\n<p>你就完成期貨開戶</p>\n\n<p>離開期貨營業處之前</p>\n\n<p>記得索取營業員的名片、確認手續費</p>\n\n<p>網路下單的詳細網址</p>\n\n<p>有任何問題都可以請教營業員喔！</p>\n\n<p>&nbsp;</p>\n\n<h2>下一篇將告訴你</h2>\n\n<h2>為什麼投資期貨可以「以小博大」？</h2>\n\n<h2>趕快前往&nbsp;<u><a href=\"http://cmy.tw/005Ahu\">下一篇</a></u>&nbsp;吧！</h2>\n\n<p><a href=\"http://cmy.tw/005Ahu\"><img alt=\"\" height=\"46\" src=\"http://www.cmoney.tw/learn/cmstatic/learn/45/20170220094555155.png\" width=\"529\" /></a></p>\n",
        "ViewCount": "118149",
        "IsReference": true,
        "ReferenceList": [
            {
                "ReferenceId": 30697,
                "Description": "什麼是期貨？",
                "ReferenceUrl": "http://www.cmoney.tw/learn/course/futures/topic/1300",
                "ReferenceImage": "http://www.cmoney.tw/learn/cmstatic/learn/45/20160408115006548.jpg",
                "ViewCount": 228
            },
            {
                "ReferenceId": 30698,
                "Description": "還在嫌「期貨」複雜？３步驟學會買賣期貨！幫你多賺 3 倍薪水...",
                "ReferenceUrl": "http://www.cmoney.tw/learn/course/futures/topic/1310",
                "ReferenceImage": "http://www.cmoney.tw/learn/cmstatic/learn/45/20160408095618542.jpg",
                "ViewCount": 375
            },
            {
                "ReferenceId": 30699,
                "Description": "買期貨比買股票成本便宜 37 倍！？期貨優於股票的 5 大不同！90%投資人都沒搞懂...",
                "ReferenceUrl": "http://www.cmoney.tw/learn/course/futures/topic/1328",
                "ReferenceImage": "http://www.cmoney.tw/learn/cmstatic/learn/45/20160408102856217.jpg",
                "ViewCount": 355
            }
        ],
        "OgImgURL": "http://www.cmoney.tw/learn/cmstatic/learn/45/20170220094555155.png"
    },
    "badges": [],
    "isTreeCompleted": false,
    "nextCourse": null
}