{
    "courseDetail": {
        "CourseId": 108,
        "CourseContent": "<p><img alt=\"\" height=\"352\" src=\"http://www.cmoney.tw/learn/cmstatic/learn/1/20200511110154163.jpg\" width=\"650\" /></p>\n\n<h1>成功必須投入大量的時間</h1>\n\n<p><span style=\"font-size:15px\">想成為有錢人，</span></p>\n\n<p><span style=\"font-size:15px\">就要花時間建構有錢的腦袋。</span></p>\n\n<p>對年輕人而言，</p>\n\n<p>最大的本錢就是時間，</p>\n\n<p>我們都想成為有錢人，</p>\n\n<p>但要成為有錢人，</p>\n\n<p>就要先擁有有錢人的腦袋。</p>\n\n<p>&nbsp;</p>\n\n<p>而有錢人並不是</p>\n\n<p>天生就有這個腦袋，</p>\n\n<p>我認為大部分是靠後天努力得來！</p>\n\n<p>&nbsp;</p>\n\n<p>後天的努力，就意味著</p>\n\n<p>你必須投入大量的時間，</p>\n\n<p>所以，你一定要意識到</p>\n\n<p>「時間是很寶貴的」！</p>\n\n<p>&nbsp;</p>\n\n<p>時間該怎麼花才正確？</p>\n\n<p>&nbsp;</p>\n\n<p>趕緊來看看吧...</p>\n\n<p>&nbsp;</p>\n\n<p><span style=\"color:#A9A9A9\"><span style=\"font-size:12px\">(贊助商連結...)</span></span></p>\n\n<p><dfp type=\"3\"></dfp></p>\n\n<p>&nbsp;</p>\n\n<h1>每個人一天都 24 個小時，</h1>\n\n<h1>你把時間花在哪？</h1>\n\n<p>老天爺很公平，<span style=\"font-size:15px\">每個人</span>一天</p>\n\n<p>都是 24 小時不多也不少，</p>\n\n<p>但為什麼有些人可以很有成就自我，</p>\n\n<p>有些人卻是平庸一生？&nbsp;</p>\n\n<p><span style=\"font-size:20px\"><strong><span style=\"background-color:#ffff00\">時間的管理是個關鍵！</span></strong></span></p>\n\n<p>&nbsp;</p>\n\n<p>回想一下我們之前的人生...</p>\n\n<p>以前在當學生的時候，</p>\n\n<p>白天就上課，放學之後</p>\n\n<p>補習準備考試，然後一學期</p>\n\n<p>莫名其妙的就結束了。</p>\n\n<p>&nbsp;</p>\n\n<p>到了寒暑假，因為</p>\n\n<p>受夠了每天早起的日子，</p>\n\n<p>所以就天天睡到中午，</p>\n\n<p>接著打電動、看電視、上網，</p>\n\n<p>然後一天就過去了。</p>\n\n<p>猛的一轉眼，<strong><span style=\"font-size:20px\">已經 20 多歲了</span></strong>...</p>\n\n<p>&nbsp;</p>\n\n<p>現在 當個上班族，</p>\n\n<p>每天早上匆匆忙忙的去上班，</p>\n\n<p>下班後，看電視、上網，然後睡覺，</p>\n\n<p>明天一早，又匆匆忙忙地趕去上班...</p>\n\n<p>其實，時間過的比你想要的快，</p>\n\n<p>可能再一轉眼，</p>\n\n<p><strong><span style=\"font-size:20px\">另一個20年又要過完了</span></strong>...</p>\n\n<p>&nbsp;</p>\n\n<p>如果不特別注意，</p>\n\n<p>我們可能要到老的時候才會驚覺，</p>\n\n<p><span style=\"color:#b22222\"><strong><span style=\"font-size:20px\">時間比我們想像中還流失的快&hellip;！</span></strong></span></p>\n\n<p>&nbsp;</p>\n\n<p><dfp type=\"2\"></dfp></p>\n\n<p>&nbsp;</p>\n\n<h1>把握 20 ~ 35 歲的黃金時期</h1>\n\n<p>我想說的是：你一定要隨時意識到</p>\n\n<p><span style=\"font-size:20px\"><strong>時間很珍貴</strong></span></p>\n\n<p>這件事情！特別是年輕人，</p>\n\n<p><strong><span style=\"background-color:#ffff00\">20 歲~ 35 歲是你人生的黃金時期</span></strong>，</p>\n\n<p>這段時間內，你有腦力、</p>\n\n<p>有體力、也沒有太多外務，</p>\n\n<p>是充實自己的最佳時間！</p>\n\n<p>&nbsp;</p>\n\n<p>過了 35 歲以後，你會發現</p>\n\n<p>有很多事情是身不由己的，</p>\n\n<p>可能兒子已經上小學了，</p>\n\n<p>你要接他上下學，</p>\n\n<p>晚上叮嚀他寫功課，</p>\n\n<p>假日還要帶他出去玩。.</p>\n\n<p>&nbsp;</p>\n\n<p>你的父母可能已經年邁了，&nbsp;</p>\n\n<p>需要你花時間</p>\n\n<p>來陪伴他們、 照顧他們。</p>\n\n<p>&nbsp;</p>\n\n<p>說不定，連你自己</p>\n\n<p>的身體健康都出了問題，</p>\n\n<p>沒有辦法再像年輕的時候一樣，</p>\n\n<p>可以為一個目標全力以赴。</p>\n\n<p>&nbsp;</p>\n\n<p>這些事情，會一直纏著你，</p>\n\n<p>佔據你很多時間，</p>\n\n<p>但是你又不得不做&hellip;</p>\n\n<p>所以，如果你沒有年輕的時候</p>\n\n<p>好好累積實力，過了黃金時期，</p>\n\n<p>要再有爆發性的成長，是比較困難的。</p>\n\n<p>&nbsp;</p>\n\n<p>懂<span style=\"font-size:16px\">得<strong><span style=\"background-color:#ffff00\">把握時間是門知易行難的學問</span></strong></span>，</p>\n\n<p>所以，成功的人才會那麼少！</p>\n\n<p>&nbsp;</p>\n\n<p><dfp type=\"1\"></dfp></p>\n\n<p>&nbsp;</p>\n\n<h1>每天都要</h1>\n\n<h1>比昨天進步一點點</h1>\n\n<p>分享一個網路上盛傳的&nbsp;<span style=\"color:#b22222\"><strong><span style=\"font-size:20px\">1.01 法則</span></strong></span>：</p>\n\n<p>一位日本的小學校長</p>\n\n<p>為了勉勵學生，在校園中放了這個牌子，</p>\n\n<p>&nbsp;</p>\n\n<p>就是每天努力比昨天進步 1%，</p>\n\n<p>經過一年( 365 天)後，實力會<span style=\"color:#ff0000\"><strong>成長 37 倍</strong></span>！</p>\n\n<p>反之每天偷懶比昨天退步 1%，</p>\n\n<p>經過一年( 365 天)後，實力會只<strong><span style=\"color:#008000\">剩原本的 3%</span></strong>...</p>\n\n<p>&nbsp;</p>\n\n<p>1.01 和 0.99 之間，看起來<strong><span style=\"font-size:20px\">只相差 0.02</span></strong>，</p>\n\n<p>但積少成多、聚沙成塔，</p>\n\n<p>在時間的淬鍊之下，差距卻變得如此的大！</p>\n\n<p>&nbsp;</p>\n\n<p>下班以後，每個人都會累，</p>\n\n<p>也想好好放鬆一下，</p>\n\n<p>休息是為了走更長遠的路，</p>\n\n<p>這句話我很認同。</p>\n\n<p>&nbsp;</p>\n\n<p>只是在放鬆之餘，</p>\n\n<p>如果你肯 1 天撥 1 個小時，</p>\n\n<p>看看書，或做一些</p>\n\n<p>充實自己的事情，</p>\n\n<p>然後<strong><span style=\"background-color:#ffff00\">持之以恆</span></strong>。慢慢的，</p>\n\n<p>你就會從平庸走向成功。</p>\n\n<p>&nbsp;</p>\n\n<p>每個領域的佼佼者，</p>\n\n<p>每天都會挪出一段時間閱讀，</p>\n\n<p>藉由大量的閱讀，</p>\n\n<p>跟上時代的腳步，</p>\n\n<p>活化自己的腦袋。</p>\n\n<p>&nbsp;</p>\n\n<p>「我什麼都讀，企業年報、</p>\n\n<p>傳記、歷史書、每天五份報紙，</p>\n\n<p>在飛機上，我會閱讀椅背後</p>\n\n<p>的安全指南，閱讀是很重要的！</p>\n\n<p>&nbsp; 這麼多年來，是閱讀讓我致富。」</p>\n\n<p><strong>&mdash; 波克夏董事長 &nbsp;華倫巴菲特</strong></p>\n\n<p>&nbsp;</p>\n\n<p><a href=\"http://cmy.tw/009YkZ\"><img alt=\"\" height=\"600\" src=\"http://www.cmoney.tw/learn/cmstatic/learn/1/20200508175609644.jpg\" width=\"300\" /></a></p>\n\n<p>&nbsp;</p>\n",
        "ViewCount": "271274",
        "IsReference": true,
        "ReferenceList": [
            {
                "ReferenceId": 34266,
                "Description": "理財hen好懂",
                "ReferenceUrl": "https://www.facebook.com/litsaiheneasy/",
                "ReferenceImage": "https://scontent.ftpe7-3.fna.fbcdn.net/v/t1.0-1/p200x200/79425867_582072592336761_857360753152229376_o.jpg?_nc_cat=103&amp;_nc_sid=dbb9e7&amp;_nc_ohc=fG1OsOWqxZUAX-P42uD&amp;_nc_ht=scontent.ftpe7-3.fna&amp;_nc_tp=6&amp;oh=db366d6f9d3b714a1fef8e5d7ec2ebe9&amp;oe=5EDC2C84",
                "ViewCount": 7
            },
            {
                "ReferenceId": 34267,
                "Description": "CMoney理財寶",
                "ReferenceUrl": "https://www.facebook.com/cmoneyapp/",
                "ReferenceImage": "https://scontent.ftpe7-4.fna.fbcdn.net/v/t1.0-1/c0.156.200.200a/429093_260831470664421_20938524_n.jpg?_nc_cat=1&amp;_nc_sid=dbb9e7&amp;_nc_ohc=rNaV6Gxs8HIAX-Ly6UY&amp;_nc_ht=scontent.ftpe7-4.fna&amp;oh=81492f1b5f5d3ffeac8984f00618cdb4&amp;oe=5ED96032",
                "ViewCount": 4
            }
        ],
        "OgImgURL": "http://www.cmoney.tw/learn/cmstatic/learn/1/20200511110154163.jpg"
    },
    "badges": [],
    "isTreeCompleted": false,
    "nextCourse": null
}