{
    "courseDetail": {
        "CourseId": 110,
        "CourseContent": "<p><img alt=\"\" height=\"340\" src=\"http://www.cmoney.tw/learn/cmstatic/learn/1/20190410102601866.png\" width=\"650\" /></p>\n\n<p>投資者總會在市場上學到很多方法，</p>\n\n<p>例如基本面分析、經濟指標</p>\n\n<p>預測股市等等，但是，</p>\n\n<p>這些方法不一定永遠有效，</p>\n\n<p>世界在變，市場在變，</p>\n\n<p>這些方法是前人總結，</p>\n\n<p>根據的也是之前的資訊，</p>\n\n<p>你想過嗎？有一天，</p>\n\n<p>這些方法或許通通都會落伍</p>\n\n<p>到時候，應該怎麼辦？</p>\n\n<p>&nbsp;</p>\n\n<p>趕緊看下去...</p>\n\n<p>&nbsp;</p>\n\n<p><span style=\"color:rgb(128, 128, 128)\"><span style=\"font-size:12px\">(贊助商連結)</span></span></p>\n\n<p><dfp type=\"3\"></dfp></p>\n\n<p>&nbsp;</p>\n\n<h1>巴菲特曾說：「你，</h1>\n\n<h1>是自己最該投資的資產」</h1>\n\n<p>其實，有一種投資</p>\n\n<p>永遠都不怕賠，那就是自己。</p>\n\n<p><span style=\"font-size:15px\">投資自己，無論是時間或者是金錢，</span></p>\n\n<p>砸在自己身上是絕對不會錯的。</p>\n\n<p>&nbsp;</p>\n\n<h1>在投資這個領域，</h1>\n\n<h1>你必須終身學習，</h1>\n\n<p>適應每一個變化，</p>\n\n<p>無論是科技、市場、</p>\n\n<p>客戶的口味、景氣的興衰。</p>\n\n<p>投資者，不能只需會一兩招</p>\n\n<p>就打算用一輩子，</p>\n\n<p>這是不可能的事。</p>\n\n<p>因為有兩個很重要的理由：</p>\n\n<h2>1. 市場會變&nbsp; &nbsp;</h2>\n\n<h2>2. 你會變</h2>\n\n<p>&nbsp;</p>\n\n<p><dfp type=\"2\"></dfp></p>\n\n<p>&nbsp;</p>\n\n<h1>巴菲特的故事：</h1>\n\n<h2>他曾經學的方法</h2>\n\n<h2>在時間變化下逐漸無效</h2>\n\n<p>巴菲特早期是用他師父葛拉漢的方法，</p>\n\n<p><span style=\"font-size:15px\">去算出每間公司的內在價值，</span></p>\n\n<p>然後去買那些所謂價格遠低於價值的股票，</p>\n\n<p><span style=\"font-size:15px\">最好是可以打個 4 折。</span></p>\n\n<p>假設算出這間公司每股價值 100 元，</p>\n\n<p><span style=\"font-size:15px\">如果你等到它的市價跌到 40 元，</span></p>\n\n<p><span style=\"font-size:15px\">那就可以買進！</span></p>\n\n<p><span style=\"font-size:15px\">在當時的年代，這種股票還蠻多的，</span></p>\n\n<p><span style=\"font-size:15px\">巴菲特也靠了這個方法，賺了很多錢。</span></p>\n\n<p>但隨著時間的演進，</p>\n\n<p>人們逐漸變得聰明起來，</p>\n\n<p>很多人也都會這樣算，</p>\n\n<p>只要跌到 90元、80 元，</p>\n\n<p>就會有人開始買，所以</p>\n\n<p>它很難跌到 40 元...最後，</p>\n\n<p>這些顯而易見的便宜股票就消失了...</p>\n\n<p>&nbsp;</p>\n\n<h2>他需要一直學習、改進</h2>\n\n<h2>直到超越他曾經學到的，</h2>\n\n<h2>才能一直賺下去</h2>\n\n<p>所以巴菲特後來也去學習新的方法，</p>\n\n<p><span style=\"font-size:15px\">並將原來的方法加以改良，</span></p>\n\n<p>時至今日，他的成就</p>\n\n<p>才得已超越他的老師！</p>\n\n<p>&nbsp;</p>\n\n<h1>人就像電腦，</h1>\n\n<h1>需要不斷更新</h1>\n\n<h2>不能只賺一時小錢，</h2>\n\n<h2>卻賺不了一輩子大錢</h2>\n\n<p><span style=\"font-size:15px\">因此我們要一定要有個體認，</span></p>\n\n<p><span style=\"font-size:15px\">無論你是想要</span></p>\n\n<p><span style=\"font-size:15px\">投資股票、基金、房地產，</span></p>\n\n<p><span style=\"font-size:15px\">這些都不是一成不變的！</span></p>\n\n<p>十年前，<span style=\"font-size:15px\">誰知道智慧型手機會那麼紅</span>，</p>\n\n<p>徹底改變人們溝通的方式。</p>\n\n<p><span style=\"font-size:15px\">那十年後呢？</span></p>\n\n<p>世界本來就瞬息萬變，</p>\n\n<p>你想要不停地賺錢，</p>\n\n<p>唯一的方法，就是<strong>不斷學習</strong>。</p>\n\n<p>&nbsp;</p>\n\n<p><a href=\"http://cmy.tw/008NnG\"><img alt=\"\" height=\"250\" src=\"http://www.cmoney.tw/learn/cmstatic/learn/1/20200512112836133.jpg\" width=\"300\" /></a></p>\n\n<p>&nbsp;</p>\n\n<h1>不只市場在變，</h1>\n\n<h1>你自己也在變：</h1>\n\n<h2>不同時間、收入的你</h2>\n\n<h2>需要學會不同的方法</h2>\n\n<p>其實你會變的意思是：</p>\n\n<p>因為你的年齡、收入...等等</p>\n\n<p>財務狀況會隨著時間而改變，</p>\n\n<p>所以，適合你的方法也會有所不同，</p>\n\n<p>&nbsp;</p>\n\n<p>當初我只是個基層員工，</p>\n\n<p>一個月 3 萬元，<span style=\"font-size:15px\">現在我都已經升到經理了...</span></p>\n\n<p><span style=\"font-size:15px\">當初我只是年輕小夥子，</span></p>\n\n<p><span style=\"font-size:15px\">現在都是 2 個小孩的爸了...</span></p>\n\n<p><span style=\"font-size:15px\">當初我沒有背什麼債務，</span></p>\n\n<p><span style=\"font-size:15px\">現在每個月都要繳房貸車貸...</span></p>\n\n<p>這些狀況都會影響你的投資決定。</p>\n\n<p>&nbsp;</p>\n\n<h2>不然方法落伍，賠錢很正常</h2>\n\n<p>你必須每隔一段時間，</p>\n\n<p><span style=\"font-size:15px\">重新檢視自己的狀況，</span></p>\n\n<p>自己當初所學的方法，</p>\n\n<p>是不是還適合現在用？</p>\n\n<p>如果我們只是一直沿用</p>\n\n<p>舊的思維、舊的方法，</p>\n\n<p><span style=\"font-size:15px\">那你賠錢是很正常的！</span></p>\n\n<p>&nbsp;</p>\n\n<h1>關於投資，沒有捷徑！</h1>\n\n<p>蒙格曾說過一段話，讓我印象很深刻：</p>\n\n<p><span style=\"color:rgb(75, 0, 130)\">「我還未聽說有誰</span><span style=\"color:rgb(75, 0, 130)\">能夠</span></p>\n\n<p><span style=\"color:rgb(75, 0, 130)\">很快成為一名偉大的投資者。</span></p>\n\n<p><span style=\"color:rgb(75, 0, 130)\">作為投資者，</span><span style=\"color:rgb(75, 0, 130)\">巴菲特比我</span></p>\n\n<p><span style=\"color:rgb(75, 0, 130)\">第一次遇到他時好太多了！</span></p>\n\n<p><span style=\"color:rgb(75, 0, 130)\">我也是這樣的，</span><span style=\"color:rgb(75, 0, 130)\">如果我們</span></p>\n\n<p><span style=\"color:rgb(75, 0, 130)\">在某個階段停滯不前，</span></p>\n\n<p><span style=\"color:rgb(75, 0, 130)\">滿足於已經擁有的知識，</span></p>\n\n<p><span style=\"color:rgb(75, 0, 130)\">我們的績效會比現在差得多，</span></p>\n\n<p><span style=\"color:rgb(75, 0, 130)\">所以訣竅在於不斷學習。</span></p>\n\n<p><span style=\"color:rgb(75, 0, 130)\">而且我認為&hellip;</span><span style=\"color:rgb(75, 0, 130)\">能夠享受</span></p>\n\n<p><span style=\"color:rgb(75, 0, 130)\">學習過程的人，</span><span style=\"color:rgb(75, 0, 130)\">才能夠不斷學習！ 」</span></p>\n\n<p><span style=\"color:rgb(75, 0, 130)\">──查理 ‧ 蒙格</span></p>\n\n<p>&nbsp;</p>\n\n<p>所以，沒什麼好說的，</p>\n\n<p>如果你真的想再靠投資</p>\n\n<p>賺錢、想要早點退休，</p>\n\n<p>學海無涯，不要再猶豫，</p>\n\n<p>趕快開始行動吧！</p>\n\n<p>&nbsp;</p>\n\n<p><dfp type=\"1\"></dfp></p>\n\n<p>&nbsp;</p>\n\n<h1>選擇對的人學習</h1>\n\n<h2>適合你自己的，才是最好的</h2>\n\n<p>學習重要，但是選擇對的人</p>\n\n<p>學習更為重要，由於投資時，</p>\n\n<p>我們只是一個人，沒有資源，</p>\n\n<p>這表示一般投資人不應該學習</p>\n\n<p>具有龐大資源的投資分析師，</p>\n\n<p>反而應該尋找「只靠一個人單挑」</p>\n\n<p>股票市場成功的投資大師，</p>\n\n<p>像是巴菲特、查理蒙格...等。</p>\n\n<h2>活到老，學到老</h2>\n\n<h2>投資自己，才是最穩賺不賠的事！</h2>\n\n<p>&nbsp;</p>\n\n<p><a href=\"http://cmy.tw/009YkZ\"><img alt=\"\" height=\"600\" src=\"http://www.cmoney.tw/learn/cmstatic/learn/1/20200512112747132.jpg\" width=\"300\" /></a></p>\n\n<p>&nbsp;</p>\n",
        "ViewCount": "82708",
        "IsReference": true,
        "ReferenceList": [
            {
                "ReferenceId": 34274,
                "Description": "理財hen好懂",
                "ReferenceUrl": "https://www.facebook.com/litsaiheneasy/",
                "ReferenceImage": "https://scontent.ftpe7-4.fna.fbcdn.net/v/t1.0-1/p200x200/53591743_416700958873926_7615180700337045504_n.jpg?_nc_cat=1&amp;_nc_ht=scontent.ftpe7-4.fna&amp;oh=593cefa8ad792af648ee30de3d18e8d5&amp;oe=5D048F8F",
                "ViewCount": 3
            },
            {
                "ReferenceId": 34275,
                "Description": "CMoney 理財寶",
                "ReferenceUrl": "https://www.facebook.com/cmoneyapp/",
                "ReferenceImage": "https://scontent.ftpe7-4.fna.fbcdn.net/v/t1.0-1/c0.156.200.200a/429093_260831470664421_20938524_n.jpg?_nc_cat=1&amp;_nc_sid=dbb9e7&amp;_nc_ohc=Bixwv7cp7HcAX_oBmHf&amp;_nc_ht=scontent.ftpe7-4.fna&amp;oh=c164bada0fcf52304e5018065535be90&amp;oe=5EE14932",
                "ViewCount": 4
            }
        ],
        "OgImgURL": "http://www.cmoney.tw/learn/cmstatic/learn/1/20190410102601866.png"
    },
    "badges": [],
    "isTreeCompleted": false,
    "nextCourse": null
}