{
    "courseDetail": {
        "CourseId": 1118,
        "CourseContent": "<p>&nbsp;</p>\n\n<h1>即使房價下跌</h1>\n\n<h1>「有殼夢」仍遠在天邊</h1>\n\n<p>過去一年來由於買氣低迷</p>\n\n<p>台北市房價出現下跌的現象</p>\n\n<p>但即使出現小幅度的下跌</p>\n\n<p>對於大部分年輕人而言</p>\n\n<p>買房仍是遙不可及的夢想</p>\n\n<p>&nbsp;</p>\n\n<p>究其原因可分為二</p>\n\n<p>1. 薪水太少</p>\n\n<p>2. 投資的本金不夠</p>\n\n<p>薪水不足是普遍的現象</p>\n\n<p>而且加薪的權力掌握在老闆手中</p>\n\n<p>投資呢?由於本金太少，加上台股成交量低迷</p>\n\n<p>除非挑中大飆股，不然本金很難快速翻倍</p>\n\n<p>&nbsp;</p>\n\n<h2>有年輕人想靠選擇權「以小搏大」</h2>\n\n<p>如果說用小資本快速賺錢的工具的話</p>\n\n<p>很多人第一時間就會想到選擇權吧！</p>\n\n<p>但在這市場中慘輸的人很多</p>\n\n<p>不僅沒賺到，連唯一的資本都沒了</p>\n\n<p>事實上</p>\n\n<p>&nbsp;</p>\n\n<h2>靠選擇權賺錢不是不行</h2>\n\n<h2>但一定要先看過下面四張圖</h2>\n\n<p>&nbsp;</p>\n\n<p>繼續看下去...</p>\n\n<p>&nbsp;</p>\n\n<p><span style=\"color:#D3D3D3\"><span style=\"font-size:12px\">(贊助商連結)</span></span></p>\n\n<p><googleadsense height=\"600px\" type=\"4\" width=\"300px\"></googleadsense></p>\n\n<p>&nbsp;</p>\n\n<p>&nbsp;</p>\n\n<h1>價差交易</h1>\n\n<h1>就是同時買、賣的交易策略</h1>\n\n<p>價差交易就是&nbsp;</p>\n\n<p><strong>賣出相對比較「貴」的合約</strong></p>\n\n<p><strong>同時買進相對比較「便宜」的合約。</strong></p>\n\n<p>簡言之，就是同類選擇權</p>\n\n<p>但不同履約價，同時「<strong>一買一賣</strong>」</p>\n\n<p>藉由一買一賣的交易</p>\n\n<p>同時鎖住上下檔風險</p>\n\n<p>除了之前說過的「單一部位」外</p>\n\n<p>這也算是交易策略中的重要主角！</p>\n\n<h1>&nbsp;</h1>\n\n<h1>買權多頭價差</h1>\n\n<h1>Bull Call Spread</h1>\n\n<h1>(看多，預期小漲)</h1>\n\n<p>&quot;買權多頭價差&quot;看起來好複雜？</p>\n\n<p>其實你可以這樣看：</p>\n\n<p><strong>買權- 以買權組成的策略</strong></p>\n\n<p><strong>多頭- 看多</strong></p>\n\n<p><strong>價差- 兩個不同履約價組成</strong></p>\n\n<p>這其實就是你買進</p>\n\n<p>低履約價的買權call</p>\n\n<p>同時再賣出 高履約價的買權call。</p>\n\n<p><strong>這個策略的特性就是-</strong></p>\n\n<p><strong>風險有限、報酬有限</strong></p>\n\n<p><img alt=\"\" height=\"479\" src=\"http://www.cmoney.tw/learn/cmstatic/learn/42/20140814094004493.jpg\" width=\"500\" /></p>\n\n<p>&nbsp;</p>\n\n<p>你一定覺得奇怪</p>\n\n<p>為什麼我要多賣出一個 call 呢？</p>\n\n<p><strong>因為你預期指數可能會漲，但漲幅不大，</strong></p>\n\n<p><strong>所以乾脆再多賣一個 call 賺回權利金！</strong></p>\n\n<p>&nbsp;</p>\n\n<h2>(1)&nbsp;結算價&nbsp;＜&nbsp;9000 點</h2>\n\n<h2>最多賠 50 點</h2>\n\n<p>老鯊 要是先前<strong>買進了履約價 9000 點的call</strong></p>\n\n<p>老鯊&nbsp;是不是賠掉 100 點的權利金？</p>\n\n<p>可是如果老鯊&nbsp;<strong><span style=\"color:rgb(255, 0, 0)\">多賣出一個 9200 點的call</span></strong></p>\n\n<p>他就可以<strong>賺到50 點權利金</strong>！</p>\n\n<p>這樣就算到期日台指低於 9000 點</p>\n\n<p>老鯊&nbsp;也<strong>最多只有賠掉 50 點</strong>！</p>\n\n<p>&nbsp;</p>\n\n<p><img alt=\"\" height=\"159\" src=\"http://www.cmoney.tw/notes/cmstatic/notes/capture/114678/20140821153525149.jpg\" width=\"500\" /></p>\n\n<p>&nbsp;</p>\n\n<h2>(2)&nbsp;9000 點 ＜ 結算價 ＜ 9050 點</h2>\n\n<h2>獲利=結算價- 9050 點</h2>\n\n<h2>損失小於 50 點</h2>\n\n<p>老鯊&nbsp;先前如果只有單買一個 call</p>\n\n<p><strong>因為先支付了權利金</strong></p>\n\n<p><strong>因此還是賠錢的</strong></p>\n\n<p>但如果今天老鯊&nbsp;<strong>多賣了一個call</strong></p>\n\n<p><strong>就可以賺到 50 點權利金</strong></p>\n\n<p><span style=\"color:rgb(255, 0, 0)\"><strong>因此降低先前低履約價買權的損失</strong></span></p>\n\n<p><span style=\"color:rgb(255, 0, 0)\"><strong>而且權利金不會損失達 50 點</strong>！</span></p>\n\n<p>例如，結算價在 9020 點</p>\n\n<p>那損失就是 9020-9050 = -30 點。</p>\n\n<p><img alt=\"\" height=\"188\" src=\"http://www.cmoney.tw/notes/cmstatic/notes/capture/114678/20140821153535236.jpg\" width=\"500\" /></p>\n\n<p>&nbsp;</p>\n\n<h2>(3)&nbsp;9050 點 ＜&nbsp;結算價 ＜&nbsp;9200 點</h2>\n\n<h2>獲利=結算價 -9050 點</h2>\n\n<p>若老鯊&nbsp;只單買一個call</p>\n\n<p><strong>此時的獲利就是 </strong></p>\n\n<p><strong>結算價 -9050 點(損益兩平)</strong></p>\n\n<p>若再多賣一個高履約價的 short call</p>\n\n<p>就會多出 50 點的權利金獲利。</p>\n\n<p>例如：最後結算是 9120 點</p>\n\n<p>獲利就是 9120-9050 =70點！</p>\n\n<p>&nbsp;</p>\n\n<p><img alt=\"\" height=\"199\" src=\"http://www.cmoney.tw/notes/cmstatic/notes/capture/114678/20140821153546033.jpg\" width=\"500\" /></p>\n\n<p>&nbsp;</p>\n\n<h2>(4)&nbsp;結算價 ＞ 9200點</h2>\n\n<h2>最大報酬 150 點</h2>\n\n<p>這時候低履約價 long call 合約還是在獲利</p>\n\n<p>但高履約價 short call 的合約同時在賠錢</p>\n\n<p><strong>在到期日當天，獲利跟損失會相等。</strong></p>\n\n<p>因此如果漲幅超過預期</p>\n\n<p>也就是 9200 點</p>\n\n<p>此時的獲利就是 9200-9000 =200</p>\n\n<p>再扣掉 50 元 long call 的權利金</p>\n\n<p>所以老鯊&nbsp;的<strong>最大報酬</strong></p>\n\n<p><strong>就只有 9200 - 9000 - 50 = 150 點。</strong></p>\n\n<p><img alt=\"\" height=\"187\" src=\"http://www.cmoney.tw/notes/cmstatic/notes/capture/114678/20140821153555691.jpg\" width=\"500\" /></p>\n\n<p>&nbsp;</p>\n\n<p>這個策略的好處就是</p>\n\n<p>雖然你可能會「少賺」</p>\n\n<p>但你還是「賺」</p>\n\n<p>少賺並不是風險也不是虧損；</p>\n\n<p>但你「多虧」一樣是「虧」</p>\n\n<p>那能少虧損一點</p>\n\n<p>減少一點風險，不是更好嗎？</p>\n\n<p>&nbsp;</p>\n\n<p><googleadsense height=\"250px\" type=\"2\" width=\"300px\"></googleadsense></p>\n\n<p>&nbsp;</p>\n\n<h1>價差交易&nbsp;</h1>\n\n<h1>差別只在做多/空&nbsp;</h1>\n\n<p>你可以使用<strong>買權或賣權</strong></p>\n\n<p>操作方法以此類推，各損益圖如下：</p>\n\n<p>&nbsp;</p>\n\n<h2>1. 做多</h2>\n\n<p><strong>買權多頭價差 Bull Call Spread /</strong></p>\n\n<p><strong>賣權多頭價差 Bull Put Spread</strong></p>\n\n<p><img alt=\"\" height=\"455\" src=\"http://www.cmoney.tw/learn/cmstatic/learn/42/20140814095433270.jpg\" width=\"500\" /></p>\n\n<p>&nbsp;</p>\n\n<h2>2. 做空</h2>\n\n<p><strong>買權空頭價差 Bear Call Spread /</strong></p>\n\n<p><strong>&nbsp;賣權空頭價差 Bear Put Spread</strong></p>\n\n<p><img alt=\"\" height=\"479\" src=\"http://www.cmoney.tw/learn/cmstatic/learn/42/20140814095446881.jpg\" width=\"500\" /></p>\n\n<p>&nbsp;</p>\n\n<h2>希望大家也能用正確的方式交易</h2>\n\n<h2>5 年內買到第一棟房！</h2>\n\n<p>&nbsp;</p>\n\n<p><a href=\"http://cmy.tw/005QV8\"><img alt=\"\" height=\"49\" src=\"http://www.cmoney.tw/learn/cmstatic/learn/42/20170215135513178.png\" width=\"664\" /></a></p>\n\n<p>&nbsp;</p>\n\n<p><iframe allowtransparency=\"true\" frameborder=\"0\" height=\"80\" scrolling=\"no\" src=\"https://www.facebook.com/plugins/like.php?href=https%3A%2F%2Fwww.facebook.com%2Fcmoneyapp%2F&amp;width=450&amp;layout=standard&amp;action=like&amp;size=large&amp;show_faces=true&amp;share=true&amp;height=80&amp;appId\" style=\"border:none;overflow:hidden\" width=\"450\"></iframe></p>\n\n<p>&nbsp;</p>\n",
        "ViewCount": "53556",
        "IsReference": false,
        "ReferenceList": null,
        "OgImgURL": "http://www.cmoney.tw/learn/cmstatic/learn/42/20140814094004493.jpg"
    },
    "badges": [],
    "isTreeCompleted": false,
    "nextCourse": null
}