{
    "courseDetail": {
        "CourseId": 1131,
        "CourseContent": "<h1><span style=\"color:rgb(204, 0, 0); font-size:26px\">老爸常說：</span></h1>\n\n<h1>傻子投資才做槓桿</h1>\n\n<h2>最大的原因就是</h2>\n\n<h2>當你槓桿一做下去</h2>\n\n<h2>可不是把買股的錢賠光這麼簡單</h2>\n\n<h2>你可能連房子車子都賭上了...</h2>\n\n<p>那為什麼大公司卻喜歡做槓桿？</p>\n\n<p>其實槓桿並不是壞事！</p>\n\n<p><strong><span style=\"background-color:#FFFF00\">懂得利用槓桿</span></strong></p>\n\n<p><strong><span style=\"background-color:#FFFF00\">不只不用多投入資金</span></strong></p>\n\n<p><strong><span style=\"background-color:#FFFF00\">還可以用原來的成本賺更多錢</span></strong></p>\n\n<p>但是一間公司的槓桿做的是好是壞</p>\n\n<p>要怎麼看呢？</p>\n\n<p>這時候就要算 權益乘數 了！</p>\n\n<p>&nbsp;</p>\n\n<p>權益乘數 是什麼呢？</p>\n\n<p>&nbsp;</p>\n\n<p>繼續看下去...</p>\n\n<p>&nbsp;</p>\n\n<p><span style=\"color:#808080\"><span style=\"font-size:12px\">(贊助商連結...)</span></span></p>\n\n<p><span style=\"color:#808080\"><span style=\"font-size:12px\"><googleadsense height=\"600px\" type=\"4\" width=\"300px\"></googleadsense></span></span></p>\n\n<p>&nbsp;</p>\n\n<p>&nbsp;</p>\n\n<h1>權益乘數</h1>\n\n<h1>(財務槓桿比率)&nbsp;</h1>\n\n<h1>說明企業把獲利放大幾倍</h1>\n\n<p>&nbsp;</p>\n\n<p><img alt=\"\" height=\"66\" src=\"http://www.cmoney.tw/learn/cmstatic/learn/50/20141002085929159.jpg\" width=\"500\" /></p>\n\n<p>&nbsp;</p>\n\n<p>在<a href=\"http://www.cmoney.tw/learn/course/0520/topic/1115\" style=\"line-height: 20.7999992370605px;\" target=\"_blank\">杜邦方程式</a>中</p>\n\n<p>權益乘數是決定 ROE 的三大因素之一。</p>\n\n<p>可以放大企業獲利</p>\n\n<p>但它卻是把雙面刃</p>\n\n<p>同時帶來財務風險。</p>\n\n<p><strong>(換個角度來看就是<a href=\"http://www.cmoney.tw/learn/course/0520/topic/773\" target=\"_blank\">負債比</a>&nbsp;)</strong></p>\n\n<p>&nbsp;</p>\n\n<p>&nbsp;</p>\n\n<h1>財務槓桿</h1>\n\n<h1>讓企業用同樣的成本&nbsp;</h1>\n\n<h1>擴大獲利空間</h1>\n\n<h1>卻也提高風險</h1>\n\n<h2>就像用融資買股票一樣</h2>\n\n<p>融資讓我們可以用相同的成本</p>\n\n<p>買更多股票</p>\n\n<p><strong><span style=\"background-color:#FFFF00\">股價上漲的時候賺更多</span></strong></p>\n\n<p><strong><span style=\"background-color:#FFFF00\">下跌的時候也賠比較多。</span></strong></p>\n\n<p>&nbsp;</p>\n\n<h2>以融資買股票為例：</h2>\n\n<p>我們買上市公司股票</p>\n\n<p>自有資金 40% 融資 60%</p>\n\n<p>可以買到 1 張 (100%) 的股票</p>\n\n<p>那麼權益乘數就是 2.5 倍</p>\n\n<p>股價漲 1 塊 融資賺 2.5 塊</p>\n\n<p>股價跌 1 塊 融資就賠 2.5 塊</p>\n\n<p>&nbsp;</p>\n\n<p>&nbsp;</p>\n\n<h2>適當的財務槓桿</h2>\n\n<h2>幫助企業提升獲利</h2>\n\n<h2>活化現金流</h2>\n\n<p><strong><span style=\"background-color:#FFFF00\">過度的財務槓桿 </span></strong></p>\n\n<p><strong><span style=\"background-color:#FFFF00\">利息侵蝕企業獲利 </span></strong></p>\n\n<p><strong><span style=\"background-color:#FFFF00\">更容易倒閉</span></strong></p>\n\n<p>經營企業跟買股票一樣</p>\n\n<p>股東出的自有資金</p>\n\n<p>就是股東權益。</p>\n\n<p><strong><span style=\"background-color:#FFFF00\">適當地借錢</span></strong></p>\n\n<p><strong><span style=\"background-color:#FFFF00\">使用財務槓桿</span></strong></p>\n\n<p><strong><span style=\"background-color:#FFFF00\">讓企業可以用同樣的資金</span></strong></p>\n\n<p><strong><span style=\"background-color:#FFFF00\">做更大的事業！</span></strong></p>\n\n<p>而且企業平常就算不缺錢</p>\n\n<p>也需要一定金額的閒置資金。</p>\n\n<p>以免遇到難得的投資機會</p>\n\n<p>卻因為手邊沒現金而讓機會溜走了。</p>\n\n<p>&nbsp;</p>\n\n<p><googleadsense height=\"250px\" type=\"2\" width=\"300px\"></googleadsense></p>\n\n<p>&nbsp;</p>\n\n<p>而且舉債需要支付利息！</p>\n\n<p>如果過度舉債</p>\n\n<p>只要某期不小心營收太少</p>\n\n<p>要是<strong><span style=\"background-color:#FFFF00\">利息還不出來</span></strong></p>\n\n<p><strong><span style=\"background-color:#FFFF00\">企業可是會瞬間倒閉下市的哦！</span></strong></p>\n\n<p>&nbsp;</p>\n\n<p>&nbsp;</p>\n\n<h1>舉債多少才合適?</h1>\n\n<h2>財務槓桿指數大於 1</h2>\n\n<h2>舉債有利經營</h2>\n\n<h2>財務槓桿指數小於 1</h2>\n\n<h2>舉債不利經營</h2>\n\n<p>&nbsp;</p>\n\n<p><img alt=\"\" height=\"160\" src=\"http://www.cmoney.tw/learn/cmstatic/learn/50/20141002090127041.jpg\" width=\"500\" /></p>\n\n<p>&nbsp;</p>\n\n<h2>舉債多少才合適？</h2>\n\n<p>這就要交給財務槓桿指數來決定了！</p>\n\n<p>這個指標跟&nbsp;<a href=\"http://www.cmoney.tw/learn/course/0520/topic/760\" target=\"_blank\">ROE</a>&nbsp;和&nbsp;<a href=\"http://www.cmoney.tw/learn/course/0520/topic/761\" target=\"_blank\">ROA</a>&nbsp;有關。</p>\n\n<p>財務槓桿是一種雙面刃</p>\n\n<p>所以企業必需謹慎拿捏舉債額度。</p>\n\n<p>財務管理的研究指出</p>\n\n<p><strong><span style=\"background-color:#FFFF00\">用財務槓桿指數可以衡量一間公司</span></strong></p>\n\n<p><strong><span style=\"background-color:#FFFF00\">是不是借了太多錢。</span></strong></p>\n\n<p>儘管現實中充滿許多變數</p>\n\n<p>例如：產品銷售風險、景氣變化等...</p>\n\n<p>但這個指標依然有一定的參考價值。</p>\n\n<p>&nbsp;</p>\n\n<p>&nbsp;</p>\n\n<h2>維持一定的負債比率　</h2>\n\n<h2>穩健就是好體質</h2>\n\n<p>我們人的體重</p>\n\n<p>似乎也沒有一個最佳的數值</p>\n\n<p>讓我們最好看最健康。</p>\n\n<p>只要不過重或過輕</p>\n\n<p>而且穩定</p>\n\n<p>那就是健康的身體！</p>\n\n<p>但如果體重乎重乎輕</p>\n\n<p>那一定過得很痛苦很不健康！</p>\n\n<p>&nbsp;</p>\n\n<p>企業也一樣</p>\n\n<p><strong><span style=\"background-color:#FFFF00\">財務槓桿或權益乘數</span></strong></p>\n\n<p><strong><span style=\"background-color:#FFFF00\">沒有一個最好的數值。</span></strong></p>\n\n<p><strong><span style=\"background-color:#FFFF00\">只要穩定維持一個合理的權益乘數</span></strong></p>\n\n<p>每季變化不要太劇烈</p>\n\n<p>那麼公司的財務體質就很健康。</p>\n\n<p>&nbsp;</p>\n\n<p>&nbsp;</p>\n\n<h1>把槓桿比率 +1</h1>\n\n<h1>就是權益乘數</h1>\n\n<p>槓桿比率點<a href=\"http://www.cmoney.tw/finance/f00043.aspx?m=3&amp;s=2330\" target=\"_blank\">這裡</a>可以查到</p>\n\n<p>&nbsp;</p>\n\n<p><img alt=\"\" height=\"94\" src=\"http://www.cmoney.tw/learn/cmstatic/learn/50/20141002090223559.jpg\" width=\"242\" /></p>\n\n<p>&nbsp;</p>\n\n<p>&nbsp;</p>\n\n<p>&nbsp;</p>\n\n<h2>記得挑財務體質</h2>\n\n<h2>穩健優良的公司投資哦！</h2>\n\n<p>&nbsp;</p>\n",
        "ViewCount": "79801",
        "IsReference": false,
        "ReferenceList": null,
        "OgImgURL": "http://www.cmoney.tw/learn/cmstatic/learn/50/20141002085929159.jpg"
    },
    "badges": [],
    "isTreeCompleted": false,
    "nextCourse": null
}