{
    "courseDetail": {
        "CourseId": 1158,
        "CourseContent": "<h1>&nbsp;</h1>\n\n<h1>永續債券：無到期日的債券</h1>\n\n<h1>所以也無法領回面額(你借給公司的本金)</h1>\n\n<p>&nbsp;</p>\n\n<h2>但如果公司有意願，還是能出錢將你的永續債券買回</h2>\n\n<p>&nbsp;</p>\n\n<h1>永續債券利率有2種</h1>\n\n<p>永續債券雖然拿不回本金，但是可以領利息。</p>\n\n<p>它的利率分兩種，</p>\n\n<h2>1.固定利率: 債券商當初約定的利率，每次都領到相同的錢。</h2>\n\n<h2>2.浮動利率: 利率隨著市場波動，領到的錢時多時少。</h2>\n\n<p>&nbsp;</p>\n\n<p>&nbsp;</p>\n\n<h1>存續期間(債券回本時間)估算</h1>\n\n<p>當利息累加起來超過你當初借給公司的本金，</p>\n\n<p>最後還是有賺。</p>\n\n<p>這時領多久利息才會回本就很關鍵!</p>\n\n<p>&nbsp;</p>\n\n<h2>固定利率公式：存續期間=(1+利率%)/利率</h2>\n\n<p>&nbsp;</p>\n\n<p>舉例來說:</p>\n\n<p>我花了100萬買一張永續債券，利率是10%</p>\n\n<p>每年給一次利息10萬元(100X10%)。</p>\n\n<p>(1+0.1)/0.1=11</p>\n\n<p>所以 要11年才會回本。</p>\n\n<p>&nbsp;</p>\n\n<h1>歷史小常識</h1>\n\n<p>永續債券是在1814年英國政府發行的債券類型。</p>\n\n<p>現在市面上非常少見，</p>\n\n<p>所以想投資永續債券的朋友可能要失望了，</p>\n\n<p>但是你還是可以轉戰其他類型的債券喲!</p>\n\n<p>&nbsp;</p>\n\n<h1>睡美人債券</h1>\n\n<p>另外補充，</p>\n\n<p>這是迪士尼在1993年發行了一個100年後，</p>\n\n<p>也就是2093年才到期的睡美人債券。</p>\n\n<p>利率7.55%(還蠻高的)，每半年支付一次，</p>\n\n<p>所以它也是永續債券的概念。</p>\n\n<p>&nbsp;</p>\n\n<p>&nbsp;</p>\n\n<h2>還有其他 6 堂投資課程，學完你就不再是理財新手囉！▶▶<a href=\"http://cmy.tw/004OLJ\">看下一課</a></h2>\n\n<p>&nbsp;</p>\n",
        "ViewCount": "20198",
        "IsReference": false,
        "ReferenceList": null,
        "OgImgURL": ""
    },
    "badges": [],
    "isTreeCompleted": false,
    "nextCourse": null
}