{
    "courseDetail": {
        "CourseId": 1156,
        "CourseContent": "<p>&nbsp;</p>\n\n<h1>附認股權證公司債 就是公司債+認股權證</h1>\n\n<h2>公司債: 公司向你借錢的借據。</h2>\n\n<h2>認股權證: 持有人在未來可以用特定價格，</h2>\n\n<h2>&nbsp; &nbsp; &nbsp; &nbsp; &nbsp; &nbsp; &nbsp; &nbsp; &nbsp;買約定數量股票的一種權利證明。<span style=\"font-size:13px\">　　　</span></h2>\n\n<p>&nbsp;</p>\n\n<p><img alt=\"\" height=\"331\" src=\"http://www.cmoney.tw/learn/cmstatic/learn/64/20140828103033199.jpg\" width=\"700\" /></p>\n\n<p>&nbsp;</p>\n\n<p>你借公司一筆錢，公司給你一張借據(公司債)，</p>\n\n<p>並定期付你固定金額的利息；</p>\n\n<p>同時再給你一個權利，</p>\n\n<p>讓你在約定的一段時間內，</p>\n\n<p>可以以特定價格買約定數量的公司股票。</p>\n\n<p>&nbsp;</p>\n\n<p><img alt=\"\" height=\"428\" src=\"http://www.cmoney.tw/learn/cmstatic/learn/64/20140827161958067.jpg\" width=\"600\" /></p>\n\n<p>&nbsp;</p>\n\n<p>而這個買股票的權利(認股權證)你可以賣給別人，</p>\n\n<p>想了解認購權證更多，可以點<a href=\"http://www.cmoney.tw/learn/course/moreknowledge103/topic/884\" target=\"_blank\">這裡</a>。</p>\n\n<p>&nbsp;</p>\n\n<p>由於附認股權證公司債 是 公司債+認股權證&nbsp;分開來的兩樣東西，</p>\n\n<p>所以賣掉認股權證，你還是有原本的公司債。</p>\n\n<p>&nbsp;</p>\n\n<p><img alt=\"\" height=\"257\" src=\"http://www.cmoney.tw/learn/cmstatic/learn/64/20140828103619557.jpg\" width=\"400\" /></p>\n\n<p>&nbsp;</p>\n\n<p>我們用例子來說明，</p>\n\n<p>假設 條件就跟上面一樣，是以每股30元去 認購1,000股(1張股票)，</p>\n\n<p>所以如果你要 用認股權證去買股票，</p>\n\n<p>你要 付出現金3萬元和認股權證(代表你有這個權利) 去買1張股票。</p>\n\n<p>&nbsp;</p>\n\n<p><img alt=\"\" height=\"343\" src=\"http://www.cmoney.tw/learn/cmstatic/learn/64/20140828104725683.jpg\" width=\"700\" /></p>\n\n<p>&nbsp;</p>\n\n<h1>對投資人而言，買附認股權證公司債 有什麼好處?</h1>\n\n<h2>1.公司債: 持有可穩定賺固定利息；賣掉賺債券價差</h2>\n\n<p>投資人持有公司債時，可以穩定賺固定利息。</p>\n\n<p>如果把公司債賣掉，就可以賺取債券市價的價差。</p>\n\n<p>&nbsp;</p>\n\n<h2>2.認股權證: 持有時 等值錢後換成股票；賣掉可賺權利金</h2>\n\n<p>投資人可以持有認股權證，</p>\n\n<p>等到認股權證值錢後，轉換成股票。</p>\n\n<p>或是選擇把認購權證賣掉，賺取權利金。</p>\n\n<p>&nbsp;</p>\n\n<p><img alt=\"\" height=\"264\" src=\"http://www.cmoney.tw/learn/cmstatic/learn/64/20140828105800831.jpg\" width=\"700\" /></p>\n\n<p>&nbsp;</p>\n\n<p>從上面這樣看來，</p>\n\n<p>投資人不管是持有 還是 賣掉，都有賺頭，</p>\n\n<p>那公司不就虧大了嗎?</p>\n\n<p>所以我們就來看看　對公司而言有甚麼好處?</p>\n\n<p>&nbsp;</p>\n\n<h1>對公司而言，賣附認股權證公司債 有什麼好處?</h1>\n\n<h2>可降低債券利息支出，花比較少的錢向投資人借資金</h2>\n\n<p>由於公司多給了投資人一些好處(認購權證)，</p>\n\n<p>所以附認股權公司債的票面利率 比普通公司債低，</p>\n\n<p>公司付的利息代價也比較低。</p>\n\n<p>&nbsp;</p>\n\n<p><img alt=\"\" height=\"234\" src=\"http://www.cmoney.tw/learn/cmstatic/learn/64/20140828110241560.jpg\" width=\"550\" /></p>\n\n<p>&nbsp;</p>\n\n<h1>還有其他 6 堂投資課程，學完你就不再是理財新手囉！▶▶<a href=\"http://cmy.tw/004OLJ\">看下一課</a></h1>\n\n<p>&nbsp;</p>\n\n<p>&nbsp;</p>\n",
        "ViewCount": "20591",
        "IsReference": false,
        "ReferenceList": null,
        "OgImgURL": "http://www.cmoney.tw/learn/cmstatic/learn/64/20140828103033199.jpg"
    },
    "badges": [],
    "isTreeCompleted": false,
    "nextCourse": null
}