{
    "courseDetail": {
        "CourseId": 1165,
        "CourseContent": "<h1>&nbsp;</h1>\n\n<p>&nbsp;</p>\n\n<h1>台灣最大的 2 個市場</h1>\n\n<h1>一個是股市，另一個是...？</h1>\n\n<p>期貨市場位居台灣投資市場第二大</p>\n\n<p>近年來，交易量持續成長</p>\n\n<p>對比股市的悲慘情況</p>\n\n<p>顯然有更多投資人願意投入期貨市場</p>\n\n<p>&nbsp;</p>\n\n<p>其中，台指期貨是期貨市場最多人交易的商品</p>\n\n<p>台指期就是以「台灣加權股價指數」為標的期貨</p>\n\n<p>那麼台指期有什麼分類和特色呢？</p>\n\n<p>它的交易範圍又是什麼？</p>\n\n<p>&nbsp;</p>\n\n<p>繼續看下去...</p>\n\n<p>&nbsp;</p>\n\n<p><span style=\"color:#D3D3D3\"><span style=\"font-size:12px\">(贊助商連結)</span></span></p>\n\n<h1><googleadsense height=\"600px\" type=\"4\" width=\"300px\"></googleadsense></h1>\n\n<p>&nbsp;</p>\n\n<h1>最常被交易的台指期貨：</h1>\n\n<h1>大台指、小台指</h1>\n\n<p>台指期貨最常被交易的是大台指和小台指</p>\n\n<p>所以在用台指期貨交易前</p>\n\n<p>你必須要知道幾個跟大台指、小台指</p>\n\n<p>應該知道的事項</p>\n\n<p>&nbsp;</p>\n\n<h2>1. 台指期貨英文代碼：</h2>\n\n<h2>&nbsp; &nbsp; 大台指 TX、小台指 MTX</h2>\n\n<p>大台指和小台指的交易標的</p>\n\n<p>都是「台股加權指數」</p>\n\n<p>還要熟悉它們的英文代碼</p>\n\n<p>大台指 TX、小台指 MTX</p>\n\n<p>避免交易失誤喔！</p>\n\n<p>&nbsp;</p>\n\n<h2>2. 台指期貨的交易標的：</h2>\n\n<h2>&nbsp; &nbsp; 台股加權指數</h2>\n\n<p>大台指和小台指的交易標的都是台股加權指數</p>\n\n<p>&nbsp;</p>\n\n<h2>3. 交易單位：</h2>\n\n<h2>&nbsp; &nbsp; 大台指每點 200 元、小台指每點 50 元</h2>\n\n<p>大台指( TX )每點 200 元</p>\n\n<p>若指數 9000 點，合約規模 180 萬元( 200*9000 )</p>\n\n<p>小台指( MTX )每點 50 元</p>\n\n<p>指數 9000 點，合約規模 45 萬元( 50*9000 )</p>\n\n<p>&nbsp;</p>\n\n<p>如果今天漲跌 10 點，</p>\n\n<p>大台指 = 10 點 X 200 元=台幣 2000 元</p>\n\n<p>小台指 = 10 點 X 50 元=台幣 500 元</p>\n\n<p>&nbsp;</p>\n\n<p><googleadsense height=\"250px\" type=\"2\" width=\"300px\"></googleadsense></p>\n\n<p>&nbsp;</p>\n\n<h2>4. 交易時間：08:45 - 13:45</h2>\n\n<p>期貨市場和股市的交易時間不一樣！</p>\n\n<p>提前15分鐘開盤、延後15分鐘收盤。</p>\n\n<p>投資人要記熟時間，不要錯過下單時機囉！</p>\n\n<p>&nbsp;</p>\n\n<h2>5. 台指期每日漲跌幅限制：&plusmn; 7 %</h2>\n\n<p>台指期貨的每日漲跌幅限制</p>\n\n<p>是以前一天的收盤的 &plusmn;7% 計算</p>\n\n<p>與台股漲跌幅限制相同</p>\n\n<p>所以當天的漲跌不超過前一天的 &plusmn;7%</p>\n\n<p>&nbsp;</p>\n\n<h1>台指期貨要怎麼操作？</h1>\n\n<p>知道什麼是台指期貨後</p>\n\n<p>讓我們來了解 要怎麼操作台指期貨賺錢</p>\n\n<p>在交易前，別忘了要先開期貨交易帳戶</p>\n\n<p>才能進行期貨交易喔</p>\n\n<p>( 想知道怎麼開戶，看<a href=\"http://www.cmoney.tw/learn/course/futures/topic/1081\" target=\"_blank\">這裡</a>&nbsp;)&nbsp;</p>\n\n<p>&nbsp;</p>\n\n<p>&nbsp;</p>\n\n<p><span style=\"color:rgb(204, 0, 0); font-size:26px\">預期台指期上漲</span></p>\n\n<h1>新倉買進台指期貨</h1>\n\n<h2>1. 台指期上漲，平倉賣出，就能賺錢了</h2>\n\n<h2>2. 台指期下跌，虧損過多，要補保證金</h2>\n\n<p>&nbsp;</p>\n\n<p>&nbsp;</p>\n\n<p><span style=\"color:rgb(204, 0, 0); font-size:26px\">預期台指下跌</span></p>\n\n<h1>新倉賣出台指期貨</h1>\n\n<h2>1. 台指期下跌，平倉買進，就能賺錢了</h2>\n\n<h2>2. 台指期上漲，虧損過多，要補保證金</h2>\n\n<p>&nbsp;</p>\n\n<p>&nbsp;</p>\n\n<p>&nbsp;</p>\n\n<p>這下子怎麼用期貨來賺錢，就清楚了吧</p>\n\n<p>但是圖中說到一些名詞</p>\n\n<p>像是新倉、平倉、保證金&hellip;那是什麼呢？</p>\n\n<p>接下來我們就來講一下</p>\n\n<p>期貨交易時的重要名詞</p>\n\n<p>&nbsp;</p>\n\n<h1>交易期貨時</h1>\n\n<h1>你要知道的重要名詞</h1>\n\n<h2>1. 部位：擁有期貨合約數量</h2>\n\n<p>我們會將手中 擁有期貨合約數量稱為「部位」</p>\n\n<p>部位可以是多頭部位，也可以是空頭部位</p>\n\n<p>&nbsp;</p>\n\n<h2>2. 新倉：建立新的買賣期貨合約</h2>\n\n<p>新倉是指</p>\n\n<p>「新買進期貨合約」或「新賣出期貨合約」</p>\n\n<p>&nbsp;</p>\n\n<h2>3. 平倉：將部位做反向操作沖銷</h2>\n\n<p>平倉就是把新倉的部位</p>\n\n<p>用反向操作的方式沖銷掉</p>\n\n<p>&nbsp;</p>\n\n<p>&nbsp;</p>\n\n<p>&nbsp;</p>\n\n<h1>期貨交易的 2 個重點時間</h1>\n\n<h2>1. 買賣期貨要選擇</h2>\n\n<h2>&nbsp; &nbsp; 最熱絡的近月份合約</h2>\n\n<p>台指期有5種不同到期月份的合約</p>\n\n<p>分別是連續的兩個月份 + 季月</p>\n\n<p>( 3 月、6 月、9 月、12 月 )</p>\n\n<p>最接近的月分成交量最大</p>\n\n<p>遠月幾乎沒成交量</p>\n\n<p>應該要選擇較接近現在的月份交易</p>\n\n<p>才能順利將部位平倉</p>\n\n<p>&nbsp;</p>\n\n<h2>2. 最後交易日：</h2>\n\n<h2>&nbsp; &nbsp; 該合約月份的第三個星期三</h2>\n\n<p>在準備交易前</p>\n\n<p>要注意期貨合約的結算日</p>\n\n<p>如果時間距離太短</p>\n\n<p>應該要新倉下個月的合約</p>\n\n<p>免得換倉而浪費交易成本</p>\n\n<p>&nbsp;</p>\n\n<p>已持有的部位，可以在結算前選擇時機平倉</p>\n\n<p>若未平倉，就是參加結算</p>\n\n<p>&nbsp;</p>\n\n<p><img alt=\"\" height=\"365\" src=\"http://www.cmoney.tw/learn/cmstatic/learn/45/20140815155418626.jpg\" width=\"500\" /></p>\n\n<p>&nbsp;</p>\n\n<p>如果想知道更詳細的內容</p>\n\n<p>台灣期交所網站 (&nbsp;<a href=\"http://www.taifex.com.tw/\">www.taifex.com.tw</a>&nbsp;)</p>\n\n<p>【首頁】&rarr;【商品】</p>\n\n<p>可以看到所有台股期貨的合約規格歐！</p>\n\n<h2>&nbsp;</h2>\n\n<h2>下一堂課要告訴你</h2>\n\n<h2>交易期貨你會遇到甚麼情況？</h2>\n\n<h2>以及 你要如何計算損益呢？</h2>\n\n<h2>是不是很期待呢？</h2>\n\n<h2><a href=\"http://cmy.tw/005IW3\">趕快點我前往：<img alt=\"\" height=\"64\" src=\"http://www.cmoney.tw/learn/cmstatic/learn/45/20170220113342805.png\" width=\"346\" /></a></h2>\n\n<p>&nbsp;</p>\n",
        "ViewCount": "347770",
        "IsReference": true,
        "ReferenceList": [
            {
                "ReferenceId": 29892,
                "Description": "台指期要怎麼賺錢?",
                "ReferenceUrl": "http://www.cmoney.tw/learn/course/futures/topic/1294",
                "ReferenceImage": "http://www.cmoney.tw/learn/cmstatic/learn/45/20140829161700556.jpg",
                "ViewCount": 1003
            },
            {
                "ReferenceId": 29893,
                "Description": "買賣期貨，你不可不知的保證金制度！",
                "ReferenceUrl": "http://www.cmoney.tw/learn/course/futures/topic/1171",
                "ReferenceImage": "http://www.cmoney.tw/learn/cmstatic/learn/45/20160408145309010.jpg",
                "ViewCount": 519
            }
        ],
        "OgImgURL": "http://www.cmoney.tw/learn/cmstatic/learn/45/20140815155418626.jpg"
    },
    "badges": [],
    "isTreeCompleted": false,
    "nextCourse": null
}