{
    "courseDetail": {
        "CourseId": 1166,
        "CourseContent": "<h1><img alt=\"\" height=\"503\" src=\"http://www.cmoney.tw/learn/cmstatic/learn/64/20140827154255258.jpg\" width=\"500\" /></h1>\n\n<h1>零息債券:</h1>\n\n<h1>借對方一筆錢，對方承諾未來付出更高的價錢償還，</h1>\n\n<h1>但沒有利息。</h1>\n\n<p>如果有人想跟你借錢但不給利息，</p>\n\n<p>你大概不會想借他。</p>\n\n<p>&nbsp;</p>\n\n<p>但如果他跟你借一萬元，</p>\n\n<p>並承諾五年後還你一萬二千元。</p>\n\n<p>雖然在這五年中他不會給你任何利息，</p>\n\n<p>你還是願意借他吧!</p>\n\n<p>這就是投資零息債券的概念。</p>\n\n<p>&nbsp;</p>\n\n<h1>&nbsp;</h1>\n\n<h1>零息債券有以下特色</h1>\n\n<h2>1.折價發行:用低於票面價值買到債券</h2>\n\n<p>你可以想成是上面的例子，</p>\n\n<p>你只花一萬元，就可以買到 票面價值一萬二的債券，</p>\n\n<p>這時的票面價值&gt;發行價格，就是折價發行。</p>\n\n<p>所以你可以用比較低的價錢買到債券。</p>\n\n<p>&nbsp;</p>\n\n<h2>2.發行的天數越長，折價越多，你可以用越低的價格買到</h2>\n\n<p>當零息債券 發行期間越長，折價就越多。</p>\n\n<p>例如: 2年到期的零息債券會 比1年到期的折價還多，</p>\n\n<p>也就是你可以用更低的票面價值，買到零息債券。</p>\n\n<p>&nbsp;</p>\n\n<h2>3.無再投資風險</h2>\n\n<p>當你領到利息後，將賺到的再重新投資時，</p>\n\n<p>因為 市場利率隨時都在變動，你的收益也會有風險。</p>\n\n<p>但零息債券沒有利息，所以沒有此類風險。</p>\n\n<p>&nbsp;</p>\n\n<p>&nbsp;</p>\n\n<h1>如何用零息債券賺錢?</h1>\n\n<h2>你有兩種選擇:</h2>\n\n<h2>1.持有到債券到期，領債券票面價值上的金額</h2>\n\n<h2>2.在到期前賣出，提早賺價差</h2>\n\n<p>&nbsp;</p>\n\n<p>舉例來說，</p>\n\n<p>2010年，你用1萬元(市場價格)買入票面價值的1萬5千的零息債券，到期日是2015年。</p>\n\n<p>所以你有兩種選擇:</p>\n\n<p>1.你可以持有到2015年，領票面價值1萬5千元(賺5000元)。</p>\n\n<p>2.在2013年，以一萬三千賣給別人(賺3000元)。</p>\n\n<p>&nbsp;</p>\n\n<p><img alt=\"\" height=\"355\" src=\"http://www.cmoney.tw/learn/cmstatic/learn/64/20140828084339551.jpg\" width=\"750\" /></p>\n\n<p>&nbsp;</p>\n\n<p>另外&nbsp;在國際債券市場中，</p>\n\n<p>有很大一部分是零息債券，</p>\n\n<p>像是美國政府零息公債、南非幣零息債券 都是非常熱門的投資標的。</p>\n\n<p>(可參考第一銀行的<a href=\"http://nb1.firstbank.com.tw/bbs/Txn1641.htm\" target=\"_blank\">國外有價證券參考價格</a>)</p>\n\n<p>有興趣的投資人可以上各<a href=\"https://www.megabank.com.tw/money/money_search300.asp\" target=\"_blank\">銀行</a>或是基金公司網站了解買賣資訊。</p>\n\n<p>&nbsp;</p>\n\n<p>但要記得，</p>\n\n<p>美國零息公債或是南非幣零息債券等債券，</p>\n\n<p>都是以該國的幣值計算，</p>\n\n<p>所以投資時別忘記注意 匯率轉換時可能造成的損失喔!</p>\n\n<p>&nbsp;</p>\n\n<h1>還有其他 6 堂投資課程，學完你就不再是理財新手囉！▶▶<a href=\"http://cmy.tw/004OLJ\">看下一課</a></h1>\n\n<p>&nbsp;</p>\n",
        "ViewCount": "35562",
        "IsReference": false,
        "ReferenceList": null,
        "OgImgURL": "http://www.cmoney.tw/learn/cmstatic/learn/64/20140827154255258.jpg"
    },
    "badges": [],
    "isTreeCompleted": false,
    "nextCourse": null
}