{
    "courseDetail": {
        "CourseId": 116,
        "CourseContent": "<p><img alt=\"\" height=\"354\" src=\"http://www.cmoney.tw/learn/cmstatic/learn/1/20200518110206369.jpg\" width=\"650\" /></p>\n\n<h1><span style=\"color:rgb(204, 0, 0); font-size:26px\">投資聽明牌，會完蛋！</span></h1>\n\n<p>上集 <span style=\"color:rgb(0, 0, 255)\"><a href=\"https://www.cmoney.tw/learn/course/cmoney/topic/115\" target=\"_blank\">聽明牌會死人的 5 大理由(一)</a></span></p>\n\n<p>我們知道聽明牌，就跟考試作弊一樣，</p>\n\n<p>就算這次 給你考高分、給你賺到錢，</p>\n\n<p>那又如何？等到報明牌的人不見了，</p>\n\n<p>你就什麼都沒有了，</p>\n\n<p>還是靠自己最實在！</p>\n\n<p>這一集我們來講</p>\n\n<p>聽明牌會死人的第 2 個理由：</p>\n\n<h2>害你養成「依賴」</h2>\n\n<h2>和「抱怨」的壞習慣！</h2>\n\n<p>&nbsp;</p>\n\n<p>趕緊看下去...</p>\n\n<p>&nbsp;</p>\n\n<p><span style=\"color:rgb(128, 128, 128)\"><span style=\"font-size:12px\">(贊助商連結)</span></span></p>\n\n<p><dfp type=\"3\"></dfp></p>\n\n<p>&nbsp;</p>\n\n<h1><strong>問別人</strong><strong>什麼股票可以買</strong></h1>\n\n<h1><strong>就像問別人</strong><strong>什麼科系可以唸</strong></h1>\n\n<p>不知道你有沒有過這樣的經驗&hellip;</p>\n\n<p>高中畢業要選填志願時，</p>\n\n<p>不知道要讀什麼科系，</p>\n\n<p>於是我們會到處去問別人。</p>\n\n<p>問爸媽、問老師、問學長姐、問神明&hellip;</p>\n\n<p>每個人給你的答案都不一樣。</p>\n\n<p>爸媽說，現在台積電股價漲翻天，</p>\n\n<p>進去以後分紅領不完。</p>\n\n<p>老師說，當律師比較好，可以伸張正義。</p>\n\n<p>學長姐說，財經比較好，</p>\n\n<p>邀你一起進華爾街海撈一票。</p>\n\n<p>你去廟裡求籤，</p>\n\n<p>結果抽起來籤上寫著「華陀再世」。</p>\n\n<p>&nbsp;</p>\n\n<p>這麼多人的意見，搞得我好亂啊！</p>\n\n<p>所以，很多人就這也聽聽、那也聽聽，</p>\n\n<p>完全沒有自己的主見，</p>\n\n<p>到最後乾脆志願從分數高的填下來...</p>\n\n<p>&nbsp;</p>\n\n<h1>相信很多人投資也是如此</h1>\n\n<h2>把未來交到別人的嘴巴裡</h2>\n\n<p>隔壁的同事說生技股好，</p>\n\n<p>因為台灣人口老人化，</p>\n\n<p>保健潮是個大趨勢</p>\n\n<p>爸媽說食品股好，</p>\n\n<p>因為民以食為天</p>\n\n<p>投顧老師說這檔金融股好，</p>\n\n<p>因為他有內線消息&hellip;</p>\n\n<p>這麼多人的不同意見，</p>\n\n<p>也搞得我好亂啊！所以，</p>\n\n<p>乾脆放棄思考，每個都買一張算了&hellip;</p>\n\n<h2>沒有自己的主見，</h2>\n\n<h2>根本賺不到錢！</h2>\n\n<p>&nbsp;</p>\n\n<p><dfp type=\"2\"></dfp></p>\n\n<p>&nbsp;</p>\n\n<h1>總是聽信他人言的投資者</h1>\n\n<h1>往往犯了這 2 個毛病</h1>\n\n<p>你有沒有發現...</p>\n\n<p>我們習慣依賴別人，隨波逐流。</p>\n\n<p>為什麼？原因有 2 個：</p>\n\n<p>&nbsp;</p>\n\n<h1><strong>1. 我們害怕做決定</strong></h1>\n\n<h2><strong>如果最後錯了，</strong></h2>\n\n<h2><strong>就可以怪到別人頭上</strong></h2>\n\n<p>怕自己做錯決定之後後悔，</p>\n\n<p>所以乾脆問別人。</p>\n\n<p>這個問問、那個問問，</p>\n\n<p>如果能從別人那找到答案，</p>\n\n<p>那我們心裡就有了一份安全感。</p>\n\n<p>如果之後別人說錯了，</p>\n\n<p>我們就有理由怪罪別人。</p>\n\n<p>&nbsp;</p>\n\n<h2>那是你的錢，那是你的人生</h2>\n\n<h2>請自己做決定、自己負責</h2>\n\n<p>你不會問你媽，這個女生可不可以娶？</p>\n\n<p>沒錯，你會徵詢你媽的意見，</p>\n\n<p>但最後決定仍是自己。</p>\n\n<p>你不會問學長姐，</p>\n\n<p>這個工作有沒有前途？</p>\n\n<p>沒錯，你可以請學長吃個飯，</p>\n\n<p>問問看他目前對這個產業的看法，</p>\n\n<p>但最後決定仍是自己。</p>\n\n<p>&nbsp;</p>\n\n<p>相信大家都能認同，</p>\n\n<p>做這些人生重大決定時，</p>\n\n<p>都要自己做決定。</p>\n\n<p>但換成投資時，</p>\n\n<p>很多人卻變成了鴕鳥，不敢自己做決定，</p>\n\n<p>心理冀望著別人的意見 能得到好結果。</p>\n\n<p>&nbsp;</p>\n\n<p><a href=\"http://cmy.tw/008NnG\"><img alt=\"\" height=\"250\" src=\"http://www.cmoney.tw/learn/cmstatic/learn/1/20200518102109513.jpg\" width=\"300\" /></a></p>\n\n<p>&nbsp;</p>\n\n<h1>2. 因為懶</h1>\n\n<h2>懶的研究、懶得學習</h2>\n\n<p>很多人或許能理解，</p>\n\n<p>每項決定都經過自己的大腦，</p>\n\n<p>當然會有比較好的結果。</p>\n\n<p>但問題是，下了班，</p>\n\n<p>已經累得半死了，</p>\n\n<p>誰還想要再研究什麼投資？</p>\n\n<p>&nbsp;</p>\n\n<h2>投資需要學習，但值得！</h2>\n\n<p>投資不是一天就能學會的，</p>\n\n<p>它是個學無止盡的過程。</p>\n\n<p><strong>但世界上</strong><strong>有哪件有價值的事，</strong></p>\n\n<p><strong>是一天就能學會的？</strong></p>\n\n<p>我們從小學開始學英文，</p>\n\n<p>學到成年了，可能還是一口破英文。</p>\n\n<p>為了追女生去學吉他，</p>\n\n<p>學個 2 年，可能只會彈五月天的擁抱。</p>\n\n<p>在我心中，<strong>學會投資，</strong></p>\n\n<p><strong>可比什麼學英文、學吉他</strong>重要太多了！</p>\n\n<p><span style=\"color:#800080\"><span style=\"font-size:16px\"><strong>(如果你 30 歲 有 100 萬，</strong></span></span></p>\n\n<p><span style=\"color:#800080\"><span style=\"font-size:16px\"><strong>每年複利&nbsp;10%&nbsp;滾，</strong></span></span></p>\n\n<p><span style=\"color:#800080\"><span style=\"font-size:16px\"><strong>70 歲</strong></span></span><strong>就有&nbsp;4500 萬，</strong></p>\n\n<p><span style=\"color:#800080\"><span style=\"font-size:16px\"><strong>&nbsp;但如果 只敢放定存&nbsp;1.3%，</strong></span></span></p>\n\n<p><span style=\"color:#800080\"><span style=\"font-size:16px\"><strong>到了 70 歲只有&nbsp;160 萬，&nbsp;差這麼多！)</strong></span></span></p>\n\n<p>&nbsp;</p>\n\n<p><dfp type=\"1\"></dfp></p>\n\n<p>&nbsp;</p>\n\n<h1>不要把投資當工作</h1>\n\n<h1>把它當作娛樂吧！</h1>\n\n<p>說了這麼多，那我們到底該怎麼辦？</p>\n\n<p>我的建議是在心態上，</p>\n\n<p>不要把投資當作一個很難的課題。</p>\n\n<p>相反的，<span style=\"font-size:20px\"><strong>把它當娛樂</strong></span></p>\n\n<p>就好像打電動一樣，</p>\n\n<p>把學習投資當作一個好玩的遊戲，</p>\n\n<p>想學巴菲特，你就開始看財報、看產業，</p>\n\n<p>想學程式交易，你就開始&nbsp;<span style=\"color:rgb(0, 0, 255)\"><a href=\"http://cmy.tw/004XM0\" target=\"_blank\">學回測</a>。</span></p>\n\n<p>&nbsp;</p>\n\n<h2>去享受破關的樂趣</h2>\n\n<p>不用一年，你就會開始有自己的看法，</p>\n\n<p><strong>知道什麼合邏輯，什麼在胡扯。</strong></p>\n\n<p>那賺錢也只是必然的結果！</p>\n\n<p>所以這次，一定要把依賴，</p>\n\n<p>這個壞習慣給改過來。</p>\n\n<p>你可以參考別人的意見，</p>\n\n<p>但聽完後，要經過自己的大腦，</p>\n\n<p>這就是學會投資的不二法門啊啊啊~</p>\n\n<p>最後，送給大家 一句我很喜歡的話</p>\n\n<h2><span style=\"color:rgb(255, 102, 0); font-size:22px\">自己學會它，</span></h2>\n\n<h2><span style=\"color:rgb(255, 102, 0); font-size:22px\">有成就感、又賺得安心</span></h2>\n\n<h2>比聽別人報明牌有用多啦！</h2>\n\n<p><a href=\"http://cmy.tw/009YkZ\"><img alt=\"\" height=\"600\" src=\"http://www.cmoney.tw/learn/cmstatic/learn/1/20200518102001772.jpg\" width=\"300\" /></a></p>\n\n<p>&nbsp;</p>\n\n<p>&nbsp;</p>\n",
        "ViewCount": "97447",
        "IsReference": true,
        "ReferenceList": [
            {
                "ReferenceId": 34392,
                "Description": "理財hen好懂",
                "ReferenceUrl": "https://www.facebook.com/litsaiheneasy/",
                "ReferenceImage": "https://scontent.ftpe8-2.fna.fbcdn.net/v/t1.0-1/p200x200/53591743_416700958873926_7615180700337045504_n.jpg?_nc_cat=101&amp;_nc_ht=scontent.ftpe8-2.fna&amp;oh=92423fd46ba4648db22474d2a1e0632c&amp;oe=5D2C1C8F",
                "ViewCount": 4
            },
            {
                "ReferenceId": 34393,
                "Description": "CMoney 理財寶",
                "ReferenceUrl": "https://www.facebook.com/cmoneyapp/",
                "ReferenceImage": "https://scontent.ftpe8-3.fna.fbcdn.net/v/t1.0-1/c0.156.200.200a/429093_260831470664421_20938524_n.jpg?_nc_cat=1&amp;_nc_sid=dbb9e7&amp;_nc_ohc=oSZEANaXhGcAX8RE_2b&amp;_nc_ht=scontent.ftpe8-3.fna&amp;oh=f9fb2a69233abfe9ef078487973056e5&amp;oe=5EE93232",
                "ViewCount": 3
            }
        ],
        "OgImgURL": "http://www.cmoney.tw/learn/cmstatic/learn/1/20200518110206369.jpg"
    },
    "badges": [],
    "isTreeCompleted": false,
    "nextCourse": null
}