{
    "courseDetail": {
        "CourseId": 1171,
        "CourseContent": "<h1>&nbsp;</h1>\n\n<p>&nbsp;</p>\n\n<h1>凱蒂想學投資期貨</h1>\n\n<h1>但不知道「保證金」是什麼？</h1>\n\n<p>凱蒂的同學推薦她可以投資期貨</p>\n\n<p>她聽了，變開始關注了期貨買賣</p>\n\n<p>過程中，她發現總是在聽到「保證金」這個詞</p>\n\n<p>似乎保證金對期貨買賣很重要</p>\n\n<p>&nbsp;</p>\n\n<p>到底保證金是什麼呢？</p>\n\n<p>它跟期貨有何關聯？</p>\n\n<p>它的規定是什麼？</p>\n\n<p>它會影響到我們期貨買賣的風險嗎？</p>\n\n<p>凱蒂抱著這些疑惑，去請教了相關人士</p>\n\n<p>&nbsp;</p>\n\n<p>繼續看下去...</p>\n\n<p>&nbsp;</p>\n\n<p><span style=\"color:#D3D3D3\"><span style=\"font-size:12px\">(贊助商連結)</span></span></p>\n\n<p><googleadsense height=\"600px\" type=\"4\" width=\"300px\"></googleadsense></p>\n\n<p>&nbsp;</p>\n\n<h1>期貨交易 就是「保證金交易」</h1>\n\n<p>在交易期貨時</p>\n\n<p>你必須知道保證金制度</p>\n\n<p>因為「期貨交易」，就是在「交易保證金」</p>\n\n<p>交易雙方必須依照契約規定</p>\n\n<p>付出一定的保證金</p>\n\n<p>保證履行契約的誠意與能力</p>\n\n<p>&nbsp;</p>\n\n<p>&nbsp;</p>\n\n<p><span style=\"color:rgb(204, 0, 0); font-size:26px\">期貨風險的大小</span></p>\n\n<h1>取決於 放多少保證金</h1>\n\n<h2>1. 保證金放多，風險較小</h2>\n\n<h2>2. 保證金放少，風險較大</h2>\n\n<h2>&nbsp; &nbsp; 同時代表投機的可能性大！</h2>\n\n<p>保證金的數目</p>\n\n<p>會隨著每天期貨價格的變動不斷調整</p>\n\n<p>所以期貨交易商</p>\n\n<p>每天會結算你的保證金是否足夠</p>\n\n<p>如果不足就會請你補繳</p>\n\n<p>進行期貨交易前</p>\n\n<p>你必須先了解 &quot;原始保證金&quot; 與 &quot;維持保證金&quot;</p>\n\n<p>這 2 個保證金：</p>\n\n<p>&nbsp;</p>\n\n<h1>1. 原始保證金</h1>\n\n<h2>交易前，期交所最低限定的保證金</h2>\n\n<p>原始保證金是期交所所限定的最低保證金</p>\n\n<p>進行期貨交易前</p>\n\n<p>要在個人保證金帳戶放入一筆</p>\n\n<p>不小於「原始保證金」的金額</p>\n\n<p>當然你可以選擇只放最低金額，也可以放多</p>\n\n<p>這就像前面所說的</p>\n\n<p><span style=\"color:#FF0000\"><span style=\"font-size:18px\"><strong>期貨風險的大小</strong></span></span></p>\n\n<p><span style=\"color:#FF0000\"><span style=\"font-size:18px\"><strong>是取決於你放多少保證金</strong></span></span></p>\n\n<p>&nbsp;</p>\n\n<h1>2. 維持保證金</h1>\n\n<h2>交易中，必須維持一定的保證金。若不足，要補繳。</h2>\n\n<p>當你開始交易時</p>\n\n<p>如果你的部位虧損，扣除需要的保證金後</p>\n\n<p>帳戶內的保證金</p>\n\n<p>無法達到規定的維持保證金標準</p>\n\n<p>那麼期貨商就會向你催繳保證金</p>\n\n<p>&nbsp;</p>\n\n<p>&nbsp;</p>\n\n<p>&nbsp;</p>\n\n<h1>台指期貨的保證金制度</h1>\n\n<p>台指期貨分為大台指和小台指</p>\n\n<p>英文代碼大台指為 TX、小台指為 MTX</p>\n\n<p>大台指每點 200 元、小台指每點 50 元</p>\n\n<p>( 可參考<a href=\"http://www.cmoney.tw/learn/course/futures/topic/1165\" id=\"treeTopic\" style=\"position: relative;\">如何操作台指期?</a>&nbsp;)</p>\n\n<p>以下為期交所規定台指期貨的保證金制度：</p>\n\n<p>&nbsp;</p>\n\n<p><img alt=\"\" height=\"151\" src=\"http://www.cmoney.tw/learn/cmstatic/learn/45/20140829102421314.jpg\" width=\"500\" /></p>\n\n<p>( 註：此為期交所於 2017/02/03 公告之保證金數目 )</p>\n\n<p>&nbsp;</p>\n\n<h1>如何用保證金交易？</h1>\n\n<h2>保證金低於維持保證金</h2>\n\n<h2>投資人需補足至原始保證金</h2>\n\n<p>我們就簡單舉個例子</p>\n\n<p>告訴你要怎麼 用保證金交易</p>\n\n<p>為了簡化計算</p>\n\n<p>交易前，投資人只放入</p>\n\n<p>最低限制的原始保證金進帳戶</p>\n\n<p>所以如果投資人的保證金低於維持保證金</p>\n\n<p>期貨商就會請投資人補足保證金到原始保證金</p>\n\n<p>以 大台指(每點 200 元、原始保證金 83,000 元)</p>\n\n<p>舉例說明：</p>\n\n<p>&nbsp;</p>\n\n<p>&nbsp;</p>\n\n<p>&nbsp;</p>\n\n<h2><span style=\"color:#000000\"><strong>保證金低於原始保證金 25% 時，</strong></span></h2>\n\n<h2><span style=\"color:#000000\"><strong>若無法補足金額，期貨商有權直接平倉！</strong></span></h2>\n\n<p>投資人除了知道保證金低於維持保證金要補足外</p>\n\n<p>你還需要注意一點：</p>\n\n<p>若市場激烈震盪，</p>\n\n<p>在交易時段內</p>\n\n<p>客戶保證金低於原始保證金多達 25% 時</p>\n\n<p>期貨商會在盤中進行追繳的動作</p>\n\n<p>如果你無法補足保證金</p>\n\n<p>期貨商有權直接將你的部位平倉</p>\n\n<p>一般稱為斷頭</p>\n\n<p>&nbsp;</p>\n\n<p>只要做好準備功課</p>\n\n<p>充實好自我的投資知識</p>\n\n<p>投資期貨其實也沒有這麼困難喔！</p>\n\n<p>&nbsp;</p>\n\n<h1>還想知道更多關於期貨買賣的資訊嗎？</h1>\n\n<h1>趕快前往&nbsp;<u><a href=\"http://cmy.tw/0056KJ\">下一課</a>&nbsp;</u>吧！</h1>\n\n<p><a href=\"http://cmy.tw/0056KJ\"><img alt=\"\" height=\"50\" src=\"http://www.cmoney.tw/learn/cmstatic/learn/45/20170220101513798.png\" width=\"702\" /></a></p>\n\n<p>&nbsp;</p>\n",
        "ViewCount": "191288",
        "IsReference": false,
        "ReferenceList": null,
        "OgImgURL": "http://www.cmoney.tw/learn/cmstatic/learn/45/20140829102421314.jpg"
    },
    "badges": [],
    "isTreeCompleted": false,
    "nextCourse": null
}