{
    "courseDetail": {
        "CourseId": 1184,
        "CourseContent": "<p>現在的上班族普遍低薪、工時長</p>\n\n<p>每月都在煩惱下個月的生活開銷</p>\n\n<p>如果說想學投資來幫自己加薪</p>\n\n<p>小資族該怎麼做？</p>\n\n<p>又如何在茫茫股市撈金？</p>\n\n<p>&nbsp;</p>\n\n<p>最近在研究 技術分析</p>\n\n<p>發現了一個特別的型態</p>\n\n<p>可以拿來做為有效判斷買賣訊號</p>\n\n<p>只要看懂它</p>\n\n<p><strong>有機會買在低點、賣在高點喔！</strong></p>\n\n<p>&nbsp;</p>\n\n<p>在這裡和大家分享</p>\n\n<p>一起來看看吧....</p>\n\n<p>&nbsp;</p>\n\n<p><span style=\"color:#A9A9A9\"><span style=\"font-size:12px\">(贊助商連結)</span></span></p>\n\n<p><googleadsense height=\"600px\" type=\"4\" width=\"300px\"></googleadsense></p>\n\n<p>&nbsp;</p>\n\n<h1>旗形與三角旗形 是主要上漲或下跌趨勢的 短暫停頓</h1>\n\n<p>旗形與三角旗形的排列方向，</p>\n\n<p>通常跟 主要趨勢的方向 相反，</p>\n\n<p>代表主要上漲或下跌趨勢 短暫停頓。</p>\n\n<p>&nbsp;</p>\n\n<h1>1. 旗形</h1>\n\n<h2>像一面旗，傾斜方向與趨勢相反</h2>\n\n<p>旗形 長的像一面旗，呈現平行四邊形，</p>\n\n<p>傾斜方向 通常跟趨勢相反。</p>\n\n<p>所以 上升趨勢的旗形向下傾斜，</p>\n\n<p>下降趨勢的旗形向上傾斜。</p>\n\n<p>&nbsp;</p>\n\n<p>&nbsp;</p>\n\n<h1>2. 三角旗形</h1>\n\n<h2>像三角旗子，傾斜方向與趨勢相反</h2>\n\n<p>三角旗形 長的像 三角形的旗子，</p>\n\n<p>呈現 橫向、兩個斜邊相等的三角形，</p>\n\n<p>傾斜方向 通常跟趨勢相反。</p>\n\n<p>&nbsp;</p>\n\n<p>&nbsp;</p>\n\n<h1>旗形 與 三角旗形 的形成過程 與 操作方法</h1>\n\n<p><strong>旗形</strong> 與 <strong>三角旗形</strong> 通常發生在 整段走勢的中點。</p>\n\n<p>他們形成的過程 有 3 個階段:</p>\n\n<p><strong>第 1 階段：股價快速上升或下降，成交量大</strong></p>\n\n<p><strong>第 2 階段：價格走勢停頓，大約 1～3 星期，成交量縮小</strong></p>\n\n<p><strong>第 3 階段：突破旗形與三角旗形，恢復之前趨勢，成交量大</strong></p>\n\n<p>&nbsp;</p>\n\n<p>&nbsp;</p>\n\n<p>&nbsp;</p>\n\n<h1>整理型態 實際觀察與操作，以華亞科(3474)為例</h1>\n\n<p>以&nbsp;<a href=\"http://www.cmoney.tw/follow/channel/stock-3474\" target=\"_blank\">華亞科(3474)</a> 在 2014 年 4 月到 8 月 為例，</p>\n\n<p>1. 走勢快速上升後，走勢停頓，進入 旗形與三角旗形 的整理型態。</p>\n\n<p>2. 突破走勢後，趨勢繼續上升，此時是買進訊號。</p>\n\n<p>3. 在走勢上升後，成交量大。</p>\n\n<p><strong>進入整理型態時，量縮。</strong></p>\n\n<p><strong>在突破走勢後，成交量變大。</strong></p>\n\n<p>&nbsp;</p>\n\n<p>所以 在圖中 可以看出，之後的 股價呈現上漲。</p>\n\n<p><img alt=\"\" height=\"524\" src=\"http://www.cmoney.tw/learn/cmstatic/learn/44/20140814151932003.jpg\" width=\"700\" /></p>\n\n<p>&nbsp;</p>\n\n<p>旗形與三角旗形 可以說是 最可靠的連續型態，</p>\n\n<p>較少會出現反轉。</p>\n\n<p>&nbsp;</p>\n\n<p>但 投資人還是要注意，</p>\n\n<p>建議搭配其他指標一起觀察</p>\n\n<p>像是 均線、布林通道、KD...等</p>\n\n<p>如果出現 與趨勢相反的突破，</p>\n\n<p>要把握住 「<strong>該買就買、該賣就賣</strong>」 的原則。</p>\n",
        "ViewCount": "89371",
        "IsReference": false,
        "ReferenceList": null,
        "OgImgURL": "http://www.cmoney.tw/learn/cmstatic/learn/44/20140814151932003.jpg"
    },
    "badges": [],
    "isTreeCompleted": false,
    "nextCourse": null
}