{
    "courseDetail": {
        "CourseId": 119,
        "CourseContent": "<p><img alt=\"\" height=\"352\" src=\"http://www.cmoney.tw/learn/cmstatic/learn/1/20200519160856771.jpg\" width=\"650\" /></p>\n\n<p>那麼多人都喜歡聽明牌，</p>\n\n<p>你有想過那些報明牌的老師、專家</p>\n\n<p>都是怎麼報的嗎？</p>\n\n<p>他們的用詞、言語...</p>\n\n<p>其實都只是在為</p>\n\n<p>「如果失敗」的結果找藉口罷了！</p>\n\n<h2>其實...</h2>\n\n<p>&nbsp;</p>\n\n<p>趕緊看下去...</p>\n\n<p>&nbsp;</p>\n\n<p><span style=\"color:rgb(128, 128, 128)\"><span style=\"font-size:12px\">(贊助商連結)</span></span></p>\n\n<p><dfp type=\"3\"></dfp></p>\n\n<p>&nbsp;</p>\n\n<h1>報明牌，就像聽算命</h1>\n\n<h2>算命師總是說得模稜兩可</h2>\n\n<h2>讓你一知半解</h2>\n\n<p>先前電視新聞在討論 <strong><span style=\"font-size:20px\">算命&nbsp;</span></strong>的議題，</p>\n\n<p>有些人覺得算命可以預測未來，</p>\n\n<p>但也有些人對算命感到質疑。</p>\n\n<p>所以，有記者就實地派暗樁</p>\n\n<p>去算命街找師傅算命，</p>\n\n<p>結果幾乎每個人都得到<strong><span style=\"background-color:rgb(255, 255, 0)\">類似的結果</span></strong>：</p>\n\n<p><span style=\"color:#800080\"><strong>1. 不能早婚(年輕人)</strong></span></p>\n\n<p><span style=\"color:#800080\"><strong>2. 不能去南方(東南亞國家)</strong></span></p>\n\n<p><span style=\"color:#800080\"><strong>3. 活到 88 - 92 歲(大家聽了都開心)</strong></span></p>\n\n<p><span style=\"color:#800080\"><strong>4. 男生容易白手起家做生意(聽了更開心！)</strong></span></p>\n\n<p>&nbsp;</p>\n\n<h2>不把話說死，</h2>\n\n<h2>讓你自己對號入座</h2>\n\n<p>當然，我相信真的有很厲害的算命師，</p>\n\n<p>但我認為，大多的小道算命師</p>\n\n<p>就只是遵守一個原則：</p>\n\n<p><strong>「不能把話說死！」</strong></p>\n\n<p><span style=\"font-size:15px\">話要盡量客觀、模稜兩可，</span></p>\n\n<p>假如算準了，客人就會找客人回來，</p>\n\n<p>就算不太準，也可以硬凹到其他話題。</p>\n\n<p>更重要的是，</p>\n\n<p><strong><span style=\"font-size:16px\">一旦講的模稜兩可，</span></strong></p>\n\n<p><strong><span style=\"font-size:16px\">人們就會主動去對號入座！</span></strong></p>\n\n<p>但你要知道，不管準或不準，</p>\n\n<p>九成的算命都只有和你<strong><span style=\"font-size:20px\">「說一半」</span></strong>，</p>\n\n<p>講的都是<strong><span style=\"font-size:20px\">「方向」</span></strong>、</p>\n\n<p>絕對不會告訴你<strong><span style=\"font-size:20px\">「細節」</span></strong>，</p>\n\n<p>到頭來，是好是壞就還是靠自己。</p>\n\n<p>&nbsp;</p>\n\n<p><dfp type=\"2\"></dfp></p>\n\n<p>&nbsp;</p>\n\n<h1>聽明牌就像</h1>\n\n<h1>在投資裡找算命師！</h1>\n\n<h2>說話講一半、講進不講出</h2>\n\n<p>明牌和算命很像，</p>\n\n<p>很大的問題就是</p>\n\n<p>「只有講一半」、「講進不講出」。</p>\n\n<p><span style=\"font-size:15px\">你會發現，最常聽到明牌的方式就是：</span></p>\n\n<p><strong>「最近 XX 股會漲，要密切注意！」</strong></p>\n\n<p>這句話看似正常，其實&nbsp;<strong><span style=\"font-size:20px\">漏洞很大&nbsp;</span></strong>啊！</p>\n\n<p>到底<strong><span style=\"color:rgb(178, 34, 34)\">哪一天會漲</span></strong>？</p>\n\n<p>到底會<strong><span style=\"color:rgb(178, 34, 34)\">漲多久</span></strong>？ 應該<strong><span style=\"color:rgb(178, 34, 34)\">買多少</span></strong>？</p>\n\n<p>你其實不知道...！</p>\n\n<p>這時候就會有兩種悲劇發生：</p>\n\n<p>&nbsp;</p>\n\n<h2>1.&nbsp;有賠馬上跑，殊不知賺頭在後方&hellip;</h2>\n\n<p><img alt=\"\" height=\"291\" src=\"http://www.cmoney.tw/learn/cmstatic/learn/1/20160601141423217.jpg\" width=\"500\" /></p>\n\n<p>&nbsp;</p>\n\n<h2>2. 小賺沒收手，想跑卻已跑不了&hellip;</h2>\n\n<p><img alt=\"\" height=\"266\" src=\"http://www.cmoney.tw/learn/cmstatic/learn/1/20160601141919025.jpg\" width=\"500\" /></p>\n\n<p>&nbsp;</p>\n\n<p><dfp type=\"1\"></dfp></p>\n\n<p>&nbsp;</p>\n\n<h1>有賺就是別人說的對</h1>\n\n<h1>賠了就是你沒有把握到時機</h1>\n\n<p>當然，一定也有信眾剛好</p>\n\n<p>買在低點，賣在高點，</p>\n\n<p>但是，10 個聽明牌的人裡面，</p>\n\n<p>你覺得會&nbsp;<strong><span style=\"font-size:20px\">有幾個好運的信眾&nbsp;</span></strong>呢？</p>\n\n<p>線圖就是長這樣(<span style=\"color:rgb(178, 34, 34)\">有暴漲</span>)，假如你沒賺到錢，</p>\n\n<p>老師會說：</p>\n\n<p>「師傅引進門，修行在個人，</p>\n\n<p>都漲翻了你還沒賺！？」</p>\n\n<p>這時候你通常也會很慚愧的，</p>\n\n<p>覺得是自己的問題&hellip;</p>\n\n<p><span style=\"font-size:15px\">說到這裡，你有沒有覺得...</span></p>\n\n<p><span style=\"font-size:15px\">報明牌的老師很厲害，</span></p>\n\n<p>因為怎麼說，<span style=\"font-size:20px\"><strong>好像都是你的錯！</strong></span></p>\n\n<p>但就我看來，<span style=\"font-size:15px\">問題根本就是因為</span></p>\n\n<p><span style=\"color:#FF8C00\"><strong>這檔明牌「沒頭沒尾、只報一半！」</strong></span></p>\n\n<p>&nbsp;</p>\n\n<p>你必須先搞清楚，</p>\n\n<p>講明牌的老師</p>\n\n<p>為什麼不把話講死？</p>\n\n<p>跟算命的一樣，怎麼解釋都有道理。</p>\n\n<p><span style=\"font-size:15px\">明牌老師想要&nbsp;<strong><span style=\"font-size:20px\">把話講死&nbsp;</span></strong>嗎？ </span></p>\n\n<p><span style=\"font-size:18px\"><strong>他根本不想！</strong></span></p>\n\n<p>不然只要講錯一次，</p>\n\n<p>他多年累積來的信徒不就跑光了？</p>\n\n<p>明牌老師真的想要</p>\n\n<p>從頭到尾完整的教你嗎？</p>\n\n<p><span style=\"font-size:18px\"><strong>當然不是！</strong></span></p>\n\n<p>你來上課他才能賺錢，</p>\n\n<p>全教會你了 他賺什麼？</p>\n\n<p>所以老師一定都會&nbsp;<span style=\"font-size:18px\"><strong>留好幾步</strong></span>，</p>\n\n<p>讓你方法聽一半，讓你有時賺、有時賠，</p>\n\n<h2>最後大部分的錢不是買股票，</h2>\n\n<h2>是在繳學費買明牌。</h2>\n\n<p>所以，聽明牌絕對是件傻事！</p>\n\n<p>一來你只能聽到一半，後續不知怎麼辦。</p>\n\n<p>二來你的操作會沒有自己的紀律，</p>\n\n<p>會隨波逐流、人云亦云。</p>\n\n<h2>聽的沒頭沒尾，買的一知半解</h2>\n\n<h2>賺的不明不白，賠的不清不楚...</h2>\n\n<h2>親愛的，別拿你的薪水開玩笑啊！</h2>\n\n<p>&nbsp;</p>\n\n<p><img alt=\"\" height=\"600\" src=\"http://www.cmoney.tw/learn/cmstatic/learn/1/20200519144540092.jpg\" width=\"300\" /></p>\n",
        "ViewCount": "54291",
        "IsReference": true,
        "ReferenceList": [
            {
                "ReferenceId": 34406,
                "Description": "理財hen好懂",
                "ReferenceUrl": "https://www.facebook.com/litsaiheneasy/",
                "ReferenceImage": "https://scontent.ftpe8-3.fna.fbcdn.net/v/t1.0-1/p200x200/53591743_416700958873926_7615180700337045504_n.jpg?_nc_cat=1&amp;_nc_ht=scontent.ftpe8-3.fna&amp;oh=267e52d037cd65f0c5f5cf6769f2fa3c&amp;oe=5D2C1C8F",
                "ViewCount": 2
            },
            {
                "ReferenceId": 34407,
                "Description": "CMoney 理財寶",
                "ReferenceUrl": "https://www.facebook.com/cmoneyapp/",
                "ReferenceImage": "https://scontent.ftpe8-3.fna.fbcdn.net/v/t1.0-1/c0.156.200.200a/429093_260831470664421_20938524_n.jpg?_nc_cat=1&amp;_nc_sid=dbb9e7&amp;_nc_ohc=oSZEANaXhGcAX8RE_2b&amp;_nc_ht=scontent.ftpe8-3.fna&amp;oh=f9fb2a69233abfe9ef078487973056e5&amp;oe=5EE93232",
                "ViewCount": 4
            }
        ],
        "OgImgURL": "http://www.cmoney.tw/learn/cmstatic/learn/1/20200519160856771.jpg"
    },
    "badges": [],
    "isTreeCompleted": false,
    "nextCourse": null
}