{
    "courseDetail": {
        "CourseId": 1190,
        "CourseContent": "<h1>看對趨勢，下一個富翁就是你</h1>\n\n<h2>經濟指標 讓你 搶先賺、提早跑！</h2>\n\n<p>在經濟上，有一個名詞叫做「經濟指標」，</p>\n\n<p>聽起來好像很高深，</p>\n\n<p>事實上，這是許多投資高手</p>\n\n<p>都會用到的致勝秘密。</p>\n\n<p>經濟、大盤、股票漲跌 這些</p>\n\n<p>都與經濟指標息息相關，</p>\n\n<p>如果投資者懂了甚麼是經濟指標，</p>\n\n<p>也知道如何看懂經濟指標，</p>\n\n<p>就等於把握了大盤漲跌的趨勢，</p>\n\n<p>那麼...</p>\n\n<p>買股票還怕賠錢嗎？</p>\n\n<p>下面簡單的介紹一下</p>\n\n<p>甚麼叫做經濟指標...</p>\n\n<p>&nbsp;</p>\n\n<p>讓我們看下去.......</p>\n\n<p>&nbsp;</p>\n\n<p><span style=\"color:rgb(128, 128, 128)\"><span style=\"font-size:12px\">(贊助商連結...)</span></span></p>\n\n<p><span style=\"color:rgb(128, 128, 128)\"><span style=\"font-size:12px\"><googleadsense height=\"600px\" type=\"4\" width=\"300px\"></googleadsense></span></span></p>\n\n<p>&nbsp;</p>\n\n<p>&nbsp;</p>\n\n<h1>經濟指標 透露了</h1>\n\n<h1>整體經濟 的 好壞及變化</h1>\n\n<p>經濟指標是將各項經濟活動，</p>\n\n<p>以統計數據的方式呈現。</p>\n\n<p>經濟指標可以反映出</p>\n\n<p>一個國家的經濟景氣，</p>\n\n<p>所以透過觀察經濟指標，</p>\n\n<p>我們就可以知道一個國家的經濟概況，</p>\n\n<p>另外，透過比較不同國家</p>\n\n<p>相同指標上的表現，</p>\n\n<p>還可以知道，一個國家相對於</p>\n\n<p>其他國家的經濟表現</p>\n\n<p>比較好或比較壞。</p>\n\n<p>&nbsp;</p>\n\n<h1>經濟指標介紹</h1>\n\n<h2>1. 依據反映景氣的時間點區分</h2>\n\n<p>(1) <strong>能提前反應景氣的經濟指標</strong>，</p>\n\n<p>稱為<strong>先行指標</strong>；</p>\n\n<p>(2) <strong>同步反應景氣的經濟指標</strong>，</p>\n\n<p>稱為<strong>同期指標</strong>；</p>\n\n<p>(3) <strong>比景氣晚一步反應的經濟指標</strong>，</p>\n\n<p>稱為<strong>落後指標</strong>。</p>\n\n<p>&nbsp;</p>\n\n<p><img alt=\"\" height=\"196\" src=\"http://www.cmoney.tw/learn/cmstatic/learn/71/20140814161920357.jpg\" width=\"600\" /></p>\n\n<p>&nbsp;</p>\n\n<p><googleadsense height=\"250px\" type=\"2\" width=\"300px\"></googleadsense></p>\n\n<p>&nbsp;</p>\n\n<p>&nbsp;</p>\n\n<h2>2. 依據觀察的角度區分</h2>\n\n<p>大致分為景氣、製造業、地產業、</p>\n\n<p>就業、所得、消費、物價、國際金融指標，</p>\n\n<p>分別從不同角度觀察經濟狀況，</p>\n\n<p>可以更方便判斷整體經濟景氣的好壞。</p>\n\n<p>&nbsp;</p>\n\n<p><img alt=\"\" height=\"307\" src=\"http://www.cmoney.tw/learn/cmstatic/learn/71/20140814180159831.jpg\" width=\"720\" /></p>\n\n<p>&nbsp;</p>\n\n<p>&nbsp;</p>\n\n<h2>3. 依據編制的單位區分</h2>\n\n<p>分為官方編制、民間編制經濟指標。</p>\n\n<p><img alt=\"\" height=\"149\" src=\"http://www.cmoney.tw/learn/cmstatic/learn/71/20140814174942877.jpg\" width=\"700\" /></p>\n\n<p>&nbsp;</p>\n\n<p>以上這麼多經濟指標分類及相關指標，</p>\n\n<p>所帶來的幫助到底是什麼？</p>\n\n<p>我為何要使用？</p>\n\n<p>下一章節將告訴你！</p>\n\n<p>&nbsp;</p>\n\n<h2>想要成為投資高手，</h2>\n\n<h2>看懂經濟指標很重要！</h2>\n\n<h2>趕快繼續看下去吧～</h2>\n\n<p>&nbsp;</p>\n\n<h2>你知道嗎？現在不學好投資</h2>\n\n<h2>你會比別人多辛苦十年...</h2>\n\n<p>想學投資，卻不知從何下手？</p>\n\n<p>用16堂課，就能學會如何操作0050</p>\n\n<p>輕鬆踏出理財的第一步！</p>\n\n<p>立即了解課程 &gt;&gt;&nbsp;<a href=\"http://cmy.tw/006mys\"><span style=\"font-family:times new roman; font-size:small\">http://cmy.tw/006mys</span></a></p>\n\n<p><a href=\"http://cmy.tw/006mys\" style=\"outline-style: initial; outline-width: 0px; text-decoration-line: underline; color: rgb(0, 119, 181); position: relative;\" target=\"_blank\"><img alt=\"\" height=\"520\" src=\"http://www.cmoney.tw/notes/cmstatic/notes/capture/744971/20190613171633668.gif\" width=\"364\" /></a></p>\n",
        "ViewCount": "58224",
        "IsReference": true,
        "ReferenceList": [
            {
                "ReferenceId": 33344,
                "Description": "3 種「降低風險」的錯誤觀念！原來...分散投資，會讓你「越賠越多」！小心囉！",
                "ReferenceUrl": "http://www.cmoney.tw/learn/course/michellebook/topic/1273",
                "ReferenceImage": "http://www.cmoney.tw/learn/cmstatic/learn/77/20160419113206948.jpg",
                "ViewCount": 76
            },
            {
                "ReferenceId": 33345,
                "Description": "股市崩盤 也能 照樣賺！只要搞懂「這件事」，花少少時間，就有安全又穩定的報酬！",
                "ReferenceUrl": "http://www.cmoney.tw/learn/course/michellebook/topic/1282",
                "ReferenceImage": "http://www.cmoney.tw/learn/cmstatic/learn/77/20160415153140812.jpg",
                "ViewCount": 96
            },
            {
                "ReferenceId": 33346,
                "Description": "擺脫 追高殺低 的厄運！基本面選股 8 大招， 績優股...就是要「這樣」挑！",
                "ReferenceUrl": "http://www.cmoney.tw/learn/course/michellebook/topic/1251",
                "ReferenceImage": "http://www.cmoney.tw/learn/cmstatic/learn/77/20160415174242758.png",
                "ViewCount": 119
            }
        ],
        "OgImgURL": "http://www.cmoney.tw/learn/cmstatic/learn/71/20140814161920357.jpg"
    },
    "badges": [],
    "isTreeCompleted": false,
    "nextCourse": null
}