{
    "courseDetail": {
        "CourseId": 1192,
        "CourseContent": "<p>&nbsp;</p>\n\n<p>&nbsp;</p>\n\n<h1>分析 經濟指標</h1>\n\n<h1>對投資者有什麼用？</h1>\n\n<p>上一章<a href=\"http://www.cmoney.tw/learn/course/economic/topic/1190\" id=\"treeTopic\" style=\"position: relative;\">什麼是經濟指標？</a>告訴你</p>\n\n<p>經濟指標的大致分類，</p>\n\n<p>這裡要告訴你，</p>\n\n<p>看懂「它」有甚麼用？</p>\n\n<p>為什麼可以讓那麼多的</p>\n\n<p>投資高手都爭搶著想要</p>\n\n<p>理解它呢？</p>\n\n<p>&nbsp;</p>\n\n<p>讓我們看下去.......</p>\n\n<p>&nbsp;</p>\n\n<p><span style=\"color:rgb(128, 128, 128)\"><span style=\"font-size:12px\">(贊助商連結...)</span></span></p>\n\n<p><span style=\"color:rgb(128, 128, 128)\"><span style=\"font-size:12px\"><googleadsense height=\"600px\" type=\"4\" width=\"300px\"></googleadsense></span></span></p>\n\n<p>&nbsp;</p>\n\n<p>&nbsp;</p>\n\n<h1>幫我們生活及投資更順利</h1>\n\n<h2>從經濟趨勢的變化中 抓準制勝機會</h2>\n\n<p>經濟活動與我們生活息息相關，</p>\n\n<p>無論是消費、就業、</p>\n\n<p>買房子、理財投資等各方面，</p>\n\n<p>都跟經濟活動環環相扣，</p>\n\n<p>更影響我們的荷包重量！</p>\n\n<p>由於&nbsp;<strong>經濟指標</strong></p>\n\n<p><strong>是將經濟活動以統計數據的方式呈現</strong>，</p>\n\n<p>多留意與自身需求相關的經濟指標，</p>\n\n<p>觀察指標的變化以及了解它們代表的意義，</p>\n\n<p>就能做出聰明的決策！</p>\n\n<p>&nbsp;</p>\n\n<p>&nbsp;</p>\n\n<h1>掌握經濟指標 4 大作用：</h1>\n\n<h1>1. 預測整體經濟的走向</h1>\n\n<h2>經濟起飛，大盤也會跟著漲；</h2>\n\n<h2>經濟衰退，大盤也會跟著跌</h2>\n\n<p>一國的景氣通常都是會不斷循環的，</p>\n\n<p>由成長到衰退，再從衰退到成長。</p>\n\n<p>透過經濟指標，</p>\n\n<p>可以觀察目前景氣的走向。</p>\n\n<p>景氣好時，由於經濟活動熱絡，</p>\n\n<p>像 GDP、物價指標、</p>\n\n<p>製造業和服務業指標等都會呈現成長趨勢，</p>\n\n<p>就業指標的失業率也會下滑；</p>\n\n<p>景氣差時則相反。</p>\n\n<p>&nbsp;</p>\n\n<h1>2. 察覺政府的政策方向</h1>\n\n<h2>景氣好，政府採高利息政策；</h2>\n\n<h2>景氣差，政府採低利息政策</h2>\n\n<p>經濟指標 是政府在</p>\n\n<p>推行經濟政策時參考的依據。</p>\n\n<p>景氣好時，經濟活動熱絡，</p>\n\n<p>為避免景氣過熱</p>\n\n<p>造成物價飆漲、通貨膨脹，</p>\n\n<p>所以政府會調升利息來控制</p>\n\n<p>經濟景氣的表現；</p>\n\n<p>景氣差時，經濟活動力低，</p>\n\n<p>為避免景氣過於低迷造成惡性循環，</p>\n\n<p>所以政府會調降利息來刺激經濟景氣。</p>\n\n<p>&nbsp;</p>\n\n<p><googleadsense height=\"250px\" type=\"2\" width=\"300px\"></googleadsense></p>\n\n<p>&nbsp;</p>\n\n<p>&nbsp;</p>\n\n<h1>3. 提高投資勝率</h1>\n\n<h2>提前預判漲跌，及時做好準備</h2>\n\n<p>經濟指標反應一個國家</p>\n\n<p>或社會的整體景氣狀況，</p>\n\n<p>更能預測未來數個月的景氣走向，</p>\n\n<p>因此投資者可以用先行指標，</p>\n\n<p>來做為訂定自己投資方向的參考與依據。</p>\n\n<p>只要掌握到經濟走向的趨勢，</p>\n\n<p>便能做出較正確的投資決策，</p>\n\n<p>提高投資勝率。</p>\n\n<p>&nbsp;</p>\n\n<p><img alt=\"\" height=\"251\" src=\"http://www.cmoney.tw/learn/cmstatic/learn/71/20140814154740641.jpg\" width=\"600\" /></p>\n\n<p>&nbsp;</p>\n\n<p>&nbsp;</p>\n\n<h1>4. 訂定更靈活的理財策略</h1>\n\n<h2>從銀行利息的高低 決定理財方式</h2>\n\n<p>除了投資之外，</p>\n\n<p>經濟指標還能幫助人訂定理財策略。</p>\n\n<p>因為景氣的好壞會影響利率的高低，</p>\n\n<p>因此掌握利率的可能走向，</p>\n\n<p>能幫助自己做好理財規劃哦！</p>\n\n<p>例如利率上升時，</p>\n\n<p>就增加定存的比重；</p>\n\n<p>利率下降時，借貸成本降低，</p>\n\n<p>就可制定更彈性的投資理財策略，</p>\n\n<p>讓自己荷包一直滿滿滿！</p>\n\n<p>&nbsp;</p>\n\n<p><img alt=\"\" height=\"268\" src=\"http://www.cmoney.tw/learn/cmstatic/learn/71/20140814151604312.jpg\" width=\"550\" /></p>\n\n<p>&nbsp;</p>\n\n<p>&nbsp;</p>\n\n<p>&nbsp;</p>\n\n<h1>經濟指標的作用，</h1>\n\n<h1>讓我們生活及投資大加分</h1>\n\n<p>看完了以上的介紹</p>\n\n<p>了解到經濟指標</p>\n\n<p>為我們的生活及投資帶來助益，</p>\n\n<p>所以我們當然要好好運用經濟指標！</p>\n\n<p>接下來，我們將針對投資人</p>\n\n<p>該觀察哪些相關指標，</p>\n\n<p>做詳細的解說！</p>\n\n<p>&nbsp;</p>\n\n<h2>雖然這個名詞聽起來很深奧，</h2>\n\n<h2>卻與我們的生活息息相關呢！</h2>\n\n<h2>要學會如何運用它，</h2>\n\n<h2>趕快繼續看下去～</h2>\n\n<p>&nbsp;</p>\n\n<h2>你知道嗎？現在不學好投資</h2>\n\n<h2>你會比別人多辛苦十年...</h2>\n\n<p>想學投資，卻不知從何下手？</p>\n\n<p>用16堂課，就能學會如何操作0050</p>\n\n<p>輕鬆踏出理財的第一步！</p>\n\n<p>立即了解課程 &gt;&gt;&nbsp;<a href=\"http://cmy.tw/006mys\"><span style=\"font-family:times new roman; font-size:small\">http://cmy.tw/006mys</span></a></p>\n\n<p><a href=\"http://cmy.tw/006mys\" style=\"outline-style: initial; outline-width: 0px; text-decoration-line: underline; color: rgb(0, 119, 181); position: relative;\" target=\"_blank\"><img alt=\"\" height=\"520\" src=\"http://www.cmoney.tw/notes/cmstatic/notes/capture/744971/20190613171633668.gif\" width=\"364\" /></a></p>\n",
        "ViewCount": "49056",
        "IsReference": true,
        "ReferenceList": [
            {
                "ReferenceId": 33347,
                "Description": "什麼是經濟指標？",
                "ReferenceUrl": "http://www.cmoney.tw/learn/course/economic/topic/1190",
                "ReferenceImage": "http://www.cmoney.tw/learn/cmstatic/learn/71/20160510095305269.jpg",
                "ViewCount": 80
            },
            {
                "ReferenceId": 33348,
                "Description": "投資人該如何使用經濟指標？",
                "ReferenceUrl": "http://www.cmoney.tw/learn/course/economic/topic/1193",
                "ReferenceImage": "http://www.cmoney.tw/learn/cmstatic/learn/71/20140926150727793.png",
                "ViewCount": 49
            },
            {
                "ReferenceId": 33349,
                "Description": "擺脫 追高殺低 的厄運！基本面選股 8 大招， 績優股...就是要「這樣」挑！",
                "ReferenceUrl": "http://www.cmoney.tw/learn/course/michellebook/topic/1251",
                "ReferenceImage": "http://www.cmoney.tw/learn/cmstatic/learn/77/20160415174242758.png",
                "ViewCount": 59
            }
        ],
        "OgImgURL": "http://www.cmoney.tw/learn/cmstatic/learn/71/20140814154740641.jpg"
    },
    "badges": [],
    "isTreeCompleted": false,
    "nextCourse": null
}