{
    "courseDetail": {
        "CourseId": 1193,
        "CourseContent": "<p>&nbsp;</p>\n\n<h1>投資人如何使用經濟指標，</h1>\n\n<h1>掌握股市變化？</h1>\n\n<p>上一章節我們介紹了<a href=\"http://www.cmoney.tw/learn/course/economic/topic/1192\" id=\"treeTopic\" style=\"position: relative;\">經濟指標 的 4 大功用</a>，</p>\n\n<p>接下來，</p>\n\n<p>我要介紹投資人必須觀察的</p>\n\n<p>經濟指標有哪些？</p>\n\n<p>以及該如何觀察整理這些指標？</p>\n\n<p>&nbsp;</p>\n\n<p>讓我們看下去.......</p>\n\n<p>&nbsp;</p>\n\n<p><span style=\"color:rgb(128, 128, 128)\"><span style=\"font-size:12px\">(贊助商連結...)</span></span></p>\n\n<p><span style=\"color:rgb(128, 128, 128)\"><span style=\"font-size:12px\"><googleadsense height=\"600px\" type=\"4\" width=\"300px\"></googleadsense></span></span></p>\n\n<p>&nbsp;</p>\n\n<p>&nbsp;</p>\n\n<h1>2 步驟 輕鬆掌握股市變化：</h1>\n\n<h1>步驟一、觀察整體景氣好壞</h1>\n\n<h2>景氣好，股市跟著紅；</h2>\n\n<h2>景氣差，股市一起差</h2>\n\n<p>景氣的好壞對於所有的</p>\n\n<p>投資標的都相當重要！</p>\n\n<p>以股票來說，景氣愈好，</p>\n\n<p>股市也會跟著翻紅；</p>\n\n<p>景氣愈差，股市也會跟著</p>\n\n<p>一片愁雲慘綠。</p>\n\n<p>&nbsp;</p>\n\n<p><img alt=\"\" height=\"395\" src=\"http://www.cmoney.tw/learn/cmstatic/learn/71/20140815153239218.jpg\" width=\"700\" /></p>\n\n<p>&nbsp;</p>\n\n<p>&nbsp;</p>\n\n<h1>步驟二、觀察 先行指標 變化&nbsp;</h1>\n\n<h2>如製造業指標、消費者指標...等</h2>\n\n<p>除了景氣指標，</p>\n\n<p>投資者因為投資標的不同，</p>\n\n<p>必須觀察的指標也有所不同。</p>\n\n<p>例如投資股票，</p>\n\n<p>影響企業獲利愈大的經濟指標，</p>\n\n<p>重要性當然就愈高。</p>\n\n<p>依照正確的步驟觀察經濟指標，</p>\n\n<p>就能做出適當的投資決策喔！</p>\n\n<p>&nbsp;</p>\n\n<p><img alt=\"\" height=\"390\" src=\"http://www.cmoney.tw/learn/cmstatic/learn/71/20140815153314453.jpg\" width=\"700\" /></p>\n\n<p>&nbsp;</p>\n\n<p>&nbsp;</p>\n\n<h1>4 步驟&nbsp;讓你做決策更加得心應手</h1>\n\n<h2>步驟一、依據自己的需求，</h2>\n\n<h2>列出最需要觀察的指標</h2>\n\n<p>在觀察指標前，</p>\n\n<p>先認清自己的需求與目的，</p>\n\n<p>列出必須觀察的指標，</p>\n\n<p>例如<strong>投資股票，就必須觀察 製造業、</strong></p>\n\n<p><strong>消費、就業與所得等類別的指標；</strong></p>\n\n<p>接著，從這些必須觀察的指標分類</p>\n\n<p>中找出 1 ~ 3 個指標，</p>\n\n<p>例如欲觀察消費類別的指標，</p>\n\n<p>可以鎖定 零售銷售、</p>\n\n<p>自用小客車新增掛牌數年增率、</p>\n\n<p>信用卡簽帳金額年增率等等，</p>\n\n<p>若時間與專業程度允許的話，</p>\n\n<p>可以找出 3 ~ 5 個。</p>\n\n<p>&nbsp;</p>\n\n<p>&nbsp;</p>\n\n<h2>步驟二、將經濟指標公布的單位、</h2>\n\n<h2>時間、管道 整理好</h2>\n\n<p>多看書籍或是網路搜尋，</p>\n\n<p>整理出自己的經濟指標觀察清單，</p>\n\n<p>將公布單位、公布時間、</p>\n\n<p>公布管道等整理妥善，</p>\n\n<p>方便我們定期蒐集資料、</p>\n\n<p>持續追蹤與觀察。</p>\n\n<p>範例如下：我的經濟指標觀察清單</p>\n\n<p><img alt=\"\" height=\"134\" src=\"http://www.cmoney.tw/learn/cmstatic/learn/71/20140815152421608.jpg\" width=\"700\" /></p>\n\n<p>&nbsp;</p>\n\n<p>&nbsp;</p>\n\n<h2>步驟三、長期觀察、勤作筆記</h2>\n\n<p>經濟指標是持續永久編製的，</p>\n\n<p>所以我們不應該只是觀察最新一期的指標，</p>\n\n<p>而是要同時去觀察近一年，</p>\n\n<p>甚至是二、三年以來的走勢變化，</p>\n\n<p>才能了解整體的趨勢變化，</p>\n\n<p>觀察時間愈長，收穫會愈多；</p>\n\n<p>在看編製單位所公布的指標資料時，</p>\n\n<p>也可以去閱讀財經媒體的報導及分析，</p>\n\n<p>將重點做筆記記錄下來，</p>\n\n<p>幫助自己進步。</p>\n\n<p>&nbsp;</p>\n\n<p><googleadsense height=\"250px\" type=\"2\" width=\"300px\"></googleadsense></p>\n\n<p>&nbsp;</p>\n\n<p>&nbsp;</p>\n\n<h2>步驟四、多看、多聽、多讀</h2>\n\n<p>無論是財經媒體、學術研究單位、</p>\n\n<p>銀行券商等金融機構，</p>\n\n<p>都會在指標公布後推出分析報告，</p>\n\n<p>我們必須多看、多聽、</p>\n\n<p>多讀這些相關資訊，</p>\n\n<p>驗證環境的變化與</p>\n\n<p>經濟指標的反應是否一致，</p>\n\n<p>透過反覆練習，</p>\n\n<p>訓練自己活用經濟指標的能力。</p>\n\n<p>&nbsp;</p>\n\n<p>&nbsp;</p>\n\n<h2>知道投資股票要觀察的指標，</h2>\n\n<h2>接下來就要詳細介紹這些指標的內容囉！</h2>\n\n<h2>繼續看下一章吧~</h2>\n\n<p>&nbsp;</p>\n\n<h2>你知道嗎？現在不學好投資</h2>\n\n<h2>你會比別人多辛苦十年...</h2>\n\n<p>想學投資，卻不知從何下手？</p>\n\n<p>用16堂課，就能學會如何操作0050</p>\n\n<p>輕鬆踏出理財的第一步！</p>\n\n<p>立即了解課程 &gt;&gt;&nbsp;<a href=\"http://cmy.tw/006mys\"><span style=\"font-family:times new roman; font-size:small\">http://cmy.tw/006mys</span></a></p>\n\n<p><a href=\"http://cmy.tw/006mys\" style=\"outline-style: initial; outline-width: 0px; text-decoration-line: underline; color: rgb(0, 119, 181); position: relative;\" target=\"_blank\"><img alt=\"\" height=\"520\" src=\"http://www.cmoney.tw/notes/cmstatic/notes/capture/744971/20190613171633668.gif\" width=\"364\" /></a></p>\n",
        "ViewCount": "66615",
        "IsReference": true,
        "ReferenceList": [
            {
                "ReferenceId": 33350,
                "Description": "經濟指標 的 4 大功用",
                "ReferenceUrl": "http://www.cmoney.tw/learn/course/economic/topic/1192",
                "ReferenceImage": "http://www.cmoney.tw/learn/cmstatic/learn/71/20160510124735333.jpg",
                "ViewCount": 36
            },
            {
                "ReferenceId": 33351,
                "Description": "什麼是經濟指標？",
                "ReferenceUrl": "http://www.cmoney.tw/learn/course/economic/topic/1190",
                "ReferenceImage": "http://www.cmoney.tw/learn/cmstatic/learn/71/20160510131722953.jpg",
                "ViewCount": 42
            },
            {
                "ReferenceId": 33352,
                "Description": "景氣對策信號",
                "ReferenceUrl": "http://www.cmoney.tw/learn/course/economic/topic/1213",
                "ReferenceImage": "http://www.cmoney.tw/notes/cmstatic/notes/capture/142204/20140929112458928.png",
                "ViewCount": 128
            }
        ],
        "OgImgURL": "http://www.cmoney.tw/learn/cmstatic/learn/71/20140815153239218.jpg"
    },
    "badges": [],
    "isTreeCompleted": false,
    "nextCourse": null
}