{
    "courseDetail": {
        "CourseId": 1200,
        "CourseContent": "<h1><img alt=\"\" height=\"363\" src=\"http://www.cmoney.tw/learn/cmstatic/learn/71/20160517132037047.jpg\" width=\"650\" /></h1>\n\n<p>&nbsp;</p>\n\n<p>&nbsp;</p>\n\n<p>半導體近年來發展走勢不錯，</p>\n\n<p>相信有許多投資人也想投資這產業，</p>\n\n<p>可惜不了解，所以怕投資失敗吧？</p>\n\n<p>投資半導體產業有一個很重要的指標</p>\n\n<p>叫做　SEMI 北美半導體 B/B 值</p>\n\n<p>它是觀察全球半導體產業</p>\n\n<p>興衰的重要依據哦～</p>\n\n<p>在這裡介紹給各位投資人！！</p>\n\n<p>&nbsp;</p>\n\n<p>讓我們看下去.......</p>\n\n<p>&nbsp;</p>\n\n<p><span style=\"color:rgb(128, 128, 128)\"><span style=\"font-size:12px\">(贊助商連結...)</span></span></p>\n\n<p><br />\n<googleadsense height=\"600px\" type=\"4\" width=\"300px\"></googleadsense></p>\n\n<p>&nbsp;</p>\n\n<p>&nbsp;</p>\n\n<h1>SEMI北美半導體B/B值：</h1>\n\n<h2>影響台灣半導體產業股價走勢</h2>\n\n<p>又稱「SEMI北美半導體設備訂單出貨比」，</p>\n\n<p>是指北美地區半導體設備商，</p>\n\n<p>「接獲的未來訂單」與「實際出貨」</p>\n\n<p>兩者總金額的比例。</p>\n\n<p>它是觀察全球半導體產業</p>\n\n<p>與 科技產業興衰的重要指標</p>\n\n<p>由於北美是相當重要的</p>\n\n<p>半導體設備廠商集散地，</p>\n\n<p>所以本指標就被視為</p>\n\n<p>觀察全球半導體產業興衰的重要依據。</p>\n\n<p>&nbsp;</p>\n\n<h1>B/B值&nbsp;判讀方式</h1>\n\n<h2>(1) 當指數連續上升超過 3 個月，</h2>\n\n<h2>且大於 1 時，景氣成長</h2>\n\n<p>SEMI北美半導體B/B值的數值愈高( &gt; 1 )，</p>\n\n<p>上漲時間持續愈久( 3 個月以上)，</p>\n\n<p>代表市場需求大於廠商供給，</p>\n\n<p>全球半導體與科技產業</p>\n\n<p>景氣轉好的機會變大。</p>\n\n<p><img alt=\"\" height=\"421\" src=\"http://www.cmoney.tw/learn/cmstatic/learn/71/20140820154422718.jpg\" width=\"500\" /></p>\n\n<p>&nbsp;</p>\n\n<p>&nbsp;</p>\n\n<h2>(2) 當指數連續下跌超過 3 個月，</h2>\n\n<h2>且小於 1 時，景氣衰退</h2>\n\n<p>SEMI北美半導體B/B值的數值愈低( &lt; 1 )，</p>\n\n<p>下跌時間持續愈久( 3 個月以上)，</p>\n\n<p>代表市場需求小於廠商供給，</p>\n\n<p>全球半導體與科技產業</p>\n\n<p>景氣變差的機會變大。</p>\n\n<p><img alt=\"\" height=\"420\" src=\"http://www.cmoney.tw/learn/cmstatic/learn/71/20140820154436423.jpg\" width=\"500\" /></p>\n\n<p>&nbsp;</p>\n\n<p>&nbsp;</p>\n\n<h1>B/B值 漲跌，可以知道 2 件事：</h1>\n\n<p>由於台灣半導體大廠和美國關係很深，</p>\n\n<p>所以B/B值的表現</p>\n\n<p>也會影響台灣的半導體產業，</p>\n\n<p>因此投資人可依據</p>\n\n<p>B/B值所反映出來的意義，</p>\n\n<p>做出相關投資決策。</p>\n\n<p>&nbsp;</p>\n\n<h2>(1) 判斷相關廠商的股價走勢</h2>\n\n<p>觀察B/B值的走勢，</p>\n\n<p>可以推知台灣半導體產業的表現，</p>\n\n<p>以<a href=\"http://www.cmoney.tw/follow/channel/stock-2330\" target=\"_blank\">台積電(2330)</a>為例：</p>\n\n<p><img alt=\"\" height=\"531\" src=\"http://www.cmoney.tw/notes/cmstatic/notes/capture/142204/20141027105440491.png\" width=\"700\" /></p>\n\n<p>上圖中，可以看到</p>\n\n<p>台積電股價走勢基本上與B/B值的走勢雷同，</p>\n\n<p>兩者大致朝同一方向變動，</p>\n\n<p>但 2010 年 7 月後，</p>\n\n<p>因為台積電在晶圓代工領域<span style=\"font-size:13px\">，</span></p>\n\n<p>無論是產能、市佔率、</p>\n\n<p>獲利能力等等，</p>\n\n<p>均在全球取得領先地位<span style=\"font-size:12.8000001907349px\">，</span></p>\n\n<p>所以即使 B/B 值向下變動，</p>\n\n<p>台積電的股價也能維持成長。</p>\n\n<p>&nbsp;</p>\n\n<p><googleadsense height=\"250px\" type=\"2\" width=\"300px\"></googleadsense></p>\n\n<p>&nbsp;</p>\n\n<p>&nbsp;</p>\n\n<h2>(2) 幫助投資人做出投資決策</h2>\n\n<p>半導體產業為多數 IT 產業的上游端，</p>\n\n<p>當下游需求旺盛，</p>\n\n<p>向上游追加訂單的需求便會增多。</p>\n\n<p>因此，當 B/B 值持續增高，</p>\n\n<p>代表景氣復甦成長，</p>\n\n<p>投資人便可依據這個指標，</p>\n\n<p>決定是否要投資、或是增加投資金額等。</p>\n\n<p>換句話說，</p>\n\n<p>在投資半導體與科技相關產業之前，</p>\n\n<p>最好先看過B/B值，</p>\n\n<p>再做出投資決策。</p>\n\n<p>&nbsp;</p>\n\n<h1>現在的 B/B值：</h1>\n\n<h1>連 3 月平穩上漲，且大於 1</h1>\n\n<p><img alt=\"\" height=\"180\" src=\"http://www.cmoney.tw/learn/cmstatic/learn/71/20160513175428004.png\" width=\"650\" /></p>\n\n<p>（資料來源：<a href=\"http://www.moneydj.com/funddj/yl/BFRK01.djhtm?A=ei020039\" target=\"_blank\">MoneyDJ北美半導體B/B值</a>）</p>\n\n<p>&nbsp;</p>\n\n<p><img alt=\"\" height=\"231\" src=\"http://www.cmoney.tw/learn/cmstatic/learn/71/20160517090507066.jpg\" width=\"650\" /></p>\n\n<p>觀察現在的 北美半導體 B/B 值，</p>\n\n<p>已經連續第三個月平穩上漲，</p>\n\n<p>且連續三個月大於 1，</p>\n\n<p>再近 8 個月以來走勢不錯，</p>\n\n<p>代表市場需求大於廠商供給，</p>\n\n<p><span style=\"color:#800080\"><strong>全球半導體與科技產業景氣升溫的機會大。</strong></span></p>\n\n<p>&nbsp;</p>\n\n<h2>B/B值&nbsp;資料哪裡找？</h2>\n\n<p><img alt=\"\" height=\"94\" src=\"http://www.cmoney.tw/learn/cmstatic/learn/71/20140820121126353.jpg\" width=\"500\" /></p>\n\n<p>(連結：<a href=\"http://www.semi.org/en/index.htm\" target=\"_blank\">國際半導體設備與材料產業協會</a>)</p>\n\n<p>&nbsp;</p>\n\n<p>&nbsp;</p>\n\n<p>我們已經介紹完製造業相關指標了，</p>\n\n<p>接下來的下一章節，</p>\n\n<p>我們就要來認識就業相關指標了唷^^</p>\n\n<p>&nbsp;</p>\n\n<h2>對半導體產業有興趣的投資人，</h2>\n\n<h2>這個一定要關注的啦！</h2>\n\n<h2>你知道嗎？現在不學好投資</h2>\n\n<h2>你會比別人多辛苦十年...</h2>\n\n<p>想學投資，卻不知從何下手？</p>\n\n<p>用16堂課，就能學會如何操作0050</p>\n\n<p>輕鬆踏出理財的第一步！</p>\n\n<p>立即了解課程 &gt;&gt;&nbsp;<a href=\"http://cmy.tw/006mys\"><span style=\"font-family:times new roman; font-size:small\">http://cmy.tw/006mys</span></a></p>\n\n<p><a href=\"http://cmy.tw/006mys\" style=\"outline-style: initial; outline-width: 0px; text-decoration-line: underline; color: rgb(0, 119, 181); position: relative;\" target=\"_blank\"><img alt=\"\" height=\"520\" src=\"http://www.cmoney.tw/notes/cmstatic/notes/capture/744971/20190613171633668.gif\" width=\"364\" /></a></p>\n",
        "ViewCount": "24437",
        "IsReference": true,
        "ReferenceList": [
            {
                "ReferenceId": 33365,
                "Description": "ISM製造業與非製造業指數",
                "ReferenceUrl": "http://www.cmoney.tw/learn/course/economic/topic/1199",
                "ReferenceImage": "http://www.cmoney.tw/learn/cmstatic/learn/71/20160513172906536.jpg",
                "ViewCount": 53
            },
            {
                "ReferenceId": 33366,
                "Description": "景氣對策信號",
                "ReferenceUrl": "http://www.cmoney.tw/learn/course/economic/topic/1213",
                "ReferenceImage": "http://www.cmoney.tw/learn/cmstatic/learn/71/20160513143031895.jpg",
                "ViewCount": 41
            },
            {
                "ReferenceId": 33367,
                "Description": "投資人該如何使用經濟指標？",
                "ReferenceUrl": "http://www.cmoney.tw/learn/course/economic/topic/1193",
                "ReferenceImage": "http://www.cmoney.tw/learn/cmstatic/learn/71/20160513113704264.jpg",
                "ViewCount": 16
            }
        ],
        "OgImgURL": "http://www.cmoney.tw/learn/cmstatic/learn/71/20160517132037047.jpg"
    },
    "badges": [],
    "isTreeCompleted": false,
    "nextCourse": null
}