{
    "courseDetail": {
        "CourseId": 1205,
        "CourseContent": "<p>&nbsp;</p>\n\n<p>近來台股持續下跌</p>\n\n<p>許多投資人賠慘了</p>\n\n<p>要如何預測大盤漲跌</p>\n\n<p>相信是許多投資人共同的問題</p>\n\n<p>這裡給大家介紹一種指標</p>\n\n<p>可以從美國股市的情形</p>\n\n<p>來預測台股的漲跌哦～</p>\n\n<p>&nbsp;</p>\n\n<p>讓我們看下去.......</p>\n\n<p>&nbsp;</p>\n\n<p><span style=\"color:rgb(128, 128, 128)\"><span style=\"font-size:12px\">(贊助商連結...)</span></span></p>\n\n<p><span style=\"color:rgb(128, 128, 128)\"><span style=\"font-size:12px\"><googleadsense height=\"600px\" type=\"4\" width=\"300px\"></googleadsense></span></span></p>\n\n<p>&nbsp;</p>\n\n<p>&nbsp;</p>\n\n<h1>當 非農業就業數據 上升，</h1>\n\n<h1>台股表現會變好！</h1>\n\n<p>若美國非農業就業數據增加，</p>\n\n<p>股市的表現通常會比較樂觀；</p>\n\n<p>反之，若美國非農業就業數據減少，</p>\n\n<p>股市的表現通常會比較悲觀。</p>\n\n<p>&nbsp;</p>\n\n<p><img alt=\"\" height=\"413\" src=\"http://www.cmoney.tw/notes/cmstatic/notes/capture/142204/20141111162012108.jpg\" width=\"700\" /></p>\n\n<p>（資料來源：CMoney法人投資決策支援系統）</p>\n\n<p>&nbsp;</p>\n\n<p>&nbsp;</p>\n\n<h1>為什麼呢...？</h1>\n\n<p>&nbsp;</p>\n\n<h1>首先，我們要先知道</h1>\n\n<h1>什麼是 非農業就業數據：</h1>\n\n<h2>代表全美 9 成以上的就業人口</h2>\n\n<h2>可以從中推知美國景氣狀態。</h2>\n\n<p>非農業單位，包含工廠、</p>\n\n<p>辦公單位、商店、政府單位等等，</p>\n\n<p>美國的經濟主體就是這些工商單位，</p>\n\n<p>非農業就業人口占</p>\n\n<p>全美就業人口的 9 成以上，</p>\n\n<p>因此這個數字可以看出企業雇用員工的情況，</p>\n\n<p>非農業就業數據每月公布，</p>\n\n<p>可以從中推知美國景氣狀態。</p>\n\n<p>&nbsp;</p>\n\n<h2>如果 非農業就業數據比上個月高，</h2>\n\n<h2>美國景氣就會好，美股表現也會更出色</h2>\n\n<p>當美國非農業就業數據增加，</p>\n\n<p>代表主要影響美國</p>\n\n<p>經濟表現的工商業逐漸好轉，</p>\n\n<p>失業率下降，</p>\n\n<p>民眾消費意願增加，</p>\n\n<p>美國景氣將復甦，</p>\n\n<p>美股表現會上揚；</p>\n\n<p>反之，當美國非農業就業數據減少，</p>\n\n<p>代表主要影響美國</p>\n\n<p>經濟表現的工商業正在轉壞，</p>\n\n<p>失業率上升，</p>\n\n<p>民眾消費意願下降，</p>\n\n<p>美國景氣將衰退，</p>\n\n<p>美股表現會變差。</p>\n\n<p>從下圖也可以看到</p>\n\n<p>美國非農業就業數據的趨勢性相當明顯，</p>\n\n<p>無論是非農業就業數據成長或減少，</p>\n\n<p>都會持續一長段時間。</p>\n\n<p><img alt=\"\" height=\"415\" src=\"http://www.cmoney.tw/notes/cmstatic/notes/capture/142204/20141111162159891.jpg\" width=\"700\" /></p>\n\n<p>（資料來源：CMoney法人投資決策支援系統）</p>\n\n<p>&nbsp;</p>\n\n<p>&nbsp;</p>\n\n<h1>美國是台灣第 3 大出口國，</h1>\n\n<h1>美國景氣好，台灣也受惠</h1>\n\n<p>近五年，台灣對美國的出口總金額</p>\n\n<p>比重達到 11.15%，</p>\n\n<p>為台灣第三大出口國家，</p>\n\n<p>由於美國景氣影響美國人民的消費意願，</p>\n\n<p>若美國非農業就業數據增加，</p>\n\n<p>代表美國景氣會越來越好，</p>\n\n<p>連帶台灣的經濟表現也會跟著變好，</p>\n\n<p>所以想預測台灣景氣，</p>\n\n<p>一定要觀察美國非農業就業數據！</p>\n\n<p><img alt=\"\" src=\"http://www.cmoney.tw/notes/cmstatic/notes/capture/142204/20141111121129197.jpg\" /></p>\n\n<p>（資料來源：<a href=\"http://cus93.trade.gov.tw/fsci/\" target=\"_blank\">國際貿易局</a>）</p>\n\n<p>&nbsp;</p>\n\n<p>&nbsp;</p>\n\n<h2>當 非農業就業數據增加，</h2>\n\n<h2>美股跟著上揚，</h2>\n\n<h2>台股表現也會上升！！</h2>\n\n<p>既然美國是台灣第三大出口國，</p>\n\n<p>美國景氣好，</p>\n\n<p>台灣經濟表現也會受惠；</p>\n\n<p>而美國景氣差，</p>\n\n<p>台灣經濟表現也會受累，</p>\n\n<p>既然從非農業就業數據，</p>\n\n<p>可以窺知美國景氣狀態，</p>\n\n<p>受美國景氣影響的台灣，</p>\n\n<p>經濟表現也會展現在股市上。</p>\n\n<p>因此，<strong>當美國非農業就業數據逐漸增加，</strong></p>\n\n<p><strong>台股的表現通常也會比較樂觀，</strong></p>\n\n<p><strong>這時候就可以積極投入股市；</strong></p>\n\n<p>反之，<strong>當美國非農業就業數據逐漸減少，</strong></p>\n\n<p><strong>則可以採取觀望的態度，</strong></p>\n\n<p><strong>等待好時機再進場囉！</strong></p>\n\n<p>&nbsp;</p>\n\n<h1>美國非農業就業數據&nbsp;資料哪裡找？</h1>\n\n<p><img alt=\"\" height=\"103\" src=\"http://www.cmoney.tw/learn/cmstatic/learn/71/20140826155637718.jpg\" width=\"500\" /></p>\n\n<p>(連結：<a href=\"http://www.bls.gov/cps/\" target=\"_blank\">美國勞工統計局</a>)</p>\n\n<p>&nbsp;</p>\n\n<p><googleadsense height=\"250px\" type=\"2\" width=\"300px\"></googleadsense></p>\n\n<p>&nbsp;</p>\n\n<p>&nbsp;</p>\n\n<h2>現在的 美國非農業就業數據</h2>\n\n<h2>正在下降！</h2>\n\n<p><img alt=\"\" height=\"173\" src=\"http://www.cmoney.tw/learn/cmstatic/learn/71/20160517134420087.jpg\" width=\"650\" /></p>\n\n<p>（資料來源：<a href=\"http://www.moneydj.com/funddj/yl/BFRK01.djhtm?a=EI020025\" style=\"line-height: 25.5px;\" target=\"_blank\">MoneyDJ美國非農業就業人數變化</a>）</p>\n\n<p>&nbsp;</p>\n\n<p>從上圖中可以看到，</p>\n\n<p>美國於 2007 年 12 月 因經歷次貸風暴，</p>\n\n<p>非農業就業數據連續負成長，</p>\n\n<p>2009 年 3 月銳減數量達到最高，</p>\n\n<p>直到 2010 年 10 月，</p>\n\n<p>美國非農業就業數據開始穩定正成長，</p>\n\n<p><strong>而近期非農業就業數據每月持續下降，</strong></p>\n\n<p><strong>投資人對股市要保持戒心，可能下跌。</strong></p>\n\n<p>&nbsp;</p>\n\n<h1>美股與台股息息相關~</h1>\n\n<h1>投資人可以學會看美國的許多指標哦！</h1>\n\n<h2>你知道嗎？現在不學好投資</h2>\n\n<h2>你會比別人多辛苦十年...</h2>\n\n<p>想學投資，卻不知從何下手？</p>\n\n<p>用16堂課，就能學會如何操作0050</p>\n\n<p>輕鬆踏出理財的第一步！</p>\n\n<p>立即了解課程 &gt;&gt;&nbsp;<a href=\"http://cmy.tw/006mys\"><span style=\"font-family:times new roman; font-size:small\">http://cmy.tw/006mys</span></a></p>\n\n<p><a href=\"http://cmy.tw/006mys\" style=\"outline-style: initial; outline-width: 0px; text-decoration-line: underline; color: rgb(0, 119, 181); position: relative;\" target=\"_blank\"><img alt=\"\" height=\"520\" src=\"http://www.cmoney.tw/notes/cmstatic/notes/capture/744971/20190613171633668.gif\" width=\"364\" /></a></p>\n",
        "ViewCount": "18695",
        "IsReference": true,
        "ReferenceList": [
            {
                "ReferenceId": 33371,
                "Description": "失業率",
                "ReferenceUrl": "http://www.cmoney.tw/learn/course/economic/topic/1202",
                "ReferenceImage": "http://www.cmoney.tw/learn/cmstatic/learn/71/20160517121702543.jpg",
                "ViewCount": 30
            },
            {
                "ReferenceId": 33372,
                "Description": "什麼是經濟指標？",
                "ReferenceUrl": "http://www.cmoney.tw/learn/course/economic/topic/1190",
                "ReferenceImage": "http://www.cmoney.tw/learn/cmstatic/learn/71/20160511172840654.jpg",
                "ViewCount": 48
            },
            {
                "ReferenceId": 33373,
                "Description": "經濟指標 的 4 大功用",
                "ReferenceUrl": "http://www.cmoney.tw/learn/course/economic/topic/1192",
                "ReferenceImage": "http://www.cmoney.tw/learn/cmstatic/learn/71/20160510175407124.jpg",
                "ViewCount": 69
            }
        ],
        "OgImgURL": "http://www.cmoney.tw/notes/cmstatic/notes/capture/142204/20141111162012108.jpg"
    },
    "badges": [],
    "isTreeCompleted": false,
    "nextCourse": null
}