{
    "courseDetail": {
        "CourseId": 1208,
        "CourseContent": "<h1>&nbsp;</h1>\n\n<p>&nbsp;</p>\n\n<h1>美國 個人消費支出</h1>\n\n<p>上章說美國是台灣第 3 大出口國</p>\n\n<p>所以 美股 對台股的影響很大</p>\n\n<p>前面幾章介紹了很多影響美股的數字</p>\n\n<p>之前曾說消費相關指標的漲跌與</p>\n\n<p>美股幾乎同步，這章來介紹其中的</p>\n\n<p>第 2 種「個人消費支出」</p>\n\n<p>它也非常大的影響了台灣的出口金額</p>\n\n<p>同時干預了台股的漲跌</p>\n\n<p>對於勤做筆記的投資者而言</p>\n\n<p>同樣是個必須要知道的指標哦~</p>\n\n<p>&nbsp;</p>\n\n<p>讓我們看下去.......</p>\n\n<p>&nbsp;</p>\n\n<p><span style=\"color:rgb(128, 128, 128)\"><span style=\"font-size:12px\">(贊助商連結...)</span></span></p>\n\n<p><span style=\"color:rgb(128, 128, 128)\"><span style=\"font-size:12px\"><googleadsense height=\"600px\" type=\"4\" width=\"300px\"></googleadsense></span></span></p>\n\n<p>&nbsp;</p>\n\n<p>&nbsp;</p>\n\n<h1>美國個人消費支出越高，</h1>\n\n<h1>美股表現通常越好</h1>\n\n<p>個人消費支出金額愈多，</p>\n\n<p>代表消費力佳，經濟熱絡，</p>\n\n<p>股市表現也會跟著比較好。</p>\n\n<p>從下圖中，</p>\n\n<p>可以看到 美股走勢與</p>\n\n<p>美國個人消費支出金額同向變動。</p>\n\n<p>&nbsp;</p>\n\n<p><img alt=\"\" height=\"406\" src=\"http://www.cmoney.tw/notes/cmstatic/notes/capture/142204/20141121142626637.jpg\" width=\"700\" /></p>\n\n<p>（資料來源：CMoney 法人投資決策支援系統）</p>\n\n<p>&nbsp;</p>\n\n<p>&nbsp;</p>\n\n<h1>美國個人消費支出 增高</h1>\n\n<h1>股價也可能因此上揚。</h1>\n\n<p>GDP 消費項目中，</p>\n\n<p>包含民眾在各項 耐久財（如汽車，住宅相關）、</p>\n\n<p>非耐久財以及服務方面的支出金額，</p>\n\n<p>耐久財和 非耐久財的消費數據</p>\n\n<p>可以從<a href=\"http://www.cmoney.tw/notes/note-detail.aspx?nid=20407\" target=\"_blank\">零售銷售額</a>中看出端倪，</p>\n\n<p>而服務方面的消費雖然佔</p>\n\n<p>GDP 消費項目中近六成的比例，</p>\n\n<p>但因為不易統計，</p>\n\n<p>故缺乏一個可以明確預估的指標，</p>\n\n<p>因此，透過總計耐久財、</p>\n\n<p>非耐久財和 服務支出金額的&nbsp;個人消費支出數據，</p>\n\n<p>可以全盤了解 GDP 消費項目的表現。</p>\n\n<p>&nbsp;</p>\n\n<p>另外，個人消費支出反映了</p>\n\n<p>美國民眾消費行為的積極程度，</p>\n\n<p>因此若個人消費增加，</p>\n\n<p>消費市場變活絡，</p>\n\n<p>美國景氣會變好，</p>\n\n<p>與消費相關的產業，</p>\n\n<p>例如百貨零售、汽車業等等，</p>\n\n<p>獲利率增加的機會變大，</p>\n\n<p>股價也可能因此上揚。</p>\n\n<p>&nbsp;</p>\n\n<p><img alt=\"\" height=\"379\" src=\"http://www.cmoney.tw/learn/cmstatic/learn/71/20140826155421599.jpg\" width=\"700\" /></p>\n\n<p>&nbsp;</p>\n\n<p><googleadsense height=\"250px\" type=\"2\" width=\"300px\"></googleadsense></p>\n\n<p>&nbsp;</p>\n\n<p>&nbsp;</p>\n\n<h1>美國個人消費支出成長，</h1>\n\n<h1>會帶動台灣出口總金額跟著提高</h1>\n\n<p>美國消費支出佔其 GDP 的七成，</p>\n\n<p>若美國個人消費支出增加，</p>\n\n<p>代表消費市場變活絡，</p>\n\n<p>通常美國景氣也會變好，</p>\n\n<p>美股表現可以因此較佳，</p>\n\n<p>美元也較強勢！</p>\n\n<p>&nbsp;</p>\n\n<p>美國身為經濟龍頭，</p>\n\n<p>許多國家的產品都外銷到美國，</p>\n\n<p>一旦美元升值，</p>\n\n<p>將有利於各國出口至美國，</p>\n\n<p>尤其對台灣來說，</p>\n\n<p>美國是台灣的第三大出口國家，</p>\n\n<p>因此美國消費市場的狀況好壞，</p>\n\n<p>直接牽連到台灣的出口成績！</p>\n\n<p>&nbsp;</p>\n\n<p>從下圖中可以明顯看到，</p>\n\n<p>美國個人消費支出 和 台灣出口總金額</p>\n\n<p>走勢大致相同，也就是說，</p>\n\n<p><strong>當美國個人消費支出成長，</strong></p>\n\n<p><strong>就會帶動台灣出口總金額表現！</strong></p>\n\n<p>&nbsp;</p>\n\n<p><span style=\"font-size:13px\"><img alt=\"\" height=\"411\" src=\"http://www.cmoney.tw/notes/cmstatic/notes/capture/142204/20141121144355636.jpg\" width=\"700\" /></span></p>\n\n<p>（資料來源：CMoney 法人投資決策支援系統）</p>\n\n<p>&nbsp;</p>\n\n<p>&nbsp;</p>\n\n<h1>美國個人消費支出&nbsp;資料哪裡找？</h1>\n\n<p><img alt=\"\" height=\"127\" src=\"http://www.cmoney.tw/learn/cmstatic/learn/71/20160518101549945.jpg\" width=\"600\" /></p>\n\n<p>&nbsp;</p>\n\n<p>（連結：<a href=\"http://www.bea.gov/index.htm\" target=\"_blank\">美國商務部經濟分析局</a>）</p>\n\n<p>&nbsp;</p>\n\n<p>&nbsp;</p>\n\n<h2>現在的&nbsp;美國個人消費支出 <strong>歷</strong>年最高</h2>\n\n<h2>有助於台灣出口表現！</h2>\n\n<h2>台股也不會因為這樣下跌啦~</h2>\n\n<p><img alt=\"\" height=\"171\" src=\"http://www.cmoney.tw/learn/cmstatic/learn/71/20160518101714445.jpg\" width=\"650\" /></p>\n\n<p>（資料來源：<a href=\"http://www.moneydj.com/funddj/yl/BFRK01.djhtm?a=EI020063\" target=\"_blank\">MoneyDJ美國個人支出</a>）</p>\n\n<p>&nbsp;</p>\n\n<p>從上圖中可以看到，</p>\n\n<p>這 16 年多的美國個人消費支出金額，</p>\n\n<p>幾乎是呈直線向上的趨勢，</p>\n\n<p><strong>4 月份的美國個人消費支出金額是歷年來最高，</strong></p>\n\n<p><strong>可繼續對未來美國景氣表現保持樂觀，</strong></p>\n\n<p><strong>從而看好台灣出口表現！</strong></p>\n\n<p>&nbsp;</p>\n\n<h2>把這些指標記下來，</h2>\n\n<h2>每天花 5 分鐘看看，</h2>\n\n<h2>也許...哪一天就派上大用場啦！</h2>\n\n<h2>你知道嗎？現在不學好投資</h2>\n\n<h2>你會比別人多辛苦十年...</h2>\n\n<p>想學投資，卻不知從何下手？</p>\n\n<p>用16堂課，就能學會如何操作0050</p>\n\n<p>輕鬆踏出理財的第一步！</p>\n\n<p>立即了解課程 &gt;&gt;&nbsp;<a href=\"http://cmy.tw/006mys\"><span style=\"font-family:times new roman; font-size:small\">http://cmy.tw/006mys</span></a></p>\n\n<p><a href=\"http://cmy.tw/006mys\" style=\"outline-style: initial; outline-width: 0px; text-decoration-line: underline; color: rgb(0, 119, 181); position: relative;\" target=\"_blank\"><img alt=\"\" height=\"520\" src=\"http://www.cmoney.tw/notes/cmstatic/notes/capture/744971/20190613171633668.gif\" width=\"364\" /></a></p>\n",
        "ViewCount": "17229",
        "IsReference": true,
        "ReferenceList": [
            {
                "ReferenceId": 33377,
                "Description": "經濟指標 的 4 大功用",
                "ReferenceUrl": "http://www.cmoney.tw/learn/course/economic/topic/1192",
                "ReferenceImage": "http://www.cmoney.tw/learn/cmstatic/learn/71/20160510175407124.jpg",
                "ViewCount": 69
            },
            {
                "ReferenceId": 33378,
                "Description": "投資人該如何使用經濟指標？",
                "ReferenceUrl": "http://www.cmoney.tw/learn/course/economic/topic/1193",
                "ReferenceImage": "http://www.cmoney.tw/learn/cmstatic/learn/71/20160514221811297.jpg",
                "ViewCount": 26
            },
            {
                "ReferenceId": 33379,
                "Description": "零售銷售指數",
                "ReferenceUrl": "http://www.cmoney.tw/learn/course/economic/topic/1209",
                "ReferenceImage": "http://www.cmoney.tw/learn/cmstatic/learn/71/20160518100359887.jpg",
                "ViewCount": 34
            }
        ],
        "OgImgURL": "http://www.cmoney.tw/notes/cmstatic/notes/capture/142204/20141121142626637.jpg"
    },
    "badges": [],
    "isTreeCompleted": false,
    "nextCourse": null
}