{
    "courseDetail": {
        "CourseId": 1204,
        "CourseContent": "<p>&nbsp;</p>\n\n<h1>美股 漲跌會影響到 台股</h1>\n\n<h1>那麼... 什麼會影響到美股呢？</h1>\n\n<p>上章<a href=\"http://www.cmoney.tw/learn/course/economic/topic/1202\" id=\"treeTopic\" style=\"position: relative;\">失業率</a>講到了失業率上漲或下跌</p>\n\n<p>對於台股的影響，</p>\n\n<p>這章我們來講美國「上週初次申請失業救濟金人數」</p>\n\n<p>&nbsp;</p>\n\n<p>美股對台股的影響</p>\n\n<p>我們在<a href=\"http://www.cmoney.tw/learn/course/economic/topic/1214\" id=\"treeTopic\" style=\"position: relative;\">美國領先指標</a>已經提過</p>\n\n<p>這次講的這個指標也是對美股漲跌</p>\n\n<p>影響息息相關</p>\n\n<p>他比其他經濟指標好的地方在於</p>\n\n<p>它是<strong>一週公布一次</strong></p>\n\n<p>對於需要爭分奪秒的短線投資者而言</p>\n\n<p>這樣高頻率更新的數據</p>\n\n<p>更能對變幻莫測的股市</p>\n\n<p>有更大的把握喔！</p>\n\n<p>下面簡單介紹一下</p>\n\n<h2>上週初次申請失業救濟金人數 與</h2>\n\n<h2>股市漲跌的關聯~</h2>\n\n<p>&nbsp;</p>\n\n<p>讓我們看下去.......</p>\n\n<p>&nbsp;</p>\n\n<p><span style=\"color:rgb(128, 128, 128)\"><span style=\"font-size:12px\">(贊助商連結...)</span></span></p>\n\n<p><span style=\"color:rgb(128, 128, 128)\"><span style=\"font-size:12px\"><googleadsense height=\"600px\" type=\"4\" width=\"300px\"></googleadsense></span></span></p>\n\n<p>&nbsp;</p>\n\n<p>&nbsp;</p>\n\n<h1>美國初次申請失業救濟金人數「下跌」，</h1>\n\n<h1>美股大多會漲；</h1>\n\n<h1>美國初次申請失業救濟金人數「上升」，</h1>\n\n<h1>美股大多會跌！</h1>\n\n<p>如果美國初次申請失業救濟金人數下降，</p>\n\n<p>美國失業率下降，</p>\n\n<p>景氣回升，股市可能走高；</p>\n\n<p>反之，</p>\n\n<p>如果美國初次申請失業救濟金人數上升，</p>\n\n<p>美國失業率上升，</p>\n\n<p>景氣衰退，股市可能走低。</p>\n\n<p>&nbsp;</p>\n\n<p><img alt=\"\" height=\"452\" src=\"http://www.cmoney.tw/notes/cmstatic/notes/capture/142204/20141121162600952.jpg\" width=\"700\" /></p>\n\n<p>（資料來源：CMoney 法人投資決策支援系統）</p>\n\n<p>&nbsp;</p>\n\n<p>&nbsp;</p>\n\n<h1>失業率一個月才公布一次</h1>\n\n<h1>指標卻每週都公布一次</h1>\n\n<h1>這樣...就不怕錯失時機啦！</h1>\n\n<p>當美國人民遭到公司裁員而失業，</p>\n\n<p>可以依規定向政府申請失業救濟金，</p>\n\n<p>政府隔週會統計上週申請失業救濟金的人數，</p>\n\n<p>這個數字就是</p>\n\n<p>「美國上週初次申請失業救濟金人數」，</p>\n\n<p>反應出美國新失業人數的增減。</p>\n\n<p>由於這個指標每週公布一次，</p>\n\n<p>通常可以用來預測美國失業率，</p>\n\n<p>算是美國失業率等於就業報告的先行指標。</p>\n\n<p>從下圖中，</p>\n\n<p>我們可以明顯看到，</p>\n\n<p><strong>美國初次申請失業救濟金人數走勢領先於失業率！</strong></p>\n\n<p>&nbsp;</p>\n\n<p><img alt=\"\" height=\"501\" src=\"http://www.cmoney.tw/notes/cmstatic/notes/capture/142204/20141121111701421.jpg\" width=\"700\" /></p>\n\n<p>（資料來源：CMoney 法人投資決策支援系統）</p>\n\n<p>&nbsp;</p>\n\n<p>&nbsp;</p>\n\n<h1>美國初次申請失業救濟金人數</h1>\n\n<h1>「下降」4 週以上，</h1>\n\n<h1>股市可能走「高」！</h1>\n\n<h2>美國初次申請失業救濟金人數與美股走勢「相反」</h2>\n\n<p>如果美國初次申請失業救濟金人數</p>\n\n<p>連續「下降」4週以上，</p>\n\n<p>代表美國失業率下降，</p>\n\n<p>那麼，民眾消費意願會增加，</p>\n\n<p>景氣越來越好，股市可能會漲；</p>\n\n<p>反之，</p>\n\n<p>如果美國初次申請失業救濟金人數</p>\n\n<p>連續「上升」4週以上，</p>\n\n<p>代表美國失業率增加，</p>\n\n<p>那麼，民眾消費意願會下降，</p>\n\n<p>景氣越來越差，股市可能會跌。</p>\n\n<p>&nbsp;</p>\n\n<p><img alt=\"\" height=\"440\" src=\"http://www.cmoney.tw/notes/cmstatic/notes/capture/142204/20141121162103750.jpg\" width=\"600\" /></p>\n\n<p>&nbsp;</p>\n\n<p><googleadsense height=\"250px\" type=\"2\" width=\"300px\"></googleadsense></p>\n\n<p>&nbsp;</p>\n\n<p>&nbsp;</p>\n\n<h1>美國初次申請失業救濟金人數&nbsp;資料哪裡找？</h1>\n\n<p><img alt=\"\" height=\"144\" src=\"http://www.cmoney.tw/learn/cmstatic/learn/71/20140822145312792.jpg\" width=\"500\" /></p>\n\n<p>（連結：<a href=\"http://www.dol.gov/\" target=\"_blank\">美國勞工部</a>）</p>\n\n<p>&nbsp;</p>\n\n<p>&nbsp;</p>\n\n<h1>現在的 美國初次申請失業救濟金人數</h1>\n\n<h1>正逐漸攀高，代表景氣正在變差！</h1>\n\n<h1>連帶影響台股下跌</h1>\n\n<p><img alt=\"\" height=\"170\" src=\"http://www.cmoney.tw/learn/cmstatic/learn/71/20160518090745190.jpg\" width=\"650\" /></p>\n\n<p>（資料來源：<a href=\"http://www.moneydj.com/funddj/yl/BFRK01.djhtm?a=EI020001\" target=\"_blank\">MoneyDJ美國首次申請失業救濟人數</a>）</p>\n\n<p>&nbsp;</p>\n\n<p>從上圖可以看到美國初次申請失業救濟金的人數<span style=\"font-size:12.8000001907349px\">，</span></p>\n\n<p><strong>從 2016 年 4 月以來越來越高，</strong></p>\n\n<p><strong>顯示出整體景氣越來越差的情況！</strong></p>\n\n<p>&nbsp;</p>\n\n<h1>這個數字每周都會更新，</h1>\n\n<h1>投資者不要忘了看哦~</h1>\n\n<h2>你知道嗎？現在不學好投資</h2>\n\n<h2>你會比別人多辛苦十年...</h2>\n\n<p>想學投資，卻不知從何下手？</p>\n\n<p>用16堂課，就能學會如何操作0050</p>\n\n<p>輕鬆踏出理財的第一步！</p>\n\n<p>立即了解課程 &gt;&gt;&nbsp;<a href=\"http://cmy.tw/006mys\"><span style=\"font-family:times new roman; font-size:small\">http://cmy.tw/006mys</span></a></p>\n\n<p><a href=\"http://cmy.tw/006mys\" style=\"outline-style: initial; outline-width: 0px; text-decoration-line: underline; color: rgb(0, 119, 181); position: relative;\" target=\"_blank\"><img alt=\"\" height=\"520\" src=\"http://www.cmoney.tw/notes/cmstatic/notes/capture/744971/20190613171633668.gif\" width=\"364\" /></a></p>\n",
        "ViewCount": "14121",
        "IsReference": true,
        "ReferenceList": [
            {
                "ReferenceId": 33374,
                "Description": "什麼是經濟指標？",
                "ReferenceUrl": "http://www.cmoney.tw/learn/course/economic/topic/1190",
                "ReferenceImage": "http://www.cmoney.tw/learn/cmstatic/learn/71/20160511172840654.jpg",
                "ViewCount": 26
            },
            {
                "ReferenceId": 33375,
                "Description": "經濟指標 的 4 大功用",
                "ReferenceUrl": "http://www.cmoney.tw/learn/course/economic/topic/1192",
                "ReferenceImage": "http://www.cmoney.tw/learn/cmstatic/learn/71/20160510175407124.jpg",
                "ViewCount": 21
            },
            {
                "ReferenceId": 33376,
                "Description": "投資人該如何使用經濟指標？",
                "ReferenceUrl": "http://www.cmoney.tw/learn/course/economic/topic/1193",
                "ReferenceImage": "http://www.cmoney.tw/learn/cmstatic/learn/71/20160514221811297.jpg",
                "ViewCount": 15
            }
        ],
        "OgImgURL": "http://www.cmoney.tw/notes/cmstatic/notes/capture/142204/20141121162600952.jpg"
    },
    "badges": [],
    "isTreeCompleted": false,
    "nextCourse": null
}