{
    "courseDetail": {
        "CourseId": 1202,
        "CourseContent": "<p>&nbsp;</p>\n\n<p>&nbsp;</p>\n\n<h1>觀察失業率，</h1>\n\n<h1>可以預估你的投資勝算？</h1>\n\n<p>失業率會影響到大盤嗎？</p>\n\n<p>其實，是會的！</p>\n\n<p>就業率高、失業率低，</p>\n\n<p>民眾的所得會比較穩定，</p>\n\n<p>收入也比較有機會成長，</p>\n\n<p>進而使消費意願增加，</p>\n\n<p>消費市場變繁榮，</p>\n\n<p>整體經濟景氣也跟著更熱絡！</p>\n\n<p>相反地，</p>\n\n<p>就業率低、失業率高，</p>\n\n<p>整體經濟景氣會跟著更低迷。</p>\n\n<p>投資者要怎麼看，</p>\n\n<p>才能避開危險、增加投資勝率呢？</p>\n\n<p>&nbsp;</p>\n\n<p>讓我們看下去.......</p>\n\n<p>&nbsp;</p>\n\n<p><span style=\"color:rgb(128, 128, 128)\"><span style=\"font-size:12px\">(贊助商連結...)</span></span></p>\n\n<p><span style=\"color:rgb(128, 128, 128)\"><span style=\"font-size:12px\"><googleadsense height=\"600px\" type=\"4\" width=\"300px\"></googleadsense></span></span></p>\n\n<p>&nbsp;</p>\n\n<p>&nbsp;</p>\n\n<p>因為就業相關指標影響消費市場及景氣頗深，</p>\n\n<p>所以我們需要觀察就業相關指標，</p>\n\n<p>幫助我們做出適當的投資決策。</p>\n\n<h1>就業相關指標：</h1>\n\n<h2>直接影響民眾的消費能力，</h2>\n\n<h2>是需要重點關注的經濟指標！</h2>\n\n<p><img alt=\"\" height=\"269\" src=\"http://www.cmoney.tw/learn/cmstatic/learn/71/20140821121550986.jpg\" width=\"700\" /></p>\n\n<p>&nbsp;</p>\n\n<p>&nbsp;</p>\n\n<h1>這邊先介紹 失業率：</h1>\n\n<h2>觀察一國失業狀況的主要依據！</h2>\n\n<p>失業率是指 15 歲以上，</p>\n\n<p>有能力且有意願工作的失業人口，</p>\n\n<p>佔總勞動人口的比率。</p>\n\n<p>此比率能反映勞動市場的供需狀況，</p>\n\n<p>更可以反映整體經濟狀況。</p>\n\n<p>&nbsp;</p>\n\n<p><img alt=\"\" height=\"109\" src=\"http://www.cmoney.tw/learn/cmstatic/learn/71/20140822103013739.jpg\" width=\"500\" /></p>\n\n<p>&nbsp;</p>\n\n<p>&nbsp;</p>\n\n<p>雖然失業率是落後的經濟指標，</p>\n\n<p>但因為就業狀況會直接影響民間消費信心，</p>\n\n<p>若失業率高，</p>\n\n<p>消費狀況會偏保守甚至衰退，</p>\n\n<p>進而使總體消費支出與經濟景氣受到影響，</p>\n\n<p>因此仍是非常重要的指標。</p>\n\n<p>&nbsp;</p>\n\n<p>&nbsp;</p>\n\n<p>&nbsp;</p>\n\n<h1>失業率的 4 個判讀方式：</h1>\n\n<h2>1. 失業率比上個月「低」，</h2>\n\n<h2>代表失業人口變少，整體景氣變好；</h2>\n\n<h2>2. 失業率比上個月「高」，</h2>\n\n<h2>代表失業人口變多，整體景氣變差。</h2>\n\n<p><img alt=\"\" height=\"433\" src=\"http://www.cmoney.tw/learn/cmstatic/learn/71/20140822112653379.jpg\" width=\"700\" /></p>\n\n<h2>&nbsp;</h2>\n\n<h2>3. 失業率連續「下降」3個月以上，</h2>\n\n<h2>造成股市可能走高、貨幣變強勢；</h2>\n\n<h2>4. 失業率連續「上升」3個月以上，</h2>\n\n<h2>造成股市可能走低、貨幣變弱勢。</h2>\n\n<p><img alt=\"\" height=\"838\" src=\"http://www.cmoney.tw/learn/cmstatic/learn/71/20140822113709903.jpg\" width=\"700\" /></p>\n\n<p>&nbsp;</p>\n\n<p><googleadsense height=\"250px\" type=\"2\" width=\"300px\"></googleadsense></p>\n\n<p>&nbsp;</p>\n\n<p>&nbsp;</p>\n\n<h1>失業率能反映</h1>\n\n<h1>國家的景氣狀況。</h1>\n\n<p>失業率能反映民間的購買力，</p>\n\n<p>以及看出企業對經濟的樂觀程度。</p>\n\n<p>當看好景氣前景，</p>\n\n<p>企業才有可能增聘員工數，</p>\n\n<p>使就業市場狀況好轉，</p>\n\n<p>失業率回到正常的水準。</p>\n\n<p>&nbsp;</p>\n\n<h2>跟過去 10 年相比，</h2>\n\n<h2>找出失業率的正常水平。</h2>\n\n<p>以台灣失業率來說，</p>\n\n<p>這 10 年的失業率相對低檔是 4%，</p>\n\n<p>也就是<strong>若能控制在 4% 以下，</strong></p>\n\n<p><strong>代表台灣景氣表現會變好</strong>，</p>\n\n<p>股市投資的勝算也會變高。</p>\n\n<p><img alt=\"\" height=\"174\" src=\"http://www.cmoney.tw/notes/cmstatic/notes/capture/142204/20141028094212055.jpg\" width=\"700\" /></p>\n\n<p>（資料來源：<a href=\"http://win.dgbas.gov.tw/dgbas04/bc4/timeser/comuse_f.asp\" style=\"margin: 0px; padding: 0px; outline: none; position: relative; color: rgb(0, 119, 181);\" target=\"_blank\">行政院主計處</a>）</p>\n\n<p>&nbsp;</p>\n\n<p>&nbsp;</p>\n\n<h1>投資人須留意失業率，</h1>\n\n<h1>了解目前的投資信心。</h1>\n\n<p>若公佈出來的失業率數字比市場預期好，</p>\n\n<p>通常對於市場投資或消費信心會有加分的效果，</p>\n\n<p>股市的表現通常也會比較好，</p>\n\n<p>這時候就可以積極投入股市；</p>\n\n<p>反之則可以採取觀望的態度，</p>\n\n<p>等待好時機再進場。</p>\n\n<p>下圖可以看到失業率和</p>\n\n<p>股市表現走勢的關係：</p>\n\n<p>2008 年 5 月受到全球金融風暴影響，</p>\n\n<p>台灣失業率也開始攀升，</p>\n\n<p>台股大盤表現也受到衝擊，</p>\n\n<p>加權指數不斷下探，</p>\n\n<p>直到失業率開始下降，</p>\n\n<p>景氣逐漸回穩，</p>\n\n<p>台股大盤表現也越來越好<span style=\"font-size:12.8000001907349px\">。</span></p>\n\n<p><img alt=\"\" height=\"432\" src=\"http://www.cmoney.tw/notes/cmstatic/notes/capture/142204/20141028103724740.jpg\" width=\"700\" /></p>\n\n<p>&nbsp;</p>\n\n<p>&nbsp;</p>\n\n<h1>失業率的資料哪裡找？</h1>\n\n<p><img alt=\"\" height=\"101\" src=\"http://www.cmoney.tw/learn/cmstatic/learn/71/20140822100635081.jpg\" width=\"500\" /></p>\n\n<p>（連結：<a href=\"http://win.dgbas.gov.tw/dgbas04/bc4/timeser/comuse_f.asp\" style=\"margin: 0px; padding: 0px; outline: none; position: relative; color: rgb(0, 119, 181);\" target=\"_blank\">行政院主計處</a>）</p>\n\n<p>&nbsp;</p>\n\n<p>&nbsp;</p>\n\n<h2>台灣 3 月失業率&nbsp;<strong>3.89%</strong>，</h2>\n\n<h2>近幾個月成平緩走勢！</h2>\n\n<p>那近年來台灣的失業率狀況如何呢？</p>\n\n<p>查詢行政院主計處資料後，得到以下結果：</p>\n\n<p><img alt=\"\" height=\"82\" src=\"http://www.cmoney.tw/learn/cmstatic/learn/71/20160517114328687.jpg\" width=\"650\" /></p>\n\n<p><img alt=\"\" height=\"314\" src=\"http://www.cmoney.tw/learn/cmstatic/learn/71/20160517114624976.jpg\" width=\"600\" /></p>\n\n<p>&nbsp;</p>\n\n<p>從去年 7 月 以後至今年 3 月，</p>\n\n<p>失業率都在 4% 以下，</p>\n\n<p>雖有微弱波動，</p>\n\n<p>但整體呈顯平緩</p>\n\n<p><strong>顯示台灣景氣不好不壞。</strong></p>\n\n<p>&nbsp;</p>\n\n<p>接下來，我們將延伸失業率的部分，</p>\n\n<p>來介紹「美國上週初次申請失業救濟金人數」這個指標囉！</p>\n\n<p>&nbsp;</p>\n\n<h2>下面繼續看看</h2>\n\n<h2>會影響投資勝率的其他指標吧！</h2>\n\n<h2>你知道嗎？現在不學好投資</h2>\n\n<h2>你會比別人多辛苦十年...</h2>\n\n<p>想學投資，卻不知從何下手？</p>\n\n<p>用16堂課，就能學會如何操作0050</p>\n\n<p>輕鬆踏出理財的第一步！</p>\n\n<p>立即了解課程 &gt;&gt;&nbsp;<a href=\"http://cmy.tw/006mys\"><span style=\"font-family:times new roman; font-size:small\">http://cmy.tw/006mys</span></a></p>\n\n<p><a href=\"http://cmy.tw/006mys\" style=\"outline-style: initial; outline-width: 0px; text-decoration-line: underline; color: rgb(0, 119, 181); position: relative;\" target=\"_blank\"><img alt=\"\" height=\"520\" src=\"http://www.cmoney.tw/notes/cmstatic/notes/capture/744971/20190613171633668.gif\" width=\"364\" /></a></p>\n",
        "ViewCount": "23154",
        "IsReference": true,
        "ReferenceList": [
            {
                "ReferenceId": 33368,
                "Description": "經濟指標 的 4 大功用",
                "ReferenceUrl": "http://www.cmoney.tw/learn/course/economic/topic/1192",
                "ReferenceImage": "http://www.cmoney.tw/learn/cmstatic/learn/71/20160510175407124.jpg",
                "ViewCount": 31
            },
            {
                "ReferenceId": 33369,
                "Description": "投資人該如何使用經濟指標？",
                "ReferenceUrl": "http://www.cmoney.tw/learn/course/economic/topic/1193",
                "ReferenceImage": "http://www.cmoney.tw/learn/cmstatic/learn/71/20160514221811297.jpg",
                "ViewCount": 14
            },
            {
                "ReferenceId": 33370,
                "Description": "景氣對策信號",
                "ReferenceUrl": "http://www.cmoney.tw/learn/course/economic/topic/1213",
                "ReferenceImage": "http://www.cmoney.tw/learn/cmstatic/learn/71/20160513143031895.jpg",
                "ViewCount": 64
            }
        ],
        "OgImgURL": "http://www.cmoney.tw/learn/cmstatic/learn/71/20140821121550986.jpg"
    },
    "badges": [],
    "isTreeCompleted": false,
    "nextCourse": null
}