{
    "courseDetail": {
        "CourseId": 1213,
        "CourseContent": "<h1><img alt=\"\" height=\"366\" src=\"http://www.cmoney.tw/learn/cmstatic/learn/71/20160513143031895.jpg\" width=\"650\" /></h1>\n\n<p><a href=\"https://tw.stock.yahoo.com/t/idx.php\"><span style=\"color:#696969\"><span style=\"font-size:12px\">(圖片來源)</span></span></a></p>\n\n<p>&nbsp;</p>\n\n<p>&nbsp;</p>\n\n<h1>現在應該要買股還是賣股？</h1>\n\n<p>相信這是每一個投資人都會有的問題，</p>\n\n<p>大家都知道要逢低買進、</p>\n\n<p>逢高賣出，可是如何判斷</p>\n\n<p>何時是低點、何時又是高點呢？</p>\n\n<p>這裡給大家介紹一種「景氣指標」，</p>\n\n<p>運用它，可以給投資人</p>\n\n<p>對於買進賣出的時機做一個</p>\n\n<p>有根據的參考～</p>\n\n<p>什麼是景氣指標呢？</p>\n\n<p>&nbsp;</p>\n\n<p>讓我們看下去.......</p>\n\n<p>&nbsp;</p>\n\n<p><span style=\"color:rgb(128, 128, 128)\"><span style=\"font-size:12px\">(贊助商連結...)</span></span></p>\n\n<p><span style=\"color:rgb(128, 128, 128)\"><span style=\"font-size:12px\"><googleadsense height=\"600px\" type=\"4\" width=\"300px\"></googleadsense></span></span></p>\n\n<p>&nbsp;</p>\n\n<p>&nbsp;</p>\n\n<h1>景氣指標：</h1>\n\n<h1>觀察國家景氣的好壞</h1>\n\n<p>每個國家經濟的發展變化，</p>\n\n<p>都具有一定的循環性，</p>\n\n<p>出現谷底後，會再向上攀升，</p>\n\n<p>接著到頂峰，又向下滑落，</p>\n\n<p>回到谷底。</p>\n\n<p>我們可以從這樣的景氣循環過程中，</p>\n\n<p>運用景氣指標預測景氣走向，</p>\n\n<p>或是驗證當下景氣的好壞。</p>\n\n<p>景氣指標的種類非常多，</p>\n\n<p>在這裡我們要針對</p>\n\n<p>景氣對策信號、GDP、</p>\n\n<p>美國領先指標 三種景氣指標作介紹。</p>\n\n<p>&nbsp;</p>\n\n<p>&nbsp;</p>\n\n<p>&nbsp;</p>\n\n<h1>景氣指標有 3 種：</h1>\n\n<h2>景氣對策信號、GDP、美國領先指標</h2>\n\n<p><img alt=\"\" src=\"http://www.cmoney.tw/notes/cmstatic/notes/capture/142204/20140929113429502.png\" /></p>\n\n<p>&nbsp;</p>\n\n<p>&nbsp;</p>\n\n<h1>我們這章先來講：</h1>\n\n<h1>景氣對策信號</h1>\n\n<h2>利用不同顏色燈號，</h2>\n\n<h2>表示目前國內景氣好壞</h2>\n\n<p>首先，先帶大家認識景氣對策信號。</p>\n\n<p>景氣對策信號，又稱景氣燈號，</p>\n\n<p>依據經濟發展及與景氣波動</p>\n\n<p>相關的經濟指標統計而成，</p>\n\n<p>利用紅、黃紅、綠、</p>\n\n<p>黃藍、藍等五種燈號，</p>\n\n<p>反映台灣經濟景氣的狀況。</p>\n\n<p>藉由燈號的顏色，</p>\n\n<p>來判斷未來景氣是否過熱或衰退，</p>\n\n<p>幫助自己調整投資計劃。</p>\n\n<p>&nbsp;</p>\n\n<h1>景氣對策信號資料哪裡找？</h1>\n\n<p><img alt=\"\" src=\"http://www.cmoney.tw/learn/cmstatic/learn/71/20140819113617925.jpg\" /></p>\n\n<p><span style=\"font-size:12px\"><span style=\"color:#696969\">(連結：</span><a href=\"http://www.ndc.gov.tw/\" target=\"_blank\"><span style=\"color:#696969\">國家發展委員會</span></a><span style=\"color:#696969\">)</span></span></p>\n\n<p>&nbsp;</p>\n\n<p><googleadsense height=\"250px\" type=\"2\" width=\"300px\"></googleadsense></p>\n\n<p>&nbsp;</p>\n\n<p>&nbsp;</p>\n\n<h1>景氣亮<span style=\"color:#FF0000\">「紅燈」</span>，</h1>\n\n<h1>股市過熱，可留意賣股時機；</h1>\n\n<h1>景氣亮<span style=\"color:#0000FF\">「藍燈」</span>，</h1>\n\n<h1>股市低迷，可逢低買進</h1>\n\n<p>景氣燈號向交通號誌一樣，</p>\n\n<p>當亮出綠燈時，</p>\n\n<p>表示當下景氣是穩定的；</p>\n\n<p>亮出紅燈時，表示景氣熱絡，</p>\n\n<p>可能要踩煞車，留意景氣過熱的風險；</p>\n\n<p>亮出藍燈時，表示景氣低迷，</p>\n\n<p>要留意經濟成長停滯的風險；</p>\n\n<p>至於黃紅燈及黃藍燈，</p>\n\n<p>表示經濟可能會轉向，</p>\n\n<p>必須密切觀察。</p>\n\n<p>&nbsp;</p>\n\n<p><img alt=\"\" src=\"http://www.cmoney.tw/learn/cmstatic/learn/71/20140827102301898.jpg\" /></p>\n\n<p>&nbsp;</p>\n\n<p>&nbsp;</p>\n\n<h1>今年 3 月 景氣對策信號 轉「藍燈」</h1>\n\n<p><span style=\"font-size:15px\">觀察最新的景氣對策信號統計資料，</span></p>\n\n<p>可發現台灣 3 月 的景氣對策信號，</p>\n\n<p>綜合判斷分數較 去年 5 月 減少 3 分，剩 15 分，</p>\n\n<p>代表國內景氣呈現轉弱跡象，</p>\n\n<p>國內短期成長動能較弱。</p>\n\n<p><img alt=\"\" height=\"419\" src=\"http://www.cmoney.tw/learn/cmstatic/learn/71/20160511083558565.jpg\" width=\"600\" /></p>\n\n<p><span style=\"font-size:12px\"><span style=\"color:#696969\">（連結：</span><a href=\"http://index.ndc.gov.tw/n/zh_tw/data/eco\"><span style=\"color:#696969\">景氣指標查詢系統</span></a><span style=\"color:#696969\">）</span></span></p>\n\n<p>&nbsp;</p>\n\n<p>&nbsp;</p>\n\n<p>有趣的景氣燈號，</p>\n\n<p>能幫助我們釐清現階段的景氣狀況，</p>\n\n<p>把握住股票進場出場的好時機！，</p>\n\n<p>接下來就要帶大家認識 國內生產毛額(GDP) 和 美國領先指標囉^^</p>\n\n<p>&nbsp;</p>\n\n<p>&nbsp;</p>\n\n<h2>原來是這樣~</h2>\n\n<h2>下面還有另外兩種景氣指標，</h2>\n\n<h2>趕快繼續看下去吧！</h2>\n\n<p>&nbsp;</p>\n\n<h2>你知道嗎？現在不學好投資</h2>\n\n<h2>你會比別人多辛苦十年...</h2>\n\n<p>想學投資，卻不知從何下手？</p>\n\n<p>用16堂課，就能學會如何操作0050</p>\n\n<p>輕鬆踏出理財的第一步！</p>\n\n<p>立即了解課程 &gt;&gt;&nbsp;<a href=\"http://cmy.tw/006mys\"><span style=\"font-family:times new roman; font-size:small\">http://cmy.tw/006mys</span></a></p>\n\n<p><a href=\"http://cmy.tw/006mys\" style=\"outline-style: initial; outline-width: 0px; text-decoration-line: underline; color: rgb(0, 119, 181); position: relative;\" target=\"_blank\"><img alt=\"\" height=\"520\" src=\"http://www.cmoney.tw/notes/cmstatic/notes/capture/744971/20190613171633668.gif\" width=\"364\" /></a></p>\n",
        "ViewCount": "90727",
        "IsReference": true,
        "ReferenceList": [
            {
                "ReferenceId": 33353,
                "Description": "美國領先指標",
                "ReferenceUrl": "http://www.cmoney.tw/learn/course/economic/topic/1214",
                "ReferenceImage": "http://www.cmoney.tw/learn/cmstatic/learn/71/20160511102714543.jpg",
                "ViewCount": 207
            },
            {
                "ReferenceId": 33354,
                "Description": "國內生產毛額 & 國民生產毛額",
                "ReferenceUrl": "http://www.cmoney.tw/learn/course/economic/topic/1212",
                "ReferenceImage": "http://www.cmoney.tw/learn/cmstatic/learn/71/20160511094919538.jpg",
                "ViewCount": 315
            },
            {
                "ReferenceId": 33355,
                "Description": "經濟指標 的 4 大功用",
                "ReferenceUrl": "http://www.cmoney.tw/learn/course/economic/topic/1192",
                "ReferenceImage": "http://www.cmoney.tw/learn/cmstatic/learn/71/20160510175407124.jpg",
                "ViewCount": 129
            }
        ],
        "OgImgURL": "http://www.cmoney.tw/learn/cmstatic/learn/71/20160513143031895.jpg"
    },
    "badges": [],
    "isTreeCompleted": false,
    "nextCourse": null
}