{
    "courseDetail": {
        "CourseId": 1214,
        "CourseContent": "<p>&nbsp;</p>\n\n<h1>如何預測未來股市走向？</h1>\n\n<p>這關乎到買賣股票的時機，</p>\n\n<p>而股市，幾乎與國家景氣息息相關，</p>\n\n<p>之前兩章已經講了如何從</p>\n\n<p><a href=\"http://www.cmoney.tw/learn/course/economic/topic/1213\" id=\"treeTopic\" style=\"position: relative;\">景氣對策信號</a>&nbsp;和&nbsp;<a href=\"http://www.cmoney.tw/learn/course/economic/topic/1212\" id=\"treeTopic\" style=\"position: relative;\">國內生產毛額 &amp; 國民生產毛額</a></p>\n\n<p>這兩樣找到買賣股票的節點，</p>\n\n<p>現在，則要教各位投資人</p>\n\n<p>從「美國領先指標」預測台灣</p>\n\n<p>未來三到六個月的景氣好壞與</p>\n\n<p>股市走向哦~</p>\n\n<p>什麼是 美國領先指標？</p>\n\n<p>&nbsp;</p>\n\n<p>讓我們看下去.......</p>\n\n<p>&nbsp;</p>\n\n<p><span style=\"color:rgb(128, 128, 128)\"><span style=\"font-size:12px\">(贊助商連結...)</span></span></p>\n\n<p><googleadsense height=\"600px\" type=\"4\" width=\"300px\"></googleadsense></p>\n\n<p>&nbsp;</p>\n\n<p>&nbsp;</p>\n\n<h1>美國領先指標：</h1>\n\n<h1>用來預測未來 3 - 6 個月的景氣方向</h1>\n\n<p>美國領先指標，</p>\n\n<p>由美國經濟評議委員會編制公布。</p>\n\n<p>由於構成的 10 項指標</p>\n\n<p>皆能領先反應經濟狀態，</p>\n\n<p>因此從美國領先指標的增減，</p>\n\n<p>可以判斷美國經濟成長或衰退的幅度，</p>\n\n<p>單位為百分比 %。</p>\n\n<p>&nbsp;</p>\n\n<p><img alt=\"\" height=\"415\" src=\"http://www.cmoney.tw/learn/cmstatic/learn/71/20140819144329936.jpg\" width=\"500\" /><img alt=\"\" height=\"379\" src=\"http://www.cmoney.tw/learn/cmstatic/learn/71/20140819144341550.jpg\" width=\"500\" /></p>\n\n<p>&nbsp;</p>\n\n<p>&nbsp;</p>\n\n<h1>美國領先指標上漲，</h1>\n\n<h1>會帶動全球股市也跟著上漲</h1>\n\n<p>美國的經濟好壞影響全球經濟，</p>\n\n<p>所以當美國領先指標上漲，</p>\n\n<p>不但帶動美國本土的經濟活動旺盛，</p>\n\n<p>全球經濟也跟著受惠，</p>\n\n<p>進而使美股、美元的表現佳，</p>\n\n<p>全球股市表現也佳。</p>\n\n<p>&nbsp;</p>\n\n<p><img alt=\"\" src=\"http://www.cmoney.tw/learn/cmstatic/learn/71/20140819150905163.jpg\" /></p>\n\n<p>&nbsp;</p>\n\n<p>&nbsp;</p>\n\n<p>指標起起落落，要如何才能</p>\n\n<p>精確預期景氣狀況呢？</p>\n\n<h1>3D 法則：從領先指標持續上升或下降的時間、</h1>\n\n<h1>深度、擴散度，3 層面來判斷景氣表現</h1>\n\n<p>由於領先指標起起落落，</p>\n\n<p>較難精確判斷趨勢變化，</p>\n\n<p>因此我們要運用 3D 法則</p>\n\n<p>來預測景氣會比較精確。</p>\n\n<h2>若 3D 指標皆上升，</h2>\n\n<h2>未來經濟成長性極高。</h2>\n\n<p><img alt=\"\" src=\"http://www.cmoney.tw/learn/cmstatic/learn/71/20140821102311307.jpg\" /></p>\n\n<p>&nbsp;</p>\n\n<p>&nbsp;</p>\n\n<h2>若 3D 指標皆下降，</h2>\n\n<h2>未來經濟衰退性極高。</h2>\n\n<p><img alt=\"\" src=\"http://www.cmoney.tw/learn/cmstatic/learn/71/20140821102855011.jpg\" /></p>\n\n<p>&nbsp;</p>\n\n<p><googleadsense height=\"250px\" type=\"2\" width=\"300px\"></googleadsense></p>\n\n<p>&nbsp;</p>\n\n<p>&nbsp;</p>\n\n<h1>美國領先指標漲跌，</h1>\n\n<h1>影響台灣經濟很大</h1>\n\n<p>由於美國是台灣相當重要的出口國，</p>\n\n<p>美國經濟的好壞影響台灣極大，</p>\n\n<p>若美國景氣好、消費能力旺、</p>\n\n<p>廠商訂單增加，</p>\n\n<p>台灣出口到美國的貿易量也會增加，</p>\n\n<p>對於出口佔&nbsp;<a href=\"http://www.cmoney.tw/notes/note-detail.aspx?nid=17311\" target=\"_blank\">GDP</a>&nbsp;比重很高的台灣來說，</p>\n\n<p>是件好事。</p>\n\n<p>&nbsp;</p>\n\n<p><img alt=\"\" src=\"http://www.cmoney.tw/learn/cmstatic/learn/71/20140819152139578.jpg\" /></p>\n\n<p>&nbsp;</p>\n\n<p>&nbsp;</p>\n\n<h1>美國領先指標資料哪裡找？</h1>\n\n<p><img alt=\"\" src=\"http://www.cmoney.tw/learn/cmstatic/learn/71/20140819152443534.jpg\" /></p>\n\n<p>(美國指標原始連結：<a href=\"http://www.conference-board.org/\" target=\"_blank\">經濟評議委員會</a>)</p>\n\n<p>&nbsp;</p>\n\n<p>&nbsp;</p>\n\n<h2>最新 美國領先指標 趨勢圖</h2>\n\n<p>了解完 美國領先指標，</p>\n\n<p>那麼 到底現在是多少呢？</p>\n\n<p>台灣很多 財經相關網站</p>\n\n<p>都有提供相關的資訊！</p>\n\n<p>從下圖可以看到，</p>\n\n<p>美國 去年 領先指標持續上揚，</p>\n\n<p>且月增幅創下 9 個月新高，</p>\n\n<p>為美國第二季景氣復甦帶來些許曙光。</p>\n\n<p>至今年逐漸平穩，從 3D 法則</p>\n\n<p>可推算出未來 3 ~ 6 個月的走勢將呈</p>\n\n<p>平緩，並微量上升。</p>\n\n<p>&nbsp;</p>\n\n<p><img alt=\"\" height=\"158\" src=\"http://www.cmoney.tw/learn/cmstatic/learn/71/20160511101252143.jpg\" width=\"600\" /></p>\n\n<p>(資料來源:<a href=\"http://www.moneydj.com/funddj/yl/BFRK01.djhtm?a=EI020104\" target=\"_blank\">MoneyDJ美國領先指標</a>)</p>\n\n<p>&nbsp;</p>\n\n<p>在了解美國領先指標過後，</p>\n\n<p>接下來，因為製造業</p>\n\n<p>是影響一國經濟的重大產業，</p>\n\n<p>所以我們就要來介紹製造業相關指標囉！</p>\n\n<p>&nbsp;</p>\n\n<h2>從美國推測台灣股市走向，</h2>\n\n<h2>有種展望全世界經濟發展的感覺~</h2>\n\n<h2>研究透了的話，可以嘗試做海外投資呢！</h2>\n\n<h2>你知道嗎？現在不學好投資</h2>\n\n<h2>你會比別人多辛苦十年...</h2>\n\n<p>想學投資，卻不知從何下手？</p>\n\n<p>用16堂課，就能學會如何操作0050</p>\n\n<p>輕鬆踏出理財的第一步！</p>\n\n<p>立即了解課程 &gt;&gt;&nbsp;<a href=\"http://cmy.tw/006mys\"><span style=\"font-family:times new roman; font-size:small\">http://cmy.tw/006mys</span></a></p>\n\n<p><a href=\"http://cmy.tw/006mys\" style=\"outline-style: initial; outline-width: 0px; text-decoration-line: underline; color: rgb(0, 119, 181); position: relative;\" target=\"_blank\"><img alt=\"\" height=\"520\" src=\"http://www.cmoney.tw/notes/cmstatic/notes/capture/744971/20190613171633668.gif\" width=\"364\" /></a></p>\n",
        "ViewCount": "42511",
        "IsReference": true,
        "ReferenceList": [
            {
                "ReferenceId": 33359,
                "Description": "景氣對策信號",
                "ReferenceUrl": "http://www.cmoney.tw/learn/course/economic/topic/1213",
                "ReferenceImage": "http://www.cmoney.tw/learn/cmstatic/learn/71/20160511090431337.jpg",
                "ViewCount": 109
            },
            {
                "ReferenceId": 33360,
                "Description": "國內生產毛額 & 國民生產毛額",
                "ReferenceUrl": "http://www.cmoney.tw/learn/course/economic/topic/1212",
                "ReferenceImage": "http://www.cmoney.tw/learn/cmstatic/learn/71/20160511094919538.jpg",
                "ViewCount": 161
            },
            {
                "ReferenceId": 33361,
                "Description": "什麼是經濟指標？",
                "ReferenceUrl": "http://www.cmoney.tw/learn/course/economic/topic/1190",
                "ReferenceImage": "http://www.cmoney.tw/learn/cmstatic/learn/71/20160510131722953.jpg",
                "ViewCount": 82
            }
        ],
        "OgImgURL": "http://www.cmoney.tw/learn/cmstatic/learn/71/20140819144329936.jpg"
    },
    "badges": [],
    "isTreeCompleted": false,
    "nextCourse": null
}