{
    "courseDetail": {
        "CourseId": 122,
        "CourseContent": "<p><img alt=\"\" height=\"390\" src=\"http://www.cmoney.tw/learn/cmstatic/learn/1/20190419175930081.jpg\" width=\"650\" /></p>\n\n<h1><span style=\"color:rgb(204, 0, 0); font-size:26px\">「集中市場加權指數</span></h1>\n\n<h1>收盤 10572.16 點，</h1>\n\n<h1>下跌 38 點」</h1>\n\n<p>我們常常聽到上面這段敘述，</p>\n\n<p>剛接觸股市的朋友們，</p>\n\n<p>有沒有想過 ...</p>\n\n<h2>什麼是「加權指數」？</h2>\n\n<h2>它又是怎麼計算出來的？</h2>\n\n<p>&nbsp;</p>\n\n<p>我們繼續看下去 ...</p>\n\n<p>&nbsp;</p>\n\n<p><span style=\"color:#808080\"><span style=\"font-size:12px\">(贊助商連結)</span></span></p>\n\n<p><dfp type=\"3\"></dfp></p>\n\n<h1>「加權指數」就是用</h1>\n\n<h1>加權方式算出來的總分</h1>\n\n<h1>也代表一群股票的整體狀況</h1>\n\n<p><span style=\"font-size:15px\">我們來舉個例子，</span></p>\n\n<p>一個學生在計算分數時，</p>\n\n<p>假設有國文、英文、</p>\n\n<p>數學、歷史、地理，共 5 科。</p>\n\n<p>他不是單純把這 5 科的分數相加，</p>\n\n<p>而是將主科（如國、英、數）乘以 5，</p>\n\n<p>副科（如歷史、地歷）乘以 2。</p>\n\n<p>它們都乘完以後，才會相加，</p>\n\n<p>得出總分，也就是說 ...</p>\n\n<p><strong>如果我們要算總分，</strong></p>\n\n<p><strong>我們不會直接把</strong><strong>這 5 科</strong></p>\n\n<p><strong>的分數加起來，</strong><strong>而是</strong></p>\n\n<p><strong>把比較重要的科目</strong></p>\n\n<p><strong>會先乘上一個比較大的數字。</strong></p>\n\n<p>&nbsp;</p>\n\n<p><dfp type=\"2\"></dfp></p>\n\n<p>&nbsp;</p>\n\n<h1>「加權指數」就像用</h1>\n\n<h1>一個總分來代表一群股票</h1>\n\n<p>所以加權指數也是一樣，</p>\n\n<p>為了用一個總分，來代表一群股票。</p>\n\n<p>比較重要的股票，會佔較大比例，</p>\n\n<p><strong>而這所謂的「重要」，</strong></p>\n\n<p><strong>指的就是市值！</strong></p>\n\n<h2>那什麼是市值呢？</h2>\n\n<p>&nbsp;</p>\n\n<p><a href=\"http://cmy.tw/008NnG\"><img alt=\"\" height=\"250\" src=\"http://www.cmoney.tw/learn/cmstatic/learn/1/20200521104400344.jpg\" width=\"300\" /></a></p>\n\n<p>&nbsp;</p>\n\n<h1>市值就是「市場的價值」</h1>\n\n<h1>市值 = 每股股價 x 總股數</h1>\n\n<p>以台灣市值最高的&nbsp;<u><a href=\"http://www.cmoney.tw/follow/channel/stock-2330?chart=d\">台積電&nbsp;(2330)</a></u>&nbsp;為例，</p>\n\n<p>2016 年 3 月 7 日，</p>\n\n<p>收盤價 152 元。</p>\n\n<p>總股數為 25,930,380,458，</p>\n\n<p>約為 259 億股。</p>\n\n<h2>所以台積電的總市值為</h2>\n\n<h2>152 x 25,930,380,458</h2>\n\n<h2>= 3,941,417,829,616</h2>\n\n<h2>約為 3 兆 9414 億元</h2>\n\n<p>&nbsp;</p>\n\n<p><dfp type=\"1\"></dfp></p>\n\n<p>&nbsp;</p>\n\n<h1>台股的總市值...就是把所有</h1>\n\n<h1>台灣股票的市值全部加起來</h1>\n\n<h2>目前台股的總市值約 30 兆</h2>\n\n<p>我們以最常見的集中市場加權指數，</p>\n\n<p>（也就是我們常說的台股大盤）為例。</p>\n\n<p><strong>集中市場加權指數 =&nbsp;</strong></p>\n\n<p><strong>( 目前總市值 / 當日基值 ) X 100</strong></p>\n\n<p>這裡的總市值，</p>\n\n<p>只包括集中市場的股票，</p>\n\n<p>不包含上櫃的股票。</p>\n\n<p>&nbsp;</p>\n\n<p>當日基值的算法</p>\n\n<p>蠻複雜的，我們不用理會！</p>\n\n<p>你要知道的重點是：</p>\n\n<h2>集中市場加權指數（稱大盤）</h2>\n\n<h2>是以「總市值」計算</h2>\n\n<h2>所以市值愈高的公司</h2>\n\n<h2>就會佔加權指數愈大的比例</h2>\n\n<p>而大盤 ...</p>\n\n<p>就代表集中市場的整體狀況，</p>\n\n<p>若大部分的股票漲，</p>\n\n<p>總市值就會變高，大盤就漲，</p>\n\n<h2>原來這就是加權指數。</h2>\n\n<p>&nbsp;</p>\n\n<p><a href=\"http://cmy.tw/009YkZ\"><img alt=\"\" height=\"600\" src=\"http://www.cmoney.tw/learn/cmstatic/learn/1/20200521103703722.jpg\" width=\"300\" /></a></p>\n",
        "ViewCount": "198942",
        "IsReference": true,
        "ReferenceList": [
            {
                "ReferenceId": 34325,
                "Description": "理財hen好懂",
                "ReferenceUrl": "https://www.facebook.com/litsaiheneasy/",
                "ReferenceImage": "https://scontent.ftpe8-3.fna.fbcdn.net/v/t1.0-1/p200x200/53591743_416700958873926_7615180700337045504_n.jpg?_nc_cat=1&amp;_nc_ht=scontent.ftpe8-3.fna&amp;oh=267e52d037cd65f0c5f5cf6769f2fa3c&amp;oe=5D2C1C8F",
                "ViewCount": 6
            },
            {
                "ReferenceId": 34326,
                "Description": "CMoney 理財寶",
                "ReferenceUrl": "https://www.facebook.com/cmoneyapp/",
                "ReferenceImage": "https://scontent.ftpe8-3.fna.fbcdn.net/v/t1.0-1/c0.156.200.200a/429093_260831470664421_20938524_n.jpg?_nc_cat=1&amp;_nc_sid=dbb9e7&amp;_nc_ohc=PXeIldk7zmAAX-veKVn&amp;_nc_ht=scontent.ftpe8-3.fna&amp;oh=3c56e72a2138af5124f0739f8326a639&amp;oe=5EED26B2",
                "ViewCount": 4
            }
        ],
        "OgImgURL": "http://www.cmoney.tw/learn/cmstatic/learn/1/20190419175930081.jpg"
    },
    "badges": [],
    "isTreeCompleted": false,
    "nextCourse": null
}