{
    "courseDetail": {
        "CourseId": 1232,
        "CourseContent": "<p><img alt=\"\" height=\"293\" src=\"http://www.cmoney.tw/learn/cmstatic/learn/50/20200409103046922.png\" width=\"559\" /></p>\n\n<h1>大立光宣布 2020 年</h1>\n\n<h1>每股配發 79 元現金股利</h1>\n\n<h1>創下台股新紀錄</h1>\n\n<p>不過計算大立光的配息率，</p>\n\n<p>2020 年竟然只有 37.5%，</p>\n\n<p>相對其他上市櫃公司，</p>\n\n<p>其實還算小氣呢...</p>\n\n<p>所以配股配息到底是什麼？</p>\n\n<p>應該怎麼算呢？</p>\n\n<p>&nbsp;</p>\n\n<p>趕快來看看，</p>\n\n<p>今年手上的股票能配到多少吧~</p>\n\n<p>&nbsp;</p>\n\n<p><span style=\"color:#808080\"><span style=\"font-size:12px\">(贊助商連結...)</span></span></p>\n\n<p><dfp type=\"3\"></dfp></p>\n\n<p>&nbsp;</p>\n\n<h1>什麼是配股配息?</h1>\n\n<h2>配股就是公司發放股票股利 &nbsp;</h2>\n\n<p><img alt=\"\" height=\"115\" src=\"http://www.cmoney.tw/learn/cmstatic/learn/50/20141013111413508.jpg\" width=\"500\" /></p>\n\n<p>舉例來說：</p>\n\n<p>配發股票股利以「元」為單位，</p>\n\n<p>若「股票股利 2 元」表示，</p>\n\n<p>算法為</p>\n\n<p>(配股 2 元&nbsp;/ 股票面額 10 元) X 1,000 股(每張)</p>\n\n<p>也就是 200 股，</p>\n\n<p>每 1000 股可配發 200 股的股票股利，</p>\n\n<p>配股率是 0.2。</p>\n\n<p>若手中有 10 張股票，</p>\n\n<p>每一張會配 0.2 張的股票，</p>\n\n<p>因此配股完你將會有 12 張股票。</p>\n\n<p>&nbsp;</p>\n\n<h2>配息就是公司發放現金股利</h2>\n\n<p><img alt=\"\" height=\"71\" src=\"http://www.cmoney.tw/learn/cmstatic/learn/50/20140822105444043.jpg\" width=\"500\" /></p>\n\n<p>舉例來說：</p>\n\n<p>「現金股利 1 元」代表</p>\n\n<p>每一股配發 1 元的現金股利，</p>\n\n<p>也就是每張股票可以有 1,000 元的股利，</p>\n\n<p>每張 1,000 股 X 股利 1 元，</p>\n\n<p>總共有 10 張也就是</p>\n\n<p>10 X 1,000 元，</p>\n\n<p>可以得到 10,000 元現金股利。</p>\n\n<p>&nbsp;</p>\n\n<h1>配股與配息</h1>\n\n<h1>背後涵義不大相同</h1>\n\n<h2>股票股利使股本膨脹</h2>\n\n<p>股票股利是公司發股票給你，</p>\n\n<p>而發給你的股票，</p>\n\n<p>則是公司額外增加出來的。<br />\n<br />\n所以公司每發 1 元的股票，</p>\n\n<p>都會使公司的股本膨脹 10%，</p>\n\n<p>公司的股本一旦膨脹，</p>\n\n<p>公司就必須賺比以前更多的錢，</p>\n\n<p>才能達到與過去相同的每股盈餘水準。</p>\n\n<p>&nbsp;</p>\n\n<p>舉例來說，有一家公司</p>\n\n<p>公開發行 100 股，</p>\n\n<p>每股面額是 10 元，</p>\n\n<p>公司今年賺了 100 元，</p>\n\n<p>每股等於賺了 1 元。<br />\n<br />\n現在公司每股配發 1 元股票股利，</p>\n\n<p>就是每股配發 0.1 股，</p>\n\n<p>在配完股後，</p>\n\n<p>公司的股本變成 110 股。<br />\n<br />\n假設該公司明年也是賺 100 元，</p>\n\n<p>雖然賺的錢是一樣的，</p>\n\n<p>但是對每股盈餘來說，</p>\n\n<p>就只剩下 100 / 110 = 0.91 元了。</p>\n\n<p><span style=\"font-size:12px\">(延伸閱讀：<a href=\"http://www.cmoney.tw/notes/note-detail.aspx?nid=7095\" target=\"_blank\">什麼是每股盈餘</a>)</span><br />\n<br />\n換句話說，假如公司</p>\n\n<p>配發股票股利使股本膨脹，</p>\n\n<p>但公司的獲利卻未能跟著成長</p>\n\n<p>(或僅能維持與去年同樣水準)，</p>\n\n<p>這麼一來<span style=\"background-color:#FFFF00\"><strong><span style=\"color:#000000\">股</span></strong></span><strong><span style=\"color:#000000\"><span style=\"background-color:#FFFF00\">東未來所能領到股利就會開始下滑</span></span></strong>。<br />\n&nbsp;</p>\n\n<h2>現金股利由公司盈餘所發出</h2>\n\n<p>公司可能因為今年賺錢，</p>\n\n<p>公司本身有足夠現金提供未來營運，</p>\n\n<p>並且當下也沒有好的投資機會，</p>\n\n<p>不需要保留那麼多現金，</p>\n\n<p>因此發放現金股利，</p>\n\n<p>讓股東們有更好的運用。</p>\n\n<p>&nbsp;</p>\n\n<p><a href=\"http://cmy.tw/008NnG\"><img alt=\"\" height=\"250\" src=\"http://www.cmoney.tw/learn/cmstatic/learn/50/20200527145350835.jpg\" width=\"300\" /></a></p>\n\n<p>&nbsp;</p>\n\n<h1>配股顯示</h1>\n\n<h1>公司經營者的心態</h1>\n\n<h2>公司多配發股票</h2>\n\n<h2>顯示他們對今年</h2>\n\n<h2>或來年的營運情況看法樂觀</h2>\n\n<p>若公司認為保留現金去進行相關投資，</p>\n\n<p>可以提高未來的獲利，</p>\n\n<p>那麼他們就會傾向多發股票，</p>\n\n<p>而配發較少的現金。</p>\n\n<p>&nbsp;</p>\n\n<h2>公司配發現金的比重較高</h2>\n\n<h2>表示他們對未來的看法較為保守</h2>\n\n<p>配股後公司的股本會膨脹，</p>\n\n<p>如果公司獲利沒跟著成長，</p>\n\n<p>股東所能得到的成果就會變少。</p>\n\n<p>所以公司經營者若認為今年的獲利，</p>\n\n<p>不一定能賺比去年更多，</p>\n\n<p>他們就會縮小股票股利的比重，</p>\n\n<p>而提高現金股息的比重。</p>\n\n<p>&nbsp;</p>\n\n<h1>如何查詢配股配息資訊</h1>\n\n<p>透過 <a href=\"https://www.cmoney.tw/follow/channel/stock-2317?chart=i\">股票查詢</a>，</p>\n\n<p>我們可以簡單的查詢，</p>\n\n<p>個股歷年來配股配息的資訊。</p>\n\n<p><img alt=\"\" height=\"364\" src=\"http://www.cmoney.tw/learn/cmstatic/learn/50/20200409103427941.png\" width=\"500\" /></p>\n\n<p>選取股利的頁籤，即可查看歷年股利的發放。</p>\n\n<p>&nbsp;</p>\n\n<p><dfp type=\"1\"></dfp></p>\n\n<p>&nbsp;</p>\n\n<h1>購買公司的股票</h1>\n\n<h1>目的就是為了</h1>\n\n<h1>共享公司的獲利</h1>\n\n<p>公司每年是否會穩定的配發股利，</p>\n\n<p>是決定是否投資這間公司的重要因素，</p>\n\n<p>以股利的角度來挑選好股票。</p>\n\n<p>&nbsp;</p>\n\n<h2>可以讓投資人</h2>\n\n<h2>每年產生穩定的被動收入</h2>\n\n<h2>投資人千萬要留意！</h2>\n\n<p><span style=\"font-size:12px\">(延伸閱讀：<a href=\"http://www.cmoney.tw/notes/note-detail.aspx?nid=5733\" target=\"_blank\">什麼是股票殖利率</a>)</span></p>\n\n<p>&nbsp;</p>\n\n<p><a href=\"http://cmy.tw/009YkZ\"><img alt=\"\" height=\"600\" src=\"http://www.cmoney.tw/learn/cmstatic/learn/50/20200527145321637.jpg\" width=\"300\" /></a></p>\n\n<p>&nbsp;</p>\n\n<p>&nbsp;</p>\n",
        "ViewCount": "1124189",
        "IsReference": true,
        "ReferenceList": [
            {
                "ReferenceId": 34538,
                "Description": "理財hen好懂",
                "ReferenceUrl": "https://www.facebook.com/litsaiheneasy/",
                "ReferenceImage": "https://scontent.ftpe7-4.fna.fbcdn.net/v/t1.0-1/p200x200/53591743_416700958873926_7615180700337045504_n.jpg?_nc_cat=101&amp;_nc_ht=scontent.ftpe7-4.fna&amp;oh=593cefa8ad792af648ee30de3d18e8d5&amp;oe=5D048F8F",
                "ViewCount": 22
            },
            {
                "ReferenceId": 34539,
                "Description": "CMoney理財寶",
                "ReferenceUrl": "https://www.facebook.com/cmoneyapp/",
                "ReferenceImage": "https://scontent.ftpe8-3.fna.fbcdn.net/v/t1.0-1/c0.156.200.200a/429093_260831470664421_20938524_n.jpg?_nc_cat=1&amp;_nc_sid=dbb9e7&amp;_nc_ohc=rAsx3vUbP7oAX8reFXm&amp;_nc_ht=scontent.ftpe8-3.fna&amp;oh=3aca31a337c166480cb241f96d607805&amp;oe=5EF50FB2",
                "ViewCount": 17
            }
        ],
        "OgImgURL": "http://www.cmoney.tw/learn/cmstatic/learn/50/20200409103046922.png"
    },
    "badges": [],
    "isTreeCompleted": false,
    "nextCourse": null
}