{
    "courseDetail": {
        "CourseId": 1234,
        "CourseContent": "<h1>&nbsp;</h1>\n\n<p>&nbsp;</p>\n\n<h1>歷史波動率：</h1>\n\n<h1>標的物指數或價格過去波動的程度</h1>\n\n<p>是指用過去該標的的指數或價格等</p>\n\n<p>所計算得到的數據</p>\n\n<p>可以幫助我們判斷標的未來的變化</p>\n\n<p>或是判斷權利金價格的高低</p>\n\n<p>&nbsp;</p>\n\n<p>國內選擇權契約交易</p>\n\n<p>大多都集中在一個月到期契約</p>\n\n<p>因此常以</p>\n\n<p>標的物的月歷史波動率 來輔助交易</p>\n\n<p>&nbsp;</p>\n\n<p>繼續看下去...</p>\n\n<p>&nbsp;</p>\n\n<p><span style=\"color:#D3D3D3\"><span style=\"font-size:12px\">(贊助商連結)</span></span></p>\n\n<p><span style=\"color:#808080\"><span style=\"font-size:12px\"><googleadsense height=\"600px\" type=\"4\" width=\"300px\"></googleadsense></span></span></p>\n\n<p>&nbsp;</p>\n\n<h2>短時間標的指數大漲大跌</h2>\n\n<h2>會導致波動率大幅上升！</h2>\n\n<p>&nbsp;</p>\n\n<p><img alt=\"\" height=\"482\" src=\"http://www.cmoney.tw/learn/cmstatic/learn/42/20140819154424988.jpg\" width=\"500\" /></p>\n\n<p><span style=\"font-size:12px\"><span style=\"color:#D3D3D3\">（</span><a href=\"http://www.cmoney.com.tw/cmweb/01-bs/01-cmoney-system/01-cms.asp\" target=\"_blank\"><span style=\"color:#D3D3D3\">資料來源：CMoney提供</span></a><span style=\"color:#D3D3D3\">）</span></span></p>\n\n<p>&nbsp;</p>\n\n<p>目前加權指數的月波動率</p>\n\n<p>通常處於<strong> 15% ～ 25%</strong> 左右</p>\n\n<p>這也表示市場成熟</p>\n\n<p>波動率錯估的機率也會漸漸降低</p>\n\n<p>因此我們現在面對的權利金</p>\n\n<p>價格通常都會是合理的</p>\n\n<p>&nbsp;</p>\n\n<p><img alt=\"\" height=\"239\" src=\"http://www.cmoney.tw/learn/cmstatic/learn/42/20170215144233843.jpg\" width=\"690\" /></p>\n\n<p>&nbsp;</p>\n\n<h1>隱含波動率：</h1>\n\n<h1>投資人對未來的預期</h1>\n\n<h2>隱含波動率越大，權利金越貴</h2>\n\n<h2>隱含波動率越小，權利金越便宜</h2>\n\n<p>當<strong>隱含波動率走高</strong></p>\n\n<p><strong>代表投資人預期 標的波動幅度變大</strong></p>\n\n<p>若<strong>選擇權的價值越高，</strong><strong>權利金就越高</strong></p>\n\n<p>但相反的，要是隱含波動率走低</p>\n\n<p>代表投資人預期 標的波動幅度越小</p>\n\n<p>選擇權的價值和權利金就越低</p>\n\n<p>&nbsp;</p>\n\n<p><img alt=\"\" height=\"431\" src=\"http://www.cmoney.tw/learn/cmstatic/learn/42/20140821104436063.jpg\" width=\"500\" /></p>\n\n<p><span style=\"font-size:12px\"><span style=\"color:#D3D3D3\">（</span><a href=\"http://www.cmoney.com.tw/cmweb/01-bs/01-cmoney-system/01-cms.asp\" target=\"_blank\"><span style=\"color:#D3D3D3\">資料來源：CMoney提供</span></a><span style=\"color:#D3D3D3\">）</span></span></p>\n\n<p>&nbsp;</p>\n\n<h2>歷史波動率和隱含波動率</h2>\n\n<h2>差距超過正負 3%</h2>\n\n<h2>代表權利金可能被高估或低估</h2>\n\n<p>在正常交易下</p>\n\n<p>我們要注意是否有差距過大的情形</p>\n\n<p>&nbsp;</p>\n\n<p><img alt=\"\" height=\"157\" src=\"http://www.cmoney.tw/learn/cmstatic/learn/42/20140818121021843.jpg\" width=\"688\" /></p>\n\n<p>&nbsp;</p>\n\n<h2><strong>波動率</strong><strong>是影響權利金的關鍵指標</strong></h2>\n\n<h2>因此要隨時注意波動率的變化</h2>\n\n<h2>作為決策的重要參考！</h2>\n\n<p>&nbsp;</p>\n\n<p><a href=\"http://cmy.tw/005HiQ\"><img alt=\"\" height=\"49\" src=\"http://www.cmoney.tw/learn/cmstatic/learn/42/20170215144730106.png\" width=\"676\" /></a></p>\n",
        "ViewCount": "28722",
        "IsReference": true,
        "ReferenceList": [
            {
                "ReferenceId": 31952,
                "Description": "贈免費選擇權計算機，與您分享，用「隱含波動率」研判選擇權(權證)能不能買",
                "ReferenceUrl": "http://www.cmoney.tw/notes/note-detail.aspx?nid=13292",
                "ReferenceImage": "http://www.cmoney.tw/notes/cmstatic/notes/capture/24383/20140707190526995.png",
                "ViewCount": 532
            }
        ],
        "OgImgURL": "http://www.cmoney.tw/learn/cmstatic/learn/42/20140819154424988.jpg"
    },
    "badges": [],
    "isTreeCompleted": false,
    "nextCourse": null
}