{
    "courseDetail": {
        "CourseId": 1248,
        "CourseContent": "<p>&nbsp;</p>\n\n<p>&nbsp;</p>\n\n<h1>加薪不用靠老闆！</h1>\n\n<h1>最適合小資族的加薪法大公開</h1>\n\n<p>還在嫌薪水不夠花嗎？</p>\n\n<p>怪天怪地怪老闆</p>\n\n<p>你有試著找尋 成功之路 嗎？</p>\n\n<p>&nbsp;</p>\n\n<p>現在，專家出馬...來教你「小資加薪術」</p>\n\n<p>只要學會，你也能晉升贏家行列喔！</p>\n\n<p>&nbsp;</p>\n\n<p>在<a href=\"https://www.cmoney.tw/learn/course/optionbasic/topic/572\">上一篇</a>中</p>\n\n<p>我們說明了選擇權的基本觀念</p>\n\n<p>接下來，要告訴你</p>\n\n<p>為甚麼操作選擇權可以獲利？</p>\n\n<p>&nbsp;</p>\n\n<p>趕快往下看...</p>\n\n<p>&nbsp;</p>\n\n<p><span style=\"color:#D3D3D3\"><span style=\"font-size:12px\">(贊助商連結)</span></span></p>\n\n<p><span style=\"color:#808080\"><span style=\"font-size:12px\"><googleadsense height=\"600px\" type=\"4\" width=\"300px\"></googleadsense></span></span></p>\n\n<p>&nbsp;</p>\n\n<p>&nbsp;</p>\n\n<h1><strong>《買權 Call》&nbsp;</strong></h1>\n\n<h1><strong>就是可依履約價</strong></h1>\n\n<h1><strong>買進標的物的權利</strong></h1>\n\n<p>買權就是買方付了權利金後</p>\n\n<p>可以在到期日前用約定好的價格</p>\n\n<p>向賣方購買標的物的權利。</p>\n\n<p>&nbsp;</p>\n\n<h2>買權的內容</h2>\n\n<p>包括了約定好的時間、</p>\n\n<p>約定好的價格、可以選擇要不要買</p>\n\n<p>這些都是從賣方那用權利金換取的權利</p>\n\n<p>也是賣方必須對買方承擔的義務！</p>\n\n<p>&nbsp;</p>\n\n<p>&nbsp;</p>\n\n<p>&nbsp;</p>\n\n<h2><strong>當買賣雙方</strong><strong>都同意</strong></h2>\n\n<h2><strong>彼此的權利義務時，</strong>買權就產生了</h2>\n\n<p>阿瘋害怕未來蜂蜜的價格會上漲</p>\n\n<p>以後要吃到他最愛的蜂蜜</p>\n\n<p>就要花很多很多錢</p>\n\n<p>因此他跟阿雄約定好</p>\n\n<p>不管以後蜂蜜價格如何變動</p>\n\n<p>他都可以用 200 元 / 斤的價格</p>\n\n<p>跟阿雄買到蜂蜜</p>\n\n<p>&nbsp;</p>\n\n<p>為了換取這個優惠價格的權利</p>\n\n<p>阿瘋必須用 5000 元權利金跟阿雄簽約</p>\n\n<p>但阿瘋有選擇要不要履約的權利</p>\n\n<p>這個權利就叫「買權」，我們通稱為 CALL！</p>\n\n<p>&nbsp;</p>\n\n<p>&nbsp;</p>\n\n<p>&nbsp;</p>\n\n<h1><strong>《賣權 Put 》</strong></h1>\n\n<h1><strong>就是可依履約價</strong></h1>\n\n<h1><strong>賣出標的物的權利</strong></h1>\n\n<p>賣權，就是買方支付權利金後</p>\n\n<p>可以在到期日前以約定好的價格</p>\n\n<p>向賣方售出標的物的權利。</p>\n\n<p>賣權的內容</p>\n\n<p>包括了約定好的時間、</p>\n\n<p>約定好的價格、可以選擇要不要賣。</p>\n\n<p>&nbsp;</p>\n\n<h2><strong>當買賣雙方都同意</strong></h2>\n\n<h2><strong>彼此的權利義務時，</strong>賣權就產生了</h2>\n\n<p>買權、賣權傻傻分不清楚？</p>\n\n<p>我們再講講阿瘋和阿雄交易蜂蜜的故事！</p>\n\n<p>&nbsp;</p>\n\n<p>阿雄覺得蜂蜜市場的競爭對手越來越多</p>\n\n<p>他擔心在未來</p>\n\n<p>蜂蜜的價格會下跌</p>\n\n<p>因此他跟阿瘋約定好</p>\n\n<p>不論未來蜂蜜的價格如何</p>\n\n<p>他都有權利以 200 元 / 斤的價格</p>\n\n<p>賣出蜂蜜給阿瘋。</p>\n\n<p>&nbsp;</p>\n\n<p>為了換取這個保障價格的權利</p>\n\n<p>阿雄以 5000 元權利金跟阿瘋簽約</p>\n\n<p><strong>但阿雄有選擇是否履約的權利</strong></p>\n\n<p><strong>阿瘋也有義務要承擔價格變動的風險</strong></p>\n\n<p><strong>這個權利就叫 &quot;&nbsp;賣權&nbsp;&quot; 我們通稱為&nbsp;PUT！</strong></p>\n\n<p>&nbsp;</p>\n\n<p>&nbsp;</p>\n\n<h2>&nbsp;</h2>\n\n<h2>要注意！</h2>\n\n<h2>這裡指的 &quot; 買方 &quot;並非買商品的人</h2>\n\n<h2>而是買 &quot; 權利 &quot; 的人！</h2>\n\n<p>&nbsp;</p>\n\n<p><a href=\"http://cmy.tw/005NSi\"><img alt=\"\" height=\"39\" src=\"http://www.cmoney.tw/learn/cmstatic/learn/42/20170210165033010.png\" width=\"624\" /></a></p>\n\n<p>&nbsp;</p>\n\n<p><span style=\"font-family:arial,微軟正黑體,細明體; font-size:15px\">如果覺得這篇文章有幫助，先按個讚哦！</span></p>\n\n<p><iframe allowtransparency=\"true\" frameborder=\"0\" height=\"80\" scrolling=\"no\" src=\"https://www.facebook.com/plugins/like.php?href=https%3A%2F%2Fwww.facebook.com%2Fcmoneyapp%2F&amp;width=450&amp;layout=standard&amp;action=like&amp;size=large&amp;show_faces=true&amp;share=true&amp;height=80&amp;appId\" style=\"margin: 0px; padding: 0px; outline: 0px; position: relative; width: 879px; border-width: initial; border-style: none; overflow: hidden;\" width=\"450\"></iframe></p>\n",
        "ViewCount": "66329",
        "IsReference": false,
        "ReferenceList": null,
        "OgImgURL": "http://www.cmoney.tw/learn/cmstatic/learn/42/20170210165033010.png"
    },
    "badges": [],
    "isTreeCompleted": false,
    "nextCourse": null
}