{
    "courseDetail": {
        "CourseId": 1247,
        "CourseContent": "<p>&nbsp;</p>\n\n<h1>波動率是影響選擇權價格</h1>\n\n<h1>最重要的因素</h1>\n\n<p>因此</p>\n\n<p>市場中出現了可以</p>\n\n<p>「量化」波動率變動的數值</p>\n\n<p>&nbsp;</p>\n\n<p>繼續看下去...</p>\n\n<p>&nbsp;</p>\n\n<p><span style=\"color:#D3D3D3\"><span style=\"font-size:12px\">(贊助商連結)</span></span></p>\n\n<p><span style=\"color:#808080\"><span style=\"font-size:12px\"><googleadsense height=\"600px\" type=\"4\" width=\"300px\"></googleadsense></span></span></p>\n\n<p>&nbsp;</p>\n\n<h1>以下是 5 個常用來</h1>\n\n<h1>評估選擇權價格的數據：</h1>\n\n<p>&nbsp;</p>\n\n<p><img alt=\"\" height=\"203\" src=\"http://www.cmoney.tw/learn/cmstatic/learn/42/20140820160155477.jpg\" width=\"528\" /></p>\n\n<p>&nbsp;</p>\n\n<h1>Delta 值</h1>\n\n<h1>就是現貨價格變動</h1>\n\n<h1>對選擇權價格的影響</h1>\n\n<p>假設買權的 Delta 值為 0.5</p>\n\n<p>代表在其他變數不改變的情況下</p>\n\n<p>台股指數上漲 1 點</p>\n\n<p>買權權利金將會上漲 0.5 點</p>\n\n<p>&nbsp;</p>\n\n<p><img alt=\"\" height=\"126\" src=\"http://www.cmoney.tw/learn/cmstatic/learn/42/20140822120639676.jpg\" width=\"500\" /></p>\n\n<p><span style=\"color:rgb(211, 211, 211); font-family:arial,微軟正黑體,細明體; font-size:12px\">（圖片來源&nbsp;</span><a href=\"http://lemon8530.pixnet.net/blog\" style=\"margin: 0px; padding: 0px; outline: none; line-height: 1.7; word-break: break-all; text-decoration: none; color: rgb(0, 85, 153); font-family: Arial, 微軟正黑體, 細明體; font-size: 12px;\"><span style=\"color:rgb(211, 211, 211)\">LEMON有畫要說</span></a><span style=\"color:rgb(211, 211, 211); font-family:arial,微軟正黑體,細明體; font-size:12px\">）</span></p>\n\n<p>&nbsp;</p>\n\n<p>買權的&nbsp;Delta 值介於 0 至 1 之間</p>\n\n<p>賣權的&nbsp;Delta 值則介於 0 至 -1 之間</p>\n\n<p>上場的許多交易策略</p>\n\n<p>就是根據&nbsp;Delta 值的變化而定</p>\n\n<p>而 Delta 值</p>\n\n<p>常被用在各種「避險」策略中。</p>\n\n<p>&nbsp;</p>\n\n<h2>Gamma值</h2>\n\n<h2>表示現貨價格變動時</h2>\n\n<h2>Delta 的變動情形</h2>\n\n<p>假設買權&nbsp;Gamma 值為 0.07</p>\n\n<p>當指數上漲 1 點</p>\n\n<p>買權的 Delta 值就是 &nbsp;+0.07</p>\n\n<p>&nbsp;</p>\n\n<p><img alt=\"\" height=\"125\" src=\"http://www.cmoney.tw/learn/cmstatic/learn/42/20140822120650352.jpg\" width=\"500\" /></p>\n\n<p><span style=\"color:rgb(211, 211, 211); font-family:arial,微軟正黑體,細明體; font-size:12px\">（圖片來源&nbsp;</span><a href=\"http://lemon8530.pixnet.net/blog\" style=\"margin: 0px; padding: 0px; outline: none; line-height: 1.7; word-break: break-all; text-decoration: none; color: rgb(0, 85, 153); font-family: Arial, 微軟正黑體, 細明體; font-size: 12px;\"><span style=\"color:rgb(211, 211, 211)\">LEMON有畫要說</span></a><span style=\"color:rgb(211, 211, 211); font-family:arial,微軟正黑體,細明體; font-size:12px\">）</span></p>\n\n<p>&nbsp;</p>\n\n<p>因為選擇權的交易策略</p>\n\n<p>常常根據&nbsp;Delta 值的變化而定</p>\n\n<p>因此針對&nbsp;Delta 值的變動數</p>\n\n<p>衍生出的 Gamma 值</p>\n\n<p>就用作直接比較的工具</p>\n\n<p>通常在最接近交易日</p>\n\n<p>且價平附近的 買權及 賣權</p>\n\n<p>Gamma 值會最大</p>\n\n<p>&nbsp;</p>\n\n<h2>Vega 值</h2>\n\n<h2>是用於衡量波動率變動</h2>\n\n<h2>對選擇權價格的影響</h2>\n\n<p>vega 值</p>\n\n<p>是直接由市場波動率來觀察</p>\n\n<p>假設現在&nbsp;vega 值為 8.0</p>\n\n<p>表示波動率每增加 1%</p>\n\n<p>選擇權價格就會增加 8 點</p>\n\n<p>&nbsp;</p>\n\n<p><img alt=\"\" height=\"118\" src=\"http://www.cmoney.tw/learn/cmstatic/learn/42/20140822120658341.jpg\" width=\"500\" /></p>\n\n<p><span style=\"color:rgb(211, 211, 211); font-family:arial,微軟正黑體,細明體; font-size:12px\">（圖片來源&nbsp;</span><a href=\"http://lemon8530.pixnet.net/blog\" style=\"margin: 0px; padding: 0px; outline: none; line-height: 1.7; word-break: break-all; text-decoration: none; color: rgb(0, 85, 153); font-family: Arial, 微軟正黑體, 細明體; font-size: 12px;\"><span style=\"color:rgb(211, 211, 211)\">LEMON有畫要說</span></a><span style=\"color:rgb(211, 211, 211); font-family:arial,微軟正黑體,細明體; font-size:12px\">）</span></p>\n\n<p>&nbsp;</p>\n\n<p>市場上常會以</p>\n\n<p>統計隱含波動率變化的經驗值</p>\n\n<p>去判斷未來盤勢的變化</p>\n\n<p>如果遇到 隱含波動率偏離 經驗值太多</p>\n\n<p>這時就可以參考 Vega 值。</p>\n\n<p>&nbsp;</p>\n\n<h2>Theta 值</h2>\n\n<h2>是衡量到期期間變動</h2>\n\n<h2>對選擇權價格的影響</h2>\n\n<p>Theta 值</p>\n\n<p>是指契約到期日每消失一天</p>\n\n<p>選擇權價格的變動數。</p>\n\n<p>選擇權越接近到期日</p>\n\n<p>時間價值會消逝的越快</p>\n\n<p>Theta 值也相對越大。</p>\n\n<p>&nbsp;</p>\n\n<p><img alt=\"\" height=\"137\" src=\"http://www.cmoney.tw/learn/cmstatic/learn/42/20140822120707070.jpg\" width=\"500\" /></p>\n\n<p><span style=\"color:rgb(211, 211, 211); font-family:arial,微軟正黑體,細明體; font-size:12px\">（圖片來源&nbsp;</span><a href=\"http://lemon8530.pixnet.net/blog\" style=\"margin: 0px; padding: 0px; outline: none; line-height: 1.7; word-break: break-all; text-decoration: none; color: rgb(0, 85, 153); font-family: Arial, 微軟正黑體, 細明體; font-size: 12px;\"><span style=\"color:rgb(211, 211, 211)\">LEMON有畫要說</span></a><span style=\"color:rgb(211, 211, 211); font-family:arial,微軟正黑體,細明體; font-size:12px\">）</span></p>\n\n<p>&nbsp;</p>\n\n<p>假設 Theta 值為 -5.0 時</p>\n\n<p>代表距離到期日每減少一天</p>\n\n<p>選擇權價值就會減少 5 點。</p>\n\n<p>&nbsp;</p>\n\n<h2>Rho 值</h2>\n\n<h2>是衡量利率變動</h2>\n\n<h2>對選擇權價格的影響</h2>\n\n<p>Rho 值</p>\n\n<p>是當市場無風險利率每變動 1%</p>\n\n<p>選擇權價格的變動數值。</p>\n\n<p>但由於選擇權價格隨利率變動的幅度不大</p>\n\n<p>Rho 比較不受重視。</p>\n\n<p>&nbsp;</p>\n\n<p><img alt=\"\" height=\"146\" src=\"http://www.cmoney.tw/learn/cmstatic/learn/42/20140822120716214.jpg\" width=\"500\" /></p>\n\n<p><span style=\"font-size:12px\"><span style=\"color:#D3D3D3\">（圖片來源 </span><a href=\"http://lemon8530.pixnet.net/blog\"><span style=\"color:#D3D3D3\">LEMON有畫要說</span></a><span style=\"color:#D3D3D3\">）</span></span></p>\n\n<p>&nbsp;</p>\n\n<p>一系列課程終於學完了...</p>\n\n<p>但可不能因此忘記前面教的東西喔！</p>\n\n<p>讓我們從第一堂課開始複習吧！</p>\n\n<p><a href=\"http://cmy.tw/0056oB\"><img alt=\"\" height=\"57\" src=\"http://www.cmoney.tw/learn/cmstatic/learn/42/20170215150351081.png\" width=\"447\" /></a></p>\n",
        "ViewCount": "41456",
        "IsReference": false,
        "ReferenceList": null,
        "OgImgURL": "http://www.cmoney.tw/learn/cmstatic/learn/42/20140820160155477.jpg"
    },
    "badges": [],
    "isTreeCompleted": false,
    "nextCourse": null
}