{
    "courseDetail": {
        "CourseId": 1245,
        "CourseContent": "<p><img alt=\"\" height=\"339\" src=\"http://www.cmoney.tw/learn/cmstatic/learn/48/20200914165508926.jpg\" width=\"650\" /></p>\n\n<h1>擺脫「小資族」</h1>\n\n<h1>新手也能穩穩賺</h1>\n\n<p>七年級生 Jenny 大學一畢業，</p>\n\n<p>就下了人生第一筆單。</p>\n\n<p>靠著勤奮的自我進修投資術，</p>\n\n<p>從賠多賺少，進步到賺多賠少，</p>\n\n<p>聰明的投資，</p>\n\n<p>幫助她終結小資貧寒生活！</p>\n\n<p>每月入帳過 5 萬，</p>\n\n<p>買房、買車都做到了！</p>\n\n<p>&nbsp;</p>\n\n<p>到底...</p>\n\n<p>她是用了什麼方法？</p>\n\n<p>&nbsp;</p>\n\n<p>趕快來看看吧...</p>\n\n<p>&nbsp;</p>\n\n<p><span style=\"font-size:12px\"><span style=\"color:#808080\">（贊助商連結）</span></span></p>\n\n<p><dfp type=\"3\"></dfp></p>\n\n<h1>她的秘訣...</h1>\n\n<h1>就是「籌碼分析」！</h1>\n\n<p>Jenny 認為，主要的關鍵</p>\n\n<p>在於善用「籌碼分析」，</p>\n\n<p>因為籌碼是主力用錢堆出來的，</p>\n\n<p>不會有造假的問題。</p>\n\n<p>&nbsp;</p>\n\n<h1>什麼是籌碼面？</h1>\n\n<h2>在股票市場中</h2>\n\n<h2>籌碼其實就是股票</h2>\n\n<p>一講到籌碼，</p>\n\n<p>腦中的第一印象應該來自於賭桌，</p>\n\n<p>也就是你的資本和賭金，</p>\n\n<p>每一局牌桌在變化時，</p>\n\n<p>你自己決定你什麼時候要下，</p>\n\n<p>下多少要不要加碼。</p>\n\n<p>在股票市場中也是一樣，</p>\n\n<p>越多資金的人擁有股票，</p>\n\n<p>而那些股票就是你的籌碼。</p>\n\n<p>&nbsp;</p>\n\n<p><dfp type=\"2\"></dfp></p>\n\n<p>&nbsp;</p>\n\n<h1>為什麼要研究籌碼面？</h1>\n\n<h2>基本面、技術面、籌碼面</h2>\n\n<p>基本面是研究該公司內在的真實價值，</p>\n\n<p>技術面是分析股票價格短期內的趨勢方向，</p>\n\n<p>籌碼面主張<strong>跟著大金主的動向，</strong></p>\n\n<p><strong>搭上主力順風車。</strong></p>\n\n<p>&nbsp;</p>\n\n<h1>股票價格在於</h1>\n\n<h1>市場買賣行為</h1>\n\n<h2>籌碼面分析大戶的每個動向</h2>\n\n<p>他們擁有雄厚的資金、影響股價的能力，</p>\n\n<p>跟著他們的腳步走，</p>\n\n<p>比較不會出錯，對投資也較有利。</p>\n\n<p>&nbsp;</p>\n\n<p><a href=\"http://cmy.tw/008NnG\"><img alt=\"\" height=\"250\" src=\"http://www.cmoney.tw/learn/cmstatic/learn/48/20200914152244532.jpg\" width=\"300\" /></a></p>\n\n<p>&nbsp;</p>\n\n<h1>籌碼面分析</h1>\n\n<h1>就是研究大戶的動向</h1>\n\n<h2>大戶：在市場上</h2>\n\n<h2>對股票的價格特別有影響力的人</h2>\n\n<p>大家研究籌碼面，</p>\n\n<p>是想藉此預測股票會漲還跌，</p>\n\n<p>我們一般投資人每檔股票兩三張。</p>\n\n<p>買進賣出對於股價沒有影響力，</p>\n\n<p>所以不是研究我們的動向，</p>\n\n<p>而能撼動股價的人是誰呢？</p>\n\n<p>當然是那些錢多多的公司和人啦！</p>\n\n<p>我們簡稱為「大戶」。</p>\n\n<p>&nbsp;</p>\n\n<h1>大戶又分為三種人：</h1>\n\n<p><img alt=\"\" height=\"180\" src=\"http://www.cmoney.tw/learn/cmstatic/learn/48/20160817142607998.jpg\" width=\"500\" /></p>\n\n<h1>根據大戶動向</h1>\n\n<h1>投資有 3 個訣竅</h1>\n\n<h2>1. 大戶買進：</h2>\n\n<h2>價格上漲，跟著買進！</h2>\n\n<p>&nbsp;</p>\n\n<h2>2. 大戶賣出：</h2>\n\n<h2>價格下降，跟著賣出！</h2>\n\n<p>因為大戶們一買一賣都是幾百張，</p>\n\n<p>甚至幾千在買賣同一支股票，</p>\n\n<p>他們一買進，</p>\n\n<p>此檔股票需求大幅上升，</p>\n\n<p>價格自然上漲，</p>\n\n<p>但一旦賣出也會使股價下跌。</p>\n\n<p>&nbsp;</p>\n\n<h2>3. 大戶的買進和賣出是連續的</h2>\n\n<p>當大戶開始買進，</p>\n\n<p>就會連續好幾天買，</p>\n\n<p>股價就會跟著上漲。</p>\n\n<p>而相反的，</p>\n\n<p>只要開始賣就會連續賣好幾天，</p>\n\n<p>該公司股價就會跟著他們波動。</p>\n\n<p>&nbsp;</p>\n\n<p><dfp type=\"1\"></dfp></p>\n\n<p>&nbsp;</p>\n\n<h1>我們來看看實際的例子</h1>\n\n<h2><strong>以</strong><a href=\"http://www.cmoney.tw/finance/f00036.aspx?m=3&amp;s=1101\" target=\"_blank\">兆豐金(2886)</a>為例</h2>\n\n<p>我們來看看 2014 年 8 月，</p>\n\n<p><a href=\"http://www.cmoney.tw/finance/f00036.aspx?m=3&amp;s=1101\" target=\"_blank\">兆豐金(2886)</a>半年的股價波動，</p>\n\n<p>先用主力買賣超和買賣家數差搭配，</p>\n\n<p>可以知道大戶買賣動作。</p>\n\n<p>我們可以看到 2014 年三月的時候，</p>\n\n<p>兆豐金大跌是因為大戶在賣，</p>\n\n<p>而從 2014 六月初到八月中，</p>\n\n<p>股價一路漲也是因為大戶連續買進。</p>\n\n<p>&nbsp;</p>\n\n<p>推薦這篇<a href=\"http://www.cmoney.tw/learn/course/michelle/topic/679\" target=\"_blank\">籌碼K線基本操作</a></p>\n\n<p>教你怎麼判斷大戶的一舉一動</p>\n\n<p><img alt=\"\" height=\"565\" src=\"http://www.cmoney.tw/learn/cmstatic/learn/48/20140819105606292.jpg\" width=\"500\" /></p>\n\n<p><span style=\"color:#696969\">(資料來源:籌碼Ｋ線2014年8月19日資料)</span></p>\n\n<p>&nbsp;</p>\n\n<h1>如何觀察大戶動向？</h1>\n\n<h2>鎖定券商分點</h2>\n\n<h2>找到大戶操作規律</h2>\n\n<p>大戶雖然資本多，但台股一千多檔，</p>\n\n<p>它不會每一檔股票通通研究透徹，</p>\n\n<p>所以通常大戶會習慣固定操作，</p>\n\n<p>然後把資本重壓在這幾檔股票上，</p>\n\n<p>再加上，他們必須透過</p>\n\n<p><strong>券商分點</strong>來買賣股票(<a href=\"http://www.cmoney.tw/learn/course/michelle/topic/674\" target=\"_blank\">什麼是券商分點</a>？)，</p>\n\n<p>所以我們可以用<a href=\"http://cmy.tw/006pOD\" target=\"_blank\">籌碼K線</a>，</p>\n\n<p>簡單輕鬆查到需要的資訊 。</p>\n\n<p>&nbsp;</p>\n\n<p>所以我們透過觀察，</p>\n\n<p>知道是那些券商分點，</p>\n\n<p>在定期操作這檔股票後，</p>\n\n<p>就可以找到他們的操作規律提前作布局，</p>\n\n<p>成為籌碼選股達人。</p>\n\n<p>&nbsp;</p>\n\n<h1>籌碼資料</h1>\n\n<h1>全世界只有台灣有</h1>\n\n<p>台灣是全世界少數有籌碼資料的國家，</p>\n\n<p>國內外買賣家的一舉一動，</p>\n\n<p>都要公布讓我們散戶知道。</p>\n\n<p>(註：美國只會公布季財報和骨架等</p>\n\n<p>最基本的資訊，</p>\n\n<p>所以他們散戶大多也只能看基本面)</p>\n\n<p><a href=\"http://www.cmoney.tw/finance/f00025.aspx?m=3&amp;s=1101\" target=\"_blank\">只要在這裡</a>輸入個股代號</p>\n\n<p>可以便利的隨時追蹤個股籌碼面的資料。</p>\n\n<p><img alt=\"\" height=\"189\" src=\"http://www.cmoney.tw/learn/cmstatic/learn/48/20141103105834333.jpg\" width=\"500\" /></p>\n\n<p><span style=\"color:#696969\">(資料來源:</span><a href=\"http://cmy.tw/006pOD\" target=\"_blank\"><span style=\"color:#696969\">理財寶－股市</span></a><span style=\"color:#696969\">)</span></p>\n\n<p>&nbsp;</p>\n\n<p>當我們有了這些資料，</p>\n\n<p>大戶、小戶、贏家、輸家、主力 &hellip;</p>\n\n<p>所有人的動向便全在我們的掌握之中。</p>\n\n<p>&nbsp;</p>\n\n<p>現在有了籌碼面的基本概念了，</p>\n\n<p>接下來，讓我們繼續帶領你，</p>\n\n<p>更深一層了解它吧！</p>\n\n<p><a href=\"http://cmy.tw/009YkZ\"><img alt=\"\" height=\"600\" src=\"http://www.cmoney.tw/learn/cmstatic/learn/48/20200914152158834.jpg\" width=\"300\" /></a></p>\n\n<p>&nbsp;</p>\n",
        "ViewCount": "239706",
        "IsReference": true,
        "ReferenceList": [
            {
                "ReferenceId": 35663,
                "Description": "如果擂台上只能使一招，我使「籌碼分析」這招",
                "ReferenceUrl": " http://cmy.tw/0051zO ",
                "ReferenceImage": "http://www.cmoney.tw/notes/cmstatic/notes/capture/29464/20140508160459354.png",
                "ViewCount": 64
            },
            {
                "ReferenceId": 35664,
                "Description": "技術K棒只是外表，籌碼分析看量較實在!",
                "ReferenceUrl": " http://cmy.tw/004jko",
                "ReferenceImage": "http://www.cmoney.tw/notes/cmstatic/notes/capture/29464/20140108110800832.png",
                "ViewCount": 81
            },
            {
                "ReferenceId": 35665,
                "Description": "太可怕了！股票市場的「籌碼」潛規則，原來是這樣！死也要記住這些 ...",
                "ReferenceUrl": "http://cmy.tw/004gOF ",
                "ReferenceImage": "http://www.cmoney.tw/notes/cmstatic/notes/capture/24383/20150122102857265.jpg",
                "ViewCount": 74
            }
        ],
        "OgImgURL": "http://www.cmoney.tw/learn/cmstatic/learn/48/20200914165508926.jpg"
    },
    "badges": [],
    "isTreeCompleted": false,
    "nextCourse": null
}