{
    "courseDetail": {
        "CourseId": 125,
        "CourseContent": "<p><img alt=\"殖利率\" height=\"339\" src=\"http://www.cmoney.tw/learn/cmstatic/learn/1/20200410113700466.jpg\" width=\"650\" /></p>\n\n<p>把錢放在銀行定存，</p>\n\n<p>要比較「年利率」。</p>\n\n<p>投資房地產當包租公，</p>\n\n<p>收租金要考慮「租金報酬率」，</p>\n\n<h2>那長期投資股票呢？ &nbsp;</h2>\n\n<h2>你一定要搞懂「股票殖利率」！</h2>\n\n<p>&nbsp;</p>\n\n<p>我們繼續看下去 ...</p>\n\n<p>&nbsp;</p>\n\n<p><span style=\"font-size:12px\">(贊助商連結)&nbsp;</span></p>\n\n<p><dfp type=\"3\"></dfp></p>\n\n<h1>一般提到股票的殖利率</h1>\n\n<h1>指的都是股票的現金殖利率</h1>\n\n<p>意義是計算報酬率，</p>\n\n<p>就像存款有利息一樣，</p>\n\n<p>把股票當成存款，</p>\n\n<p>把每年配發的<a href=\"http://cmy.tw/009ETb\">現金股利</a></p>\n\n<p>當作利息，計算報酬率。</p>\n\n<p>&nbsp;</p>\n\n<h1>「股票殖利率」</h1>\n\n<h1>該怎麼計算？</h1>\n\n<p>以 <a href=\"http://www.cmoney.tw/follow/channel/stock-2330?chart=d\"><u>台積電(2330)</u></a> 來說，</p>\n\n<p>2015 發放的現金股利是 6 元，</p>\n\n<p>如果你以 100 元買進。</p>\n\n<p><strong><span style=\"font-size:18px\">股票殖利率 =</span></strong></p>\n\n<p><strong><span style=\"font-size:18px\">[現金股利] 除以 [股價]</span></strong></p>\n\n<p><strong><span style=\"font-size:18px\"><u>6 &divide; 100 =&nbsp; 6%</u></span></strong></p>\n\n<p>也就是說，</p>\n\n<p>你買一張 100 元的&nbsp;<u><a href=\"http://www.cmoney.tw/follow/channel/stock-2330?chart=d\" style=\"line-height: 25.5px;\">台積電(2330)</a></u>，</p>\n\n<p>每年收到現金股利 6 千元 ，</p>\n\n<p>換算成現金股利的，</p>\n\n<p>年報酬率就是 6%。</p>\n\n<p>如果要估算，</p>\n\n<p>過去每年的殖利率，</p>\n\n<p>我們一般是用</p>\n\n<p><strong><span style=\"font-family:microsoft jhenghei\"><span style=\"background-color:#FFFF00\">現金股利除以 </span></span></strong></p>\n\n<p><strong><span style=\"font-family:microsoft jhenghei\"><span style=\"background-color:#FFFF00\"><a href=\"http://cmy.tw/0096jD\">除息</a>前一天的收盤價。</span></span></strong></p>\n\n<p>&nbsp;</p>\n\n<p><img alt=\"現金股利\" height=\"277\" src=\"http://www.cmoney.tw/learn/cmstatic/learn/1/20160309173213997.png\" width=\"500\" /></p>\n\n<p><span style=\"color:rgb(128, 128, 128); font-size:12px\">(來源：</span><span style=\"color:rgb(128, 128, 128); font-size:12px\"><a href=\"http://www.cmoney.tw/finance/f00027.aspx?m=3&amp;s=2330\" style=\"font-size: 12px;\" target=\"_blank\">CMoney</a>&nbsp;</span><span style=\"color:rgb(128, 128, 128); font-size:12px\">)</span></p>\n\n<p>&nbsp;</p>\n\n<h2>股利 = 股票股利 + 現金股利</h2>\n\n<p>但一般計算股票殖利率時，</p>\n\n<p>多數都只計算現金股利，如上圖綠色。</p>\n\n<p>&nbsp;</p>\n\n<p><dfp type=\"2\"></dfp></p>\n\n<p>&nbsp;</p>\n\n<h1>股票殖利率</h1>\n\n<h1>會隨股價而變動</h1>\n\n<p><img alt=\"股價\" height=\"166\" src=\"http://www.cmoney.tw/learn/cmstatic/learn/1/20160309174833563.png\" width=\"500\" /></p>\n\n<p>以上圖 <u><a href=\"http://www.cmoney.tw/follow/channel/stock-2330?chart=d\" style=\"line-height: 25.5px;\">台積電(2330)</a></u><u>&nbsp;</u>為例，</p>\n\n<p>如果你幸運買在最低點 120，</p>\n\n<p>股票殖利率就是：</p>\n\n<p>6 &divide;<span style=\"background-color:rgb(255, 255, 255); color:rgb(68, 68, 68)\">&nbsp;</span>120 =&nbsp;<strong><u>5%</u></strong>。</p>\n\n<p>如果你買在最高點 150，</p>\n\n<p>股票殖利率就掉到：</p>\n\n<p>6 &divide; 150 =&nbsp; <strong><u>4%</u></strong>。</p>\n\n<p>&nbsp;</p>\n\n<h1>殖利率與股價變動</h1>\n\n<h1>的 2 個關係：</h1>\n\n<h2>1. 買進的股價越低，殖利率就越高</h2>\n\n<h2>2. 買進的股價越高，殖利率就越低</h2>\n\n<p><strong>若算出的殖利率</strong></p>\n\n<p><strong>低於銀行定存利率 (1.4%)</strong></p>\n\n<p>那報酬率就太低了，</p>\n\n<p>通常這樣的股價，</p>\n\n<p>就暫不考慮<a href=\"http://cmy.tw/008mFr\">長期投資</a>。</p>\n\n<p>&nbsp;</p>\n\n<p><dfp type=\"1\"></dfp></p>\n\n<h1>高殖利率</h1>\n\n<h1>最好是能大於 5</h1>\n\n<p><span style=\"background-color:#FFFF00\">若配上穩定的</span></p>\n\n<p><span style=\"background-color:#FFFF00\">股利發放 ... 就更棒了！</span></p>\n\n<p>長線投資人應該關注股票殖利率，</p>\n\n<p>選擇股利發放穩定，且股票殖利率高的公司。</p>\n\n<p>&nbsp;</p>\n\n<h1>重點複習：</h1>\n\n<h2>現金股利/股價 = 殖利率</h2>\n\n<h2>若能 &gt; 5% 最好</h2>\n\n<p>股票每年的<a href=\"http://www.cmoney.tw/finance/f00027.aspx?m=3&amp;s=2330\" target=\"_blank\">現金股利：可以查這裡</a></p>\n\n<p>股票目前<a href=\"http://www.cmoney.tw/finance/f00025.aspx?m=3&amp;s=2330\" target=\"_blank\">股價：</a><a href=\"http://www.cmoney.tw/finance/f00025.aspx?m=3&amp;s=2330\">請查這裡&nbsp;</a></p>\n\n<p>&nbsp;</p>\n\n<p>小編發現柴鼠兄弟有講解詳細的影片<br />\n分享給你～<br />\n<a href=\"https://www.youtube.com/watch?v=yUUO7dtFInk\"><span style=\"font-size:22px\"><strong>如何知道自己買貴還是買便宜？<br />\n股票估值的基本面三大指標</strong></span></a></p>\n\n<p><iframe allow=\"accelerometer; autoplay; encrypted-media; gyroscope; picture-in-picture\" allowfullscreen=\"\" frameborder=\"0\" height=\"315\" src=\"https://www.youtube.com/embed/yUUO7dtFInk\" width=\"560\"></iframe></p>\n\n<p>&nbsp;</p>\n\n<p><span style=\"font-size:12px\">本文由 為CMoney編輯團隊撰寫<br />\n未經授權，請勿轉載！</span></p>\n\n<p><span style=\"font-size:12px\">（內文圖來源／CMoney）<br />\n（本文內容純屬參考，並非投資建議，投資前請謹慎為上）</span></p>\n\n<p>&nbsp;</p>\n\n<p><a href=\"http://cmy.tw/009YkZ\"><img alt=\"\" height=\"600\" src=\"http://www.cmoney.tw/learn/cmstatic/learn/1/20200803111005557.jpg\" width=\"300\" /></a></p>\n\n<p>&nbsp;</p>\n\n<p>&nbsp;</p>\n",
        "ViewCount": "592421",
        "IsReference": true,
        "ReferenceList": [
            {
                "ReferenceId": 35822,
                "Description": "什麼是EPS",
                "ReferenceUrl": "http://www.cmoney.tw/learn/course/cmoney/topic/129",
                "ReferenceImage": "http://www.cmoney.tw/notes/cmstatic/notes/capture/29464/20131126104547272.png",
                "ViewCount": 32
            },
            {
                "ReferenceId": 35823,
                "Description": "什麼是周轉率",
                "ReferenceUrl": "http://www.cmoney.tw/learn/course/cmoney/topic/128",
                "ReferenceImage": "http://www.cmoney.tw/notes/cmstatic/notes/capture/29464/20131113151832525.png",
                "ViewCount": 1
            },
            {
                "ReferenceId": 35824,
                "Description": "順勢與逆勢",
                "ReferenceUrl": "http://www.cmoney.tw/learn/course/cmoney/topic/130",
                "ReferenceImage": "http://www.cmoney.tw/notes/cmstatic/notes/capture/32909/20131115154320043.png",
                "ViewCount": 3
            }
        ],
        "OgImgURL": "http://www.cmoney.tw/learn/cmstatic/learn/1/20200410113700466.jpg"
    },
    "badges": [],
    "isTreeCompleted": false,
    "nextCourse": null
}