{
    "courseDetail": {
        "CourseId": 1294,
        "CourseContent": "<p>&nbsp;</p>\n\n<p>&nbsp;</p>\n\n<h1>1 天賺 24000 元</h1>\n\n<h1>1 個月就賺 528000 元，可能嗎？</h1>\n\n<p>假設大盤從昨日收盤 9130 點</p>\n\n<p>今日收盤在 9250 點，相差 120 點</p>\n\n<p>如果有一個商品</p>\n\n<p>只要大盤每漲一點，就代表賺 200 元</p>\n\n<p>是不是 1 天就賺了 24000 元！</p>\n\n<p>&nbsp;</p>\n\n<p>很多人投資股票一定有過這樣的經驗</p>\n\n<p>買進後，股價就不漲</p>\n\n<p>賣出後，股價漲不停</p>\n\n<p>最後，下個結論：選股好困難，大盤比較好判斷</p>\n\n<p>那如果現在有追蹤大盤的投資商品</p>\n\n<p>你會想投資嗎？</p>\n\n<p>&nbsp;</p>\n\n<p>下面就為你介紹</p>\n\n<p>這個神祕的商品是...</p>\n\n<p>&nbsp;</p>\n\n<p>繼續往下看...</p>\n\n<p>&nbsp;</p>\n\n<p><span style=\"color:#D3D3D3\"><span style=\"font-size:12px\">(贊助商連結)</span></span></p>\n\n<p><googleadsense height=\"600px\" type=\"4\" width=\"300px\"></googleadsense></p>\n\n<p>&nbsp;</p>\n\n<h1>如何交易台指期？</h1>\n\n<h1>簡單 2 步驟就搞定！</h1>\n\n<h2>步驟 1. 繳交足夠的保證金給期貨商</h2>\n\n<p>假設 小熊 和 小兔，要投資大台指( TX )</p>\n\n<p>小熊、小兔要依照自己可以承擔的風險大小</p>\n\n<p>投入適當的保證金</p>\n\n<p>&nbsp;</p>\n\n<p>投資人應該注意：</p>\n\n<p><span style=\"font-size:18px\"><strong>在期貨交易時，應該繳交足夠的保證金</strong></span></p>\n\n<p><span style=\"font-size:18px\"><strong>降低槓桿的比率，才能降低風險</strong></span></p>\n\n<p>為了簡化分析</p>\n\n<p>在計算損益時，先不考慮手續費和期交稅</p>\n\n<p>&nbsp;</p>\n\n<p>&nbsp;</p>\n\n<p><span style=\"color:rgb(255, 102, 0); font-size:22px\">步驟 2. 預期大盤漲跌，買進 or 賣出</span></p>\n\n<p>小熊 預期大台指會上漲</p>\n\n<p>開盤時「買進」一口 大台指在 9130 點</p>\n\n<p>小兔&nbsp;預期大台指會下跌</p>\n\n<p>開盤時「賣出」一口 大台指在 9130 點</p>\n\n<p>當天 台指期貨 以 9130 點開盤</p>\n\n<p>收盤成交在 9250 點</p>\n\n<p>因為小熊、小兔的操作方向不同</p>\n\n<p>我們就分別來看看</p>\n\n<p>小熊和小兔的操作績效如何？</p>\n\n<p>&nbsp;</p>\n\n<p>&nbsp;</p>\n\n<p><span style=\"color:rgb(204, 0, 0); font-size:26px\">小熊看漲►獲利，平倉</span></p>\n\n<p>當天小熊用 9250 點 把一口部位賣掉( 平倉 )</p>\n\n<p>當天獲利：( 9250 - 9130 ) X 200 = 24,000 元</p>\n\n<p>&nbsp;</p>\n\n<p>&nbsp;</p>\n\n<p>&nbsp;</p>\n\n<h1>小兔看跌►虧損，未平倉( 要補繳保證金 )</h1>\n\n<p>小兔當天沒有認賠出場</p>\n\n<p>期貨交易商會用&nbsp;收盤價 9250 點</p>\n\n<p>結算期貨合約的價值</p>\n\n<p>&nbsp;</p>\n\n<p><img alt=\"\" height=\"280\" src=\"http://www.cmoney.tw/learn/cmstatic/learn/45/20160412090154938.jpg\" width=\"500\" /></p>\n\n<p>&nbsp;</p>\n\n<p>( 詳見：<a href=\"http://www.cmoney.tw/learn/course/futures/topic/1171\">保證金是什麼？</a>&nbsp;)</p>\n\n<p>&nbsp;</p>\n\n<p>現在，假設第二天...</p>\n\n<h2>情境 1. 小兔無法補足保證金</h2>\n\n<h2>&nbsp; &nbsp; &nbsp; &nbsp; &nbsp; &nbsp; ►期貨商強制平倉</h2>\n\n<p>因為小兔無法補足保證金</p>\n\n<p>期貨商以開盤價強迫小兔買進平倉</p>\n\n<p>假設成交在 9300 點</p>\n\n<p><strong>平倉損益：</strong></p>\n\n<p><strong>( 昨日開盤價 9130 點 - 今天開盤價 9300 點 ) X 200 元 = - 34,000 元</strong></p>\n\n<p>&nbsp;</p>\n\n<p>&nbsp;</p>\n\n<p>&nbsp;</p>\n\n<h2>情境 2. 開盤又上漲，小兔不及補足保證金►超額損失</h2>\n\n<p>如果第二天開盤指數跳高到 9600 點</p>\n\n<p>小兔在這之前來不及補足保證金</p>\n\n<p>就會出現超額損失</p>\n\n<p><strong>平倉損益：</strong></p>\n\n<p><strong>( 昨日開盤價 9130 點 - 當天開盤價 9600 點 ) X 200 元 = - 94,000 元</strong></p>\n\n<p>因虧損金額已超過原始保證金 83,000 元</p>\n\n<p><strong>小兔要再補繳 11,000 元，這筆錢稱為超額損失</strong></p>\n\n<p>&nbsp;</p>\n\n<p>&nbsp;</p>\n\n<p>&nbsp;</p>\n\n<p>期貨可以在 1 天內創造將近 50 %的報酬</p>\n\n<p>但也可能在 1、2 天內虧空所有的資金</p>\n\n<p>期貨的高風險和高報酬是在於財務槓桿較大</p>\n\n<p><strong><span style=\"font-size:18px\">如果可以準備更充足的資金</span></strong></p>\n\n<p><strong><span style=\"font-size:18px\">降低財務槓桿的比率</span></strong></p>\n\n<p><strong><span style=\"font-size:18px\">相對也能降低交易期貨的風險！</span></strong></p>\n\n<p>&nbsp;</p>\n\n<h2>恭喜各位學完了所有課程</h2>\n\n<h2>有沒有收穫滿滿的感覺呢？</h2>\n\n<h2>提醒大家，也別忘記前面的課程喔！</h2>\n\n<h2>讓我們回到<a href=\"http://cmy.tw/005KZF\">第一堂課</a>，好好複習一下吧！</h2>\n\n<p><a href=\"http://cmy.tw/005KZF\"><img alt=\"\" height=\"71\" src=\"http://www.cmoney.tw/learn/cmstatic/learn/45/20170220135150144.png\" width=\"402\" /></a></p>\n",
        "ViewCount": "150963",
        "IsReference": true,
        "ReferenceList": [
            {
                "ReferenceId": 29894,
                "Description": "保證金是什麼？",
                "ReferenceUrl": "http://www.cmoney.tw/learn/course/futures/topic/1171",
                "ReferenceImage": "http://www.cmoney.tw/learn/cmstatic/learn/45/20160408145309010.jpg",
                "ViewCount": 302
            },
            {
                "ReferenceId": 29895,
                "Description": "台指期是十麼？",
                "ReferenceUrl": "http://www.cmoney.tw/learn/course/futures/topic/1165",
                "ReferenceImage": "http://www.cmoney.tw/learn/cmstatic/learn/45/20160408162030631.jpg",
                "ViewCount": 401
            }
        ],
        "OgImgURL": "http://www.cmoney.tw/learn/cmstatic/learn/45/20160412090154938.jpg"
    },
    "badges": [],
    "isTreeCompleted": false,
    "nextCourse": null
}