{
    "courseDetail": {
        "CourseId": 1300,
        "CourseContent": "<p>&nbsp;</p>\n\n<p>&nbsp;</p>\n\n<h1>物價波動的賺錢好幫手</h1>\n\n<p>最今天氣不好，農作物收成降低，</p>\n\n<p>你還在擔憂米價會漲、玉米會漲嗎？</p>\n\n<p>告訴你，這時候可是賺錢的好時機</p>\n\n<p>&nbsp;</p>\n\n<p>有個投資工具</p>\n\n<p>就是專為物價波動而創造出來的</p>\n\n<p>如果你學會怎麼操作</p>\n\n<p>就算物價再漲 1 倍都不怕...</p>\n\n<p>&nbsp;</p>\n\n<p>繼續往下看...</p>\n\n<p>&nbsp;</p>\n\n<p><span style=\"color:#D3D3D3\"><span style=\"font-size:12px\">(贊助商連結)</span></span></p>\n\n<p><span style=\"color:rgb(128, 128, 128)\"><span style=\"font-size:12px\"><googleadsense height=\"600px\" type=\"4\" width=\"300px\"></googleadsense></span></span></p>\n\n<p>&nbsp;</p>\n\n<h1>期貨：</h1>\n\n<h1>用來「避險」，以防價格波動</h1>\n\n<p>期貨就是為了防止未來價格不確定波動的風險</p>\n\n<p>=&gt; 此用途稱為「避險」</p>\n\n<p>傳統的交易方式是「一手交錢，一手交貨」</p>\n\n<p>期貨的交易方式是「一手交錢，未來交貨」</p>\n\n<p><span style=\"font-size:15.55px\">歷史上最早的期貨市場是江戶幕府時代的日本</span></p>\n\n<p>當時的米價對經濟活動造成很重大的影響</p>\n\n<p><strong>為了避免未來米價變動太劇烈</strong></p>\n\n<p><strong>所以出現了一種</strong></p>\n\n<p><strong>『<span style=\"font-size:20px\">把未來的米先買下來</span>』的契約！</strong></p>\n\n<p>控制米價的變動</p>\n\n<p>我們將此契約，稱為&nbsp;<strong>遠期契約</strong></p>\n\n<p>&nbsp;</p>\n\n<h1>用現在的價格</h1>\n\n<h1>買下未來的貨物</h1>\n\n<p>舉個例子，三郎是個在江戶時代賣飯糰的店家</p>\n\n<p>但是近來戰爭的氣氛越來越濃</p>\n\n<p>三郎擔心戰爭發生時會造成米價飆漲</p>\n\n<p>最後會導致他不夠錢買米來做飯糰</p>\n\n<p>所以三郎決定在下一季的白米收成前</p>\n\n<p>先用現在價格，和米商把未來的這批米買下來</p>\n\n<p>因此三郎付了訂金給米商</p>\n\n<p>並簽訂了一張『買下未來白米』的契約</p>\n\n<p>而這就是期貨的前身</p>\n\n<p>&nbsp;</p>\n\n<p>&nbsp;</p>\n\n<p><span style=\"color:rgb(204, 0, 0); font-size:26px\">遠期契約，不受價格波動影響</span></p>\n\n<p>遠期契約&nbsp;是由「雙方」協議</p>\n\n<p>在未來的「某一特定日」</p>\n\n<p>買方和賣方以「特定價格」交易</p>\n\n<p>約定好數量的商品契約</p>\n\n<p>因此簽訂遠期契約</p>\n\n<p>就可以不受市場價格波動的影響</p>\n\n<p>當時簽訂「買下未來白米」的遠期契約</p>\n\n<p>就是現在 <strong>期貨</strong> 的前身</p>\n\n<p>&nbsp;</p>\n\n<h1>期貨就是一種法律契約</h1>\n\n<p>既然是契約</p>\n\n<p>就不能隨隨便便的亂寫，必須有一定的格式</p>\n\n<p>依照指定時間、價格、其他交易條件</p>\n\n<p>交收指定數量的現貨</p>\n\n<p>任何一張期貨合約內容都必須包含五種條件：</p>\n\n<p>&nbsp;</p>\n\n<p>&nbsp;</p>\n\n<p>&nbsp;</p>\n\n<p>舉例來說，七夕情人節快到了</p>\n\n<p>武士怕當天沒有玫瑰花可以送給公主</p>\n\n<p>因此武士在 6 月時，就先和花店約定好：</p>\n\n<p>「在七夕情人節當天&nbsp;<strong>-----------&nbsp;<span style=\"color:rgb(255, 0, 0)\">約定時間</span></strong></p>\n\n<p>我要訂 9,999 朵玫瑰&nbsp;<strong>-----------&nbsp;<span style=\"color:rgb(255, 0, 0)\">約定數量及貨品</span></strong></p>\n\n<p>價錢 10,000 元&nbsp;<strong>------------------&nbsp;<span style=\"color:rgb(255, 0, 0)\">約定價格</span></strong></p>\n\n<p>訂金壓 1,000 元」<strong>--------------&nbsp;<span style=\"color:rgb(255, 0, 0)\">保證金</span></strong></p>\n\n<p>&nbsp;</p>\n\n<p><strong>武士和花店的約定</strong></p>\n\n<p><strong>就是一個「期貨」合約！</strong></p>\n\n<p>&nbsp;</p>\n\n<p>&nbsp;</p>\n\n<p>在購買期貨商品前</p>\n\n<p>最好要再三的了解期貨契約背後的資料</p>\n\n<p>在台灣，所有期貨資料</p>\n\n<p>都可以由<a href=\"http://www.taifex.com.tw/chinese/index.asp\" style=\"text-decoration: underline; color: rgb(1, 103, 204); position: relative;\">台灣期貨交易所</a>的網站查到</p>\n\n<p>提醒投資人在購買期貨商品前</p>\n\n<p>最好要充分了解期貨合約內容</p>\n\n<p>才不會喪失自己的權益唷</p>\n\n<p>&nbsp;</p>\n\n<h2>還想知道更多關於買賣期貨的知識嗎？</h2>\n\n<h2>下一篇將教你 如何開始投資期貨的第一步？</h2>\n\n<h2>點我前往 <u><a href=\"http://cmy.tw/0052zY\">下一篇</a></u> &darr;&darr;&darr;</h2>\n\n<p><a href=\"http://cmy.tw/0052zY\"><img alt=\"\" height=\"62\" src=\"http://www.cmoney.tw/learn/cmstatic/learn/45/20170220092822134.png\" width=\"348\" /></a></p>\n",
        "ViewCount": "79104",
        "IsReference": true,
        "ReferenceList": [
            {
                "ReferenceId": 29885,
                "Description": "還在嫌「期貨」複雜？３步驟學會買賣期貨！幫你多賺 3 倍薪水...",
                "ReferenceUrl": "http://www.cmoney.tw/learn/course/futures/topic/1310",
                "ReferenceImage": "http://www.cmoney.tw/learn/cmstatic/learn/45/20160408095618542.jpg",
                "ViewCount": 185
            },
            {
                "ReferenceId": 29886,
                "Description": "買期貨比買股票成本便宜 37 倍！？期貨優於股票的 5 大不同！90%投資人都沒搞懂...",
                "ReferenceUrl": "http://www.cmoney.tw/learn/course/futures/topic/1328",
                "ReferenceImage": "http://www.cmoney.tw/learn/cmstatic/learn/45/20160408102856217.jpg",
                "ViewCount": 239
            },
            {
                "ReferenceId": 29887,
                "Description": "用期貨省下 59 萬交易成本？！買賣期貨，你一定要知道「這件事」...",
                "ReferenceUrl": "http://www.cmoney.tw/learn/course/futures/topic/1334",
                "ReferenceImage": "http://www.cmoney.tw/learn/cmstatic/learn/45/20160408105236345.jpg",
                "ViewCount": 54
            }
        ],
        "OgImgURL": "http://www.cmoney.tw/learn/cmstatic/learn/45/20170220092822134.png"
    },
    "badges": [],
    "isTreeCompleted": false,
    "nextCourse": null
}