{
    "courseDetail": {
        "CourseId": 1310,
        "CourseContent": "<h1>&nbsp;</h1>\n\n<h1>投資，不只有股票，還有...</h1>\n\n<p>&nbsp;</p>\n\n<p>有很多人投資股票、基金</p>\n\n<p>近年來，權證也在散戶投資人間熱絡起來</p>\n\n<p>但有一種商品</p>\n\n<p>因為難度較高，通常只有一小搓的人在投資</p>\n\n<p>曝光度非常低</p>\n\n<p>&nbsp;</p>\n\n<p>其實，如果用對方法</p>\n\n<p>它比股票還要好用</p>\n\n<p>它就是期貨</p>\n\n<p>&nbsp;</p>\n\n<p>下面讓我們介紹期貨入門基本須知</p>\n\n<p>看完後就會有一些概念了</p>\n\n<p>&nbsp;</p>\n\n<p>繼續往下看...</p>\n\n<p>&nbsp;</p>\n\n<p><span style=\"color:#D3D3D3\"><span style=\"font-size:12px\">(贊助商連結)</span></span></p>\n\n<p><googleadsense height=\"600px\" type=\"4\" width=\"300px\"></googleadsense></p>\n\n<p>&nbsp;</p>\n\n<h1>計算台指期的賺賠</h1>\n\n<h1>和 股票 完全一樣</h1>\n\n<h2>買進股票，價格上漲就會賺錢，期貨也是一樣</h2>\n\n<p><img alt=\"\" height=\"324\" src=\"http://www.cmoney.tw/learn/cmstatic/learn/45/20141023151225615.jpg\" width=\"598\" /></p>\n\n<p>( 上面的圖看不懂? <a href=\"http://www.cmoney.tw/learn/course/cmoney/topic/135\" target=\"_blank\">馬上教你怎麼看 K線圖!</a>&nbsp;)</p>\n\n<p>&nbsp;</p>\n\n<h1>記住 3 件事</h1>\n\n<h1>就可以開始買賣期貨</h1>\n\n<h2><strong>1. 先開期貨保證金帳戶</strong></h2>\n\n<p>買賣股票在證券商開「證券戶」</p>\n\n<p>就可以用銀行的帳戶直接交易</p>\n\n<p>期貨是採取<a href=\"http://www.cmoney.tw/learn/course/futures/topic/1171\" target=\"_blank\">保證金交易</a></p>\n\n<p>除了要<a href=\"http://www.cmoney.tw/learn/course/futures/topic/1081\" target=\"_blank\">開期貨戶</a>，要再多開一個「保證金帳戶」</p>\n\n<p>把錢轉到保證金帳戶內就可以買賣期貨囉！</p>\n\n<p>&nbsp;</p>\n\n<h2><strong>2. 期貨的單位是＂口＂</strong></h2>\n\n<p>期貨 1 單位稱作 1 口，10 單位就是 10 口 ！</p>\n\n<p>股票的單位是＂股＂和＂張＂</p>\n\n<p>1 張等於 1000 股</p>\n\n<p>期貨只有一個單位，就是＂口＂</p>\n\n<p>&nbsp;</p>\n\n<h2><strong>3. 單位是 200 元</strong></h2>\n\n<p>買股票上漲 1 元就賺 1 元</p>\n\n<p>買台指期貨上漲 1 點，就賺 200 元</p>\n\n<p>買股票時，如果上漲 5 元</p>\n\n<p>每 1 張股票( 1000 股)就是賺 5000 元</p>\n\n<p>如果買進 1 口期貨期貨，上漲 5 點</p>\n\n<p>每點 200 元，就等於賺 1000 元</p>\n\n<p>&nbsp;</p>\n\n<p><img alt=\"\" height=\"95\" src=\"http://www.cmoney.tw/learn/cmstatic/learn/45/20141023154511349.jpg\" width=\"536\" /></p>\n\n<p>&nbsp;</p>\n\n<h1>認為未來大盤會上漲</h1>\n\n<h1>可以買進台指期貨</h1>\n\n<h2>如果期貨價格上漲 30 點</h2>\n\n<h2>就會賺 6000 元</h2>\n\n<p>有一天早上</p>\n\n<p>阿土伯突然感受到一股東方神秘力量</p>\n\n<p>他覺得加權指數會上漲！</p>\n\n<p>於是他早上買進 1 口 台指期</p>\n\n<p>到了中午，期貨的價格真的上漲了 30 點</p>\n\n<p>阿土伯趕緊把期貨賣掉</p>\n\n<p>他一共賺了 30 點</p>\n\n<p>每點 200 元，因此阿土伯一共賺了 6000 元</p>\n\n<p>&nbsp;</p>\n\n<p><img alt=\"\" height=\"159\" src=\"http://www.cmoney.tw/learn/cmstatic/learn/45/20141023140851042.jpg\" width=\"537\" /></p>\n\n<p>&nbsp;</p>\n\n<h2>如果期貨價格下跌 10 點</h2>\n\n<h2>就會賠 2000 元</h2>\n\n<p>隔天，阿土伯又感受到這股東方神秘力量</p>\n\n<p>所以他早上又買進 1 口台指期</p>\n\n<p>但股價隨後卻開始慢慢下跌</p>\n\n<p>阿土伯很擔心</p>\n\n<p>於是在下跌 10 點的時候，把期貨賣出平倉</p>\n\n<p>( 將原本買進的期貨賣出</p>\n\n<p>或原本賣出的期貨買回來</p>\n\n<p>一買一賣互相抵銷，稱為<strong>平倉&nbsp;</strong>)</p>\n\n<p>他一共虧損了 10 點，每點 200 元，</p>\n\n<p>所以共虧了 2000 元！</p>\n\n<p>&nbsp;</p>\n\n<p><img alt=\"\" height=\"161\" src=\"http://www.cmoney.tw/learn/cmstatic/learn/45/20141023142533254.jpg\" width=\"543\" /></p>\n\n<p>&nbsp;</p>\n\n<h1>認為未來大盤會下跌</h1>\n\n<h1>可以賣出( 放空 )台指期貨</h1>\n\n<h2>若期貨價格上漲 50 點</h2>\n\n<h2>就會賠 10000 元</h2>\n\n<p>賣出台指期貨就像融券放空股票</p>\n\n<p>若期貨價格上漲 50 點，就會賠 10000 元！</p>\n\n<p>昨晚美股大跌，阿土伯覺得隔天股價會繼續下跌</p>\n\n<p>於是他早上放空賣出 1 口台股期貨</p>\n\n<p>但事與願違，台指期一下子就上漲了 50 點</p>\n\n<p>阿土伯趕緊平倉，他一共虧損 50 點</p>\n\n<p>每點 200 元，一共虧損 10000 元</p>\n\n<p>&nbsp;</p>\n\n<p><img alt=\"\" height=\"159\" src=\"http://www.cmoney.tw/learn/cmstatic/learn/45/20141023143235240.jpg\" width=\"536\" /></p>\n\n<p>&nbsp;</p>\n\n<h2>若期貨價格下跌 400 點</h2>\n\n<h2>就會賺 80000 元</h2>\n\n<p>阿土伯認真研究大盤後，覺得最近加權指數會下跌</p>\n\n<p>於是賣出 1 口台股期貨</p>\n\n<p>後來股價真的一路大跌，幾天內跌了 400 點</p>\n\n<p>阿土伯就心滿意足的平倉了</p>\n\n<p>這次他一共賺了 400 點，也就是 8 萬元！</p>\n\n<p>&nbsp;</p>\n\n<p><img alt=\"\" height=\"159\" src=\"http://www.cmoney.tw/learn/cmstatic/learn/45/20141023161631104.jpg\" width=\"534\" /></p>\n\n<h2>&nbsp;</h2>\n\n<h2>對期貨有點認識了吧！</h2>\n\n<h2>下一堂課 將介紹&nbsp;<u><a href=\"http://cmy.tw/005MwT\">期貨的 5 大優點</a></u>&nbsp;...</h2>\n\n<h2>看完後，你就不會想投資股票了！</h2>\n\n<p><a href=\"http://cmy.tw/005MwT\"><img alt=\"\" height=\"60\" src=\"http://www.cmoney.tw/learn/cmstatic/learn/45/20170218155149090.png\" width=\"342\" /></a></p>\n",
        "ViewCount": "173009",
        "IsReference": true,
        "ReferenceList": [
            {
                "ReferenceId": 29875,
                "Description": "臺灣期貨交易所",
                "ReferenceUrl": "http://www.taifex.com.tw/chinese/2/T5F.asp",
                "ReferenceImage": "http://www.taifex.com.tw/chinese/images/fb_logo.jpg",
                "ViewCount": 125
            },
            {
                "ReferenceId": 29876,
                "Description": "第一次開戶就上手",
                "ReferenceUrl": "http://www.cmoney.tw/learn/course/futures/topic/1081",
                "ReferenceImage": "http://www.cmoney.tw/learn/cmstatic/learn/45/20141024094550614.jpg",
                "ViewCount": 199
            },
            {
                "ReferenceId": 29877,
                "Description": "原來 ... 期貨比股票 便宜 37 倍！期貨的「五大」優點，90% 投資人都沒把握...",
                "ReferenceUrl": "http://www.cmoney.tw/learn/course/futures/topic/1328",
                "ReferenceImage": "http://www.cmoney.tw/learn/cmstatic/learn/45/20160408102856217.jpg",
                "ViewCount": 295
            }
        ],
        "OgImgURL": "http://www.cmoney.tw/learn/cmstatic/learn/45/20141023151225615.jpg"
    },
    "badges": [],
    "isTreeCompleted": false,
    "nextCourse": null
}