{
    "courseDetail": {
        "CourseId": 1328,
        "CourseContent": "<h1>&nbsp;</h1>\n\n<h1>比「股票」獲利更多的投資工具</h1>\n\n<p>相信大家都聽過期貨</p>\n\n<p>只是很多投資人不太清楚</p>\n\n<p>它跟股票的差別</p>\n\n<p>期貨是一種風險高</p>\n\n<p>獲利也很高的投資工具</p>\n\n<p>適合能承擔高風險的投資人</p>\n\n<p>&nbsp;</p>\n\n<p>下面來跟各位投資人介紹一下</p>\n\n<p>期貨與股票的差別...</p>\n\n<p>&nbsp;</p>\n\n<p>繼續看下去...</p>\n\n<p>&nbsp;</p>\n\n<p><span style=\"color:#D3D3D3\"><span style=\"font-size:12px\">(贊助商連結)</span></span></p>\n\n<p><googleadsense height=\"600px\" type=\"4\" width=\"300px\"></googleadsense></p>\n\n<p>&nbsp;</p>\n\n<h1>買期貨和買股票有 5 大不同</h1>\n\n<p>雖然期貨和股票計算賺賠的方式完全一樣</p>\n\n<p>但期貨和股票還是有 5 個主要的不同</p>\n\n<p>了解期貨的特性</p>\n\n<p>可以幫你在正確的時候賺更多、省更多哦！</p>\n\n<p>&nbsp;</p>\n\n<h1>1.&nbsp;買進期貨，最多可以</h1>\n\n<h1>&nbsp; &nbsp; 控制價值 20 倍的資產</h1>\n\n<h2>和股票相比，期貨能以小博大</h2>\n\n<p>股票操作，可以融資買進</p>\n\n<p>融資代表買股票的錢</p>\n\n<p>其中 60 ％的錢可以和券商借</p>\n\n<p>自己只要出其中 40 ％</p>\n\n<p>換句話說，用同樣的錢</p>\n\n<p>股票最多可以控制價值 2.5 倍的資產</p>\n\n<p>&nbsp;</p>\n\n<p>期貨的買賣，是用保證金進行</p>\n\n<p>可以想像成和股票融資一樣</p>\n\n<p><span style=\"font-size:18px\"><strong>買期貨，券商可以借你最多 95％ 的錢！</strong></span></p>\n\n<p>( 實際數字根據各種期貨規定保證金而定 )</p>\n\n<p>你只需自己出 5 ％</p>\n\n<p>換句話說，期貨買賣能操作價值 20 倍的資產</p>\n\n<p>&nbsp;</p>\n\n<p><img alt=\"\" height=\"159\" src=\"http://www.cmoney.tw/learn/cmstatic/learn/45/20141124133740948.jpg\" width=\"550\" /></p>\n\n<p>&nbsp;</p>\n\n<p>例如：</p>\n\n<p>現在台指期指數是 9000 點， 1 點是 200 元</p>\n\n<p>所以一口台指期貨價值是 180,0000 元</p>\n\n<p>但你只要付得出超過 83000 元的保證金</p>\n\n<p>你就可以買賣這一檔期貨！</p>\n\n<p>用8萬3千元控制 180 萬元，大約是 20 倍！</p>\n\n<p>&nbsp;</p>\n\n<h1>2. 期貨的風險可以自己控制</h1>\n\n<h2>保證金越少獲利越高，但風險也越高！</h2>\n\n<p>比方說，阿土伯 和 小資女 都有 50 萬元</p>\n\n<p>阿土伯 買進 6 口台指期</p>\n\n<p>( 1 口最低保證金是 83000 元，50 萬元最多 6 口 )</p>\n\n<p>小資女 買進 1 口台指期</p>\n\n<p>當指數從 9000點上漲到 9100 點</p>\n\n<p><span style=\"color:#FF0000\">上漲了 100 點，每一點是 200 元</span></p>\n\n<p><span style=\"color:#FF0000\">每 1 口賺 2 萬元</span></p>\n\n<p>阿土伯 的保證金變成</p>\n\n<p>50 萬 + 2 萬 x 6 口 = 62萬 &rarr;&nbsp;<strong>賺了 24 ％</strong></p>\n\n<p>小資女 的保證金變成</p>\n\n<p>50 萬 + 2 萬 = 52 萬 &rarr;&nbsp;<strong>賺了 4 ％</strong></p>\n\n<p>&nbsp;</p>\n\n<p><span style=\"color:#008000\">如果是下跌 100 點，每 1 口賠 2 萬元</span></p>\n\n<p>阿土伯 的保證金變成</p>\n\n<p>50 萬 - 2 萬 x 6 口 = 38 萬&rarr;<strong>賠了 24 ％</strong></p>\n\n<p>小資女 的保證金變成</p>\n\n<p>50 萬 - 2 萬 = &nbsp;48 萬&rarr;<strong>賠了 4 ％</strong></p>\n\n<p>&nbsp;</p>\n\n<p><img alt=\"\" height=\"331\" src=\"http://www.cmoney.tw/learn/cmstatic/learn/45/20141124141200610.jpg\" width=\"550\" /></p>\n\n<p>&nbsp;</p>\n\n<h1>3. 期貨交易成本比較低</h1>\n\n<h2>期貨交易成本比股票便宜 37 倍</h2>\n\n<p>股票交易的成本有：</p>\n\n<p>手續費千分之 1.425</p>\n\n<p>( 買賣時各付一次，通常網路下單</p>\n\n<p>還會有手續費折扣大約 5 折 )</p>\n\n<p>證交稅千分之 3 ( 賣出時付一次 )</p>\n\n<p>合計交易成本 0.4425％</p>\n\n<p>&nbsp;</p>\n\n<p>期貨的交易成本則有：</p>\n\n<p>手續費每口 70 元 ，約十萬分之 4 &nbsp;</p>\n\n<p>( 買賣各付一次 )</p>\n\n<p>期交稅十萬分之 2&nbsp;( 買賣各付一次 )</p>\n\n<p>加起來交易成本是 0.012％</p>\n\n<p>和股票相差 37 倍</p>\n\n<p>&nbsp;</p>\n\n<p><img alt=\"\" height=\"335\" src=\"http://www.cmoney.tw/learn/cmstatic/learn/45/20141124143242953.jpg\" width=\"550\" /></p>\n\n<p>&nbsp;</p>\n\n<p><strong>國內目前合理的期貨手續費：</strong></p>\n\n<p>台指期貨：大約 70 元 ( 網路下單 )</p>\n\n<p>小型台指期貨：大約 35 元</p>\n\n<p>&nbsp;( 小型台指期貨，每一點 50 元</p>\n\n<p>相當於台指期貨的 1/4 )</p>\n\n<p>&nbsp;</p>\n\n<h2>使用台股期貨</h2>\n\n<h2>比買進一籃子股票便宜</h2>\n\n<p>如果要買進許多權值股</p>\n\n<p>使用台股期貨會比買進一籃子股票便宜且方便</p>\n\n<p>權值股就是對 <a href=\"http://cmy.tw/004RGe\" target=\"_blank\">加權指數</a> 有較大影響權重的股票</p>\n\n<p>這些股票綜合起來的漲跌走勢</p>\n\n<p>會和加權指數很類似，也就等於台指期貨的走勢</p>\n\n<p>&nbsp;</p>\n\n<p>例如</p>\n\n<p>如果你中了樂透 1800 萬</p>\n\n<p>想買進<a href=\"http://cmy.tw/004M7s\" target=\"_blank\">台積電(2330)</a>、<a href=\"http://cmy.tw/004Y7b\" target=\"_blank\">鴻海(2317)</a>、<a href=\"http://cmy.tw/004P1\" target=\"_blank\">中華電信(2412)</a>等</p>\n\n<p>加權指數成分股，直接買進一堆股票</p>\n\n<p>付出 1800 萬元，其中 0.4425％ 為手續費與證交稅</p>\n\n<p>大約 79650 元</p>\n\n<p>&nbsp;</p>\n\n<p>如果買進台指期貨</p>\n\n<p>10口台指期貨的價值相當於 1800 萬</p>\n\n<p>只需要付出手續費 1400 元和證交稅 720 元</p>\n\n<p>共 2120 元</p>\n\n<p>&nbsp;</p>\n\n<p>兩種買法，效果差不多</p>\n\n<p>但交易成本：</p>\n\n<p>期貨 2120 元／ 股票 79650 元，差了 37 倍！</p>\n\n<p>&nbsp;</p>\n\n<p>延伸閱讀：</p>\n\n<p>1. <a href=\"http://cmy.tw/004RGe\" target=\"_blank\">什麼是加權指數?</a></p>\n\n<p>2.&nbsp;<a href=\"http://cmy.tw/004QJr\" target=\"_blank\">加權指數成分股以及佔市值的比重</a>&nbsp;</p>\n\n<p>&nbsp;</p>\n\n<h1>4. 股票放空有限制，期貨不限</h1>\n\n<p>如果覺得未來價格會下跌，股票可以融券放空，</p>\n\n<p>但股票融券有許多限制，</p>\n\n<p>例如：券商沒有券可以借，</p>\n\n<p>平盤以下不能放空的限制、強制贖回的問題。</p>\n\n<p>但期貨都沒有這些問題，放空非常容易。</p>\n\n<p>&nbsp;</p>\n\n<p><img alt=\"\" height=\"293\" src=\"http://www.cmoney.tw/learn/cmstatic/learn/45/20141124144851326.jpg\" width=\"550\" /></p>\n\n<p>&nbsp;</p>\n\n<h1>5. 期貨有到期日</h1>\n\n<h1>&nbsp; &nbsp; 而且不能領股利</h1>\n\n<p>長期投資股票，可以分享股價成長的價值</p>\n\n<p>以及公司分發給股東的股利</p>\n\n<p>但期貨無法長期投資</p>\n\n<p>它有固定的持有的期限</p>\n\n<p>而且期貨只能參與公司價格增減的變化</p>\n\n<p>不能夠參與公司股利的發放</p>\n\n<p>&nbsp;</p>\n\n<p><img alt=\"\" height=\"266\" src=\"http://www.cmoney.tw/learn/cmstatic/learn/45/20141124145440925.jpg\" width=\"550\" /></p>\n\n<p>&nbsp;</p>\n\n<h1>快速總結：</h1>\n\n<h2>期貨的好處：</h2>\n\n<p><strong>1. 可以用較少的資金控制價值 20 倍的資產</strong></p>\n\n<p><strong>2. 交易成本低，和股票相比交易成本差了 37 倍</strong></p>\n\n<p><strong>3. 放空沒有限制&nbsp;</strong></p>\n\n<h2>期貨的缺點：</h2>\n\n<p><strong>1. 有到期日</strong></p>\n\n<p><strong>2. 不能夠領取股利</strong></p>\n\n<p>&nbsp;</p>\n\n<p>雖然<a href=\"http://cmy.tw/004Frr\" target=\"_blank\">期貨計算賺賠的方法和股票一樣</a></p>\n\n<p>但比起股票，期貨更加適合短線買賣賺價差</p>\n\n<p>但不適合用作長線投資！</p>\n\n<p>&nbsp;</p>\n\n<h2>有沒有覺得期貨很好用呢？</h2>\n\n<h2>下一篇將介紹期貨<u><a href=\"http://cmy.tw/0053sC\">最重要的功用之一 - 避險</a></u></h2>\n\n<h2>趕快前往下一篇：</h2>\n\n<p><a href=\"http://cmy.tw/0053sC\"><img alt=\"\" height=\"45\" src=\"http://www.cmoney.tw/learn/cmstatic/learn/45/20170218162258355.png\" width=\"820\" /></a></p>\n\n<p>&nbsp;</p>\n",
        "ViewCount": "206724",
        "IsReference": true,
        "ReferenceList": [
            {
                "ReferenceId": 29878,
                "Description": "期貨的種類有哪些？",
                "ReferenceUrl": "http://www.cmoney.tw/learn/course/futures/topic/1167",
                "ReferenceImage": "http://www.cmoney.tw/learn/cmstatic/learn/45/20141024112554898.jpg",
                "ViewCount": 210
            },
            {
                "ReferenceId": 29879,
                "Description": "股市又大跌！很多人開始用「期貨」避險 ... 其實用對方法，你可以省下 59 萬",
                "ReferenceUrl": "http://www.cmoney.tw/learn/course/futures/topic/1334",
                "ReferenceImage": "http://www.cmoney.tw/learn/cmstatic/learn/45/20160408105236345.jpg",
                "ViewCount": 301
            },
            {
                "ReferenceId": 29880,
                "Description": "誰說「期貨」很複雜？簡單 3 步驟 讓你搞懂！有人可是用它槓出 千萬身價...",
                "ReferenceUrl": "http://www.cmoney.tw/learn/course/futures/topic/1310",
                "ReferenceImage": "http://www.cmoney.tw/learn/cmstatic/learn/45/20160408095618542.jpg",
                "ViewCount": 375
            }
        ],
        "OgImgURL": "http://www.cmoney.tw/learn/cmstatic/learn/45/20141124133740948.jpg"
    },
    "badges": [],
    "isTreeCompleted": false,
    "nextCourse": null
}