{
    "courseDetail": {
        "CourseId": 132,
        "CourseContent": "<h1><img alt=\"\" height=\"344\" src=\"http://www.cmoney.tw/learn/cmstatic/learn/1/20200605112021237.jpg\" width=\"650\" /></h1>\n\n<h1><span style=\"color:rgb(204, 0, 0); font-size:26px\">看了損益表 ...</span></h1>\n\n<h1>就能知道公司賺不賺錢</h1>\n\n<p>一間公司能否長久經營，</p>\n\n<p>賺錢的能力非常重要，</p>\n\n<p>如果你看懂損益表，</p>\n\n<p>那你就能知道公司賺不賺錢。</p>\n\n<h2>下面用一個小故事</h2>\n\n<h2>讓你了解「損益表」</h2>\n\n<p>&nbsp;</p>\n\n<p>我們繼續看下去...</p>\n\n<p>&nbsp;</p>\n\n<p><span style=\"color:#808080\"><span style=\"font-size:12px\">(贊助商連結)</span></span></p>\n\n<p><dfp type=\"3\"></dfp></p>\n\n<p>舉例來說 ...</p>\n\n<p>假如小明開了間蛋糕店，</p>\n\n<p>辛苦工作一年後，</p>\n\n<p>小明的爸非常想知道</p>\n\n<p>蛋糕店經營的狀況，</p>\n\n<p>到底今年是賺多少錢？</p>\n\n<p>還是說做了一整年，</p>\n\n<p>都在白做工？</p>\n\n<p>&nbsp;</p>\n\n<h2>這時候小明爸就需要</h2>\n\n<h2>蛋糕店的「年度損益表」</h2>\n\n<p>因為表上清楚記載：</p>\n\n<p>「賺多少錢」、</p>\n\n<p>「花多少錢」、</p>\n\n<p>「繳多少稅」等資訊&nbsp;&hellip;</p>\n\n<p>&nbsp;</p>\n\n<p><span style=\"font-size:16px\"><strong><span style=\"background-color:#FFFF00\">完整的損益表</span></strong></span><strong><span style=\"background-color:#FFFF00\">應包含：</span></strong></p>\n\n<p><span style=\"font-size:18px\"><strong><span style=\"background-color:#FFFF00\">「營收」、「毛利」</span></strong></span></p>\n\n<p><span style=\"font-size:18px\"><strong><span style=\"background-color:#FFFF00\">「營業外收支」</span></strong></span></p>\n\n<p><span style=\"font-size:18px\"><strong><span style=\"background-color:#FFFF00\">以及「稅前稅後純益」</span></strong></span></p>\n\n<p>就讓我們用小明的蛋糕店，</p>\n\n<p>好好的為大家做介紹！</p>\n\n<p>&nbsp;</p>\n\n<p><dfp type=\"2\"></dfp></p>\n\n<p>&nbsp;</p>\n\n<h1>1.&nbsp;「營收」是從</h1>\n\n<h1>客戶手中賺到的錢</h1>\n\n<p>首先小明必須先知道，</p>\n\n<p>這一年來蛋糕店總收入多少，</p>\n\n<p>所以小明把一年來</p>\n\n<p>所有收到收銀機的錢，</p>\n\n<p>全拿了出來統計發現</p>\n\n<p>總共有 100 萬元！</p>\n\n<h2>這筆錢 ...</h2>\n\n<h2>就是我們常說的</h2>\n\n<h2>&gt;&gt;「營收」</h2>\n\n<p><span style=\"font-size:18px\"><strong><span style=\"background-color:#FFFF00\">營收越高</span></strong></span></p>\n\n<p><span style=\"font-size:18px\"><strong><span style=\"background-color:#FFFF00\">代表賣出去的蛋糕越多</span></strong></span></p>\n\n<p><span style=\"font-size:18px\"><strong><span style=\"background-color:#FFFF00\">也就是客人多，生意好</span></strong></span></p>\n\n<p>&nbsp;</p>\n\n<h1>2.&nbsp;「毛利」是製造</h1>\n\n<h1>過程中&nbsp;創造的價值</h1>\n\n<p>這時候如果我們直接下定論：</p>\n\n<p>「小明今年賺了 100 萬，</p>\n\n<p>所以生意成功」</p>\n\n<p>我想大家都會覺得怪怪的，</p>\n\n<p>因為做生意，</p>\n\n<p>不是只有看收多少錢，</p>\n\n<p>也要看花多少錢！</p>\n\n<p>&nbsp;</p>\n\n<p><img alt=\"\" height=\"200\" src=\"http://www.cmoney.tw/learn/cmstatic/learn/1/20200603173900254.jpg\" width=\"500\" /></p>\n\n<p>&nbsp;</p>\n\n<p>對蛋糕店來說，<strong>「材料成本」</strong></p>\n\n<p>就是非常重要的一環，</p>\n\n<p>這時候小明發現，</p>\n\n<p>奶油、麵粉、巧克力</p>\n\n<p>等費用加總起來&nbsp;...</p>\n\n<p>這一年總共花了</p>\n\n<p>20 萬的營業成本，</p>\n\n<h2>而「毛利」就是</h2>\n\n<h2>扣除掉成本所得的獲利</h2>\n\n<p><span style=\"font-size:18px\"><strong><span style=\"background-color:#FFFF00\">毛利越高，</span></strong></span></p>\n\n<p><span style=\"font-size:18px\"><strong><span style=\"background-color:#FFFF00\">代表小明蛋糕店</span></strong></span></p>\n\n<p><span style=\"font-size:18px\"><strong><span style=\"background-color:#FFFF00\">的</span></strong></span><strong><span style=\"background-color:#FFFF00\">成本低，獲利高</span></strong></p>\n\n<p><strong>也就是俗話說的：「一本萬利」</strong></p>\n\n<p>&nbsp;</p>\n\n<p><a href=\"http://cmy.tw/008NnG\"><img alt=\"\" height=\"250\" src=\"http://www.cmoney.tw/learn/cmstatic/learn/1/20200603174849003.jpg\" width=\"300\" /></a></p>\n\n<p>&nbsp;</p>\n\n<h1>3.&nbsp;「營利」是</h1>\n\n<h1>毛利扣掉營業費用</h1>\n\n<p>千萬不要忘了</p>\n\n<p>除了蛋糕成本以外，</p>\n\n<p>開一間店要營運費用，</p>\n\n<p>員工要領薪水，</p>\n\n<p>店租也要交，</p>\n\n<p>甚至還有廣告費用，</p>\n\n<p>所以我們把這些</p>\n\n<p>通通合計為「營業費用」。</p>\n\n<p><img alt=\"\" height=\"174\" src=\"http://www.cmoney.tw/learn/cmstatic/learn/1/20200603174104086.png\" width=\"500\" /></p>\n\n<p>毛利扣除營業費用等於營業利益，</p>\n\n<p>營業利益越高，</p>\n\n<p>代表蛋糕店的管理能力好，</p>\n\n<p>可以省去不必要的</p>\n\n<p>人事及管理費用，</p>\n\n<p>做事非常有效率！</p>\n\n<p>&nbsp;</p>\n\n<h1>4.&nbsp;「營業外收入」</h1>\n\n<h1>就是&nbsp;營業之外的收入</h1>\n\n<p>小明的蛋糕店是他的本業，</p>\n\n<p>所以叫做營業內收入，</p>\n\n<p>但是小明突然覺得</p>\n\n<p>一堆錢放在收銀機很可惜，</p>\n\n<p>所以他決定在閒閒沒客人時，</p>\n\n<p>把錢拿去投資股票 (或其他投資)，</p>\n\n<p>結果很幸運的賺到了錢。</p>\n\n<h2>這筆錢 ...</h2>\n\n<h2>就是所謂的「<strong>營業外收入」</strong></h2>\n\n<p>&nbsp;</p>\n\n<p><img alt=\"\" height=\"167\" src=\"http://www.cmoney.tw/learn/cmstatic/learn/1/20200603174325264.png\" width=\"500\" /></p>\n\n<p>但千萬要注意，</p>\n\n<p><span style=\"font-size:18px\"><strong><span style=\"background-color:#FFFF00\">營業外收入</span></strong></span></p>\n\n<p><strong><span style=\"background-color:#FFFF00\">要是太高也不好</span></strong></p>\n\n<p>表示小明已經走火入魔，</p>\n\n<p>根本不管蛋糕店，</p>\n\n<p>一心想在外發財，</p>\n\n<p>蛋糕的品質可能會下滑，</p>\n\n<p>如此也無法長久經營 ...</p>\n\n<p>更不用說賠錢時，</p>\n\n<p>蛋糕店被迫拍賣，</p>\n\n<p>這都是有有可能的！</p>\n\n<p>&nbsp;</p>\n\n<p><dfp type=\"1\"></dfp></p>\n\n<p>&nbsp;</p>\n\n<h1>5.&nbsp;「稅後純益」</h1>\n\n<h1>是繳完稅後的金額</h1>\n\n<h1>(稅前純益&nbsp;- 所得稅費用)</h1>\n\n<p>我們把「營利」50 萬</p>\n\n<p>加上「營業外收支」&nbsp;12 萬，</p>\n\n<p><span style=\"font-size:18px\"><strong><span style=\"background-color:#FFFF00\">50 萬 + 12 萬 = 62 萬</span></strong></span></p>\n\n<h2>這 62 萬就是小明蛋糕店</h2>\n\n<h2>今年的稅前純益！</h2>\n\n<p>&nbsp;</p>\n\n<p>身為中華民國的好國民，</p>\n\n<p>我們就要乖乖繳稅。</p>\n\n<p><img alt=\"\" height=\"174\" src=\"http://www.cmoney.tw/learn/cmstatic/learn/1/20200603174525331.jpg\" width=\"500\" /></p>\n\n<p>確實繳稅後這 57 萬</p>\n\n<p>就是小明可以放進口袋的錢！</p>\n\n<p>&nbsp;</p>\n\n<h1>幫大家做個小複習</h1>\n\n<p>&nbsp;</p>\n\n<p><img alt=\"\" height=\"366\" src=\"http://www.cmoney.tw/learn/cmstatic/learn/1/20200603174606666.jpg\" width=\"500\" /></p>\n\n<p>&nbsp;</p>\n\n<p><a href=\"http://cmy.tw/009YkZ\"><img alt=\"\" height=\"600\" src=\"http://www.cmoney.tw/learn/cmstatic/learn/1/20200603174712568.jpg\" width=\"300\" /></a></p>\n\n<p>&nbsp;</p>\n",
        "ViewCount": "142770",
        "IsReference": true,
        "ReferenceList": [
            {
                "ReferenceId": 34710,
                "Description": "理財hen好懂",
                "ReferenceUrl": "https://www.facebook.com/litsaiheneasy/",
                "ReferenceImage": "https://scontent.ftpe7-3.fna.fbcdn.net/v/t1.0-1/p200x200/79425867_582072592336761_857360753152229376_o.jpg?_nc_cat=103&amp;_nc_sid=dbb9e7&amp;_nc_ohc=1-YrwgkWoBgAX8qQhzF&amp;_nc_ht=scontent.ftpe7-3.fna&amp;_nc_tp=6&amp;oh=d16379c7a4837817013577db1be1a7e3&amp;oe=5EFBD084",
                "ViewCount": 1
            },
            {
                "ReferenceId": 34711,
                "Description": "CMoney 理財寶",
                "ReferenceUrl": "https://www.facebook.com/cmoneyapp/",
                "ReferenceImage": "https://scontent.ftpe7-2.fna.fbcdn.net/v/t1.0-1/c0.156.200.200a/429093_260831470664421_20938524_n.jpg?_nc_cat=1&amp;_nc_sid=dbb9e7&amp;_nc_ohc=S3GnvnQQeTYAX9sxXzo&amp;_nc_ht=scontent.ftpe7-2.fna&amp;oh=184a7a1132667a7350a399c74db9bbc0&amp;oe=5EFCF8B2",
                "ViewCount": 1
            }
        ],
        "OgImgURL": "http://www.cmoney.tw/learn/cmstatic/learn/1/20200605112021237.jpg"
    },
    "badges": [],
    "isTreeCompleted": false,
    "nextCourse": null
}