{
    "courseDetail": {
        "CourseId": 1334,
        "CourseContent": "<p>&nbsp;</p>\n\n<p>&nbsp;</p>\n\n<h1>如果你有 1000 張<a href=\"https://www.cmoney.tw/finance/f00025.aspx?s=2330\">台積電(2330)</a>股票</h1>\n\n<h1>股價大跌時，你該怎麼辦？</h1>\n\n<p>阿土伯是個小財主</p>\n\n<p>手上有 1000 張<a href=\"http://cmy.tw/004IPu\" target=\"_blank\">台積電(2330)</a>股票</p>\n\n<p>現在台積電市價 138 元</p>\n\n<p>阿土伯的股票市值 1 億 3800 萬</p>\n\n<p>有一天，阿土伯突然接到一個小道消息</p>\n\n<p>聽說美國馬上要爆發金融危機了</p>\n\n<p>不管是真是假，因怕此消息影響<a href=\"https://www.cmoney.tw/finance/f00025.aspx?s=2330\">台積電</a>股價</p>\n\n<p>阿土伯想要暫時先避一避風頭</p>\n\n<p>先把股票賣掉，等事情過後再把股票買回來</p>\n\n<p>&nbsp;</p>\n\n<p>繼續看下去...</p>\n\n<p>&nbsp;</p>\n\n<p><span style=\"color:#D3D3D3\"><span style=\"font-size:12px\">(贊助商連結)</span></span></p>\n\n<p><span style=\"color:rgb(128, 128, 128)\"><span style=\"font-size:12px\"><googleadsense height=\"600px\" type=\"4\" width=\"300px\"></googleadsense></span></span></p>\n\n<p>&nbsp;</p>\n\n<h1>避險：</h1>\n\n<h1>買賣雙方不願受市場價格波動影響</h1>\n\n<p>為了讓手上的資產暫時不會受到市場價格影響</p>\n\n<p>許多投資人為了避險會有許多的操作</p>\n\n<p>而期貨，就是源自於避險的需求！</p>\n\n<p>市場中參與期貨交易一部分的人為「避險者」</p>\n\n<p>避險者因為不願意承擔「價格變動」的風險</p>\n\n<p>所以用「期貨」來避險</p>\n\n<p>為什麼是用期貨，而非用股票呢？</p>\n\n<p>&nbsp;</p>\n\n<h2>賣「股票」避險，交易成本好貴</h2>\n\n<p>如果把「股票」賣掉避險</p>\n\n<p>交易成本要 61 萬元，好貴呀</p>\n\n<p>如果阿土伯把所有股票賣掉再買回來</p>\n\n<p>交易成本要付 61 萬元</p>\n\n<p>最差的方法，就是把所有股票賣掉再買回來</p>\n\n<p>一買一賣之間</p>\n\n<p>光是交易成本就要付掉 61 萬元</p>\n\n<p>阿土伯都可以再買一台車了</p>\n\n<p>&nbsp;</p>\n\n<h1>用期貨避險</h1>\n\n<h1>省下 59 萬元<a href=\"http://cmy.tw/004UNS\" target=\"_blank\">交易成本</a></h1>\n\n<p>期貨和股票交易成本相差了約 37 倍</p>\n\n<p>來看看實際買賣時會差多少？</p>\n\n<p>&nbsp;</p>\n\n<p><a href=\"http://cmy.tw/004IPu\" target=\"_blank\">台積電(2330)</a> 的股價走勢</p>\n\n<p>和加權指數其實非常接近</p>\n\n<p>所以放空期貨和賣出股票，效果一模一樣！</p>\n\n<p>可以用放空台指期貨</p>\n\n<p>代替賣掉手上 1000 張台積電股票</p>\n\n<p>過幾天再把期貨買回來！</p>\n\n<p>&nbsp;</p>\n\n<p><img alt=\"\" height=\"307\" src=\"http://www.cmoney.tw/learn/cmstatic/learn/45/20141209151401118.jpg\" width=\"484\" /></p>\n\n<p>&nbsp;</p>\n\n<p>放空 77 口台指期貨</p>\n\n<p>價值就大約和 1000 張台積電相當</p>\n\n<p>( 1000 張台積電，市值 1 億 3800 萬</p>\n\n<p>77 口台指期貨，價值 1 億 3860 萬)</p>\n\n<p>&nbsp;</p>\n\n<p>如此，<a href=\"http://cmy.tw/004UNS\" target=\"_blank\">交易成本</a>只要&nbsp;</p>\n\n<p>手續費 10780 元 &nbsp;( 每口 70 元，買賣各付 1 次 )</p>\n\n<p>交易稅 5544 元 ( 每口 36 元，</p>\n\n<p>交易稅是總金額的十萬分之 2，買賣各付 1 次 )</p>\n\n<p>一共 16324 元，和賣掉股票 61 萬相比</p>\n\n<p>省掉了 59 萬元交易成本！</p>\n\n<p>&nbsp;</p>\n\n<p><img alt=\"\" height=\"359\" src=\"http://www.cmoney.tw/learn/cmstatic/learn/45/20141209152329545.jpg\" width=\"600\" /></p>\n\n<p>&nbsp;</p>\n\n<h1>用期貨進出，不用擔心流動性，</h1>\n\n<h1>再省下 50 萬元！</h1>\n\n<p>台指期貨每天成交量平均大約 10 萬口</p>\n\n<p>77 口成交占不到萬分之一</p>\n\n<p>但 1000 張台積電股票</p>\n\n<p>就佔了每天平均成交量 30000 張的百分之 3</p>\n\n<p>由於短期內賣出量過大</p>\n\n<p>一個不小心可能就會牽動價格！</p>\n\n<p>&nbsp;</p>\n\n<p>萬一賣出這 1000 張台積電過程造成股價下跌 0.5 元</p>\n\n<p>那損失會高達 50 萬！</p>\n\n<p>必須要一點一點的慢慢賣，甚至分成好幾天賣</p>\n\n<p>才能避免賣出過程影響到股價</p>\n\n<p>但用台指期就不必擔心，完全不會有影響！</p>\n\n<p>&nbsp;</p>\n\n<p><img alt=\"\" height=\"240\" src=\"http://www.cmoney.tw/learn/cmstatic/learn/45/20141209153150173.jpg\" width=\"600\" /></p>\n\n<p>&nbsp;</p>\n\n<p>外資法人正是因為手上錢多股票更多</p>\n\n<p>他們的台積電也許成千上萬張</p>\n\n<p>使用股票避險時的成本很高而且買賣不容易</p>\n\n<p>所以會頻繁的使用期貨避險</p>\n\n<p>&nbsp;</p>\n\n<p>複習一下：</p>\n\n<p>避險時，比起賣出台積電股票</p>\n\n<p>賣出台指期貨效果類似，但有更多好處：</p>\n\n<p><strong>1. 可以省下大量的手續費！</strong></p>\n\n<p><strong>2. 不用擔心成交量問題！</strong></p>\n\n<p>&nbsp;</p>\n\n<p><span style=\"font-size:18px\"><strong>下一篇將說明期貨</strong></span></p>\n\n<p><span style=\"font-size:18px\"><strong>另一個</strong></span><strong>最常見的用途，也就是 <u><a href=\"http://cmy.tw/005DAC\">投機</a></u>！</strong></p>\n\n<h2>趕快前往：</h2>\n\n<p><a href=\"http://cmy.tw/005DAC\"><img alt=\"\" height=\"45\" src=\"http://www.cmoney.tw/learn/cmstatic/learn/45/20170218165012823.png\" width=\"820\" /></a></p>\n",
        "ViewCount": "73918",
        "IsReference": true,
        "ReferenceList": [
            {
                "ReferenceId": 29881,
                "Description": "如何利用期貨投機賺價差？",
                "ReferenceUrl": "http://www.cmoney.tw/learn/course/futures/topic/1335",
                "ReferenceImage": "http://www.cmoney.tw/notes/cmstatic/notes/capture/175487/20141210114137422.jpg",
                "ViewCount": 401
            }
        ],
        "OgImgURL": "http://www.cmoney.tw/learn/cmstatic/learn/45/20141209151401118.jpg"
    },
    "badges": [],
    "isTreeCompleted": false,
    "nextCourse": null
}