{
    "courseDetail": {
        "CourseId": 1335,
        "CourseContent": "<h1>&nbsp;</h1>\n\n<p>&nbsp;</p>\n\n<p>投資，除了股票</p>\n\n<p>還有一種工具</p>\n\n<p>即使投資人資本不多</p>\n\n<p>也能比股票獲利高出 20 倍！</p>\n\n<p>要怎麼操作呢？</p>\n\n<p>&nbsp;</p>\n\n<p>趕快來看看是甚麼吧...</p>\n\n<p>&nbsp;</p>\n\n<p><span style=\"color:#D3D3D3\"><span style=\"font-size:12px\">(贊助商連結)</span></span></p>\n\n<p><span style=\"color:rgb(128, 128, 128)\"><span style=\"font-size:12px\"><googleadsense height=\"600px\" type=\"4\" width=\"300px\"></googleadsense></span></span></p>\n\n<p>&nbsp;</p>\n\n<h1>如果覺得未來大盤會上漲</h1>\n\n<h1>=&gt; 買進期貨</h1>\n\n<p>有一天晚上 阿土伯</p>\n\n<p>突然夢到關公來跟他說：</p>\n\n<p>「明天股市要大漲啦！」</p>\n\n<p>阿土伯馬上在股市 9000 點時</p>\n\n<p>買了一口台指期，</p>\n\n<p>阿土伯到底會賺多少錢呢？</p>\n\n<p>&nbsp;</p>\n\n<p>&nbsp;</p>\n\n<p>&nbsp;</p>\n\n<p>&nbsp;</p>\n\n<p>台指期指數是 9000 點， 1 點是 200 元&nbsp; &nbsp; &nbsp; &nbsp; &nbsp; &nbsp; &nbsp; &nbsp; &nbsp; &nbsp; &nbsp; &nbsp; &nbsp; &nbsp;&nbsp;</p>\n\n<p>所以一口台指期貨價值是 180 萬元</p>\n\n<p>法令規定 他只要付 &nbsp;83,000 元的 保證金</p>\n\n<p>就可以買賣這一檔期貨！</p>\n\n<p>( 可以參考：<a href=\"http://www.cmoney.tw/learn/course/futures/topic/1171\" target=\"_blank\">買賣期貨 你不可不知的保證金制度</a>&nbsp;)</p>\n\n<p>&nbsp;</p>\n\n<p><img alt=\"\" height=\"80\" src=\"http://www.cmoney.tw/notes/cmstatic/notes/capture/175487/20141212103806593.jpg\" width=\"500\" /></p>\n\n<p>&nbsp;</p>\n\n<p>隔天，台股大漲</p>\n\n<p>指數漲到了 9100 點</p>\n\n<p>阿土伯如果這時候賣出平倉</p>\n\n<p>就賺了 20,000 元</p>\n\n<p>( 可以參考：<a href=\"http://www.cmoney.tw/learn/course/futures/topic/1310\" style=\"line-height: 25.5px;\" target=\"_blank\">一分鐘教你 - 台指期貨怎麼計算賺賠?</a>&nbsp;)</p>\n\n<p>&nbsp;</p>\n\n<p><img alt=\"\" height=\"161\" src=\"http://www.cmoney.tw/notes/cmstatic/notes/capture/175487/20141212104529034.jpg\" width=\"500\" /></p>\n\n<p>&nbsp;</p>\n\n<h1>投機：承擔風險，賺取買賣價差</h1>\n\n<p>有一部分參與期貨交易的人為「投機者」</p>\n\n<p>多數是散戶、一般法人、外資、期貨自營商等等</p>\n\n<p>投機者想要獲利，也願意承擔風險</p>\n\n<p>便透過期貨&nbsp;以「<strong>買低賣高</strong>」的方式賺取價差</p>\n\n<p>&nbsp;</p>\n\n<p>如果預期未來價格會上漲</p>\n\n<p>可以買進期貨，等待上漲後賣出</p>\n\n<p>如果預期未來價格會下跌</p>\n\n<p>可以賣出期貨，等待下跌後買進</p>\n\n<p>或是當期貨和現貨有價差時</p>\n\n<p>便賺取期貨和現貨中間的價差</p>\n\n<p>（這種機會較少見哦！）</p>\n\n<p>&nbsp;</p>\n\n<p><googleadsense height=\"250px\" type=\"2\" width=\"300px\"></googleadsense></p>\n\n<p>&nbsp;</p>\n\n<h1>如果覺得未來大盤會下跌</h1>\n\n<h1>可以賣出( 放空 )台指期貨</h1>\n\n<p>有一天菜籃族 阿水嬸</p>\n\n<p>在睡午覺時，夢到媽祖跟他說：</p>\n\n<p>「明天股市會大跌喔！自己要小心。」</p>\n\n<p>阿水嬸驚醒，馬上打給營業員</p>\n\n<p>要放空台指期</p>\n\n<p>&nbsp;</p>\n\n<p>&nbsp;</p>\n\n<p>阿水嬸馬上在 指數 9000 點時放空指數</p>\n\n<p>這時台指期貨價值是 180 萬元</p>\n\n<p>也是付出 &nbsp;83,000 元的保證金&nbsp;</p>\n\n<p>就可以買賣這一檔期貨</p>\n\n<p>隔天股市果然大跌 了100 點</p>\n\n<p>指數跌到 8900 點</p>\n\n<p>這時阿水嬸如果買進平倉</p>\n\n<p>就賺了 100 點，也就是 20,000 元</p>\n\n<p>&nbsp;</p>\n\n<p><img alt=\"\" height=\"161\" src=\"http://www.cmoney.tw/notes/cmstatic/notes/capture/175487/20141212104343296.jpg\" width=\"500\" /></p>\n\n<p>&nbsp;</p>\n\n<h1>期貨：短期內獲得「高報酬」</h1>\n\n<h1>&nbsp; &nbsp; &nbsp; &nbsp; &nbsp; &nbsp;但也代表「高風險」</h1>\n\n<p>由以上 2 個案例可以看出</p>\n\n<p>在 1 天內 ，大盤僅僅波動 1.11 %</p>\n\n<p>( 100 / 9000 = 1.11% )</p>\n\n<p>就可以賺了超過 20% ，但也可以賠超過 20%</p>\n\n<p>這是一般股票沒有辦法辦到的</p>\n\n<p>所以比起股票</p>\n\n<p>期貨更加適合短線買賣賺價差</p>\n\n<p>&nbsp;</p>\n\n<h1>抓準機會，再揮大棒</h1>\n\n<p>在股市中很難得能出現大賺穩賺的時機</p>\n\n<p>這時就最好能緊抓機會買多一點</p>\n\n<p>資金不多的散戶們</p>\n\n<p>可以利用「期貨」來達到揮大棒的效果</p>\n\n<p>&nbsp;</p>\n\n<p>但是<span style=\"font-size:18px\"><strong>切記</strong></span>：</p>\n\n<p>雖然一口台指期只要繳 83,000 的保證金</p>\n\n<p>但背後控制的是高達 180 萬元價值的商品</p>\n\n<h2>所以投資的風險是 180萬</h2>\n\n<h2>而不是 83,000！</h2>\n\n<p>&nbsp;</p>\n\n<h2>知道怎麼用期貨賺錢了</h2>\n\n<h2>投資人也要了解 期貨 真正的用途是甚麼？</h2>\n\n<h2>知道其根源，才能更有效的利用它</h2>\n\n<h2><a href=\"http://cmy.tw/005Fyw\">點我前往下一篇&darr;&darr;&darr;</a></h2>\n\n<p><a href=\"http://cmy.tw/005Fyw\"><img alt=\"\" height=\"41\" src=\"http://www.cmoney.tw/learn/cmstatic/learn/45/20170220085734254.png\" width=\"820\" /></a></p>\n",
        "ViewCount": "77565",
        "IsReference": true,
        "ReferenceList": [
            {
                "ReferenceId": 29882,
                "Description": "台指期貨怎麼計算賺賠?",
                "ReferenceUrl": "http://www.cmoney.tw/learn/course/futures/topic/1310",
                "ReferenceImage": "http://www.cmoney.tw/learn/cmstatic/learn/45/20160408095618542.jpg",
                "ViewCount": 240
            },
            {
                "ReferenceId": 29883,
                "Description": "如何利用期貨避險？",
                "ReferenceUrl": "http://www.cmoney.tw/learn/course/futures/topic/1334",
                "ReferenceImage": "http://www.cmoney.tw/learn/cmstatic/learn/45/20160408105236345.jpg",
                "ViewCount": 93
            },
            {
                "ReferenceId": 29884,
                "Description": "誰說「期貨」很複雜？簡單 3 步驟 讓你搞懂！有人可是用它槓出 千萬身價...",
                "ReferenceUrl": "http://www.cmoney.tw/learn/course/futures/topic/1310",
                "ReferenceImage": "http://www.cmoney.tw/learn/cmstatic/learn/45/20160408095618542.jpg",
                "ViewCount": 286
            }
        ],
        "OgImgURL": "http://www.cmoney.tw/notes/cmstatic/notes/capture/175487/20141212103806593.jpg"
    },
    "badges": [],
    "isTreeCompleted": false,
    "nextCourse": null
}