{
    "courseDetail": {
        "CourseId": 1345,
        "CourseContent": "<p><img alt=\"\" height=\"298\" src=\"http://www.cmoney.tw/learn/cmstatic/learn/46/20161103115308537.jpg\" width=\"500\" /></p>\n\n<p>&nbsp;</p>\n\n<h2>遺憾的事，還是發生了...</h2>\n\n<p>&nbsp;</p>\n\n<h1>真實故事-林恩如的好姐妹-羊姐姐</h1>\n\n<h1>熱衷與人討論 最後皆慘賠出場</h1>\n\n<p>&nbsp;</p>\n\n<p>總是喜歡和別人討論股票</p>\n\n<p>每次下場都一樣：慘賠出場！！！</p>\n\n<p><br />\n但她還是熱衷在這「聽來的秘密」，</p>\n\n<p>覺得這樣的消息比較珍貴，</p>\n\n<p>因為和我的想法的實在差很多，</p>\n\n<p>第一時間總是不敢告訴我，</p>\n\n<p>前二天稍有小漲，她太開心說漏嘴：XXX有多準！</p>\n\n<p>得知她這檔標地是聽來的，</p>\n\n<p>忍不住的歎氣加搖頭，只能叫她自求多福...</p>\n\n<p>&nbsp;</p>\n\n<p>沒想到昨天該檔標的跌停關門鎖住，今天續勢走低，</p>\n\n<p>此時她心情又跟著走低....</p>\n\n<p>&nbsp;</p>\n\n<p>血汗錢又飛了，現在該如何進退？</p>\n\n<p>現在 最好的做法就是：</p>\n\n<p><strong>當機立斷 立即出場，但不能後悔！</strong></p>\n\n<p>&nbsp;</p>\n\n<p>錯沒關係，但要有勇氣面對犯錯的結果，</p>\n\n<p>若你知道，毫無方法的隨意買進 會是慘賠出場，</p>\n\n<p>你知道該怎麼做了嗎？</p>\n\n<p>&nbsp;</p>\n\n<h2>觀念很重要！</h2>\n\n<h2>好的觀念 才會有好的結果！</h2>\n\n<p>從羊姐姐的的真實案例，</p>\n\n<p>我認為，根本從頭就不該開始！</p>\n\n<p>&nbsp;</p>\n\n<p>與其隨興的相信大家討論的資訊，</p>\n\n<p>不如靠實戰，驗證簡單的方法！</p>\n\n<p>&nbsp;</p>\n\n<p>&nbsp;</p>\n\n<h1>和大家分享一個觀念：財不入急門</h1>\n\n<p>每個人都想要賺錢，但卻很少人願意花時間等待，</p>\n\n<p>在電影一代宗師中，梁朝偉為了扮演好他的角色，</p>\n\n<p>自己私下練習詠春拳5年，才換得電影的滿堂喝采。</p>\n\n<p>&nbsp;</p>\n\n<p><strong>正所謂：財不入急門</strong></p>\n\n<p>策略確定好後，</p>\n\n<p>最該做的就是壓制好自己浮動的心，</p>\n\n<p>因為對一般小額投資人而言，</p>\n\n<p>抱住波段的獲利比短線的投資績效好！</p>\n\n<p>&nbsp;</p>\n\n<p>恩如老師的簡單投資法中有一個很棒的優勢，</p>\n\n<p>就是過程中完全不必去盯盤，</p>\n\n<p>或者是為了新聞消息操心，</p>\n\n<p>讓投資人在不影響生活的狀況下，也能簡單獲利。</p>\n\n<p>&nbsp;</p>\n\n<h2>►<a href=\"http://cmy.tw/005M5N\" style=\"outline-style: initial; outline-width: 0px; position: relative; text-decoration-line: underline;\" target=\"_blank\">加入社團學更多</a></h2>\n\n<p>&nbsp;</p>\n\n<p><img alt=\"\" height=\"615\" src=\"http://www.cmoney.tw/learn/cmstatic/learn/46/20170921104422776.jpg\" width=\"820\" /></p>\n\n<h1><span style=\"color:rgb(178, 34, 34)\"><span style=\"background-color:rgb(255, 255, 255); font-family:helvetica,arial,sans-serif\">更多林恩如 6 大 免費學習投資服務</span><br />\n<span style=\"background-color:rgb(255, 255, 255); font-family:helvetica,arial,sans-serif\">請參考 &gt;&gt;&gt;&nbsp;</span></span><a href=\"http://cmy.tw/005VlR\" rel=\"noopener\" style=\"outline-style: initial; outline-width: 0px; position: relative; text-decoration-line: underline; color: rgb(54, 88, 153); cursor: pointer; font-family: Helvetica, Arial, sans-serif; background-color: rgb(255, 255, 255);\" target=\"_blank\"><span style=\"color:rgb(178, 34, 34)\">http://cmy.tw/005VlR</span></a></h1>\n\n<p>&nbsp;</p>\n\n<h1>免費試用 ►►&nbsp;<a href=\"http://cmy.tw/0053aY\" style=\"outline-style: initial; outline-width: 0px; position: relative; text-decoration-line: underline;\"><u>強棒旺旺來</u></a>、<u><a href=\"http://cmy.tw/005Qlu\" style=\"outline-style: initial; outline-width: 0px; position: relative;\" target=\"_blank\">長線聚寶盆</a></u></h1>\n\n<h1>點我了解 ►►&nbsp;<a href=\"http://cmy.tw/0055St\" style=\"outline-style: initial; outline-width: 0px; position: relative; text-decoration-line: underline;\"><u>林恩如最新課程</u></a></h1>\n\n<h2>簡單的方法，不簡單的報酬率，等你來驗證！<a href=\"http://www.cmoney.tw/app/ItemContent.aspx?id=1514\" style=\"outline-style: initial; outline-width: 0px; position: relative; text-decoration-line: underline;\" target=\"_blank\">​</a></h2>\n\n<h2>&nbsp;</h2>\n\n<p>&nbsp;</p>\n\n<p><a href=\"http://cmy.tw/005LVp\"><img alt=\"\" height=\"139\" src=\"http://www.cmoney.tw/learn/cmstatic/learn/46/20170302165418350.jpg\" width=\"820\" /></a></p>\n",
        "ViewCount": "29510",
        "IsReference": true,
        "ReferenceList": [
            {
                "ReferenceId": 31538,
                "Description": "你不該聽明牌的理由5-聽的沒頭沒尾，買賣一知半解",
                "ReferenceUrl": "http://www.cmoney.tw/learn/course/cmoney/topic/119",
                "ReferenceImage": "http://www.cmoney.tw/notes/cmstatic/notes/capture/29464/20140325110905919.png",
                "ViewCount": 23
            },
            {
                "ReferenceId": 31539,
                "Description": "投資前必備觀念-自我紀律",
                "ReferenceUrl": "http://www.cmoney.tw/learn/course/cmoney/topic/107",
                "ReferenceImage": "http://www.cmoney.tw/notes/cmstatic/notes/capture/29464/20131128163829755.png",
                "ViewCount": 59
            },
            {
                "ReferenceId": 31540,
                "Description": "用正確投資心態，戰勝股市心魔",
                "ReferenceUrl": "http://www.cmoney.tw/learn/course/njulin/topic/883",
                "ReferenceImage": "http://www.cmoney.tw/learn/cmstatic/learn/46/20150527152429635.jpg",
                "ViewCount": 46
            }
        ],
        "OgImgURL": "http://www.cmoney.tw/learn/cmstatic/learn/46/20161103115308537.jpg"
    },
    "badges": [],
    "isTreeCompleted": false,
    "nextCourse": null
}