{
    "courseDetail": {
        "CourseId": 1367,
        "CourseContent": "<p><img alt=\"\" height=\"456\" src=\"http://www.cmoney.tw/learn/cmstatic/learn/46/20170125093957380.jpg\" width=\"761\" /></p>\n\n<p>&nbsp;</p>\n\n<h1>想賺取波段利潤、多空都要會做</h1>\n\n<h2>大多數的投資人，都很少「放空」股票</h2>\n\n<p>市場不會一昩的走多，也不會永遠走空</p>\n\n<p>它會是多空不停的在循環著，</p>\n\n<p>因此 多空都會操作，才是合格的投資人喔！</p>\n\n<p>&nbsp;</p>\n\n<p>當你會判斷趨勢時，</p>\n\n<p>就不易被短期的走勢 或 股價波動，影響心情！</p>\n\n<p>這則心法，是各位投資人 需要學習的</p>\n\n<p>否則時間一久會失去操作信心，進而干擾判斷</p>\n\n<p>這樣損失可大了</p>\n\n<p>&nbsp;</p>\n\n<h1>順勢交易 - 判斷趨勢，多空都能獲利</h1>\n\n<h2>多頭市場－上漲&nbsp;/ 漲多拉回 / 整理 / 續勢</h2>\n\n<p><img alt=\"\" src=\"http://www.cmoney.tw/notes/cmstatic/notes/capture/29475/20140822163811114.png\" /></p>\n\n<p>&nbsp;</p>\n\n<h2>空頭市場－下跌 / 跌深反彈 / 續勢</h2>\n\n<p><img alt=\"\" src=\"http://www.cmoney.tw/notes/cmstatic/notes/capture/29475/20140822163121126.png\" /></p>\n\n<p>&nbsp;</p>\n\n<h2>學會「放空」才能賺到趨勢的「另一半」</h2>\n\n<p>多頭市場做多；空頭市場放空 正是所謂的順勢交易</p>\n\n<p>多和空交易的方法都相同，只是大多數投資人仍習慣做多</p>\n\n<p>&nbsp;</p>\n\n<p>不要忘記&nbsp;<a href=\"http://cmy.tw/004TvA\">聚寶盆</a>&nbsp;裡，不單只有多方標的 也是有空方的標的</p>\n\n<p>當出現在股價在 週線 20MA 之下，一定要小心！</p>\n\n<p>第一時間趕緊賣出手上持股或放空</p>\n\n<p>&nbsp;</p>\n\n<p>&nbsp;</p>\n\n<p><span style=\"color:rgb(255, 102, 0); font-size:22px\">►</span><strong><u><a href=\"http://cmy.tw/0056Gu\" style=\"outline-style: initial; outline-width: 0px; color: rgb(0, 119, 181); position: relative;\" target=\"_blank\">按讚追蹤 林恩如粉絲團</a></u></strong></p>\n\n<h2>►<a href=\"http://cmy.tw/00561K\" style=\"outline-style: initial; outline-width: 0px; text-decoration: underline; color: rgb(0, 119, 181); position: relative;\" target=\"_blank\">加入社團學更多</a></h2>\n\n<p>&nbsp;</p>\n\n<h1>補充 - 放空的條件：</h1>\n\n<h2>1. 跌破週20MA，停損守週20MA</h2>\n\n<h2>2. 跌破上升趨勢線</h2>\n\n<p><img alt=\"\" src=\"http://www.cmoney.tw/notes/cmstatic/notes/capture/29475/20141017025030724.png\" /></p>\n\n<p>(資料來源：<a href=\"http://cmy.tw/004TvA\" target=\"_blank\">長線聚寶盆</a>)</p>\n\n<p>&nbsp;</p>\n\n<h2>►<a href=\"http://cmy.tw/005M5N\" style=\"outline-style: initial; outline-width: 0px; position: relative; text-decoration-line: underline;\" target=\"_blank\">加入社團學更多</a></h2>\n\n<p>&nbsp;</p>\n\n<p><img alt=\"\" height=\"615\" src=\"http://www.cmoney.tw/learn/cmstatic/learn/46/20170921104422776.jpg\" width=\"820\" /></p>\n\n<h1><span style=\"color:rgb(178, 34, 34)\"><span style=\"background-color:rgb(255, 255, 255); font-family:helvetica,arial,sans-serif\">更多林恩如 6 大 免費學習投資服務</span><br />\n<span style=\"background-color:rgb(255, 255, 255); font-family:helvetica,arial,sans-serif\">請參考 &gt;&gt;&gt;&nbsp;</span></span><a href=\"http://cmy.tw/005VlR\" rel=\"noopener\" style=\"outline-style: initial; outline-width: 0px; position: relative; text-decoration-line: underline; color: rgb(54, 88, 153); cursor: pointer; font-family: Helvetica, Arial, sans-serif; background-color: rgb(255, 255, 255);\" target=\"_blank\"><span style=\"color:rgb(178, 34, 34)\">http://cmy.tw/005VlR</span></a></h1>\n\n<p>&nbsp;</p>\n\n<h1>免費試用 ►►&nbsp;<a href=\"http://cmy.tw/0053aY\" style=\"outline-style: initial; outline-width: 0px; position: relative; text-decoration-line: underline;\"><u>強棒旺旺來</u></a>、<u><a href=\"http://cmy.tw/005Qlu\" style=\"outline-style: initial; outline-width: 0px; position: relative;\" target=\"_blank\">長線聚寶盆</a></u></h1>\n\n<h1>點我了解 ►►&nbsp;<a href=\"http://cmy.tw/0055St\" style=\"outline-style: initial; outline-width: 0px; position: relative; text-decoration-line: underline;\"><u>林恩如最新課程</u></a></h1>\n\n<h2>簡單的方法，不簡單的報酬率，等你來驗證！<a href=\"http://www.cmoney.tw/app/ItemContent.aspx?id=1514\" style=\"outline-style: initial; outline-width: 0px; position: relative; text-decoration-line: underline;\" target=\"_blank\">​</a></h2>\n\n<p><a href=\"http://cmy.tw/005P7m\"><img alt=\"\" height=\"139\" src=\"http://www.cmoney.tw/learn/cmstatic/learn/46/20170302175513910.jpg\" width=\"820\" /></a></p>\n",
        "ViewCount": "29889",
        "IsReference": true,
        "ReferenceList": [
            {
                "ReferenceId": 31604,
                "Description": "簡單用均線，看出多空走勢",
                "ReferenceUrl": "http://www.cmoney.tw/learn/course/technicals/topic/488",
                "ReferenceImage": "http://www.cmoney.tw/notes/cmstatic/notes/capture/114705/20140819105523827.jpg",
                "ViewCount": 147
            },
            {
                "ReferenceId": 31605,
                "Description": "頭肩底與頭肩頂",
                "ReferenceUrl": "http://www.cmoney.tw/learn/course/technicals/topic/1021",
                "ReferenceImage": "http://www.cmoney.tw/notes/cmstatic/notes/capture/114705/20140819113033042.jpg",
                "ViewCount": 195
            },
            {
                "ReferenceId": 31606,
                "Description": "多空靈活操作，在大盤「跌跌不休」時，你一定要學會順著趨勢交易！",
                "ReferenceUrl": "http://www.cmoney.tw/learn/course/%E9%95%B7%E7%B7%9A%E8%81%9A%E5%AF%B6%E7%9B%86/topic/1447",
                "ReferenceImage": "http://www.cmoney.tw/notes/cmstatic/notes/capture/56958/20141017163108048.jpg",
                "ViewCount": 32
            }
        ],
        "OgImgURL": "http://www.cmoney.tw/learn/cmstatic/learn/46/20170125093957380.jpg"
    },
    "badges": [],
    "isTreeCompleted": false,
    "nextCourse": null
}