{
    "courseDetail": {
        "CourseId": 1383,
        "CourseContent": "<p><img alt=\"\" height=\"490\" src=\"http://www.cmoney.tw/learn/cmstatic/learn/46/20150608120823881.jpg\" width=\"820\" /></p>\n\n<p>&nbsp;</p>\n\n<h1>交易應該關心的事，</h1>\n\n<h1>你知道 有哪些嗎？</h1>\n\n<p>方法百百種，觀察的方向不同</p>\n\n<p>無非都是想知道 下一步該怎麼走？</p>\n\n<p>我從不去對盤勢做任何過多的臆測</p>\n\n<p>只是按照它給我的指引，順著方向下單罷了</p>\n\n<p>&nbsp;</p>\n\n<p>有的人專注指標、財報、<span style=\"font-size:15px\">營收、</span></p>\n\n<p><span style=\"font-size:15px\">價值、消息、均線、型態...</span></p>\n\n<p>你問我 哪個厲害？！</p>\n\n<p>說真的，我覺得 只要能獲利 都很厲害！</p>\n\n<p>&nbsp;</p>\n\n<p>我只會建議 找一個適合自己的投資方法</p>\n\n<p>而且 確定不畏盤勢如何波動</p>\n\n<p>肯定會百分之百遵守制定的遊戲規則，</p>\n\n<p>願意長期執行</p>\n\n<p>&nbsp;</p>\n\n<h1>今天來分享 20週均線交易</h1>\n\n<h1>應該關心3件事</h1>\n\n<p>&nbsp;</p>\n\n<h2>1. 檢視手上的持股股價</h2>\n\n<h2>究竟在週20MA之上還是之下？</h2>\n\n<p>&nbsp;</p>\n\n<h2>2. 位階處在第幾個階段？</h2>\n\n<p>&nbsp;</p>\n\n<h2>3. 看到那些可參考跡象？</h2>\n\n<p><img alt=\"\" height=\"432\" src=\"http://www.cmoney.tw/notes/cmstatic/notes/capture/29475/20140819134249079.jpg\" width=\"600\" /></p>\n\n<p>&nbsp;</p>\n\n<p>&nbsp;</p>\n\n<h1>練習看看，檢查你的庫存股 長相如何？</h1>\n\n<h2>範例 1：</h2>\n\n<p><img alt=\"\" src=\"http://www.cmoney.tw/notes/cmstatic/notes/capture/29475/20140819101149019.jpg\" /></p>\n\n<p>&nbsp;</p>\n\n<p><img alt=\"\" height=\"205\" src=\"http://www.cmoney.tw/notes/cmstatic/notes/capture/29475/20140819135424295.jpg\" width=\"700\" /></p>\n\n<p>&nbsp;</p>\n\n<p>如果手上持股K線圖是長這樣，恭喜你</p>\n\n<p>只要設定好雲端控股，可以好好睡覺去</p>\n\n<p>&nbsp;</p>\n\n<h2>範例 2：</h2>\n\n<p><img alt=\"\" src=\"http://www.cmoney.tw/notes/cmstatic/notes/capture/29475/20140819101133466.jpg\" /></p>\n\n<p>&nbsp;</p>\n\n<p><img alt=\"\" height=\"205\" src=\"http://www.cmoney.tw/notes/cmstatic/notes/capture/29475/20140819135309960.png\" width=\"700\" /></p>\n\n<p>&nbsp;</p>\n\n<p>範例 2 的圖：</p>\n\n<p>作多 - 凶多吉少，如果手上有股票，那就是<strong>「下下籤」</strong>；</p>\n\n<p>反之，作空 - 上上籤</p>\n\n<p>自己檢視看看吧~</p>\n\n<p>&nbsp;</p>\n\n<p>&nbsp;</p>\n\n<h1>投資一定要有依據</h1>\n\n<h2>就不會心存僥倖</h2>\n\n<p>我都是透過以上方法，來檢視自己手中的持股，</p>\n\n<p>這樣不僅可以保障 自己操作的方向 是否正確，</p>\n\n<p>更重要的是 有準確的原則 可以遵守，</p>\n\n<p>只要維持好投資的心態，必定能安心的投資。</p>\n\n<p>&nbsp;</p>\n\n<p>如果 你對投資的方法 還徬徨不定，</p>\n\n<p>或是，不知道如何檢視自己的心態 或 方法 是否正確</p>\n\n<p>歡迎你 來參加我的分享會，</p>\n\n<p>相信你一定會有不同的收穫喔！</p>\n\n<p>&nbsp;</p>\n\n<h2>還有其他 9 堂 林恩如的投資經驗分享，</h2>\n\n<h2>學完你就不再是投資新手囉！▶▶<u><a href=\"http://cmy.tw/005Pi5\">點我馬上學！</a></u></h2>\n\n<p>&nbsp;</p>\n\n<h2>►<a href=\"http://cmy.tw/005M5N\" style=\"outline-style: initial; outline-width: 0px; position: relative; text-decoration-line: underline;\" target=\"_blank\">加入社團學更多</a></h2>\n\n<p>&nbsp;</p>\n\n<p><img alt=\"\" height=\"615\" src=\"http://www.cmoney.tw/learn/cmstatic/learn/46/20170921104422776.jpg\" width=\"820\" /></p>\n\n<h1><span style=\"color:rgb(178, 34, 34)\"><span style=\"background-color:rgb(255, 255, 255); font-family:helvetica,arial,sans-serif\">更多林恩如 6 大 免費學習投資服務</span><br />\n<span style=\"background-color:rgb(255, 255, 255); font-family:helvetica,arial,sans-serif\">請參考 &gt;&gt;&gt;&nbsp;</span></span><a href=\"http://cmy.tw/005VlR\" rel=\"noopener\" style=\"outline-style: initial; outline-width: 0px; position: relative; text-decoration-line: underline; color: rgb(54, 88, 153); cursor: pointer; font-family: Helvetica, Arial, sans-serif; background-color: rgb(255, 255, 255);\" target=\"_blank\"><span style=\"color:rgb(178, 34, 34)\">http://cmy.tw/005VlR</span></a></h1>\n\n<p>&nbsp;</p>\n\n<h1>免費試用 ►►&nbsp;<a href=\"http://cmy.tw/0053aY\" style=\"outline-style: initial; outline-width: 0px; position: relative; text-decoration-line: underline;\"><u>強棒旺旺來</u></a>、<u><a href=\"http://cmy.tw/005Qlu\" style=\"outline-style: initial; outline-width: 0px; position: relative;\" target=\"_blank\">長線聚寶盆</a></u></h1>\n\n<h1>點我了解 ►►&nbsp;<a href=\"http://cmy.tw/0055St\" style=\"outline-style: initial; outline-width: 0px; position: relative; text-decoration-line: underline;\"><u>林恩如最新課程</u></a></h1>\n\n<h2>簡單的方法，不簡單的報酬率，等你來驗證！<a href=\"http://www.cmoney.tw/app/ItemContent.aspx?id=1514\" style=\"outline-style: initial; outline-width: 0px; position: relative; text-decoration-line: underline;\" target=\"_blank\">​</a></h2>\n\n<h2>&nbsp;</h2>\n",
        "ViewCount": "28844",
        "IsReference": true,
        "ReferenceList": [
            {
                "ReferenceId": 31601,
                "Description": "型態學",
                "ReferenceUrl": "http://www.cmoney.tw/learn/course/technicals/topic/478",
                "ReferenceImage": "http://www.cmoney.tw/notes/cmstatic/notes/capture/114705/20140819102056629.jpg",
                "ViewCount": 116
            },
            {
                "ReferenceId": 31602,
                "Description": "支撐與壓力",
                "ReferenceUrl": "http://www.cmoney.tw/learn/course/technicals/topic/506",
                "ReferenceImage": "http://www.cmoney.tw/notes/cmstatic/notes/capture/114705/20140819113657927.jpg",
                "ViewCount": 141
            },
            {
                "ReferenceId": 31603,
                "Description": "股票進出一定要有原則！ 以亞光(3019)為例",
                "ReferenceUrl": "http://www.cmoney.tw/learn/course/%E9%95%B7%E7%B7%9A%E8%81%9A%E5%AF%B6%E7%9B%86/topic/1444",
                "ReferenceImage": "http://www.cmoney.tw/notes/cmstatic/notes/capture/56958/20140827184915426.jpg",
                "ViewCount": 77
            }
        ],
        "OgImgURL": "http://www.cmoney.tw/learn/cmstatic/learn/46/20150608120823881.jpg"
    },
    "badges": [],
    "isTreeCompleted": false,
    "nextCourse": null
}