{
    "courseDetail": {
        "CourseId": 1388,
        "CourseContent": "<p><img alt=\"\" height=\"490\" src=\"http://www.cmoney.tw/learn/cmstatic/learn/46/20150604160459910.jpg\" width=\"820\" /></p>\n\n<p>&nbsp;</p>\n\n<h1>停損不能等！我用訊號提醒 立刻出場</h1>\n\n<p>現在只要雲端控股通知，我不說二話 立刻執行</p>\n\n<p>停損這件事千萬不能等，就怕自己的心情&amp;資金被困住</p>\n\n<p>嚴重的話會直接影響後面的操作判斷</p>\n\n<p>倘若又有一檔符合條件的標地出現，</p>\n\n<p>就正常程序是該買進的</p>\n\n<p>卻因為困住的原因，導致沒進場、該賺沒賺到</p>\n\n<p>這樣豈不是又陷入另一個惡性循環？</p>\n\n<p>&nbsp;</p>\n\n<p>記住：做錯方向！賠錢直接砍就對了！砍了再說</p>\n\n<p>不少人總喜歡等等看看股價會不會再漲回來...</p>\n\n<p>但 股價卻不是你我說的算呀~</p>\n\n<p>也不會因為你多看幾眼就沒事</p>\n\n<p>它是一種趨勢力量絕對不要小看它的威力</p>\n\n<p>跌破時不賣...再等等...再看看...</p>\n\n<p>咻~再跌...你開始懊腦...</p>\n\n<p>股價才不會管你的....再跌給你看...</p>\n\n<p>&nbsp;</p>\n\n<p>等你心煩意亂時甘願要殺出了...通常要反彈</p>\n\n<p>砍在可能是當時最低點的你是不是又嘔死了，</p>\n\n<p>心想早知道不要停損</p>\n\n<p>可是千金難買早知道，萬般無奈想不到......</p>\n\n<p><strong>所以，第一時間務必執行停損動作 通常是最好的點</strong></p>\n\n<p>做錯了立即改正再找下一次的機會才是比較明智的選擇</p>\n\n<p>&nbsp;</p>\n\n<h1>看盤的事交給它！雲端控股為你緊盯每一筆交易</h1>\n\n<h2>1.網頁版 先打開『<a href=\"http://cmy.tw/004Pbq\" style=\"line-height: 25.5px; color: rgb(0, 119, 181); position: relative;\" target=\"_blank\">雲端控股</a>』</h2>\n\n<p>從CMoney理財寶網頁中，找到『<a href=\"http://cmy.tw/004Pbq\" style=\"margin: 0px; padding: 0px; outline: none; position: relative; color: rgb(0, 119, 181);\" target=\"_blank\">雲端控股</a>』點進去</p>\n\n<p>接著，按下黃色按鈕『<strong>開始使用』</strong></p>\n\n<p><img alt=\"\" height=\"377\" src=\"http://www.cmoney.tw/notes/cmstatic/notes/capture/29464/20140521110231970.png\" width=\"700\" /></p>\n\n<p>&nbsp;</p>\n\n<p>進入後，輸入您的股票代號，接著 按右邊『按此新增監控條件』</p>\n\n<p>個股『0 條件』&rarr;『選擇』&rarr;『精選』</p>\n\n<p>&nbsp;</p>\n\n<p>拉到最下方 會看到</p>\n\n<p>『股價突破20周均線』及 『股價跌破20周均線』</p>\n\n<p><img alt=\"\" height=\"544\" src=\"http://www.cmoney.tw/notes/cmstatic/notes/capture/29464/20140521110716568.png\" width=\"700\" /></p>\n\n<p>&nbsp;</p>\n\n<p>通常 我一買進後，會馬上設定股價跌破20周均線&nbsp;通知我</p>\n\n<p>收到雲端控股通知訊息時，我一定會二話不說 立即執行賣出的動作！</p>\n\n<h2>&nbsp;</h2>\n\n<h2>2. 手機版</h2>\n\n<p>要使用手機版雲端控股，請先去 app store 下載『<a href=\"http://cmy.tw/004Pbq\" style=\"margin: 0px; padding: 0px; outline: none; position: relative; color: rgb(0, 119, 181);\" target=\"_blank\">雲端控股</a>』</p>\n\n<p>開啟後 輸入理財寶的帳號、密碼</p>\n\n<p>（還沒有帳號？請先按此註冊）</p>\n\n<p><img alt=\"\" height=\"367\" src=\"http://www.cmoney.tw/notes/cmstatic/notes/capture/29464/20140305140315239.png\" width=\"700\" /></p>\n\n<p>&nbsp;</p>\n\n<p>點選 『+』 新增監控條件，接著　選擇『即時訊號通知』</p>\n\n<p>接著 輸入股票代號</p>\n\n<p><img alt=\"\" height=\"370\" src=\"http://www.cmoney.tw/notes/cmstatic/notes/capture/29464/20140521103753792.png\" width=\"700\" /></p>\n\n<p>&nbsp;</p>\n\n<p>股票代號輸入完成後，選擇 通知條件</p>\n\n<p>條件 拉到最下方，會有：</p>\n\n<p><strong>『股價突破20周均線』及 『股價跌破20周均線』</strong></p>\n\n<p>&nbsp;</p>\n\n<p>設定完成後，按下確定</p>\n\n<p><img alt=\"\" height=\"368\" src=\"http://www.cmoney.tw/notes/cmstatic/notes/capture/29464/20140521104939240.png\" width=\"700\" /></p>\n\n<p>&nbsp;</p>\n\n<p>完成時的畫面如下：</p>\n\n<p>綠色燈亮 表示目前正在監控中</p>\n\n<p><img alt=\"雲端控股5\" height=\"451\" src=\"http://pic.pimg.tw/imoney859/1398273551-3499413266_n.jpg\" width=\"300\" /></p>\n\n<p>&nbsp;</p>\n\n<p>大功告成後，就可以放心地去做其他事囉！</p>\n\n<p>上班、約會、下午茶、運動、打掃、睡覺...通通都行！</p>\n\n<p>&nbsp;</p>\n\n<p>&nbsp;</p>\n\n<h1>再次提醒：要確實執行『停損』</h1>\n\n<p>如果不能接受停損的人，</p>\n\n<p>可能就不合適這種操作模式</p>\n\n<p>停損的最後一道防線 - 週20MA</p>\n\n<p>這也是我所謂的遊戲規則。</p>\n\n<p>&nbsp;</p>\n\n<p>要玩遊戲前，總應該知道遊戲規則有那些吧</p>\n\n<p>賠錢 是進場前就知道可能會發生的事</p>\n\n<p>至於它會不會發生，沒有人會知道</p>\n\n<p>操作前，能夠決定的是自己最多能輸多少？</p>\n\n<p>進場後，全部都是市場決定了！</p>\n\n<p>&nbsp;</p>\n\n<h2>►<a href=\"http://cmy.tw/005M5N\" style=\"outline-style: initial; outline-width: 0px; position: relative; text-decoration-line: underline;\" target=\"_blank\">加入社團學更多</a></h2>\n\n<p>&nbsp;</p>\n\n<p><img alt=\"\" height=\"615\" src=\"http://www.cmoney.tw/learn/cmstatic/learn/46/20170921104422776.jpg\" width=\"820\" /></p>\n\n<h1><span style=\"color:rgb(178, 34, 34)\"><span style=\"background-color:rgb(255, 255, 255); font-family:helvetica,arial,sans-serif\">更多林恩如 6 大 免費學習投資服務</span><br />\n<span style=\"background-color:rgb(255, 255, 255); font-family:helvetica,arial,sans-serif\">請參考 &gt;&gt;&gt;&nbsp;</span></span><a href=\"http://cmy.tw/005VlR\" rel=\"noopener\" style=\"outline-style: initial; outline-width: 0px; position: relative; text-decoration-line: underline; color: rgb(54, 88, 153); cursor: pointer; font-family: Helvetica, Arial, sans-serif; background-color: rgb(255, 255, 255);\" target=\"_blank\"><span style=\"color:rgb(178, 34, 34)\">http://cmy.tw/005VlR</span></a></h1>\n\n<p>&nbsp;</p>\n\n<h1>免費試用 ►►&nbsp;<a href=\"http://cmy.tw/0053aY\" style=\"outline-style: initial; outline-width: 0px; position: relative; text-decoration-line: underline;\"><u>強棒旺旺來</u></a>、<u><a href=\"http://cmy.tw/005Qlu\" style=\"outline-style: initial; outline-width: 0px; position: relative;\" target=\"_blank\">長線聚寶盆</a></u></h1>\n\n<h1>點我了解 ►►&nbsp;<a href=\"http://cmy.tw/0055St\" style=\"outline-style: initial; outline-width: 0px; position: relative; text-decoration-line: underline;\"><u>林恩如最新課程</u></a></h1>\n\n<h2>簡單的方法，不簡單的報酬率，等你來驗證！<a href=\"http://www.cmoney.tw/app/ItemContent.aspx?id=1514\" style=\"outline-style: initial; outline-width: 0px; position: relative; text-decoration-line: underline;\" target=\"_blank\">​</a></h2>\n\n<p><a href=\"http://cmy.tw/005DWO\"><img alt=\"\" height=\"139\" src=\"http://www.cmoney.tw/learn/cmstatic/learn/46/20170302175808857.jpg\" width=\"820\" /></a></p>\n",
        "ViewCount": "29979",
        "IsReference": true,
        "ReferenceList": [
            {
                "ReferenceId": 31586,
                "Description": "我完全不懂投資，該怎麼開始?",
                "ReferenceUrl": "http://www.cmoney.tw/learn/course/test321/topic/933",
                "ReferenceImage": "http://www.cmoney.tw/notes/cmstatic/notes/capture/24383/20150109000419539.jpg",
                "ViewCount": 143
            },
            {
                "ReferenceId": 31587,
                "Description": "不買飆股，年均獲利40%",
                "ReferenceUrl": "http://www.cmoney.tw/learn/course/michellebook/topic/1262",
                "ReferenceImage": "http://www.cmoney.tw/notes/cmstatic/notes/capture/115152/20140806094756913.jpg",
                "ViewCount": 42
            },
            {
                "ReferenceId": 31588,
                "Description": "股票從 120元跌到 20元，都沒有賣出！只因為沒學會「停損」這件事！",
                "ReferenceUrl": "http://www.cmoney.tw/learn/course/njulin/topic/1387",
                "ReferenceImage": "http://www.cmoney.tw/learn/cmstatic/learn/46/20150527161548683.jpg",
                "ViewCount": 25
            }
        ],
        "OgImgURL": "http://www.cmoney.tw/learn/cmstatic/learn/46/20150604160459910.jpg"
    },
    "badges": [],
    "isTreeCompleted": false,
    "nextCourse": null
}