{
    "courseDetail": {
        "CourseId": 142,
        "CourseContent": "<h1><img alt=\"\" height=\"340\" src=\"http://www.cmoney.tw/learn/cmstatic/learn/1/20200609115206645.jpg\" width=\"650\" /></h1>\n\n<h1>新聞媒體的大寵兒！</h1>\n\n<p>常常在報紙或雜誌上看到</p>\n\n<p>「三大法人」四個字，</p>\n\n<p>但新手一定一頭霧水，</p>\n\n<p>到底是哪三大？</p>\n\n<p>到底是哪些人？法人是人嗎？</p>\n\n<p>&nbsp;</p>\n\n<p>更令人不解的是他們有時買、</p>\n\n<p>有時賣、有時說了幾句話，</p>\n\n<p>然後股市就隨之動盪。</p>\n\n<p>一點點小動作就足以</p>\n\n<p>登上報紙頭條，</p>\n\n<p>佔滿雜誌版面，</p>\n\n<p>權力之大，有如古代皇族</p>\n\n<p>舉手投足都是呼風喚雨。</p>\n\n<p>&nbsp;</p>\n\n<h2>為何「三大法人」的</h2>\n\n<h2>影響力 這麼大？</h2>\n\n<p>我們繼續看下去 ...</p>\n\n<p>&nbsp;</p>\n\n<p><span style=\"color:#808080\"><span style=\"font-size:12px\">(贊助商連結)</span></span></p>\n\n<p><dfp type=\"3\"></dfp></p>\n\n<h1>何謂法人？</h1>\n\n<h1>何謂自然人？</h1>\n\n<p>在法律的眼裡有兩種人</p>\n\n<p>一種是「自然人」，</p>\n\n<p>另外一種就是「法人」</p>\n\n<p>像你我這種 人生父母養的</p>\n\n<p>血肉之軀，就是<strong><span style=\"font-size:18px\"><span style=\"background-color:#FFFF00\">「自然人」</span></span></strong>。</p>\n\n<p>&nbsp;</p>\n\n<p>像公司、營利組織</p>\n\n<p>是法律上賦予權力</p>\n\n<p>的一個團體，就是<span style=\"font-size:18px\"><strong><span style=\"background-color:#FFFF00\">「法人」</span></strong></span>。</p>\n\n<p>&nbsp;</p>\n\n<p>簡單來說，</p>\n\n<p>法人並非「人」，</p>\n\n<p>而是一個「團體」的代稱，</p>\n\n<p>但同樣具有權利能力的社會組織。</p>\n\n<p>&nbsp;</p>\n\n<p><dfp type=\"2\"></dfp></p>\n\n<p>&nbsp;</p>\n\n<h1>三大法人的真面目！</h1>\n\n<p>所謂三大法人 ... 其實就是</p>\n\n<h2>「外資」、</h2>\n\n<h2>「投信」、</h2>\n\n<h2>「自營商」。</h2>\n\n<p>只看字面不容易了解</p>\n\n<p>但看財經字典又太複雜</p>\n\n<p>所以我們個別簡單介紹：</p>\n\n<p>&nbsp;</p>\n\n<p><span style=\"font-size:18px\"><strong><span style=\"background-color:#FFFF00\">1. 「外資」：</span></strong></span></p>\n\n<p>泛指台灣以外的資金，</p>\n\n<p>或是外國機構投資者。</p>\n\n<p><img alt=\"\" height=\"214\" src=\"http://www.cmoney.tw/learn/cmstatic/learn/1/20150213155421728.jpg\" width=\"500\" /></p>\n\n<p>&nbsp;</p>\n\n<p><span style=\"font-size:18px\"><strong><span style=\"background-color:#FFFF00\">2. 「投信」：</span></strong></span></p>\n\n<p>投資信託股份有限公司的簡稱，</p>\n\n<p>就是大眾口中的基金公司</p>\n\n<p>募集投資人的錢代為操作。</p>\n\n<p><img alt=\"\" height=\"214\" src=\"http://www.cmoney.tw/learn/cmstatic/learn/1/20150213155742956.jpg\" width=\"500\" /></p>\n\n<p>&nbsp;</p>\n\n<p><span style=\"font-size:18px\"><strong><span style=\"background-color:#FFFF00\">3.「自營商」：</span></strong></span></p>\n\n<p>經過政府認可的證券公司，</p>\n\n<p>用自己的錢和證交所直接買賣。</p>\n\n<p><img alt=\"\" height=\"253\" src=\"http://www.cmoney.tw/learn/cmstatic/learn/1/20150213160323436.jpg\" width=\"500\" /></p>\n\n<p>&nbsp;</p>\n\n<p><a href=\"http://cmy.tw/008NnG\"><img alt=\"\" height=\"250\" src=\"http://www.cmoney.tw/learn/cmstatic/learn/1/20200609111613510.jpg\" width=\"300\" /></a></p>\n\n<p>&nbsp;</p>\n\n<h1>三大法人的影響力</h1>\n\n<p>你可能常常聽到</p>\n\n<p>叔叔阿姨們在買賣股票，</p>\n\n<p>可是你可能不知道</p>\n\n<p>散戶們的交易，</p>\n\n<p>在市場上只是冰山一角！</p>\n\n<p>&nbsp;</p>\n\n<p>這裡舉 2016 / 03 / 16 當天，</p>\n\n<p>台股大盤交易量為例：</p>\n\n<p>&nbsp;</p>\n\n<p><strong><img alt=\"\" height=\"389\" src=\"http://www.cmoney.tw/learn/cmstatic/learn/1/20160328092544273.JPG\" width=\"500\" /></strong></p>\n\n<p><span style=\"font-size:18px\"><strong><span style=\"background-color:#FFFF00\">當天總成交金額 953.03&nbsp;億元</span></strong></span></p>\n\n<p><span style=\"font-size:18px\"><strong><span style=\"background-color:#FFFF00\">三大法人就買進了 148.5 億元！</span></strong></span></p>\n\n<p>就很像在去菜市場買菜，</p>\n\n<p>一般人只買個一兩把青菜。</p>\n\n<p>老闆說：我說多少就是多少，</p>\n\n<p>但如果有個人一去</p>\n\n<p>就買個一萬把青菜。</p>\n\n<p>老闆就會說：你說多少就多少！</p>\n\n<p>現在大家能理解為什麼報章媒體</p>\n\n<p>要天天報導三大法人動向了吧 ...</p>\n\n<p>&nbsp;</p>\n\n<p><dfp type=\"1\"></dfp></p>\n\n<p>&nbsp;</p>\n\n<h1>三大法人</h1>\n\n<h1>的交易資訊哪裡有？</h1>\n\n<p>有些新手都會覺得法人很神秘，</p>\n\n<p>來無影去無蹤所以只能透過電視</p>\n\n<p>或報紙得知一些相關資訊。</p>\n\n<p>&nbsp;</p>\n\n<h2>但，也不盡然如此！</h2>\n\n<p>現在已經是資訊便利的時代，</p>\n\n<p>只要打開<a href=\"https://www.cmoney.tw/app/ItemContent.aspx?id=1812\">籌碼K線-大盤籌碼</a>，</p>\n\n<p>就可以看到有關三大法人第一手的買賣資訊。</p>\n\n<p><img alt=\"\" height=\"282\" src=\"http://www.cmoney.tw/learn/cmstatic/learn/1/20181015141051752.png\" width=\"500\" /></p>\n\n<p><span style=\"font-size:12px\"><a href=\"https://www.cmoney.tw/app/ItemContent.aspx?id=1812\">（圖片來自：籌碼K線）</a></span></p>\n\n<p>&nbsp;</p>\n\n<p>相信日後再看到三大法人的新聞時，</p>\n\n<p>你不會覺得陌生，</p>\n\n<h2>甚至可以把資訊變成工具</h2>\n\n<h2>成為你投資策略的一環！</h2>\n\n<p>&nbsp;</p>\n\n<p>最後提供給大家一個進階的軟體，</p>\n\n<p>法人買股票的成本是多少都算出來了，</p>\n\n<p>這麼一來 ... 投資人就更容易</p>\n\n<p>跟著法人的動作一起獲利。</p>\n\n<p>&nbsp;</p>\n\n<h1>籌碼分析軟體－籌碼K線</h1>\n\n<p>►► <a href=\"https://www.cmoney.tw/app/ItemContent.aspx?id=1812\"><u>點擊連結免費試用</u></a></p>\n\n<p>&nbsp;</p>\n\n<p><strong>我們也可以透過 CMoney </strong></p>\n\n<p><strong>提供的免費</strong><strong>資訊：<a href=\"http://www.cmoney.tw/finance/f00036.aspx?m=3&amp;s=1101\">股市</a></strong></p>\n\n<p><strong>裡面有完整的法人持股資訊</strong></p>\n\n<p><strong>可以自己挑選想要看的個股查詢</strong></p>\n\n<p>&nbsp;</p>\n\n<p><a href=\"http://cmy.tw/009YkZ\"><img alt=\"\" height=\"600\" src=\"http://www.cmoney.tw/learn/cmstatic/learn/1/20200609111529456.jpg\" width=\"300\" /></a></p>\n\n<p>&nbsp;</p>\n\n<p>&nbsp;</p>\n",
        "ViewCount": "51672",
        "IsReference": true,
        "ReferenceList": [
            {
                "ReferenceId": 34838,
                "Description": "理財hen好懂",
                "ReferenceUrl": "https://www.facebook.com/litsaiheneasy/",
                "ReferenceImage": "https://scontent.ftpe7-4.fna.fbcdn.net/v/t1.0-1/p200x200/79425867_582072592336761_857360753152229376_o.jpg?_nc_cat=1&amp;_nc_sid=dbb9e7&amp;_nc_ohc=IAIePCYFGcMAX9pBLVE&amp;_nc_ht=scontent.ftpe7-4.fna&amp;_nc_tp=6&amp;oh=0638f7998921201d4fd4cda9f6289b79&amp;oe=5F03B984",
                "ViewCount": 2
            },
            {
                "ReferenceId": 34839,
                "Description": "CMoney 理財寶",
                "ReferenceUrl": "https://www.facebook.com/cmoneyapp/",
                "ReferenceImage": "https://scontent.ftpe7-4.fna.fbcdn.net/v/t1.0-1/c0.156.200.200a/429093_260831470664421_20938524_n.jpg?_nc_cat=1&amp;_nc_sid=dbb9e7&amp;_nc_ohc=KegdY6sXQKYAX-RPI3F&amp;_nc_ht=scontent.ftpe7-4.fna&amp;oh=63c04eb84ff13f80ba0689e629c038ff&amp;oe=5F04E1B2",
                "ViewCount": 1
            }
        ],
        "OgImgURL": "http://www.cmoney.tw/learn/cmstatic/learn/1/20200609115206645.jpg"
    },
    "badges": [],
    "isTreeCompleted": false,
    "nextCourse": null
}