{
    "courseDetail": {
        "CourseId": 1433,
        "CourseContent": "<p>&nbsp;</p>\n\n<p>&nbsp;</p>\n\n<h1>借券，是利空指標</h1>\n\n<p><a href=\"http://www.twse.com.tw/ch/products/SBL/SBL_htm.php\" style=\"margin: 0px; padding: 0px; outline: none; position: relative; color: rgb(0, 119, 181);\" target=\"_blank\">借券</a>，&nbsp;是法人主要的放空工具。</p>\n\n<p>打開籌碼K線，在「借券」的地方會看到「借券餘額」和「借券賣出」</p>\n\n<p>●借券餘額是 投資人可以放空的張數（投資人借入且尚未返還的證券）</p>\n\n<p>&nbsp; 借券餘額增加不代表一定會賣出，</p>\n\n<p>&nbsp; 因為借券人可能借來做避險、套利等其他用途。</p>\n\n<p>●借券賣出是 投資人已經賣出的借券</p>\n\n<p>&nbsp;</p>\n\n<p>(分析工具：籌碼K線)</p>\n\n<p>&nbsp;</p>\n\n<p>&nbsp;</p>\n\n<p>一般投資人的放空工具是<a href=\"http://www.cmoney.tw/notes/note-detail.aspx?nid=6284\" style=\"margin: 0px; padding: 0px; outline: none; position: relative; color: rgb(0, 119, 181);\" target=\"_blank\">融券</a>&nbsp;，</p>\n\n<p>融券和借券都是放空工具，但兩者的不同處在於</p>\n\n<p>融券後就是一定要在市場上賣，</p>\n\n<p>但借券後可以有其他用途，不只是賣出放空而已。</p>\n\n<p>(關於融券的介紹，詳見<a href=\"http://www.cmoney.tw/notes/note-detail.aspx?nid=15209\" style=\"margin: 0px; padding: 0px; outline: none; position: relative; color: rgb(0, 119, 181);\" target=\"_blank\">&nbsp;掌握融資融券的變化，我再也不當最後出場的人</a>)</p>\n\n<p>&nbsp;</p>\n\n<h1>當股價在攀升，借券賣出持續增加，是利空</h1>\n\n<p>在分析借券的時候，</p>\n\n<p>看到 借券餘額 增加表示 潛在賣壓（因為借券增加不一定要賣出），</p>\n\n<p>如果 借券賣出 也持續增加的時候，敏感度就要大大提高了，</p>\n\n<p>不管當時行情多麼熱絡，都要小心法人可能在放空</p>\n\n<p>&nbsp;</p>\n\n<p>以<a href=\"http://www.cmoney.tw/follow/channel/stock-2201\" style=\"margin: 0px; padding: 0px; outline: none; position: relative; color: rgb(0, 119, 181);\" target=\"_blank\">裕隆(2201)</a>為例</p>\n\n<p>從13年11月到今年1月，股價一路升高，</p>\n\n<p>同時法人借券賣出持續增加，表示法人看空，</p>\n\n<p>接下來，股價就一路下跌，法人的借券賣出也持續減少，</p>\n\n<p>所以我們看到股價升高，借券量也同時增加時，要小心股價高點已在不遠處!</p>\n\n<p>&nbsp;</p>\n\n<p>(分析工具：籌碼K線)</p>\n\n<p>&nbsp;</p>\n\n<p>同樣的，我們用借券的觀念來看看<a href=\"http://www.cmoney.tw/follow/channel/stock-4938\" style=\"margin: 0px; padding: 0px; outline: none; position: relative; color: rgb(0, 119, 181);\" target=\"_blank\">和碩(4938)</a></p>\n\n<p>我發現和碩股價今年一路上漲，尤其最近<a href=\"http://www.cmoney.tw/follow/channel/stock-4938\" style=\"margin: 0px; padding: 0px; outline: none; position: relative; color: rgb(0, 119, 181);\" target=\"_blank\">新聞</a>都是利多，</p>\n\n<p>但借券賣出也同時持續增加！表示法人可能正在放空，</p>\n\n<p>所以雖然現在行情很熱，但投資朋友要小心喔~</p>\n\n<p><img alt=\"\" height=\"293\" src=\"http://www.cmoney.tw/notes/cmstatic/notes/capture/115152/20140815104946677.jpg\" width=\"580\" /></p>\n\n<p>(新聞來源：<a href=\"http://www.cmoney.tw/follow/channel/stock-4938\" style=\"margin: 0px; padding: 0px; outline: none; position: relative; color: rgb(0, 119, 181);\" target=\"_blank\">追訊</a>)</p>\n\n<p>&nbsp;</p>\n\n<p>&nbsp;</p>\n\n<p>(分析工具：籌碼K線)</p>\n\n<p>&nbsp;</p>\n\n<p>&nbsp;</p>\n\n<p>最後再跟投資朋友複習一下，</p>\n\n<p>借券 是法人的空頭訊號，</p>\n\n<p>當借券在股價相對高檔時增加了，</p>\n\n<p>可能有法人在看空囉！</p>\n\n<p>&nbsp;</p>\n\n<h1>【免費試用 籌碼K線】</h1>\n\n<h2>&rarr;&rarr;<a href=\"http://cmy.tw/005YU3\">《 點我點我！》</a>&larr;&larr;</h2>\n\n<p>&nbsp;</p>\n\n<h2>想知道更多籌碼達人的秘訣嗎？</h2>\n\n<h3>快點擊下方加入我們的LINE@ 和 祕密社團</h3>\n\n<h3><a href=\"http://cmy.tw/005U2e\" target=\"_blank\"><img alt=\"\" height=\"85\" src=\"http://www.cmoney.tw/notes/cmstatic/notes/capture/467194/20180108115331599.gif\" width=\"266\" /></a>&nbsp; &nbsp; &nbsp;&nbsp;<a href=\"http://cmy.tw/005SwJ\"><img alt=\"\" height=\"89\" src=\"http://www.cmoney.tw/notes/cmstatic/notes/capture/467194/20180108115413395.gif\" width=\"272\" /></a></h3>\n",
        "ViewCount": "27578",
        "IsReference": true,
        "ReferenceList": [
            {
                "ReferenceId": 31919,
                "Description": "借券介紹",
                "ReferenceUrl": "http://www.cmoney.tw/learn/course/michelle/topic/663",
                "ReferenceImage": "http://www.cmoney.tw/learn/cmstatic/learn/48/20140822105814052.jpg",
                "ViewCount": 1647
            },
            {
                "ReferenceId": 31920,
                "Description": "小資族們的最愛-零股交易",
                "ReferenceUrl": "http://www.cmoney.tw/learn/course/cmoney/topic/150",
                "ReferenceImage": "http://www.cmoney.tw/notes/cmstatic/notes/capture/35710/20131104155325682.png",
                "ViewCount": 34
            }
        ],
        "OgImgURL": "http://www.cmoney.tw/notes/cmstatic/notes/capture/115152/20140815104946677.jpg"
    },
    "badges": [],
    "isTreeCompleted": false,
    "nextCourse": null
}