{
    "courseDetail": {
        "CourseId": 143,
        "CourseContent": "<p><img alt=\"\" height=\"340\" src=\"http://www.cmoney.tw/learn/cmstatic/learn/1/20200610094059003.jpg\" width=\"650\" /></p>\n\n<h1><span style=\"color:rgb(204, 0, 0); font-size:26px\">公司高層掌握了</span></h1>\n\n<h1>公司「未來」資訊</h1>\n\n<p>先從一個生活中的小故事說起 ...</p>\n\n<p><span style=\"color:#4b0082\">前陣子，我媽想買宏達電的股票，</span></p>\n\n<p><span style=\"color:#4b0082\">但是她看不懂財務報表，</span></p>\n\n<p><span style=\"color:#4b0082\">又懶得看技術線圖，</span></p>\n\n<p><span style=\"color:#4b0082\">對於電視新聞的報導又半信半疑。</span></p>\n\n<p><span style=\"color:#4b0082\">所以，她最後問我一句：</span></p>\n\n<p><span style=\"color:#4b0082\">「你有沒有朋友在宏達電上班？」</span></p>\n\n<p>&nbsp;</p>\n\n<p>許多投資朋友一定都有類似的經驗，&nbsp;</p>\n\n<p>覺得所有的分析方法都是從外面看公司，</p>\n\n<p>俗話說的好：</p>\n\n<p><span style=\"font-size:18px\"><strong><span style=\"background-color:#FFFF00\">千句萬句比不上同行一句</span></strong><span style=\"background-color:#FFFF00\">！</span></span></p>\n\n<p>只有公司的內部人員，</p>\n\n<p>可以由內向外的看清楚公司全貌。</p>\n\n<p>&nbsp;</p>\n\n<p>但這時候你要想，</p>\n\n<p>一間上市公司有那麼多員工，</p>\n\n<p>每個員工都只能看到公司的一小塊。</p>\n\n<p>所以，光聽員工的說法，</p>\n\n<h2>不夠全面！</h2>\n\n<p>&nbsp;</p>\n\n<p>什麼意思啊？</p>\n\n<p>&nbsp;</p>\n\n<p>我們繼續看下去 ...</p>\n\n<p>&nbsp;</p>\n\n<p><span style=\"color:#808080\"><span style=\"font-size:12px\">(贊助商連結)</span></span></p>\n\n<p><dfp type=\"3\"></dfp></p>\n\n<p>真的要了解一間公司</p>\n\n<p>可能的未來動向，</p>\n\n<h2>你應該觀察公司高層，</h2>\n\n<h2>也就是內部人，</h2>\n\n<h2>他的一舉一動。</h2>\n\n<p>因為這些高層對於公司，</p>\n\n<p>財務業務等資訊，&nbsp;</p>\n\n<p>掌握絕對優勢。</p>\n\n<p>所以當他們有大動作時，</p>\n\n<p>通常代表未來的要發生的事件。</p>\n\n<p>&nbsp;</p>\n\n<h2>內部人就是</h2>\n\n<h2>董事＋監事＋</h2>\n\n<h2>經理人＋大股東</h2>\n\n<p><span style=\"font-size:15px\">在探討董監事之前，</span></p>\n\n<p><span style=\"font-size:15px\">你要先</span><span style=\"font-size:15px\">知道什麼是內部人。</span></p>\n\n<p><span style=\"font-size:15px\">因為董監事</span>只是內部人的一部分，</p>\n\n<p>內部人主要區分為 4 種：</p>\n\n<p><span style=\"font-size:18px\"><strong><span style=\"background-color:#FFFF00\">董事、監事、</span></strong></span></p>\n\n<p><span style=\"font-size:18px\"><strong><span style=\"background-color:#FFFF00\">經理人、大股東</span></strong></span></p>\n\n<p>&nbsp;</p>\n\n<p><strong>這裡先做簡單的介紹：</strong></p>\n\n<p><span style=\"font-size:18px\"><strong><span style=\"background-color:#FFFF00\">1. 董事：</span></strong></span></p>\n\n<p>受股東大會的委任，</p>\n\n<p>負責指導和帶領公司事務，</p>\n\n<p>為股東賺取最好的利潤。</p>\n\n<p>&nbsp;</p>\n\n<p><span style=\"font-size:18px\"><strong><span style=\"background-color:#FFFF00\">2. 監事：</span></strong></span></p>\n\n<p>負責監督董事、經理等管理人員，</p>\n\n<p>有無違反法律及公司章程。</p>\n\n<p>&nbsp;</p>\n\n<p><span style=\"font-size:18px\"><strong><span style=\"background-color:#FFFF00\">3. 經理人：</span></strong></span></p>\n\n<p>公司高層主管，包含總經理，</p>\n\n<p>副總經理、協理、部門主管等。</p>\n\n<p>&nbsp;</p>\n\n<p><span style=\"font-size:18px\"><strong><span style=\"background-color:#FFFF00\">4. 大股東：</span></strong></span></p>\n\n<p>持股超過股份總額 10% 的人。</p>\n\n<p>&nbsp;</p>\n\n<p>但是要特別注意！</p>\n\n<p>董事也有可能兼任經理人，</p>\n\n<p>(EX：董事總經理)</p>\n\n<p>或是大股東(只要超過 10%)</p>\n\n<p>所以實際上 ...</p>\n\n<h2>四個角色並不一定</h2>\n\n<h2>完全獨立，有可能一人多角。</h2>\n\n<p>&nbsp;</p>\n\n<p><dfp type=\"2\"></dfp></p>\n\n<p>&nbsp;</p>\n\n<h1>內部人的一舉一動</h1>\n\n<h1>都必須「公開」</h1>\n\n<p><span style=\"font-size:15px\">為維護證券市場交易秩序，</span></p>\n\n<p><span style=\"font-size:15px\">以及交易之公平性，</span></p>\n\n<p><span style=\"font-size:18px\"><strong><span style=\"background-color:#FFFF00\">政府必須防範公司內部人</span></strong></span></p>\n\n<p><span style=\"font-size:18px\"><strong><span style=\"background-color:#FFFF00\">炒作股票或內線交易。</span></strong></span></p>\n\n<p>所以政府規定，</p>\n\n<h2>內部人手中持股</h2>\n\n<h2>都要讓大眾知道！</h2>\n\n<p>&nbsp;</p>\n\n<p>而且，</p>\n\n<p>為了防止內部人透過他人名義</p>\n\n<p>私下操作股票，</p>\n\n<h2>也規定內部人的關係人</h2>\n\n<h2>(配偶或未成年子女)</h2>\n\n<h2>必須公開手中持股！</h2>\n\n<p>&nbsp;</p>\n\n<p><a href=\"http://cmy.tw/008NnG\"><img alt=\"\" height=\"250\" src=\"http://www.cmoney.tw/learn/cmstatic/learn/1/20200610092734414.jpg\" width=\"300\" /></a></p>\n\n<p>&nbsp;</p>\n\n<h1>內部人買賣股票</h1>\n\n<h1>都有背後的原因</h1>\n\n<p>一間公司的內部人，</p>\n\n<p>比任何人都了解公司未來，</p>\n\n<p>所以當你看到一間公司的董事</p>\n\n<p>一直在賣股票，</p>\n\n<p>你覺得原因為何？</p>\n\n<p>&nbsp;</p>\n\n<h2><span style=\"color:rgb(255, 102, 0); font-size:22px\">讓我們舉例說明：</span></h2>\n\n<p>2013 年 1 月</p>\n\n<p>當月<a href=\"https://www.cmoney.tw/follow/channel/stock-6134\">萬旭(6134)</a>的股票漲了不少，</p>\n\n<p>但是別開心得太早！</p>\n\n<p>因為股票漲的時候，</p>\n\n<p>董監事卻在賣股票，</p>\n\n<p>雖然不一定是公司的營運出問題，</p>\n\n<p>但一定代表公司未來有狀況。</p>\n\n<p>果然 ...</p>\n\n<p>未來幾個月的股價節節下跌！</p>\n\n<p>&nbsp;</p>\n\n<p><dfp type=\"1\"></dfp></p>\n\n<p>&nbsp;</p>\n\n<h1>我們可以在哪裡</h1>\n\n<h1>得到這些資料？</h1>\n\n<p>資料網路上很多地方都能找到，</p>\n\n<p>但是往往很零碎或不完整，</p>\n\n<p>更怕的是介面很複雜，</p>\n\n<p>看到眼花撩亂。</p>\n\n<p>&nbsp;</p>\n\n<p>這裡特別告訴大家一個超級好康！</p>\n\n<p><span style=\"font-size:18px\">&gt;&gt;&gt;&nbsp;<a href=\"http://cmy.tw/004JFv\"><strong><span style=\"background-color:rgb(255, 255, 0)\">免費的股市</span></strong></a><span style=\"color:rgb(0, 0, 255)\">&nbsp;</span>&lt;&lt;&lt;</span></p>\n\n<p>讓一般人也可以很簡單的</p>\n\n<p>找出每支股票的董監事持股表</p>\n\n<p>&nbsp;<img alt=\"\" height=\"424\" src=\"http://www.cmoney.tw/learn/cmstatic/learn/1/20160328104041354.png\" width=\"500\" /></p>\n\n<p>現在你已經知道什麼是內部人了，</p>\n\n<p>建議你練習找各大公司的董監事持股，</p>\n\n<p>以後看到報章媒體報導相關新聞，</p>\n\n<p>你就可以自己驗證了！</p>\n\n<p>&nbsp;</p>\n\n<p><strong>你也可以延伸學習更多：</strong></p>\n\n<p><strong>&gt;&gt;&nbsp;<u><a href=\"http://cmy.tw/004SgE\" target=\"_blank\">大股東偷偷大買或大賣，哪裡查得到？</a></u></strong></p>\n\n<p>&nbsp;</p>\n\n<p><a href=\"http://cmy.tw/009YkZ\"><img alt=\"\" height=\"600\" src=\"http://www.cmoney.tw/learn/cmstatic/learn/1/20200610085928824.jpg\" width=\"300\" /></a></p>\n\n<p>&nbsp;</p>\n",
        "ViewCount": "47986",
        "IsReference": true,
        "ReferenceList": [
            {
                "ReferenceId": 34844,
                "Description": "理財hen好懂",
                "ReferenceUrl": "https://www.facebook.com/litsaiheneasy/",
                "ReferenceImage": "https://scontent.ftpe7-3.fna.fbcdn.net/v/t1.0-1/p200x200/79425867_582072592336761_857360753152229376_o.jpg?_nc_cat=103&amp;_nc_sid=dbb9e7&amp;_nc_ohc=IAIePCYFGcMAX9pBLVE&amp;_nc_ht=scontent.ftpe7-3.fna&amp;_nc_tp=6&amp;oh=63add76ba2c41481d74eb425ae1d433c&amp;oe=5F07AE04",
                "ViewCount": 2
            },
            {
                "ReferenceId": 34845,
                "Description": "CMoney理財寶",
                "ReferenceUrl": "https://www.facebook.com/cmoneyapp/",
                "ReferenceImage": "https://scontent.ftpe7-4.fna.fbcdn.net/v/t1.0-1/c0.156.200.200a/429093_260831470664421_20938524_n.jpg?_nc_cat=1&amp;_nc_sid=dbb9e7&amp;_nc_ohc=KegdY6sXQKYAX-RPI3F&amp;_nc_ht=scontent.ftpe7-4.fna&amp;oh=63c04eb84ff13f80ba0689e629c038ff&amp;oe=5F04E1B2",
                "ViewCount": 2
            }
        ],
        "OgImgURL": "http://www.cmoney.tw/learn/cmstatic/learn/1/20200610094059003.jpg"
    },
    "badges": [],
    "isTreeCompleted": false,
    "nextCourse": null
}