{
    "courseDetail": {
        "CourseId": 1434,
        "CourseContent": "<h1>&nbsp;</h1>\n\n<p><span style=\"color:rgb(204, 0, 0); font-size:26px\">當沖量，反映市場對一支股票的熱度</span></p>\n\n<p>當沖量大，表示這檔股票有很多投機客在關注，</p>\n\n<p>一天內會有大幅的震盪，</p>\n\n<p>市場對這支股票的看法就會趨於熱絡。</p>\n\n<p>&nbsp;</p>\n\n<h1>看到當沖爆大量，高檔找賣點、低檔找買點</h1>\n\n<p>分析當沖，就像<a href=\"http://www.cmoney.tw/notes/note-detail.aspx?nid=15209\" style=\"margin: 0px; padding: 0px; outline: none; position: relative; color: rgb(0, 119, 181);\" target=\"_blank\">融資</a>一樣簡單，</p>\n\n<p>過去沒有當沖交易，今天突然有爆量的當沖，</p>\n\n<p>如果股價是一年來相對低點，是買點</p>\n\n<p>相反的，如果是一年來相對高點，是賣點。</p>\n\n<p>&nbsp;</p>\n\n<p>另外，還要配合當沖比率。</p>\n\n<p>當沖比率就是當沖量占成交量的比，</p>\n\n<p>如果當沖比率&gt;20%表示有異常，就要注意</p>\n\n<p>&nbsp;</p>\n\n<h2>低檔找買點：以<a href=\"http://www.cmoney.tw/follow/channel/stock-3006\" style=\"margin: 0px; padding: 0px; outline: none; position: relative; color: rgb(0, 119, 181);\" target=\"_blank\">晶豪科(3006)</a>為例</h2>\n\n<p>&nbsp;</p>\n\n<p>(分析工具：<a href=\"http://www.cmoney.tw/app/ItemContent.aspx?id=1812\" style=\"margin: 0px; padding: 0px; outline: none; position: relative; color: rgb(0, 119, 181); line-height: 20.79px;\" target=\"_blank\">籌碼K線</a>)</p>\n\n<p>&nbsp;</p>\n\n<p>&nbsp;</p>\n\n<p>(分析工具：<a href=\"http://www.cmoney.tw/app/ItemContent.aspx?id=1812\" style=\"margin: 0px; padding: 0px; outline: none; position: relative; color: rgb(0, 119, 181); line-height: 20.79px;\" target=\"_blank\">籌碼K線</a>)</p>\n\n<p>&nbsp;</p>\n\n<p>&nbsp;</p>\n\n<h2>低檔找買點：以<a href=\"http://www.cmoney.tw/follow/channel/stock-3360\" style=\"margin: 0px; padding: 0px; outline: none; position: relative; color: rgb(0, 119, 181);\" target=\"_blank\">尚立(3360)</a>為例</h2>\n\n<p><img alt=\"\" height=\"562\" src=\"http://www.cmoney.tw/notes/cmstatic/notes/capture/115152/20140819111137549.png\" width=\"600\" /></p>\n\n<p>(分析工具：<a href=\"http://www.cmoney.tw/app/ItemContent.aspx?id=1812\" style=\"margin: 0px; padding: 0px; outline: none; position: relative; color: rgb(0, 119, 181); line-height: 20.79px;\" target=\"_blank\">籌碼K線</a>)</p>\n\n<p>&nbsp;</p>\n\n<p>&nbsp;</p>\n\n<p>(分析工具：<a href=\"http://www.cmoney.tw/app/ItemContent.aspx?id=1812\" style=\"margin: 0px; padding: 0px; outline: none; position: relative; color: rgb(0, 119, 181); line-height: 20.79px;\" target=\"_blank\">籌碼K線</a>)</p>\n\n<h2>高檔找賣點：以<a href=\"http://www.cmoney.tw/follow/channel/stock-1235\" style=\"margin: 0px; padding: 0px; outline: none; position: relative; color: rgb(0, 119, 181);\" target=\"_blank\">興泰(1235)</a>為例</h2>\n\n<p>&nbsp;</p>\n\n<p>(分析工具：<a href=\"http://www.cmoney.tw/app/ItemContent.aspx?id=1812\" style=\"margin: 0px; padding: 0px; outline: none; position: relative; color: rgb(0, 119, 181); line-height: 20.79px;\" target=\"_blank\">籌碼K線</a>)</p>\n\n<p>&nbsp;</p>\n\n<p>&nbsp;</p>\n\n<h2>高檔找賣點：以<a href=\"http://www.cmoney.tw/follow/channel/stock-3308\" style=\"margin: 0px; padding: 0px; outline: none; position: relative; color: rgb(0, 119, 181);\" target=\"_blank\">聯德(3308)</a>為例</h2>\n\n<p>&nbsp;</p>\n\n<p>(分析工具：<a href=\"http://www.cmoney.tw/app/ItemContent.aspx?id=1812\" style=\"margin: 0px; padding: 0px; outline: none; position: relative; color: rgb(0, 119, 181); line-height: 20.79px;\" target=\"_blank\">籌碼K線</a>)</p>\n\n<p>&nbsp;</p>\n\n<p>&nbsp;</p>\n\n<p>最後，如果你屬於喜歡投機、操作短線的人，</p>\n\n<p>看到當沖爆大量後應該是你該出手的時候了~</p>\n\n<p>因為往往之後的每日震幅都很大，</p>\n\n<p>是你進出的好時機喔~ &nbsp;</p>\n\n<p>&nbsp;</p>\n\n<h1>【免費試用 籌碼K線】</h1>\n\n<h2>&rarr;&rarr;<a href=\"http://cmy.tw/005jDZ\">《 點我點我！》</a>&larr;&larr;</h2>\n\n<p>&nbsp;</p>\n\n<h2>想知道更多籌碼達人的秘訣嗎？</h2>\n\n<h3>快點擊下方加入我們的LINE@ 和 祕密社團</h3>\n\n<h3><a href=\"http://cmy.tw/005XVT\" target=\"_blank\"><img alt=\"\" height=\"85\" src=\"http://www.cmoney.tw/notes/cmstatic/notes/capture/467194/20180108115331599.gif\" width=\"266\" /></a>&nbsp; &nbsp; &nbsp;&nbsp;<a href=\"http://cmy.tw/005o96\"><img alt=\"\" height=\"89\" src=\"http://www.cmoney.tw/notes/cmstatic/notes/capture/467194/20180108115413395.gif\" width=\"272\" /></a></h3>\n\n<p>&nbsp;</p>\n\n<p>&nbsp;</p>\n",
        "ViewCount": "18905",
        "IsReference": true,
        "ReferenceList": [
            {
                "ReferenceId": 31921,
                "Description": "買了股票，它都不動，我該賣掉嗎？",
                "ReferenceUrl": "http://www.cmoney.tw/learn/course/test321/topic/1321",
                "ReferenceImage": "http://www.cmoney.tw/learn/cmstatic/learn/59/20141105154308231.jpg",
                "ViewCount": 56
            },
            {
                "ReferenceId": 31922,
                "Description": "巴菲特寫給股東的信(經典重譯．最新增修版)",
                "ReferenceUrl": "http://www.cmoney.tw/learn/course/michellebook/topic/1270",
                "ReferenceImage": "http://www.cmoney.tw/notes/cmstatic/notes/capture/114680/20140716175904944.png",
                "ViewCount": 29
            }
        ],
        "OgImgURL": "http://www.cmoney.tw/notes/cmstatic/notes/capture/115152/20140819111137549.png"
    },
    "badges": [],
    "isTreeCompleted": false,
    "nextCourse": null
}