{
    "courseDetail": {
        "CourseId": 145,
        "CourseContent": "<p>&nbsp;</p>\n\n<h1><span style=\"color:rgb(204, 0, 0); font-size:26px\">什麼是劵商分點？</span></h1>\n\n<p>由於一般投資人，</p>\n\n<p>都必須先在證券公司的</p>\n\n<p>某個分點開戶後，</p>\n\n<p>才能開始買賣股票。</p>\n\n<p>所以每筆股票的進出，</p>\n\n<p>交易所其實都可以追蹤到，</p>\n\n<h2>你是在哪個券商的</h2>\n\n<h2>分點買進或賣出的。</h2>\n\n<p>資料詳細到哪一天、哪一檔股票、</p>\n\n<p>哪一個價位、在哪一個券商分點、</p>\n\n<p>買進或賣出幾張，</p>\n\n<p>交易所每天傍晚都會公布。</p>\n\n<p>因此上述這樣的詳細資料，</p>\n\n<p>我們就簡稱券商分點資料，</p>\n\n<p>由於每天股市交易的數量相當多，</p>\n\n<p>因此可以知道這些資料也相當龐大，</p>\n\n<p>不過別擔心<u><a href=\"http://www.cmoney.tw/notes/note-detail.aspx?cid=22814&amp;nid=4026\" target=\"_blank\">籌碼K線</a></u>已經都幫你先整理好了。</p>\n\n<p>&nbsp;</p>\n\n<p>我們繼續看下去 ...</p>\n\n<p>&nbsp;</p>\n\n<p><span style=\"font-size:12px\"><span style=\"color:#808080\">(贊助商連結)</span></span></p>\n\n<p><dfp type=\"3\"></dfp></p>\n\n<h1>注意，你的每筆買賣</h1>\n\n<h1>其他人可都查得到！</h1>\n\n<p>買賣資料，每天下午 5 點</p>\n\n<p>會公布在交易所網站上，</p>\n\n<p>現在你只要使用&nbsp;<u><a href=\"http://www.cmoney.tw/notes/note-detail.aspx?cid=22814&amp;nid=4026\" target=\"_blank\">籌碼K線</a></u>&nbsp;查詢。</p>\n\n<p>我們舉個例子：</p>\n\n<p>假設某天( 3 / 25 )，</p>\n\n<p>你在台銀證券總公司</p>\n\n<p>用 66.9 元 賣出 40 張&nbsp;<a href=\"http://www.cmoney.tw/follow/channel/stock-1303?chart=d\">南亞&nbsp;(1303)</a>，</p>\n\n<p>資料清楚記載你的賣單。</p>\n\n<p>&nbsp;</p>\n\n<p><img alt=\"\" height=\"560\" src=\"http://www.cmoney.tw/learn/cmstatic/learn/1/20160328135611185.png\" width=\"500\" /></p>\n\n<p>&nbsp;</p>\n\n<p><dfp type=\"2\"></dfp></p>\n\n<p>&nbsp;</p>\n\n<h1>用「大單券商」</h1>\n\n<h1>查看你(或對手)的進出</h1>\n\n<h2>步驟 1.&nbsp;</h2>\n\n<p>開啟 <a href=\"http://www.cmoney.tw/app/ItemContent.aspx?id=1812\">籌碼 K 線</a>，</p>\n\n<p>輸入你要搜尋的股票代號。</p>\n\n<p>&nbsp;</p>\n\n<h2>步驟 2.&nbsp;</h2>\n\n<p>打開頁籤「大單券商」。</p>\n\n<p>&nbsp;</p>\n\n<p><img alt=\"\" height=\"223\" src=\"http://www.cmoney.tw/learn/cmstatic/learn/1/20170119152945760.png\" width=\"500\" /></p>\n\n<p>&nbsp;</p>\n\n<h2>步驟 3.</h2>\n\n<p>你就可以看到當日的買賣家資訊，</p>\n\n<p>包括最大買賣盤、張數及價位。</p>\n\n<p>(下圖以買家為例)</p>\n\n<p><img alt=\"\" height=\"326\" src=\"http://www.cmoney.tw/learn/cmstatic/learn/1/20170119153308092.png\" width=\"305\" /></p>\n\n<p>&nbsp;</p>\n\n<p>&nbsp;</p>\n\n<p><a href=\"http://cmy.tw/008NnG\"><img alt=\"\" height=\"250\" src=\"http://www.cmoney.tw/learn/cmstatic/learn/1/20200612115222060.jpg\" width=\"300\" /></a></p>\n\n<p>&nbsp;</p>\n\n<h1>從「泡泡圖」，你可以檢視</h1>\n\n<h1>自己今天有沒有跟主力作對</h1>\n\n<p><img alt=\"\" height=\"260\" src=\"http://www.cmoney.tw/learn/cmstatic/learn/1/20160328141620739.png\" width=\"500\" /></p>\n\n<p>&nbsp;</p>\n\n<h2>若一個分點的買進或</h2>\n\n<h2>賣出量很大 &gt;&gt; 通常稱為主力</h2>\n\n<p>如果買方的量比賣方多，</p>\n\n<p>就表示多方的力道較強。</p>\n\n<p>反之，就是空方的力道強，</p>\n\n<p>從圖中我們可以明顯發現，</p>\n\n<p><span style=\"font-size:18px\"><strong><span style=\"background-color:#FFFF00\">賣方遠比買方多，</span></strong></span></p>\n\n<p><span style=\"font-size:18px\"><strong><span style=\"background-color:#FFFF00\">所以主力在賣方。</span></strong></span></p>\n\n<p>這表示賣方力道較強，</p>\n\n<p>所以做空可能比較有利，</p>\n\n<p>若你選擇買進，</p>\n\n<p>就跟主力做反！</p>\n\n<p>&nbsp;</p>\n\n<p><dfp type=\"1\"></dfp></p>\n\n<p>&nbsp;</p>\n\n<h1>小結：</h1>\n\n<h1>知己知彼，百戰百勝！</h1>\n\n<h1>快來試試「劵商分點」</h1>\n\n<p>透過我們上述的演示，</p>\n\n<p>不知道你是否對劵商分點，</p>\n\n<p>有更進一步的了解呢？</p>\n\n<p>建議大家有機會，</p>\n\n<p>也能自己試試看&nbsp;<a href=\"http://www.cmoney.tw/app/ItemContent.aspx?id=1812\">籌碼 K 線</a>。</p>\n\n<p>這樣你也可以跟我一樣，</p>\n\n<p>查查自己關注的股票，</p>\n\n<p>主要有哪些券商分點在交易？</p>\n\n<p>是否有主力進出(買賣的量很大)？</p>\n\n<p>若是能站在主力相同方向進出，</p>\n\n<p>可以幫自己站有更好的獲利優勢喔！</p>\n\n<p>&nbsp;</p>\n\n<p><a href=\"http://cmy.tw/009YkZ\"><img alt=\"\" height=\"600\" src=\"http://www.cmoney.tw/learn/cmstatic/learn/1/20200612115128876.jpg\" width=\"300\" /></a></p>\n\n<p>&nbsp;</p>\n\n<p>&nbsp;</p>\n",
        "ViewCount": "56147",
        "IsReference": true,
        "ReferenceList": [
            {
                "ReferenceId": 34791,
                "Description": "什麼是券商分點?",
                "ReferenceUrl": "http://www.cmoney.tw/learn/course/michelle/topic/674",
                "ReferenceImage": "http://www.cmoney.tw/learn/cmstatic/learn/48/20140822153007153.jpg",
                "ViewCount": 43
            },
            {
                "ReferenceId": 34792,
                "Description": "哪些券商值得觀察？",
                "ReferenceUrl": "http://www.cmoney.tw/learn/course/k/topic/384",
                "ReferenceImage": "http://www.cmoney.tw/notes/cmstatic/notes/capture/115152/20141031142510446.jpg",
                "ViewCount": 44
            },
            {
                "ReferenceId": 34793,
                "Description": "假如某家券商時常「今天買、明天賣」一檔股票 ...那麼，神奇的事情就會發生了...",
                "ReferenceUrl": "http://www.cmoney.tw/learn/course/chipsanalysisfast/topic/1619",
                "ReferenceImage": "http://www.cmoney.tw/learn/cmstatic/learn/126/20150204120808259.jpg",
                "ViewCount": 56
            }
        ],
        "OgImgURL": "http://www.cmoney.tw/learn/cmstatic/learn/1/20160328135611185.png"
    },
    "badges": [],
    "isTreeCompleted": false,
    "nextCourse": null
}