{
    "courseDetail": {
        "CourseId": 1462,
        "CourseContent": "<h1>監控自選股</h1>\n\n<p>設定了自選股之後，每天別忘了要觀察個股的變化 決定進出場喔</p>\n\n<p>在畫面上方有個【監控自選股】</p>\n\n<p>點進去後左上方有你的 自選股列表，</p>\n\n<p>左下方是【監控報表】，裏頭幾乎涵括了所有的分析資訊</p>\n\n<p><img alt=\"\" height=\"489\" src=\"http://www.cmoney.tw/notes/cmstatic/notes/capture/115152/20141128120625903.jpg\" width=\"700\" /></p>\n\n<p>&nbsp;</p>\n\n<p>&nbsp;</p>\n\n<h1>【免費試用 籌碼K線】</h1>\n\n<h2>&rarr;&rarr;<a href=\"http://cmy.tw/005jDZ\">《 點我點我！》</a>&larr;&larr;</h2>\n\n<p>&nbsp;</p>\n\n<h2>想知道更多籌碼達人的秘訣嗎？</h2>\n\n<h3>快點擊下方加入我們的LINE@ 和 祕密社團</h3>\n\n<h3><a href=\"http://cmy.tw/005XVT\" target=\"_blank\"><img alt=\"\" height=\"85\" src=\"http://www.cmoney.tw/notes/cmstatic/notes/capture/467194/20180108115331599.gif\" width=\"266\" /></a>&nbsp; &nbsp; &nbsp;&nbsp;<a href=\"http://cmy.tw/005o96\"><img alt=\"\" height=\"89\" src=\"http://www.cmoney.tw/notes/cmstatic/notes/capture/467194/20180108115413395.gif\" width=\"272\" /></a></h3>\n\n<p>&nbsp;</p>\n",
        "ViewCount": "4276",
        "IsReference": true,
        "ReferenceList": [
            {
                "ReferenceId": 33430,
                "Description": "找到雪球股，讓你1萬變1000萬",
                "ReferenceUrl": "http://www.cmoney.tw/learn/course/michellebook/topic/1252",
                "ReferenceImage": "http://www.cmoney.tw/notes/cmstatic/notes/capture/114685/20140730160410475.png",
                "ViewCount": 10
            },
            {
                "ReferenceId": 33431,
                "Description": "什麼是『RSI』",
                "ReferenceUrl": "http://www.cmoney.tw/learn/course/technicals/topic/490",
                "ReferenceImage": "http://www.cmoney.tw/notes/cmstatic/notes/capture/114705/20140821100829047.jpg",
                "ViewCount": 12
            }
        ],
        "OgImgURL": "http://www.cmoney.tw/notes/cmstatic/notes/capture/115152/20141128120625903.jpg"
    },
    "badges": [],
    "isTreeCompleted": false,
    "nextCourse": null
}