{
    "courseDetail": {
        "CourseId": 147,
        "CourseContent": "<h1><img alt=\"\" height=\"365\" src=\"http://www.cmoney.tw/learn/cmstatic/learn/1/20200612112941812.jpg\" width=\"650\" /></h1>\n\n<h1><span style=\"color:rgb(204, 0, 0); font-size:26px\">買股票 想獲利</span></h1>\n\n<h1>就要「低買 &rarr; 高賣」</h1>\n\n<h2>融券放空把順序</h2>\n\n<h2>變成「高賣 &rarr; 低買」</h2>\n\n<p>看完下面這個故事就能懂了，</p>\n\n<p>假設這檔 A 股票現在股價 100 元，</p>\n\n<p>我先跟券商「借股票」，</p>\n\n<p>我拿著這張股票到股市中去賣，</p>\n\n<p>能夠賣到 100 元，</p>\n\n<p>於是拿回了 100 元現金。</p>\n\n<p>所以我現在的狀況是：</p>\n\n<p><span style=\"font-size:18px\"><strong><span style=\"background-color:#FFFF00\">「有 100 元現金，</span></strong></span></p>\n\n<p><span style=\"font-size:18px\"><strong><span style=\"background-color:#FFFF00\">但欠券商一張&nbsp;A 股票。」</span></strong></span></p>\n\n<p>&nbsp;</p>\n\n<p>一個月過後，</p>\n\n<p>如果&nbsp;A 的股價跌到 50 元，</p>\n\n<p>我就可以用 50 元買一張 A 股票。</p>\n\n<p>所以我現在的狀況是：</p>\n\n<p><span style=\"font-size:18px\"><strong><span style=\"background-color:#FFFF00\">「有 50 元現金，</span></strong></span></p>\n\n<p><span style=\"font-size:18px\"><strong><span style=\"background-color:#FFFF00\">擁有一張&nbsp;A 股票的股票，</span></strong></span></p>\n\n<p><span style=\"font-size:18px\"><strong><span style=\"background-color:#FFFF00\">但也欠券商一張&nbsp;A 股票的股票。」</span></strong></span></p>\n\n<p>我現在把股票還給券商後，</p>\n\n<p>身上就多了 50 元現金，</p>\n\n<p>以我投入的 100 元來算獲利。</p>\n\n<h2>&gt;&gt; &nbsp;+ 50%</h2>\n\n<p>&nbsp;</p>\n\n<p>那如果&nbsp;A 股票不跌反漲呢？</p>\n\n<p>&nbsp;</p>\n\n<p>我們繼續看下去 ...</p>\n\n<p>&nbsp;</p>\n\n<p><span style=\"color:#808080\"><span style=\"font-size:12px\">(贊助商連結)</span></span></p>\n\n<p><dfp type=\"3\"></dfp></p>\n\n<h1>融券放空 適合走跌股</h1>\n\n<h1>股價漲了反而會賠錢</h1>\n\n<p>但如果一個月後 ...</p>\n\n<p>&nbsp;A 股票不跌反漲，</p>\n\n<p>股價漲到 150 元，</p>\n\n<p>我就得花 150 元才買 A 股票。</p>\n\n<p>也就是說 ...</p>\n\n<p>我還要倒貼 50 元，</p>\n\n<p>所以我現在的狀況是：</p>\n\n<p><span style=\"font-size:18px\"><strong><span style=\"background-color:#FFFF00\">「財產少了 50 元，</span></strong></span></p>\n\n<p><span style=\"font-size:18px\"><strong><span style=\"background-color:#FFFF00\">擁有一張 A 股票，</span></strong></span></p>\n\n<p><span style=\"font-size:18px\"><strong><span style=\"background-color:#FFFF00\">也欠券商一張&nbsp;A 股票。」</span></strong></span></p>\n\n<p>還給券商股票後，</p>\n\n<p>財產少了 50 元，</p>\n\n<p>以我投入的 100 元來算獲利。</p>\n\n<h2>&gt;&gt; &nbsp;- 50%</h2>\n\n<p>&nbsp;</p>\n\n<table border=\"1\" cellpadding=\"1\" cellspacing=\"1\" style=\"height:128px; width:543px\">\n\t<tbody>\n\t\t<tr>\n\t\t\t<td><strong><span style=\"font-size:22px\">股價</span></strong></td>\n\t\t\t<td><strong><span style=\"font-size:22px\">股票</span></strong></td>\n\t\t\t<td><strong><span style=\"font-size:22px\">融資</span></strong></td>\n\t\t\t<td><strong><span style=\"font-size:22px\">融券</span></strong></td>\n\t\t</tr>\n\t\t<tr>\n\t\t\t<td><strong>股價上漲&nbsp;<span style=\"color:rgb(255, 0, 0)\">50%</span></strong></td>\n\t\t\t<td><strong><span style=\"color:rgb(255, 0, 0)\">+50%</span></strong></td>\n\t\t\t<td><strong><span style=\"font-size:18px\"><span style=\"color:rgb(255, 0, 0)\">+125%</span></span></strong></td>\n\t\t\t<td><strong><span style=\"color:rgb(0, 128, 0)\">-50%</span></strong></td>\n\t\t</tr>\n\t\t<tr>\n\t\t\t<td><strong>股價下跌&nbsp;<span style=\"color:rgb(0, 128, 0)\">50%</span></strong></td>\n\t\t\t<td><strong><span style=\"color:rgb(0, 128, 0)\">-50%</span></strong></td>\n\t\t\t<td><strong><span style=\"font-size:18px\"><span style=\"color:rgb(0, 128, 0)\">-125%</span></span></strong></td>\n\t\t\t<td><strong><span style=\"color:rgb(255, 0, 0)\">+50%</span></strong></td>\n\t\t</tr>\n\t</tbody>\n</table>\n\n<p>&nbsp;</p>\n\n<h1>重點注意！</h1>\n\n<h1>1. 除權息前</h1>\n\n<h1>2. 股東會前</h1>\n\n<h1>需要回補融券</h1>\n\n<p>這就是融券比較不方便的地方，</p>\n\n<p>因為你那張股票是借來的，</p>\n\n<p>不是賣給你的。</p>\n\n<p>在這兩個時間點上，</p>\n\n<p>需要用到股票。</p>\n\n<h2>所以你必須在那之前</h2>\n\n<h2>買到股票，並還給券商。</h2>\n\n<p>&nbsp;</p>\n\n<p>如果時間到了沒還，</p>\n\n<p>券商就會強制幫你買回股票，</p>\n\n<p>也就是所謂的<a href=\"http://www.cmoney.tw/notes/note-detail.aspx?bid=22814&amp;nid=1485\" target=\"_blank\">融資強制回補</a>。</p>\n\n<p>如果回補時間前融券太多的話，</p>\n\n<p>大家搶著買股票來還。</p>\n\n<h2>這樣的情況下...</h2>\n\n<h2>多半會推升股價。</h2>\n\n<p>&nbsp;</p>\n\n<p><dfp type=\"2\"></dfp></p>\n\n<p>&nbsp;</p>\n\n<h1>融券最大風險：</h1>\n\n<h1>被「軋空」</h1>\n\n<p>當一檔股票融券的比例過高，</p>\n\n<p>大戶覺得有利可圖時，</p>\n\n<p>就可以靠著拉抬股價，</p>\n\n<p>把股價拉到漲停，</p>\n\n<p>讓融券的散戶虧損。</p>\n\n<p>而且因為是在漲停的狀態下，</p>\n\n<p>股票想買都買不到，</p>\n\n<p>根本沒辦法回補停損。</p>\n\n<p>有時主力甚至會天天拉到漲停，</p>\n\n<p>把融券放空的股民軋上天。</p>\n\n<p><span style=\"font-size:18px\"><strong><span style=\"background-color:#FFFF00\">這種現象最容易出現在</span></strong></span></p>\n\n<p><span style=\"font-size:18px\"><strong><span style=\"background-color:#FFFF00\">股東會或是除權息前，</span></strong></span></p>\n\n<p><span style=\"font-size:18px\"><strong><span style=\"background-color:#FFFF00\">因為有規定強制回補。</span></strong></span></p>\n\n<p>&nbsp;</p>\n\n<h1>融券能讓投資變得更靈活</h1>\n\n<p>早期的投資都只能一味的做多，</p>\n\n<p>常常讓股票瘋狂地暴漲，</p>\n\n<p>然後接著就是瘋狂地暴跌。</p>\n\n<p>有了做空操作的融券，</p>\n\n<p>能讓股價維持在合理的價格</p>\n\n<p>&nbsp;</p>\n\n<p><img alt=\"\" height=\"600\" src=\"http://www.cmoney.tw/learn/cmstatic/learn/1/20200611172336346.jpg\" width=\"300\" /></p>\n\n<p>&nbsp;</p>\n",
        "ViewCount": "60859",
        "IsReference": true,
        "ReferenceList": [
            {
                "ReferenceId": 34859,
                "Description": "你的股票，每年3月都會發生這件事！如果你忘記...就欲哭無淚了！",
                "ReferenceUrl": "http://www.cmoney.tw/learn/course/stocksevents/topic/1565",
                "ReferenceImage": "http://www.cmoney.tw/learn/cmstatic/learn/127/20150127151637800.png",
                "ViewCount": 54
            },
            {
                "ReferenceId": 34860,
                "Description": "有個指標突然暴增4倍，結果某檔股票慘跌50%！原來平常就要注意..",
                "ReferenceUrl": "http://www.cmoney.tw/learn/course/chipsanalysisfast/topic/1648",
                "ReferenceImage": "http://www.cmoney.tw/learn/cmstatic/learn/126/20150202134310928.jpg",
                "ViewCount": 39
            },
            {
                "ReferenceId": 34861,
                "Description": "融資融券借券數據怎麼看?",
                "ReferenceUrl": "http://www.cmoney.tw/learn/course/michelle/topic/543",
                "ReferenceImage": "http://www.cmoney.tw/learn/cmstatic/learn/48/20140822105840352.jpg",
                "ViewCount": 68
            }
        ],
        "OgImgURL": "http://www.cmoney.tw/learn/cmstatic/learn/1/20200612112941812.jpg"
    },
    "badges": [],
    "isTreeCompleted": false,
    "nextCourse": null
}