{
    "courseDetail": {
        "CourseId": 1497,
        "CourseContent": "<p>&nbsp;</p>\n\n<h1>常有人疑問:這家企業值多少錢？</h1>\n\n<h2>閱讀國內外金融書籍 有助於財經知識的強化</h2>\n\n<p>雖然我們不是把整間公司買下來，而是買股票(當股東)</p>\n\n<p>但是評價企業和評價股票是一樣的概念。</p>\n\n<p>&nbsp;</p>\n\n<p>趕緊來看看吧...</p>\n\n<p>&nbsp;</p>\n\n<p><span style=\"color:#A9A9A9\"><span style=\"font-size:12px\">(贊助商連結...)</span></span></p>\n\n<p><googleadsense height=\"250px\" type=\"2\" width=\"300px\"></googleadsense></p>\n\n<p>&nbsp;</p>\n\n<p>&nbsp;</p>\n\n<p>評價股票的方法有很多種:</p>\n\n<p>1.平均股利法</p>\n\n<p>2.歷年股價法</p>\n\n<p>3.本益比法</p>\n\n<p>4.股價淨值比法</p>\n\n<p>5.ROE法</p>\n\n<p>6.配息折現法</p>\n\n<p>7.自由現金流量法</p>\n\n<p>8.預期報酬率R值推算法</p>\n\n<p>9.外部股東實質報酬率K值推算法</p>\n\n<p>10.市價營收比法 .........等</p>\n\n<p>&nbsp;</p>\n\n<p>上面這些股價評價模式，很多是從外國的金融理論來的。</p>\n\n<p>外國人的金融知識比我們進步很多，</p>\n\n<p>如果可以的話，</p>\n\n<p>可以看原文網站、原文書、原文翻譯書。</p>\n\n<p>如果覺得比較困難，國內有一些作者寫的書也很不錯，</p>\n\n<p>他們有很多是學習外國的金融理論，</p>\n\n<p>然後以簡單、平易的方式化為中文，</p>\n\n<p>再加上一些自己的經驗，或許也修改一些參數，</p>\n\n<p>轉化成讓國內投資人容易吸收的內容，寫成書。</p>\n\n<p>&nbsp;</p>\n\n<p>感謝他們的努力，把價值投資的知識帶進一般人容易理解的領域，</p>\n\n<p>讓我們在投資上更可以做到&quot;獨立思考&quot;這一點！</p>\n\n<p>其實，在知識的傳承上，</p>\n\n<p>我們都是站在前人的肩膀上。</p>\n\n<p>雖非原創，但只要學習，並且互相討論，</p>\n\n<p>我相信是可以越來越進步的。</p>\n\n<p>&nbsp;</p>\n\n<h1>各種評價方式都有其優缺點</h1>\n\n<h2>平均股利法：適用每年利息穩定的個股 不適用成長股</h2>\n\n<p>以上各種評價股票的方式，每一個方法都有他的優缺點。</p>\n\n<p>&nbsp;</p>\n\n<p>例如<strong>平均股利法</strong>，用來評價某些成長股就可能不適當。</p>\n\n<p>因為某些成長股在快速成長的階段，配發的股利可能不多，</p>\n\n<p>這樣以股利回推股價，會造成股價的低估。</p>\n\n<p>&nbsp;</p>\n\n<p>平均股利法最適用的就是像<a href=\"http://www.cmoney.tw/follow/channel/stock-2412\" target=\"_blank\">中華電信(2412)</a>，</p>\n\n<p>這樣每年配發利息穩定的個股，</p>\n\n<p>這種個股也較符合巴菲特的價值投資中所謂的雪球股。</p>\n\n<p>&nbsp;</p>\n\n<h2>本益比法：景氣循環股不適用 容易高估股價</h2>\n\n<p>而本益比法，是一種很簡便的評價法，很多人都會使用</p>\n\n<p>但有些景氣循環股就不適用。</p>\n\n<p>因為景氣循環股在過熱之時，</p>\n\n<p>EPS很高，有時反而本益比很低，</p>\n\n<p>以本益比法估價容易過度高估股價。</p>\n\n<p>&nbsp;</p>\n\n<p><strong>總之，要去了解每一種估價模式的內在意義，才不致於誤判！</strong></p>\n\n<p>&nbsp;</p>\n\n<h1>Emily最常用的五種股票評價方式</h1>\n\n<p><strong>1.平均股利法</strong></p>\n\n<p><strong>2.歷年股價法</strong></p>\n\n<p><strong>3.本益比法</strong></p>\n\n<p><strong>4.股價淨值比法</strong></p>\n\n<p><strong>5.ROE法</strong></p>\n\n<p>&nbsp;</p>\n\n<p>這5種方法， 幾乎在Emily之前寫&quot;關於個股&quot;系列的文章中重複的使用，</p>\n\n<p>原因是這5種方式計算簡易，</p>\n\n<p>其他的方法也是很棒的。</p>\n\n<p>&nbsp;</p>\n\n<p>&quot;<strong>自由現金流量法</strong>&quot;是法人常用的股價推估模式，</p>\n\n<p>這種方式準確度比較高，但計算方式比較複雜，</p>\n\n<p>也要給定一個未來的預估值才能算出。</p>\n\n<p>&nbsp;</p>\n\n<p>因此您如果像Emily一樣，非從事財務業務或就讀財務科系者，</p>\n\n<p>只要使用前5種方法即可，公式大家可以在網路上輕易的找到。</p>\n\n<p>下面只做簡單的介紹:</p>\n\n<p>&nbsp;</p>\n\n<h2>1.平均股利法</h2>\n\n<p>以個股過去N年的平均股利</p>\n\n<p>(N值看個人喜好，有的人用5年、有的人用10年、有的人是用所有的年度)</p>\n\n<p>乘以15當&quot;<span style=\"color:#008000\">便宜價</span>&quot;</p>\n\n<p>乘以20當&quot;<span style=\"color:rgb(255, 140, 0)\">合理價</span>&quot;</p>\n\n<p>乘以30當&quot;<span style=\"color:rgb(255, 0, 0)\">昂貴價</span>&quot;</p>\n\n<p>推算適合買/賣的股票現值</p>\n\n<p>&nbsp;</p>\n\n<h2>2.歷年股價法</h2>\n\n<p>以個股過去N年的歷年最低價平均當&quot;<span style=\"color:#008000\">便宜價</span>&quot;</p>\n\n<p>以個股過去N年的歷年平均價平均當&quot;<span style=\"color:rgb(255, 140, 0)\">合理價</span>&quot;</p>\n\n<p>以個股過去N年的歷年最高價平均當&quot;<span style=\"color:rgb(255, 0, 0)\">昂貴價</span>&quot;</p>\n\n<p>&nbsp;</p>\n\n<h2>3.本益比法</h2>\n\n<p>統計個股過去:</p>\n\n<p>每年最低本益比，並加以平均(中位數也可以)，得出一個&quot;歷年最低本益比平均值&quot;</p>\n\n<p>每年平均本益比，並加以平均(中位數也可以)，得出一個&quot;歷年平均本益比平均值 &quot;</p>\n\n<p>每年最高本益比，並加以平均(中位數也可以)，得出一個&quot;歷年最高本益比平均值&quot;</p>\n\n<p>最近4季的EPS*歷年最低本益比平均值&quot;便宜價&quot;</p>\n\n<p>最近4季的EPS*歷年平均本益比平均值&quot;<span style=\"color:rgb(255, 140, 0)\">合理價</span>&quot;</p>\n\n<p>最近4季的EPS*歷年最高本益比平均值&quot;<span style=\"color:rgb(255, 0, 0)\">昂貴價</span>&quot;</p>\n\n<p>&nbsp;</p>\n\n<h2>4.股價淨值比法</h2>\n\n<p>統計個股過去</p>\n\n<p>每年最低股價淨值比，並加以平均(中位數也可以)，得出一個&quot;歷年最低股價淨值比平均值&quot;</p>\n\n<p>每年平均股價淨值比，並加以平均(中位數也可以)，得出一個&quot;歷年平均股價淨值比平均值&quot;</p>\n\n<p>每年最高股價淨值比，並加以平均(中位數也可以)，得出一個&quot;歷年最高股價淨值比平均值&quot;</p>\n\n<p>&nbsp;</p>\n\n<p>最近1季的淨值*歷年最低股價淨值比平均值=&quot;<span style=\"color:#008000\">便宜價</span>&quot;</p>\n\n<p>最近1季的淨值*歷年平均股價淨值比平均值=&quot;<span style=\"color:rgb(255, 140, 0)\">合理價</span>&quot;</p>\n\n<p>最近1季的淨值*歷年最高股價淨值比平均值=&quot;<span style=\"color:rgb(255, 0, 0)\">昂貴價</span>&quot;</p>\n\n<p>&nbsp;</p>\n\n<h2>5.ROE(股東權利報酬率)法</h2>\n\n<p>ROE*最近1季的淨值*每年最低本益比=&quot;<span style=\"color:#008000\">便宜價</span>&quot;</p>\n\n<p>ROE*最近1季的淨值*每年平均本益比=&quot;<span style=\"color:rgb(255, 140, 0)\">合理價</span>&quot;</p>\n\n<p>ROE*最近1季的淨值*每年最高本益比=&quot;<span style=\"color:rgb(255, 0, 0)\">昂貴價</span>&quot;</p>\n\n<p>&nbsp;</p>\n\n<h1>結論：艾蜜莉的混合模式</h1>\n\n<p>有網友大大可能想問，用5種方法，</p>\n\n<p>估出5種不同的價格，要以哪一個價格為準？</p>\n\n<p>由於各種評價模式各有優缺點，所以Emily會使用&quot;混合模式&quot; 就是-平均，</p>\n\n<p>或取最大的幾個值和最小的幾個值平均。</p>\n\n<p>&nbsp;</p>\n\n<p>不管您喜歡使用哪一個評價模式為主，</p>\n\n<p>或像 Emily 使用「混合模式」都可以，</p>\n\n<p>甚至比較保守、注重安全邊際的投資人</p>\n\n<p>可以再設定更高標準的「安全邊際價格」</p>\n\n<p>把以上混合模式的值再打 9 折或 8 折</p>\n\n<p>&nbsp;</p>\n\n<h1>想看更多「艾蜜莉」的故事</h1>\n\n<p>推薦這本<a href=\"http://cmy.tw/005MUm\" style=\"outline-style: initial; outline-width: 0px; text-decoration-line: underline; color: rgb(0, 119, 181); position: relative;\" target=\"_blank\"><u>《女人變有錢》靠存股7年存出 500萬&nbsp;</u></a>給你</p>\n\n<p>總價值：NT$ 1,479 &rarr;&nbsp;<a href=\"http://cmy.tw/005MUm\" target=\"_blank\">女人自立自強價：NT$ 138 ！</a></p>\n\n<p><strong>(獨家附贈：價值 1,299元，艾蜜莉定存股私房影音&nbsp;<span style=\"color:rgb(255, 0, 0)\">只送不賣!</span>賣完為止哦)</strong></p>\n\n<p><a href=\"http://cmy.tw/005MUm\"><img alt=\"\" height=\"400\" src=\"https://fsv.cmoney.tw/cmstatic/notes/capture/631653/20170515120754538.jpg\" width=\"299\" /></a></p>\n\n<p>&nbsp;</p>\n\n<h2>&gt;&gt; 免費使用小資女艾蜜莉的算股秘訣:<a href=\"http://cmy.tw/004QVJ\" target=\"_blank\">艾蜜莉定存股</a></h2>\n\n<h2>&gt;&gt;<a href=\"http://cmy.tw/005O9e\">&nbsp;手機APP版載點</a></h2>\n\n<p><a href=\"http://cmy.tw/005O9e\"><img alt=\"\" height=\"254\" src=\"http://www.cmoney.tw/learn/cmstatic/learn/103/20170609105411016.jpg\" width=\"500\" /></a></p>\n",
        "ViewCount": "15986",
        "IsReference": true,
        "ReferenceList": [
            {
                "ReferenceId": 29970,
                "Description": "3分鐘學會用股價淨值比法算出合理價，沒有看這一篇，你不知道台塑竟然應該這樣操作.....",
                "ReferenceUrl": "http://www.cmoney.tw/learn/course/emily/topic/1670",
                "ReferenceImage": "http://www.cmoney.tw/notes/cmstatic/notes/capture/37323/20150205184252554.jpg",
                "ViewCount": 78
            },
            {
                "ReferenceId": 29971,
                "Description": "好棒棒！她用艾蜜莉定存股 ， 3 個月獲利「 30 % 」！",
                "ReferenceUrl": "http://www.cmoney.tw/learn/course/emily/topic/1906",
                "ReferenceImage": "http://www.cmoney.tw/notes/cmstatic/notes/capture/37323/20150417165944190.jpg",
                "ViewCount": 60
            },
            {
                "ReferenceId": 29972,
                "Description": "投資定存股，何時該停損判斷方式",
                "ReferenceUrl": "http://www.cmoney.tw/learn/course/emily/topic/1508",
                "ReferenceImage": "http://www.cmoney.tw/learn/cmstatic/learn/103/20150105114916642.jpg",
                "ViewCount": 39
            }
        ],
        "OgImgURL": "https://fsv.cmoney.tw/cmstatic/notes/capture/631653/20170515120754538.jpg"
    },
    "badges": [],
    "isTreeCompleted": false,
    "nextCourse": null
}