{
    "courseDetail": {
        "CourseId": 149,
        "CourseContent": "<h1><span style=\"color:rgb(204, 0, 0); font-size:26px\"><img alt=\"\" height=\"339\" src=\"http://www.cmoney.tw/learn/cmstatic/learn/1/20200928155033903.jpg\" width=\"650\" /></span></h1>\n\n<h1><span style=\"color:rgb(204, 0, 0); font-size:26px\">開完戶後</span></h1>\n\n<h1>我要如何買第一張股票？</h1>\n\n<p>看完上一章【<u><a href=\"http://www.cmoney.tw/learn/course/cmoney/topic/148\">開戶篇</a></u>】</p>\n\n<p>各位知道如何開戶。</p>\n\n<p>接下來，就是進入：</p>\n\n<p>【如何買人生第一張股票】</p>\n\n<p>首先，要先恭喜大家</p>\n\n<p>終於能真正踏入投資理財之門，</p>\n\n<p>快給自己拍拍手！</p>\n\n<p>小編當初也是把從小到大</p>\n\n<p>存的零用錢和打工賺來的錢，</p>\n\n<p>東湊西湊，好不容易湊到 10 萬，</p>\n\n<p>才敢去開戶的喔！</p>\n\n<p>&nbsp;</p>\n\n<p>我們繼續看下去 ...</p>\n\n<p>&nbsp;</p>\n\n<p><span style=\"color:#808080\"><span style=\"font-size:12px\">(贊助商連結)</span></span></p>\n\n<p><dfp type=\"3\"></dfp></p>\n\n<h1>買股票前，先匯錢到交割銀行</h1>\n\n<h2>「交割」就是一手交錢、一手交貨</h2>\n\n<h2>在台灣買進股票 ...</h2>\n\n<h2>2 天後才會從銀行扣款</h2>\n\n<p>在你想好要買哪檔股票前，</p>\n\n<p>勸你要先匯一筆錢到交割銀行去，</p>\n\n<p>因為台灣是採「 T+2 交割 」制度，</p>\n\n<p>交割是指：</p>\n\n<p>你一手交錢，對方一手交貨，</p>\n\n<p>「 T + 2 」就是</p>\n\n<p>當你成功買進股票後，</p>\n\n<p>在第 2 天營業日的上午 10 點前，</p>\n\n<p>才會從你開戶的那間交割銀行扣款，</p>\n\n<p>比方說 ...</p>\n\n<p>我禮拜四買進股票，</p>\n\n<p>兩天後，也就是下禮拜一，</p>\n\n<p>他才會從你的交割銀行扣款。</p>\n\n<p>&nbsp;</p>\n\n<h1>網路下單買股票</h1>\n\n<h1>一次讓你全部搞懂</h1>\n\n<p>打開券商提供的免費看盤軟體，</p>\n\n<p>內心只會想「哇，也太難了吧！」</p>\n\n<p>一堆看不懂的複雜的東西，</p>\n\n<p>別擔心其實看盤軟體都大同小異。</p>\n\n<p>&nbsp;</p>\n\n<h2>你只要掌握這 5 個重點：</h2>\n\n<p><span style=\"font-size:18px\"><strong><span style=\"background-color:#FFFF00\">1. 報價區</span></strong></span></p>\n\n<p><span style=\"font-size:18px\"><strong><span style=\"background-color:#FFFF00\">2. 走勢圖</span></strong></span></p>\n\n<p><span style=\"font-size:18px\"><strong><span style=\"background-color:#FFFF00\">3. 五檔掛價</span></strong></span></p>\n\n<p><span style=\"font-size:18px\"><strong><span style=\"background-color:#FFFF00\">4. 下單區</span></strong></span></p>\n\n<p><span style=\"font-size:18px\"><strong><span style=\"background-color:#FFFF00\">5. 回報區</span></strong></span></p>\n\n<p>&nbsp;</p>\n\n<p><img alt=\"\" height=\"342\" src=\"http://www.cmoney.tw/learn/cmstatic/learn/1/20160330133928246.jpg\" width=\"500\" /></p>\n\n<p>&nbsp;</p>\n\n<p><dfp type=\"2\"></dfp></p>\n\n<p>&nbsp;</p>\n\n<h1><strong>1. 報價區</strong></h1>\n\n<p>它早上開盤到收盤是即時的，</p>\n\n<p>你可以監控你所關注的股票，</p>\n\n<p>現在的價格是多少。</p>\n\n<p>&nbsp;</p>\n\n<h1>2. 走勢圖</h1>\n\n<p>可以看到股票的盤中變化，</p>\n\n<p>藉由走勢圖，</p>\n\n<p>我們可以快速掌握，</p>\n\n<p>現在股價是上漲、還是下跌中。</p>\n\n<p>舉個例子：<a href=\"http://www.cmoney.tw/follow/channel/stock-2317?chart=d\"><u>鴻海(2317)</u></a></p>\n\n<p>我們可以看到盤中有拉抬，</p>\n\n<p>但尾盤的時候卻往下跌。</p>\n\n<p><img alt=\"\" height=\"515\" src=\"http://www.cmoney.tw/notes/cmstatic/notes/capture/35710/20131031174527714.png\" width=\"500\" /></p>\n\n<p>&nbsp;</p>\n\n<h1>3. 五檔掛價</h1>\n\n<p>指的是目前出價</p>\n\n<p>最具優勢的 5 檔價格</p>\n\n<p><span style=\"font-size:18px\"><strong><span style=\"background-color:#FFFF00\">o 左半邊的買進者</span></strong></span></p>\n\n<p>出價愈高者愈具成交優勢，</p>\n\n<p>所以五檔掛價，</p>\n\n<p>便是由最高至第五高的價格。</p>\n\n<p><span style=\"font-size:18px\"><strong><span style=\"background-color:#FFFF00\">o 右半邊的賣出者</span></strong></span></p>\n\n<p>出價愈低者愈易吸引買方青睞，</p>\n\n<p>所以五檔是由最低至第五低的價格。</p>\n\n<p>&nbsp;<img alt=\"\" height=\"95\" src=\"http://www.cmoney.tw/notes/cmstatic/notes/capture/35710/20131031174257038.png\" width=\"500\" /></p>\n\n<p>&nbsp;</p>\n\n<h1>4. 下單區</h1>\n\n<p>你輸入你要的價格，</p>\n\n<p>所下的單，叫<span style=\"font-size:18px\"><strong><span style=\"background-color:#FFFF00\">「限價單」</span></strong></span></p>\n\n<p>它只會在你要的價格成交，</p>\n\n<p>你也可以掛<span style=\"font-size:18px\"><strong><span style=\"background-color:#FFFF00\">「漲、跌停價」</span></strong></span></p>\n\n<p>就是相較於昨天收盤價的正、負 10%，</p>\n\n<p>或是掛<span style=\"font-size:18px\"><strong><span style=\"background-color:#FFFF00\">「平盤價」</span></strong></span>即是昨天的收盤價。</p>\n\n<p><img alt=\"\" height=\"131\" src=\"http://www.cmoney.tw/learn/cmstatic/learn/1/20160330134449411.jpg\" width=\"500\" /></p>\n\n<p>&nbsp;</p>\n\n<h1>5. 回報區</h1>\n\n<p>回報區能告訴你，</p>\n\n<p>你委託掛單是否成功</p>\n\n<p>及你買的股票是否有成交。</p>\n\n<p><img alt=\"\" height=\"176\" src=\"http://www.cmoney.tw/notes/cmstatic/notes/capture/35710/20131031181607699.png\" width=\"500\" /></p>\n\n<p>&nbsp;</p>\n\n<p><dfp type=\"1\"></dfp></p>\n\n<p>&nbsp;</p>\n\n<h1>下單 3 步驟</h1>\n\n<h1>買進第一張股票</h1>\n\n<h2>第一步：從報價區</h2>\n\n<h2>點選你要購買的股票</h2>\n\n<p><img alt=\"\" height=\"390\" src=\"http://www.cmoney.tw/learn/cmstatic/learn/1/20160330135021625.jpg\" width=\"500\" /></p>\n\n<p>&nbsp;</p>\n\n<h2>第二步：點選「買進」</h2>\n\n<h2>並輸入 張數與價格</h2>\n\n<p><img alt=\"\" height=\"234\" src=\"http://www.cmoney.tw/learn/cmstatic/learn/1/20160330135144947.jpg\" width=\"500\" /></p>\n\n<p>&nbsp;</p>\n\n<h2>第三步：點「立即下單」</h2>\n\n<h2>並看回報區是否委託成功</h2>\n\n<p><img alt=\"\" height=\"259\" src=\"http://www.cmoney.tw/learn/cmstatic/learn/1/20160330135240850.jpg\" width=\"500\" /></p>\n\n<p><a href=\"http://cmy.tw/009YkZ\"><img alt=\"\" height=\"600\" src=\"http://www.cmoney.tw/learn/cmstatic/learn/1/20200928152203751.jpg\" width=\"300\" /></a></p>\n\n<p>&nbsp;</p>\n\n<p>&nbsp;</p>\n",
        "ViewCount": "71548",
        "IsReference": true,
        "ReferenceList": [
            {
                "ReferenceId": 35870,
                "Description": "第一次買股票，該買什麼股票?",
                "ReferenceUrl": "http://www.cmoney.tw/learn/course/test321/topic/1317",
                "ReferenceImage": "http://www.cmoney.tw/notes/cmstatic/notes/capture/24383/20141107183414448.jpg",
                "ViewCount": 3
            },
            {
                "ReferenceId": 35871,
                "Description": "大盤 9000 點能不能買股票?",
                "ReferenceUrl": "http://www.cmoney.tw/learn/course/victoriousinvestment/topic/1393",
                "ReferenceImage": "http://www.cmoney.tw/learn/cmstatic/learn/91/20141112173944550.jpg",
                "ViewCount": 0
            },
            {
                "ReferenceId": 35872,
                "Description": "買股票的第一步-開戶頭",
                "ReferenceUrl": "http://www.cmoney.tw/learn/course/cmoney/topic/148",
                "ReferenceImage": "http://www.cmoney.tw/notes/cmstatic/notes/capture/29464/20131031153626768.png",
                "ViewCount": 1
            }
        ],
        "OgImgURL": "http://www.cmoney.tw/learn/cmstatic/learn/1/20200928155033903.jpg"
    },
    "badges": [],
    "isTreeCompleted": false,
    "nextCourse": null
}