{
    "courseDetail": {
        "CourseId": 1496,
        "CourseContent": "<h1>&nbsp;</h1>\n\n<h1>買債券 是投資初學者的好選擇</h1>\n\n<h2>買債券退休生活不怕坐吃山空</h2>\n\n<p>我在網路上，得知一個很感人的故事:</p>\n\n<p>有一個孝順的女兒，她的父親有五百萬的退休金。</p>\n\n<p>在退休之後，就靠著這五百萬放的銀行定存利息當生活費。</p>\n\n<p>由於近幾年銀行的定存利息很低，</p>\n\n<p>所以平均下來每個月只有五、六千元生活費，</p>\n\n<p>過著非常省吃儉用的日子。</p>\n\n<p>&nbsp;</p>\n\n<p>即使如此，這位父親還是一點都不敢用到本金，</p>\n\n<p>因為怕有一天坐吃山空，</p>\n\n<p>而且他還希望，未來能把錢留給女兒。</p>\n\n<p>女兒不忍心爸爸過辛苦的日子，於是跟爸爸說:「不用把錢留給我了，你在這世上生活得快樂比較重要。」</p>\n\n<p>&nbsp;</p>\n\n<p>&nbsp;</p>\n\n<p>之後女兒想出了一個解決的方法:</p>\n\n<p><strong>規劃爸爸的退休金去買債券基金</strong>。</p>\n\n<p>&nbsp;</p>\n\n<p>債券基金長期年報酬率大約在6%上下。</p>\n\n<p>以500萬的本金來說，每年可以領到30萬。</p>\n\n<p>有一些月配息基金，還可以月月領，<strong>平均每個月可以領2萬5千元左右</strong>。</p>\n\n<p>因此故事的父親，生活品質獲得大大的改善。</p>\n\n<p>&nbsp;</p>\n\n<p>這是一個很美好的真人故事，</p>\n\n<p>&nbsp;</p>\n\n<p>不過債券真的可以長期實現6%的報酬率嗎？</p>\n\n<p>&nbsp;</p>\n\n<p>趕緊來看看吧...</p>\n\n<p>&nbsp;</p>\n\n<p><span style=\"font-size:12px\"><span style=\"color:#A9A9A9\">(贊助商連結...)</span></span></p>\n\n<p><googleadsense height=\"600px\" type=\"4\" width=\"300px\"></googleadsense></p>\n\n<p>&nbsp;</p>\n\n<p>&nbsp;</p>\n\n<h2>歷史經驗顯示 債券獲利非常可觀&nbsp;</h2>\n\n<p>觀察巴克萊全球綜合債券指數，</p>\n\n<p>不僅近十年的平均報酬率6.5%，</p>\n\n<p>連2008年金融海嘯時，也仍然維持著4.8%的投資報酬率。</p>\n\n<p>&nbsp;</p>\n\n<p>再把時間拉長到近22年來看，</p>\n\n<p>從1990年起至今，</p>\n\n<p>巴克萊全球綜合債券指數每年的投資報酬率幾乎都是正值，</p>\n\n<p>只有1999年和2005年2年是虧損的，而且最大的年虧損幅度才5.2%。</p>\n\n<p>&nbsp;</p>\n\n<h1>債券投資攻略</h1>\n\n<p>關於投資債券的穩定獲利模式，Emily目前找到兩種:</p>\n\n<p>&nbsp;</p>\n\n<p><strong>第一種方法：直接持有「投資等級債券」直到到期，</strong></p>\n\n<p><strong>第二種方法：長期持有「債券基金」或「債券ETF」。</strong></p>\n\n<h2>&nbsp;</h2>\n\n<h1>攻略一 : 持有 投資等級債券 直到到期</h1>\n\n<p>先分享第一種方法:「持有投資等級債券」直到到期。</p>\n\n<p>買賣的管道有:</p>\n\n<p>1. &nbsp;國內券商複委託。</p>\n\n<p>2. &nbsp;直接開設外國證券戶。</p>\n\n<p>&nbsp;</p>\n\n<p>現在有一些國外券商提供資金比較小的投資人買賣債券的方法，</p>\n\n<p>以美國國債來說，最小單位只要買入1000多元美金。</p>\n\n<p>&nbsp;</p>\n\n<p>如果不開外國證券戶，</p>\n\n<p>國內有一些券商也有提供分割的債券，</p>\n\n<p>但分割之後，最小投入金額仍然很大，</p>\n\n<p>比較不利於小額投資人投資。</p>\n\n<p>&nbsp;</p>\n\n<h2>在 美國國債 利息高 的時候，</h2>\n\n<h2>直接買入債券，然後持有到期</h2>\n\n<p>債券也是一種金融商品，</p>\n\n<p>所以每天的報價都會有所不同，時高時低，</p>\n\n<p>但由於美國政府倒帳、還不出利息的機率很低，</p>\n\n<p>&nbsp;</p>\n\n<p><strong>所以只要買進後「持有到期」，</strong></p>\n\n<p><strong>就等於「保本」，每年還可以領到一定的利息。</strong></p>\n\n<p>&nbsp;</p>\n\n<h2>美國國債利率幾%的時候值得買入呢？</h2>\n\n<p>因為債券的風險和報酬率都比股票低一些，</p>\n\n<p>以Emily來說，</p>\n\n<p>美國國債利率在 4 %以上，會開始考慮長期持有，</p>\n\n<p>而如果有4.5%、5%...以上，就是更好的買點，</p>\n\n<p>這樣買進的機會會更少，</p>\n\n<p>但沒關係，美好的事物值得耐心等待</p>\n\n<p>&nbsp;</p>\n\n<p>&nbsp;</p>\n\n<h1>攻略二 : 長期持有「債券基金」</h1>\n\n<p>另外一種方法是長期持有「債券基金」。</p>\n\n<p>&nbsp;</p>\n\n<p>「債券基金」的國內買賣管道有:</p>\n\n<p>1. &nbsp;基金公司</p>\n\n<p>2. &nbsp;銀行</p>\n\n<p>3. &nbsp;券商</p>\n\n<p>&nbsp;</p>\n\n<h2>買賣的方法很簡單，只要「定期定額」的投資就可以了</h2>\n\n<p>為什麼要用定期定額呢？</p>\n\n<p>長期下來，除了可以防止一次性投入，不小心買在高點的可能性之外</p>\n\n<p>債券基金比債券多了<strong>「無持有到期日風險」</strong>，</p>\n\n<p>所以賣出時需要慎選出場點</p>\n\n<p>&nbsp;</p>\n\n<p>要再簡單一點的方式，就是只要盡量「永遠」持有就好。</p>\n\n<p>購買債券基金後，不要一直看本金的變動，影響自己的心情，</p>\n\n<h2>&nbsp;</h2>\n\n<h2>專注每期流入的現金流</h2>\n\n<p>而且雖然本金會波動，但長期穩定向上就好。</p>\n\n<p>&nbsp;</p>\n\n<p>&nbsp;</p>\n\n<p>以上Emily先分享兩個簡單的債券穩健獲利模式，</p>\n\n<p>還有其他投資債券成功的方法，也歡迎大家一起來分享討論喔！</p>\n\n<p>&nbsp;</p>\n\n<h1>投資 債券 或 債券基金 的風險</h1>\n\n<h2>沒有投資是零風險的</h2>\n\n<p>對於「風險」我的想法是，</p>\n\n<p>任何投資都不會100%零風險，只要知道:</p>\n\n<p>&nbsp;</p>\n\n<p><strong>1. 風險在哪裡</strong></p>\n\n<p><strong>2. 評估風險的發生機率、範圍值</strong></p>\n\n<p><strong>3. 評估自身的能力與風險承受度</strong></p>\n\n<p>&nbsp;</p>\n\n<h2>&nbsp;</h2>\n\n<h2>而 投資債券 的主要風險</h2>\n\n<p><strong>1. 利率風險</strong></p>\n\n<p><strong>2. 信用評等風險</strong></p>\n\n<p><strong>3. 匯率風險</strong></p>\n\n<p>如果可以完全了解這些風險，</p>\n\n<p>並且知道了解發生風險時自己有沒有辦法承受、解決，</p>\n\n<p>就可以考慮投資這項商品。</p>\n\n<p>關於債券基金，還想知道更多，可以參考<a href=\"http://cmy.tw/004FBA\" target=\"_blank\">怪老子相關文章</a></p>\n\n<h1>&nbsp;</h1>\n\n<h1>為什麼最後Emily仍然沒有投資債券基金呢？</h1>\n\n<p>聽起來債券好像是只要用正確的方法、正確的心態投資，</p>\n\n<p>是一種蠻穩健的投資工具，</p>\n\n<p>但Emily到現在，仍然沒有投資債券基金。</p>\n\n<p>&nbsp;</p>\n\n<p>為什麼呢？</p>\n\n<p>原因是我的<strong>起始本金實在是太少了</strong>。</p>\n\n<p>如果一開始就投資債券，對我來說，累積本金的速度實在太慢。</p>\n\n<p>因此Emily後來就決定投資股票，</p>\n\n<p>並著手尋找勝率比較高的股票投資法。</p>\n\n<p>&nbsp;</p>\n\n<h2>想看更多「艾蜜莉」的故事</h2>\n\n<p>推薦這本<a href=\"http://cmy.tw/005MUm\" style=\"outline-style: initial; outline-width: 0px; text-decoration-line: underline; color: rgb(0, 119, 181); position: relative;\" target=\"_blank\"><u>《女人變有錢》靠存股7年存出 500萬&nbsp;</u></a>給你</p>\n\n<p>總價值：NT$ 1,479 &rarr;&nbsp;<a href=\"http://cmy.tw/005MUm\" target=\"_blank\">女人自立自強價：NT$ 138 ！</a></p>\n\n<p><strong>(獨家附贈：價值 1,299元，艾蜜莉定存股私房影音&nbsp;<span style=\"color:rgb(255, 0, 0)\">只送不賣!</span>賣完為止哦)</strong></p>\n\n<p><a href=\"http://cmy.tw/005MUm\"><img alt=\"\" height=\"400\" src=\"https://fsv.cmoney.tw/cmstatic/notes/capture/631653/20170515120754538.jpg\" width=\"299\" /></a></p>\n\n<p>&nbsp;</p>\n\n<h2>&gt;&gt; 免費使用小資女艾蜜莉的算股秘訣:<a href=\"http://cmy.tw/004QVJ\" target=\"_blank\">艾蜜莉定存股</a></h2>\n\n<h2>&gt;&gt;<a href=\"http://cmy.tw/005O9e\">&nbsp;手機APP版載點</a></h2>\n\n<p><a href=\"http://cmy.tw/005O9e\"><img alt=\"\" height=\"254\" src=\"http://www.cmoney.tw/learn/cmstatic/learn/103/20170609105411016.jpg\" width=\"500\" /></a></p>\n",
        "ViewCount": "20297",
        "IsReference": true,
        "ReferenceList": [
            {
                "ReferenceId": 32279,
                "Description": "你適合投資債券嗎？",
                "ReferenceUrl": "http://www.cmoney.tw/notes/note-detail.aspx?nid=20641",
                "ReferenceImage": "http://fsv.money01.com.tw/cmstatic/notes/capture/142204/20141202152457266.jpg",
                "ViewCount": 79
            },
            {
                "ReferenceId": 32280,
                "Description": "投資債券如何賺錢？",
                "ReferenceUrl": "http://www.cmoney.tw/notes/note-detail.aspx?nid=22375",
                "ReferenceImage": "http://fsv.money01.com.tw/cmstatic/notes/capture/142204/20141125160200753.jpg",
                "ViewCount": 112
            },
            {
                "ReferenceId": 32281,
                "Description": "股票 VS. 債券 探討",
                "ReferenceUrl": "http://www.cmoney.tw/notes/note-detail.aspx?nid=11890",
                "ReferenceImage": "http://fsv.money01.com.tw/cmstatic/notes/capture/29464/20140529171103437.png",
                "ViewCount": 333
            }
        ],
        "OgImgURL": "https://fsv.cmoney.tw/cmstatic/notes/capture/631653/20170515120754538.jpg"
    },
    "badges": [],
    "isTreeCompleted": false,
    "nextCourse": null
}