{
    "courseDetail": {
        "CourseId": 150,
        "CourseContent": "<p><img alt=\"\" height=\"339\" src=\"http://www.cmoney.tw/learn/cmstatic/learn/1/20200926163430183.jpg\" width=\"650\" /></p>\n\n<p>一張股票幾萬塊，錢不夠嗎？</p>\n\n<p>沒關係 買零股也可以！</p>\n\n<p>買一張台積電要 42 萬塊</p>\n\n<p>($420 x 1000 股)，</p>\n\n<p>對一個剛出社會的人來說，</p>\n\n<p>要一口氣拿出 42 萬塊，</p>\n\n<p>實在是很難啊 ...</p>\n\n<p>一個月若能儲蓄個幾千塊，</p>\n\n<p>就很了不起了，</p>\n\n<p>更別說要投資買股票，</p>\n\n<p>根本是天方夜譚。</p>\n\n<p>或許一張股票你覺得太貴，</p>\n\n<p>沒關係！我捫可以買零股！</p>\n\n<p>&nbsp;</p>\n\n<p>一起看下去&hellip;</p>\n\n<p>&nbsp;</p>\n\n<p><span style=\"color:#808080\"><span style=\"font-size:12px\">(贊助商連結)</span></span></p>\n\n<p><dfp type=\"3\"></dfp></p>\n\n<h1>「零股」是什麼？</h1>\n\n<p>很多人不知道其實</p>\n\n<p>買股票不一定要買一張(1000 股)，</p>\n\n<p>而是可以買最小單位，</p>\n\n<p>也就是 1 股，稱之為「零股」。</p>\n\n<p>有了零股市場，</p>\n\n<p>讓我們可以用較少的金額</p>\n\n<p>去投資買零股！</p>\n\n<p>所謂積沙成塔、積少成多，</p>\n\n<p>萬丈高樓平地起。</p>\n\n<p>任何成功的事</p>\n\n<p>都是從零開始，</p>\n\n<p>只要有心，</p>\n\n<p>即使微小的我們</p>\n\n<p>也能有了不起的成就。</p>\n\n<p><strong><span style=\"font-size:18px\">「當你真心渴望追求某種事物，</span></strong></p>\n\n<p><strong><span style=\"font-size:18px\">整個宇宙都會聯合起來幫你完成」</span></strong></p>\n\n<p><strong><span style=\"font-size:18px\">──　牧羊少年奇幻之旅</span></strong></p>\n\n<p>&nbsp;</p>\n\n<h1>為什麼要買零股</h1>\n\n<h1>錢存在銀行不好嗎？</h1>\n\n<h2>別忘了通貨膨脹！</h2>\n\n<p>為什麼要買零股呢？</p>\n\n<p>我把錢存在銀行 不是很實在嗎？</p>\n\n<p>的確有道理，</p>\n\n<p>但不要忘了&nbsp;<u><a href=\"http://www.cmoney.tw/notes/note-detail.aspx?cid=22814&amp;nid=1303\" target=\"_blank\">通膨</a></u>&nbsp;這隻大怪獸啊！</p>\n\n<p>我們台灣自 1982 年來的</p>\n\n<p>平均通膨率大約是 1.73%，</p>\n\n<p>而從國內銀行(2013/10/1 統計)</p>\n\n<p>的平均定存利率來看，</p>\n\n<p>連最高的 3 年期定存，</p>\n\n<p>也不過 1.43% ...</p>\n\n<p><img alt=\"\" height=\"364\" src=\"http://www.cmoney.tw/learn/cmstatic/learn/1/20141029164951337.jpg\" width=\"500\" /></p>\n\n<p>舉例來說 ...</p>\n\n<p><span style=\"font-size:16px\"><strong><span style=\"background-color:#FFFF00\">你想買一客 1000 元的龍蝦大餐，</span></strong></span></p>\n\n<p><span style=\"font-size:16px\"><strong><span style=\"background-color:#FFFF00\">但你忍痛先把 1000 元存到銀行，</span></strong></span></p>\n\n<p><span style=\"font-size:16px\"><strong><span style=\"background-color:#FFFF00\">一年後你從銀行領了 1014 元，</span></strong></span></p>\n\n<p><span style=\"font-size:16px\"><strong><span style=\"background-color:#FFFF00\">此時這頓龍蝦大餐，</span></strong></span></p>\n\n<p><span style=\"font-size:16px\"><strong><span style=\"background-color:#FFFF00\">已經變成 1073 元了。</span></strong></span></p>\n\n<p>聰明的你，</p>\n\n<p>真的想把錢定存在銀行嗎？</p>\n\n<p>&nbsp;</p>\n\n<p><dfp type=\"2\"></dfp></p>\n\n<p>&nbsp;</p>\n\n<h2>那我們買零股呢？</h2>\n\n<p>假設我們從 2003 年到 2013 年，</p>\n\n<p>十年下來，每月花 5 千買台灣 50，</p>\n\n<p><span style=\"font-size:16px\"><strong><span style=\"background-color:#FFFF00\">投報率 居然是定存的 4 倍！</span></strong></span></p>\n\n<p>&nbsp;</p>\n\n<p><img alt=\"\" height=\"286\" src=\"http://www.cmoney.tw/notes/cmstatic/notes/capture/35710/20131104163014503.png\" width=\"500\" /></p>\n\n<p><u><span style=\"font-size:12px\"><span style=\"color:#808080\">(來源：</span><a href=\"http://www.cmoney.tw/app/itemcontent.aspx?appid=1857\" target=\"_blank\"><span style=\"color:#808080\">0050 打敗定存</span></a><span style=\"color:#808080\">)</span></span></u></p>\n\n<p>&nbsp;</p>\n\n<h1>零股 4 守則</h1>\n\n<h1>跟著這樣買就對了！</h1>\n\n<h2>1. 一次不要買太少</h2>\n\n<h2>免得手續費不划算</h2>\n\n<p>幾乎所有券商都有</p>\n\n<p>手續費最低 20 元門檻，</p>\n\n<p>包括零股交易也一樣。</p>\n\n<p>因此，我們買零股，</p>\n\n<p>如果只買10 股、20 股，</p>\n\n<p>這樣交易成本就太高，</p>\n\n<p>長期下來成本墊高，獲利就變少。</p>\n\n<p>&nbsp;</p>\n\n<p>比如說：</p>\n\n<p>你買進 A 股票 50 股，</p>\n\n<p>以收盤價 74 元計算，</p>\n\n<p>成交金額僅 3,700 元。</p>\n\n<p>20 元手續費占交易成本</p>\n\n<p>就達千分之 5.4，</p>\n\n<p>快要是一般交易手續費</p>\n\n<p>千分之 1.425 的 4 倍。</p>\n\n<p><img alt=\"\" height=\"204\" src=\"http://www.cmoney.tw/notes/cmstatic/notes/capture/35710/20131104180738893.png\" width=\"500\" /></p>\n\n<p>那麼每筆交易要多少錢才划算呢？</p>\n\n<p>我們用 20 元去除以千分之 1.425，</p>\n\n<p>得出 $14,035 元，</p>\n\n<p>再以 74 元的 A 股為例，</p>\n\n<p>零股交易每次至少要買到 190 股才合算。</p>\n\n<p><img alt=\"\" height=\"165\" src=\"http://www.cmoney.tw/notes/cmstatic/notes/capture/35710/20131105102305612.png\" width=\"500\" /></p>\n\n<p>&nbsp;</p>\n\n<p><a href=\"http://cmy.tw/008NnG\"><img alt=\"\" height=\"250\" src=\"http://www.cmoney.tw/learn/cmstatic/learn/1/20200926154018044.jpg\" width=\"300\" /></a></p>\n\n<p>&nbsp;</p>\n\n<h2>2. 持股檔數不可多</h2>\n\n<h2>選產業龍頭較安心</h2>\n\n<p>持股不建議太多檔，</p>\n\n<p>建議買各個產業的龍頭如：</p>\n\n<p>電子業龍頭、紡織業龍頭、</p>\n\n<p>塑膠業龍頭、超商業龍頭、</p>\n\n<p>買時盡量分散產業，</p>\n\n<p>不要過度集中在同一產業。</p>\n\n<p>&nbsp;</p>\n\n<h2>3. 當成儲蓄，要有紀律</h2>\n\n<p>日常可依自己的金錢能力，</p>\n\n<p>慢慢把零股存起，</p>\n\n<p>把它當成一種儲蓄，</p>\n\n<p>要有紀律每個月慢慢存。</p>\n\n<p>做零股要有耐性，</p>\n\n<p>有心的人最後<br />\n一定可以得到穩定的報酬！</p>\n\n<p>&nbsp;</p>\n\n<p><dfp type=\"1\"></dfp></p>\n\n<p>&nbsp;</p>\n\n<h2>4. 逢低買進</h2>\n\n<h2>別人恐懼、我們貪婪</h2>\n\n<p>市場總是會獎賞，</p>\n\n<p>願意走不一樣方向的人，</p>\n\n<p>也就是巴菲特的名言，</p>\n\n<p>別人恐懼，我貪婪！</p>\n\n<p>&nbsp;</p>\n\n<p>當大盤發生崩盤的時候，</p>\n\n<p>人人都覺得世界末日時，</p>\n\n<p>就是我們進場的時候了。</p>\n\n<p>但也不用一次給它全買，</p>\n\n<p>可以用分批買進的方式進場。</p>\n\n<p>零股不適合短線，</p>\n\n<p>操作上要能忍、而且抱得住，</p>\n\n<p>不受外界影響，</p>\n\n<p>目標價沒到不賣，</p>\n\n<p>積小勝為大勝，</p>\n\n<p>才能邁向真正的<a href=\"http://www.cmoney.tw/notes/note-detail.aspx?cid=22814&amp;nid=6097\" target=\"_blank\">財富自由</a>。</p>\n\n<p><a href=\"http://cmy.tw/009YkZ\"><img alt=\"\" height=\"600\" src=\"http://www.cmoney.tw/learn/cmstatic/learn/1/20200926153906523.jpg\" width=\"300\" /></a></p>\n\n<p>&nbsp;</p>\n\n<p>&nbsp;</p>\n",
        "ViewCount": "60301",
        "IsReference": true,
        "ReferenceList": [
            {
                "ReferenceId": 35837,
                "Description": "買零股打敗定存-定期定額投資0050",
                "ReferenceUrl": "http://www.cmoney.tw/learn/course/cmoney/topic/151",
                "ReferenceImage": "http://www.cmoney.tw/notes/cmstatic/notes/capture/44320/20131108165143158.png",
                "ViewCount": 2
            },
            {
                "ReferenceId": 35838,
                "Description": "買入第一檔基金—0050",
                "ReferenceUrl": "http://www.cmoney.tw/learn/course/ezfund/topic/1015",
                "ReferenceImage": "http://www.cmoney.tw/learn/cmstatic/learn/43/20140808101803337.jpg",
                "ViewCount": 5
            },
            {
                "ReferenceId": 35839,
                "Description": "什麼是E T F ? 如果只聽過 台灣50，其實你還有更多選擇",
                "ReferenceUrl": "http://www.cmoney.tw/learn/course/passiveinvestment/topic/1631",
                "ReferenceImage": "http://www.cmoney.tw/learn/cmstatic/learn/120/20150205111808650.jpg",
                "ViewCount": 4
            }
        ],
        "OgImgURL": "http://www.cmoney.tw/learn/cmstatic/learn/1/20200926163430183.jpg"
    },
    "badges": [],
    "isTreeCompleted": false,
    "nextCourse": null
}