{
    "courseDetail": {
        "CourseId": 1506,
        "CourseContent": "<p>&nbsp;</p>\n\n<p>大盤 9000 點以上的多頭市場，不是「存股」的好時機，</p>\n\n<p>對現在才開始學投資的人來說，有「生不逢時」之感。</p>\n\n<p>&nbsp;</p>\n\n<p>到底該怎麼存股?</p>\n\n<p>趕緊來看看吧...</p>\n\n<p>&nbsp;</p>\n\n<p><span style=\"font-size:12px\"><span style=\"color:#A9A9A9\">(贊助商連結...)</span></span></p>\n\n<p><googleadsense height=\"600px\" type=\"4\" width=\"300px\"></googleadsense></p>\n\n<p>&nbsp;</p>\n\n<p>&nbsp;</p>\n\n<h1>想「存股」的人該怎麼辦呢？</h1>\n\n<h2>方法一、修練忍功、耐心不要急躁</h2>\n\n<p><br />\n先工作存錢，並且認真的學習投資，等若干年後的空頭才開始買。</p>\n\n<p>&nbsp;</p>\n\n<p>就像中華電信的廣告詞：「世界越快，心則慢。」</p>\n\n<p>一樣，真正想學「存股」這種投資方法的，</p>\n\n<p>首先要學的就是「耐心、不急躁」</p>\n\n<p>否則再學更多高深的投資理論也是沒用的。</p>\n\n<p>&nbsp;</p>\n\n<p>「存股」是一種方法很簡單，但能做到的人很少的投資方式。</p>\n\n<p>&nbsp;</p>\n\n<h2>方法二、若堅持要現在「存股」，<a href=\"http://www.cmoney.tw/follow/channel/stock-2412\" target=\"_blank\">中華電(2414)</a>&nbsp;還是首選</h2>\n\n<p><br />\n<a href=\"http://cmy.tw/004PGa\" target=\"_blank\">中華電(2412)</a>&nbsp;與&nbsp;<a href=\"http://cmy.tw/004P75\" target=\"_blank\">台灣50(0050)</a>，是台股數一數二穩健的標的。</p>\n\n<p>&nbsp;</p>\n\n<p>而且近10年來，中華電(2412)的股息多在4元~5.5元之間。</p>\n\n<p>以近期中華電信92元左右的價格來說，</p>\n\n<p>仍然有 4.35%~5.98% 的 殖利率，比銀行的利率高。</p>\n\n<p><img alt=\"\" height=\"232\" src=\"http://www.cmoney.tw/notes/cmstatic/notes/capture/56958/20140818223841017.png\" width=\"680\" /></p>\n\n<p>( 圖片資料來源與版權：<a href=\"http://cmy.tw/004U64\" target=\"_blank\">CMoney股市</a>&nbsp;)</p>\n\n<p>&nbsp;</p>\n\n<p>除了一次買進之外，「分批買」也是一個好的方法</p>\n\n<p>倘若第一批價格設定買在 92 元，</p>\n\n<p>那接下來就 9折 ( 82.8元 )、8折 ( 73.6元 )、7折 ( 67.2元 )、6折 ( 55.2元 ) 一路買下去。</p>\n\n<p>若想存股到永久的人，買價越低則越划算，</p>\n\n<p>因為殖利率越高，而所謂的「價差」與「勝率」就不重要了。</p>\n\n<p>&nbsp;</p>\n\n<h1>存股 VS 賺價差，投資之前就要弄清目的</h1>\n\n<p><br />\n雖然方法一和方法二的目的都是在「存股」，</p>\n\n<p>不過因為方法一違反人性，所以真正會用的人很少，</p>\n\n<p>但卻能保證當股市20%的少數贏家。</p>\n\n<p>&nbsp;</p>\n\n<p>而使用方法二來「存股」，就要有跌價的心理準備。</p>\n\n<p>不過既然打算幾乎要「永遠持有」的「存股」，</p>\n\n<p>就要輕看股價漲跌不是嗎？</p>\n\n<p>&nbsp;</p>\n\n<p>在投資之前，投資人一定要想清楚自己的投資目的，</p>\n\n<p>到底是想要以「存股」為主呢？還是「賺波段價差」為主呢？</p>\n\n<p>若很想要賺價差，在乎勝率的人，可以等70元左右再分批買會更好。</p>\n\n<p>因為尋求買進價格遠低於實際價值，是保障投資本金的不敗方法。</p>\n\n<p>&nbsp;</p>\n\n<p><img alt=\"\" height=\"388\" src=\"http://www.cmoney.tw/notes/cmstatic/notes/capture/56958/20140818223855407.png\" width=\"600\" /></p>\n\n<p>( 圖片資料來源與版權：<a href=\"http://cmy.tw/004KzH\" target=\"_blank\">艾蜜莉定存股</a>&nbsp;)</p>\n\n<h2>想看更多「艾蜜莉」的故事</h2>\n\n<p>推薦這本<a href=\"http://cmy.tw/005MUm\" style=\"outline-style: initial; outline-width: 0px; text-decoration-line: underline; color: rgb(0, 119, 181); position: relative;\" target=\"_blank\"><u>《女人變有錢》靠存股7年存出 500萬&nbsp;</u></a>給你</p>\n\n<p>總價值：NT$ 1,479 &rarr;&nbsp;<a href=\"http://cmy.tw/005MUm\" target=\"_blank\">女人自立自強價：NT$ 138 ！</a></p>\n\n<p><strong>(獨家附贈：價值 1,299元，艾蜜莉定存股私房影音&nbsp;<span style=\"color:rgb(255, 0, 0)\">只送不賣!</span>賣完為止哦)</strong></p>\n\n<p><a href=\"http://cmy.tw/005MUm\"><img alt=\"\" height=\"400\" src=\"https://fsv.cmoney.tw/cmstatic/notes/capture/631653/20170515120754538.jpg\" width=\"299\" /></a></p>\n\n<p>&nbsp;</p>\n\n<h2>&gt;&gt; 免費使用小資女艾蜜莉的算股秘訣:<a href=\"http://cmy.tw/004QVJ\" target=\"_blank\">艾蜜莉定存股</a></h2>\n\n<h2>&gt;&gt;<a href=\"http://cmy.tw/005O9e\">&nbsp;手機APP版載點</a></h2>\n\n<p><a href=\"http://cmy.tw/005O9e\"><img alt=\"\" height=\"254\" src=\"http://www.cmoney.tw/learn/cmstatic/learn/103/20170609105411016.jpg\" width=\"500\" /></a></p>\n",
        "ViewCount": "8554",
        "IsReference": true,
        "ReferenceList": [
            {
                "ReferenceId": 29937,
                "Description": "想「存股」，要找到有「護城河」的優質企業！這樣做，讓他多領股息 「30 年」...",
                "ReferenceUrl": "http://www.cmoney.tw/notes/note-detail.aspx?nid=28015",
                "ReferenceImage": "http://fsv.money01.com.tw/cmstatic/notes/capture/37323/20150327172444196.jpg",
                "ViewCount": 80
            },
            {
                "ReferenceId": 29938,
                "Description": "存股的複利陷阱- 你知道買進中鋼(2002) 存股10年 現金殖利率只剩下2.25%?",
                "ReferenceUrl": "http://www.cmoney.tw/notes/note-detail.aspx?nid=18509",
                "ReferenceImage": "http://fsv.money01.com.tw/cmstatic/notes/capture/70544/20141028134559416.jpg",
                "ViewCount": 125
            },
            {
                "ReferenceId": 29939,
                "Description": "《我把套牢股變搖錢樹》書摘 存股秘訣 股票零成本卻年領350萬股利！",
                "ReferenceUrl": "http://www.cmoney.tw/notes/note-detail.aspx?nid=16107",
                "ReferenceImage": "http://fsv.money01.com.tw/cmstatic/notes/capture/24636/20140901160455511.jpg",
                "ViewCount": 140
            }
        ],
        "OgImgURL": "http://www.cmoney.tw/notes/cmstatic/notes/capture/56958/20140818223841017.png"
    },
    "badges": [],
    "isTreeCompleted": false,
    "nextCourse": null
}