{
    "courseDetail": {
        "CourseId": 151,
        "CourseContent": "<p><img alt=\"\" height=\"339\" src=\"http://www.cmoney.tw/learn/cmstatic/learn/1/20200926173310673.jpg\" width=\"650\" /></p>\n\n<p>小資族對投資的共同心聲，</p>\n\n<p>大部分的小資族都希望透過投資，</p>\n\n<p>讓辛苦存下來的錢可以越滾越大。</p>\n\n<p>但在真正投資前，又會有幾個念頭：</p>\n\n<p><span style=\"font-size:16px\"><strong><span style=\"background-color:#FFFF00\">&gt;&gt; &nbsp; 一方面希望比銀行定存(平均 1.43%)高</span></strong></span></p>\n\n<p><span style=\"font-size:16px\"><strong><span style=\"background-color:#FFFF00\">&gt;&gt; &nbsp;一方面又不希望風險太大，血本無歸</span></strong></span></p>\n\n<p><span style=\"font-size:16px\"><strong><span style=\"background-color:#FFFF00\">&gt;&gt; &nbsp;更重要的是</span></strong></span><strong><span style=\"background-color:rgb(255, 255, 0)\">，</span></strong><span style=\"font-size:16px\"><strong><span style=\"background-color:#FFFF00\">投入的資金量不大</span></strong></span></p>\n\n<p>&nbsp;</p>\n\n<p>如果上述 3 點有戳中你的心聲，</p>\n\n<p>那我提供一個絕佳的建議，</p>\n\n<p><strong><span style=\"font-size:18px\">你可以用「定期定額」的方式，</span></strong></p>\n\n<p><strong><span style=\"font-size:18px\">購買穩健的投資標的！</span></strong></p>\n\n<p>到底該怎麼做？趕緊來看看吧 ...</p>\n\n<p>&nbsp;</p>\n\n<p><span style=\"color:#808080\"><span style=\"font-size:12px\">(贊助商連結)</span></span></p>\n\n<p><dfp type=\"3\"></dfp></p>\n\n<h1>不賣關子</h1>\n\n<h1>直接告訴你怎麼做！</h1>\n\n<p>很多新手一定覺得，</p>\n\n<p>一般的文章中都是講理念，</p>\n\n<p>所以看來看去</p>\n\n<p>知道這個方式好，</p>\n\n<p>但根本不知道要從何下手。</p>\n\n<p>今天我們就要打破慣例，</p>\n\n<p>直接提供你可行的投資策略。</p>\n\n<p>&nbsp;</p>\n\n<h2>第一：小資族資金有限</h2>\n\n<h2>該如何執行定期定額？</h2>\n\n<p><strong>零股交易</strong>是為小資族</p>\n\n<p>量身打造的投資模式，</p>\n\n<p>就算你每個月省吃儉用後，</p>\n\n<p>剩不到一萬元，</p>\n\n<p>你都可以透過零股交易，</p>\n\n<p>進行定期定額投資！</p>\n\n<p>(請參照上一篇：</p>\n\n<p><u><a href=\"http://www.cmoney.tw/learn/course/cmoney/topic/150\">誰說月領 22K 買不起股票！</a></u></p>\n\n<p><u><a href=\"http://www.cmoney.tw/learn/course/cmoney/topic/150\">只要「這樣」買 ... 報酬率是定存的 4 倍</a></u>)</p>\n\n<p>&nbsp;</p>\n\n<p><dfp type=\"2\"></dfp></p>\n\n<p>&nbsp;</p>\n\n<h2>第二：有什麼投資夠穩健</h2>\n\n<h2>我可以長久安心地買下去？</h2>\n\n<p>台灣50&nbsp;是由全台灣</p>\n\n<p>前五十大的公司所集合而成，</p>\n\n<p>配發利息穩定，</p>\n\n<p>投資報酬率高於定存。</p>\n\n<p>只要台灣不倒，</p>\n\n<p>台灣50就不會倒，</p>\n\n<p>長期買下來近乎零風險！</p>\n\n<p>(延伸閱讀：<a href=\"http://www.cmoney.tw/notes/note-detail.aspx?cid=22814&amp;nid=6283\" target=\"_blank\">一分鐘搞懂 台灣 50</a>)</p>\n\n<p>&nbsp;</p>\n\n<h1>零股真實交易過程</h1>\n\n<h1>小編為了你親自上陣！</h1>\n\n<p>小編自己是玉山證券的網路證券戶，</p>\n\n<p>為了給大家最真實的感受，</p>\n\n<p>所以直接上網買給你看！</p>\n\n<p>&nbsp;</p>\n\n<p><strong><span style=\"font-size:18px\">1. 登入網路證券戶</span></strong></p>\n\n<p><img alt=\"\" height=\"144\" src=\"http://www.cmoney.tw/learn/cmstatic/learn/1/20141029170053456.jpg\" width=\"500\" /></p>\n\n<p>&nbsp;</p>\n\n<p><strong><span style=\"font-size:18px\">2. 在眾多交易中，</span></strong></p>\n\n<p><strong><span style=\"font-size:18px\">點選零股交易！</span></strong></p>\n\n<p><img alt=\"\" height=\"74\" src=\"http://www.cmoney.tw/learn/cmstatic/learn/1/20141029170129338.jpg\" width=\"500\" /></p>\n\n<p>&nbsp;</p>\n\n<p><strong><span style=\"font-size:18px\">3. 我今天要買</span></strong></p>\n\n<p><strong><span style=\"font-size:18px\">台灣五十 100 股，價格可以自選</span></strong></p>\n\n<p><img alt=\"\" height=\"99\" src=\"http://www.cmoney.tw/learn/cmstatic/learn/1/20141029170219919.jpg\" width=\"500\" /></p>\n\n<p>平盤 = 昨天的收盤價</p>\n\n<p>漲停 = 平盤以上 10%</p>\n\n<p>跌停 = 平盤以下 10%</p>\n\n<p>&nbsp;</p>\n\n<p><strong><span style=\"font-size:18px\">4. 系統會再次要求確認！</span></strong></p>\n\n<p>&nbsp;</p>\n\n<p><strong><span style=\"font-size:18px\">5. 下午 1:40~2:30 間，</span></strong></p>\n\n<p><strong><span style=\"font-size:18px\">都可下委託單，</span></strong></p>\n\n<p><strong><span style=\"font-size:18px\">等待交易時間來臨</span></strong></p>\n\n<p>&nbsp;</p>\n\n<p><strong><span style=\"font-size:18px\">6. 下午 2:30 整，</span></strong></p>\n\n<p><strong><span style=\"font-size:18px\">系統一次媒合</span></strong><strong><span style=\"font-size:18px\">所有買賣單，</span></strong></p>\n\n<p><strong><span style=\"font-size:18px\">我已經買到囉！</span></strong></p>\n\n<p>&nbsp;</p>\n\n<p><dfp type=\"1\"></dfp></p>\n\n<p>&nbsp;</p>\n\n<h1>定期定額買 0050 的優勢</h1>\n\n<p>假設你從 2003 年 7 月(0050 剛上市)，</p>\n\n<p>就開始投資 0050。</p>\n\n<p>&nbsp;</p>\n\n<h2>o &nbsp;從&nbsp;<strong>最終資產&nbsp;</strong>來看</h2>\n\n<p>每個月投入 5000 元，</p>\n\n<p>到今天為止，</p>\n\n<p><span style=\"font-size:16px\"><strong><span style=\"background-color:#FFFF00\">你會有值 80 萬元的股票。</span></strong></span></p>\n\n<p>但如果你每個月，</p>\n\n<p>存 5000 在銀行定存，</p>\n\n<p><span style=\"font-size:16px\"><strong><span style=\"background-color:#FFFF00\">你只會有 67 萬元的現金。</span></strong></span></p>\n\n<p>&nbsp;</p>\n\n<h2>o &nbsp;從&nbsp;報酬率&nbsp;來看</h2>\n\n<p><span style=\"font-size:16px\"><strong><span style=\"background-color:#FFFF00\">銀行定存現在最高就是 0.78%，</span></strong></span></p>\n\n<p><span style=\"font-size:16px\"><strong><span style=\"background-color:#FFFF00\">但買 0050 可以達到&nbsp;4.53%。</span></strong></span></p>\n\n<p>從數據看來，</p>\n\n<p>完全符合小資族</p>\n\n<p>心目中的理想投資方式！</p>\n\n<p>&nbsp;</p>\n\n<p><a href=\"http://cmy.tw/009YkZ\"><img alt=\"\" height=\"600\" src=\"http://www.cmoney.tw/learn/cmstatic/learn/1/20200926165951369.jpg\" width=\"300\" /></a></p>\n\n<p>&nbsp;</p>\n\n<p>&nbsp;</p>\n",
        "ViewCount": "329456",
        "IsReference": true,
        "ReferenceList": [
            {
                "ReferenceId": 35843,
                "Description": "定存概念股，買對就等退休！",
                "ReferenceUrl": "http://www.cmoney.tw/learn/course/%E6%80%AA%E8%80%81%E5%AD%90/topic/1380",
                "ReferenceImage": "http://www.cmoney.tw/learn/cmstatic/learn/90/20141112172743592.jpg",
                "ViewCount": 7
            },
            {
                "ReferenceId": 35844,
                "Description": "避開3個風險，找出真正定存股",
                "ReferenceUrl": "http://www.cmoney.tw/learn/course/stockfish/topic/866",
                "ReferenceImage": "http://www.cmoney.tw/learn/cmstatic/learn/47/20140730100726007.png",
                "ViewCount": 7
            },
            {
                "ReferenceId": 35845,
                "Description": "http://www.cmoney.tw/learn/course/emily/topic/1508",
                "ReferenceUrl": "http://www.cmoney.tw/learn/course/emily/topic/1508",
                "ReferenceImage": "http://www.cmoney.tw/learn/cmstatic/learn/103/20150105114916642.jpg",
                "ViewCount": 1
            }
        ],
        "OgImgURL": "http://www.cmoney.tw/learn/cmstatic/learn/1/20200926173310673.jpg"
    },
    "badges": [],
    "isTreeCompleted": false,
    "nextCourse": null
}