{
    "courseDetail": {
        "CourseId": 153,
        "CourseContent": "<p>&nbsp;</p>\n\n<h1><span style=\"color:rgb(204, 0, 0); font-size:26px\">你的手續費 幾折呢？</span></h1>\n\n<p>過去買賣股票都是打電話</p>\n\n<p>給我們的營業員下單</p>\n\n<p>由於電話下單是人工的</p>\n\n<p>所以成本一直壓不下來</p>\n\n<p>&nbsp;</p>\n\n<p>但現在科技發達了</p>\n\n<p>漸漸的大家都採用電腦網路下單</p>\n\n<p>再加上智慧型手機的普遍</p>\n\n<p>現在行動下單都已經非常普遍</p>\n\n<p>因為不需要人工作業</p>\n\n<p>券商在電子交易上</p>\n\n<p>就比較能給與較優惠的折扣</p>\n\n<p>&nbsp;</p>\n\n<p>我們繼續看下去 ...</p>\n\n<p>&nbsp;</p>\n\n<p><span style=\"color:#808080\"><span style=\"font-size:12px\">(贊助商連結)</span></span></p>\n\n<p><googleadsense height=\"600px\" type=\"4\" width=\"300px\"></googleadsense></p>\n\n<p>&nbsp;</p>\n\n<p>&nbsp;</p>\n\n<h1>手續費分 2 種：</h1>\n\n<h2>1. 退佣：</h2>\n\n<h2>按你下單的成交量來計算</h2>\n\n<p>例如 成交一億元手續費</p>\n\n<p>收入為 14.25 萬</p>\n\n<p>退 1 萬給客戶稱為「退一」</p>\n\n<p>退 5 萬則稱為「退五」</p>\n\n<p>退佣退得越多，券商賺得越少</p>\n\n<p>因此，一定要有足夠的交易量</p>\n\n<p>才會給予較高的退佣</p>\n\n<p>&nbsp;</p>\n\n<h2>2. 折扣：</h2>\n\n<h2>按對客戶收取的手續費來打折</h2>\n\n<p>最常聽見的就是</p>\n\n<p>網路下單手續費打 65 折</p>\n\n<p>例如 成交一億手續費</p>\n\n<p>手續費為 14.25 萬元</p>\n\n<p>打 65 折後 ...</p>\n\n<p>就只收 9.2625 萬元</p>\n\n<p>打對折就只收 7.125 萬元</p>\n\n<p>&nbsp;</p>\n\n<p>「退佣」和「折扣」</p>\n\n<p>二者的差別在於 ...</p>\n\n<p><span style=\"font-size:16px\"><strong><span style=\"background-color:#FFFF00\">退佣是用「成交量」計算</span></strong></span></p>\n\n<p><span style=\"font-size:16px\"><strong><span style=\"background-color:#FFFF00\">折扣是以「手續費」計算</span></strong></span></p>\n\n<p>當成交金額、數量都是大額時</p>\n\n<p>&gt;&gt; &nbsp;二者的差異不大</p>\n\n<p>但如果小額交易的投資人而言</p>\n\n<p>&gt;&gt; &nbsp;就會有差異了</p>\n\n<p>&nbsp;</p>\n\n<p>&nbsp;</p>\n\n<p>&nbsp;</p>\n\n<p>&nbsp;</p>\n\n<h1>手續費 5 折以下的</h1>\n\n<h1>券商 大公開</h1>\n\n<p>以下幫大家查了</p>\n\n<p>各券商的電子下單折扣狀況</p>\n\n<p>手續費 5 折以下的券商如下</p>\n\n<p>供各位參考</p>\n\n<p>&nbsp;</p>\n\n<p><img alt=\"\" height=\"721\" src=\"http://www.cmoney.tw/notes/cmstatic/notes/capture/29464/20131031085319491.png\" width=\"288\" />:</p>\n\n<p><span style=\"font-size:14px\"><span style=\"color:#808080\">(資料僅供參考，實際情形請親洽各家券商)</span></span></p>\n\n<p>&nbsp;</p>\n\n<p>&nbsp;</p>\n\n<h1>為什麼你要降低交易成本？</h1>\n\n<p>你知道手續費千分之 1.425</p>\n\n<p>與 證交稅 千分之 3</p>\n\n<p>代表什麼意思嗎？</p>\n\n<p>假設今天手續費</p>\n\n<p>我們以 6 折來估算</p>\n\n<h2>一個月交易 100 萬的成交量</h2>\n\n<h2>光是交易成本 就要 $3,855</h2>\n\n<p>&nbsp;</p>\n\n<p><img alt=\"\" height=\"369\" src=\"http://www.cmoney.tw/notes/cmstatic/notes/capture/35710/20131029163313524.png\" width=\"473\" /></p>\n\n<p>&nbsp;</p>\n\n<p>一個月 $3,855 ...</p>\n\n<p>對一個上班族或家庭主婦來說</p>\n\n<p>可不是小錢啊</p>\n\n<p>它可是可以讓你一個月</p>\n\n<p>吃 48 個大麥克耶！</p>\n\n<p>&nbsp;</p>\n\n<p>&nbsp;</p>\n\n<p>&nbsp;</p>\n\n<p><span style=\"font-size:16px\"><strong><span style=\"background-color:#FFFF00\">而且這還沒將你的交易</span></strong></span></p>\n\n<p><span style=\"font-size:16px\"><strong><span style=\"background-color:#FFFF00\">是賺錢還賠錢考慮進去</span></strong></span></p>\n\n<p>別以為交易 100 萬好像很難</p>\n\n<p>這種成交量在營業員的眼中</p>\n\n<p>你只是 小小咖而已</p>\n\n<p>&nbsp;</p>\n\n<h2>一年下來 ...</h2>\n\n<h2>交易成本是 $46,260</h2>\n\n<p>你捫心自問</p>\n\n<p>一年有辦法賺到 $46,260 嗎？</p>\n\n<p>還是你連交易成本都無法打平？</p>\n\n<p>甚至還有可能 倒賠回去</p>\n\n<p>&nbsp;</p>\n\n<p>&nbsp;</p>\n\n<p><googleadsense height=\"250px\" type=\"2\" width=\"300px\"></googleadsense></p>\n\n<p>&nbsp;</p>\n\n<p>&nbsp;</p>\n\n<h1>單單交易 20 次</h1>\n\n<h1>你先虧掉 7%</h1>\n\n<p>假如你今天以 $100 塊的價格</p>\n\n<p>買進 2330 台積電 一張</p>\n\n<p>然後再以 $100 賣出</p>\n\n<p>來回買進、賣出、買進、賣出 20次</p>\n\n<p>在價格沒有波動下</p>\n\n<p>你會先賠掉 7%！</p>\n\n<p>&nbsp;</p>\n\n<p><img alt=\"\" height=\"370\" src=\"http://www.cmoney.tw/notes/cmstatic/notes/capture/35710/20131030111222313.png\" width=\"486\" /></p>\n\n<p>&nbsp;</p>\n\n<p>&nbsp;</p>\n\n<h1>以為賺了價差</h1>\n\n<h1>原來只是幫別人打工</h1>\n\n<p>現在投資人較喜歡極短線操作</p>\n\n<p>再加上業者的鼓吹與洗腦</p>\n\n<p>認為能在極短線的時間內</p>\n\n<p>能賺取豐厚的利潤是一件很棒的事</p>\n\n<p>尤其大家所熟悉的當沖交易</p>\n\n<p>(就是將新建的部位當日沖銷掉)</p>\n\n<p>交易次數會比一般的波段操作頻繁</p>\n\n<p>所以交易成本如果不夠低的話</p>\n\n<p><span style=\"font-size:16px\"><strong><span style=\"background-color:#FFFF00\">你以為 你有賺到價差</span></strong></span></p>\n\n<p><span style=\"font-size:16px\"><strong><span style=\"background-color:#FFFF00\">結果算一算 ... 根本是在</span></strong></span></p>\n\n<p><span style=\"font-size:16px\"><strong><span style=\"background-color:#FFFF00\">幫你的營業員或政府打工！</span></strong></span></p>\n\n<p>&nbsp;</p>\n\n<h2>我們舉個例子</h2>\n\n<p>假如你賣出 A 股</p>\n\n<p>價格在 74.3 元</p>\n\n<p>手續費 + 證交稅 = 329 元</p>\n\n<p>&nbsp;</p>\n\n<p><img alt=\"\" height=\"380\" src=\"http://www.cmoney.tw/learn/cmstatic/learn/1/20160331155800592.png\" width=\"602\" /></p>\n\n<p>&nbsp;</p>\n\n<p>所以這筆交易</p>\n\n<p>你價差賺了 $74.3 - 74 = $0.3元</p>\n\n<p>也就是 賺了 300 元 ($0.3元 X 1000 股)</p>\n\n<p>但是扣掉交易成本</p>\n\n<p><span style=\"font-size:16px\"><strong><span style=\"background-color:#FFFF00\">$300 - 105&nbsp;- 329 = $ -134</span></strong></span></p>\n\n<p><span style=\"font-size:16px\"><strong><span style=\"background-color:#FFFF00\">你賠了 $134 塊錢</span></strong></span></p>\n\n<p>或許你會說</p>\n\n<p>才 134 塊錢 ...</p>\n\n<p>但如果你今天交易的是</p>\n\n<p>10 張、100 張、1000 張呢？</p>\n\n<p>那就不一樣了！</p>\n\n<p>&nbsp;</p>\n\n<h2>你知道嗎？現在不學好投資</h2>\n\n<h2>你會比別人多辛苦十年...</h2>\n\n<p>想學投資，卻不知從何下手？</p>\n\n<p>用16堂課，就能學會如何操作0050</p>\n\n<p>輕鬆踏出理財的第一步！</p>\n\n<p>立即了解課程 &gt;&gt;&nbsp;<a href=\"http://cmy.tw/006mys\"><span style=\"font-family:times new roman; font-size:small\">http://cmy.tw/006mys</span></a></p>\n\n<p><a href=\"http://cmy.tw/006mys\" style=\"outline-style: initial; outline-width: 0px; text-decoration-line: underline; color: rgb(0, 119, 181); position: relative;\" target=\"_blank\"><img alt=\"\" height=\"520\" src=\"http://www.cmoney.tw/notes/cmstatic/notes/capture/744971/20190613171633668.gif\" width=\"364\" /></a></p>\n",
        "ViewCount": "55543",
        "IsReference": true,
        "ReferenceList": [
            {
                "ReferenceId": 33241,
                "Description": "存錢存了 大半輩子 … 現在才發現 原來「這樣」做，會把辛苦錢 燒掉！",
                "ReferenceUrl": "http://www.cmoney.tw/learn/course/cmoney/topic/148",
                "ReferenceImage": "http://www.cmoney.tw/learn/cmstatic/learn/1/20160330114535676.png",
                "ViewCount": 31
            },
            {
                "ReferenceId": 33242,
                "Description": "搞懂「它」，股票再也不買貴！(內附 10 檔 便宜 + 高殖利率 股票清單)",
                "ReferenceUrl": "http://www.cmoney.tw/learn/course/cmoney/topic/1728",
                "ReferenceImage": "http://www.cmoney.tw/learn/cmstatic/learn/1/20160321114717277.png",
                "ViewCount": 48
            },
            {
                "ReferenceId": 33243,
                "Description": "每位投資人 都要知道 ►► 股市「三巨頭」",
                "ReferenceUrl": "http://www.cmoney.tw/learn/course/cmoney/topic/142",
                "ReferenceImage": "http://www.cmoney.tw/learn/cmstatic/learn/1/20160328120240278.png",
                "ViewCount": 29
            }
        ],
        "OgImgURL": "http://www.cmoney.tw/notes/cmstatic/notes/capture/29464/20131031085319491.png"
    },
    "badges": [],
    "isTreeCompleted": false,
    "nextCourse": null
}