{
    "courseDetail": {
        "CourseId": 1553,
        "CourseContent": "<p>&nbsp;</p>\n\n<p>在投資領域上，大致可分成兩派：</p>\n\n<p>主動投資、被動投資，</p>\n\n<p>主動投資需要長時間的看盤、研究，</p>\n\n<p>最後獲取不確定的報酬，</p>\n\n<p>但被動投資透過風險規避，</p>\n\n<p>有效掌握自己的報酬，</p>\n\n<p>不因市場劇烈波動而受影響，</p>\n\n<p>而到底哪種投資才是最好的呢？</p>\n\n<p>&nbsp;</p>\n\n<p>繼續看下去...</p>\n\n<p>&nbsp;</p>\n\n<p><span style=\"color:rgb(105, 105, 105)\"><span style=\"font-size:12px\">( 贊助商連結 )</span></span></p>\n\n<p><span style=\"color:rgb(105, 105, 105)\"><span style=\"font-size:12px\"><googleadsense height=\"600px\" type=\"4\" width=\"300px\"></googleadsense></span></span></p>\n\n<p>&nbsp;</p>\n\n<h1>主動投資 vs. 被動投資</h1>\n\n<p>首要，要講一個重要的觀念：</p>\n\n<p>現在投資這個領域上 ，大致上分成「<span style=\"color:rgb(0, 0, 255)\">二大派別</span><span style=\"color:rgb(0, 0, 0)\">」</span></p>\n\n<p>&nbsp;</p>\n\n<p><img alt=\"\" height=\"523\" src=\"http://www.cmoney.tw/learn/cmstatic/learn/120/20150127121818274.png\" width=\"700\" /></p>\n\n<p>&nbsp;</p>\n\n<h1>1. 主動投資 &nbsp;：</h1>\n\n<h2>我得天天盯著螢幕看盤</h2>\n\n<h2>分析各家公司的營運狀況，</h2>\n\n<h2>才能找出好的股票</h2>\n\n<p>&nbsp;</p>\n\n<p>主動投資的中心思想</p>\n\n<p>就是&nbsp;<strong>只要我非常努力研究投資，</strong></p>\n\n<p><strong>就能在投資中賺的比別人還要多，</strong></p>\n\n<p><strong>可以打敗大盤</strong></p>\n\n<p>（P.S. 大盤的報酬率，指的是全部股票的整體平均報酬率）&nbsp;</p>\n\n<p>&nbsp;</p>\n\n<p>所以打敗大盤的意思就是，</p>\n\n<p>只要我夠強，長期下來，</p>\n\n<p>我的報酬率可以超過大盤的平均報酬率</p>\n\n<p>&nbsp;</p>\n\n<p>不管我用什麼方法，</p>\n\n<p>反正只要我用心去研究，</p>\n\n<p>我就可以賺到比別人更多的錢、更高的報酬率。</p>\n\n<p>所以我願意「<strong><span style=\"color:rgb(255, 0, 0)\">主動</span></strong>」的去選擇我覺得會賺比較多的股票 ，</p>\n\n<p>或選擇一個好的時間點再買 （買在低點就可以賺更多）</p>\n\n<p>&nbsp;</p>\n\n<p>如果對自己的投資能力沒有信心，</p>\n\n<p>或覺得平常工作很忙，</p>\n\n<p>所以沒有多餘的時間自己研究，</p>\n\n<p>那我相信有專業的人，</p>\n\n<p>例如基金經理人、操盤手，</p>\n\n<p>他會去做很多研究，找出好的投資標的...等等。</p>\n\n<p>所以我把錢交給他 ，請他幫我管理，</p>\n\n<p>就算給他抽成也沒關係。</p>\n\n<p>&nbsp;</p>\n\n<p>這就是主動投資的核心想法</p>\n\n<p>&nbsp;</p>\n\n<h1>2.被動投資 ：</h1>\n\n<h2>不浪費時間鑽研股票！</h2>\n\n<h2>全部上市櫃的股票都買一點</h2>\n\n<p>被動投資是完全相反的概念</p>\n\n<p>被動投資的中心思想，</p>\n\n<p>就是&nbsp;<strong>認為不論你怎麼努力，</strong></p>\n\n<p><strong>打敗大盤是不可能的</strong>。</p>\n\n<p>&nbsp;</p>\n\n<p>你想挑出好的股票、想要低買高賣，</p>\n\n<p>或想要找出一個神準的指標，</p>\n\n<p>這些行為，都是徒勞無功的。</p>\n\n<p>不論是你，或者是專業的基金經理人，結果都一樣。</p>\n\n<p>&nbsp;</p>\n\n<p>&nbsp;</p>\n\n<p>舉個例子來說，</p>\n\n<p>大盤的年報酬率，假設是5%，</p>\n\n<p>所有基金的報酬率，經過統計後，</p>\n\n<p>平均起來就是5%，</p>\n\n<p>就算有的基金近幾年的報酬率都超過5%，</p>\n\n<p>通常不是運氣好，就是很難長期維持這麼高的報酬率。</p>\n\n<p>&nbsp;</p>\n\n<p>所以，</p>\n\n<p><span style=\"color:rgb(0, 0, 255)\">不要再花一大堆時間去研究股票了！</span><span style=\"color:rgb(0, 0, 255)\">乾脆全部都買</span>，</p>\n\n<p>這樣子還能穩穩賺個5%，</p>\n\n<p>這時候，就出現所謂的「<a href=\"http://www.cmoney.tw/learn/course/ezfund/topic/585\" style=\"position: relative; text-decoration: underline;\" target=\"_blank\"><span style=\"color:rgb(0, 0, 255)\">指數型基金</span></a>」。</p>\n\n<p>&nbsp;</p>\n\n<p>&nbsp;</p>\n\n<p>這兩派都各有擁護者，</p>\n\n<p>沒有絕對的好壞，</p>\n\n<p>如果你是忙碌的上班族、偷懶族，</p>\n\n<p>那就適合被動投資；</p>\n\n<p>你是學生或是退休一族，</p>\n\n<p>那麼積極的主動投資法，再適合你不過了</p>\n\n<p>重點是</p>\n\n<p>&nbsp;</p>\n\n<h2>不要盲從，</h2>\n\n<h2>找到適合自己的投資方式，</h2>\n\n<h2>才是正確的選擇！</h2>\n\n<p>&nbsp;</p>\n\n<p>本文整理自&nbsp;<a href=\"http://investarter.blogspot.tw/2012/11/vs.html\" style=\"position: relative; text-decoration: underline;\" target=\"_blank\">阿升理財筆記</a></p>\n\n<p>&nbsp;</p>\n\n<h2>你知道嗎？現在不學好投資</h2>\n\n<h2>你會比別人多辛苦十年...</h2>\n\n<p>想學投資，卻不知從何下手？</p>\n\n<p>用16堂課，就能學會如何操作0050</p>\n\n<p>輕鬆踏出理財的第一步！</p>\n\n<p>立即了解課程 &gt;&gt;&nbsp;<a href=\"http://cmy.tw/006mys\"><span style=\"font-family:times new roman; font-size:small\">http://cmy.tw/006mys</span></a></p>\n\n<p><a href=\"http://cmy.tw/006mys\" style=\"outline-style: initial; outline-width: 0px; text-decoration-line: underline; color: rgb(0, 119, 181); position: relative;\" target=\"_blank\"><img alt=\"\" height=\"520\" src=\"http://www.cmoney.tw/notes/cmstatic/notes/capture/744971/20190613171633668.gif\" width=\"364\" /></a></p>\n\n<h2>還有其他 10 堂投資課程，學完你就不再是理財新手囉！▶▶<a href=\"http://cmy.tw/004UYG\">看下一課</a></h2>\n",
        "ViewCount": "27552",
        "IsReference": true,
        "ReferenceList": [
            {
                "ReferenceId": 33008,
                "Description": "第一次買股票，該買什麼股票?",
                "ReferenceUrl": "http://www.cmoney.tw/learn/course/test321/topic/1317",
                "ReferenceImage": "http://www.cmoney.tw/notes/cmstatic/notes/capture/24383/20141107183414448.jpg",
                "ViewCount": 46
            },
            {
                "ReferenceId": 33009,
                "Description": "30秒搞懂ETF基金",
                "ReferenceUrl": "http://www.cmoney.tw/learn/course/ezfund/topic/1023",
                "ReferenceImage": "http://www.cmoney.tw/learn/cmstatic/learn/43/20140808160053327.jpg",
                "ViewCount": 27
            },
            {
                "ReferenceId": 33010,
                "Description": "荷包的隱形殺手...5個讓你不知不覺浪費 3000元的原因！",
                "ReferenceUrl": "http://www.cmoney.tw/notes/note-detail.aspx?nid=24820",
                "ReferenceImage": "http://www.cmoney.tw/notes/cmstatic/notes/capture/199581/20150128102844740.jpg",
                "ViewCount": 14
            }
        ],
        "OgImgURL": "http://www.cmoney.tw/learn/cmstatic/learn/120/20150127121818274.png"
    },
    "badges": [],
    "isTreeCompleted": false,
    "nextCourse": null
}