{
    "courseDetail": {
        "CourseId": 1568,
        "CourseContent": "<p><img alt=\"\" height=\"312\" src=\"http://www.cmoney.tw/learn/cmstatic/learn/123/20180918200758809.jpg\" width=\"650\" /></p>\n\n<p>(圖片擷取自：shutterstock)</p>\n\n<p>&nbsp;</p>\n\n<h1>寫下花費目標</h1>\n\n<h1>可以幫你省下更多的錢！</h1>\n\n<h2>你會在每年的一開始</h2>\n\n<h2>寫下今年的目標嗎?</h2>\n\n<p>寫下自己今年的花費目標，</p>\n\n<p>不僅可以更了解我們的財富流動去向，</p>\n\n<p>也可以讓我們省下更多的錢哦！</p>\n\n<p>&nbsp;</p>\n\n<p>一個月存 7500 對許多人來說很困難，</p>\n\n<p>這 6 步驟 讓你也能輕鬆存下一筆錢。</p>\n\n<p>&nbsp;</p>\n\n<p>繼續看下去...</p>\n\n<p>&nbsp;</p>\n\n<p><span style=\"color:#808080\"><span style=\"font-size:12px\">(贊助商連結...)</span></span></p>\n\n<p><dfp type=\"3\"></dfp></p>\n\n<p>&nbsp;</p>\n\n<h1>步驟 1</h1>\n\n<h1>決定好整年的固定花費</h1>\n\n<p>這是訂定年預算裡面，</p>\n\n<p>最簡單的一部分，</p>\n\n<p>首先估算你<strong><span style=\"background-color:#FFFF00\">一個禮拜固定的生活花費</span></strong></p>\n\n<p>像是交通費、吃飯錢，</p>\n\n<p>再把它們乘以一年 52 個禮拜，</p>\n\n<p>得到你一整年的加總。</p>\n\n<p>接下來，</p>\n\n<p><strong><span style=\"background-color:#FFFF00\">估算你一個月的固定花費，</span></strong></p>\n\n<p>像是房屋租金、水電花費、</p>\n\n<p>醫療費用、要繳的利息、電話費，</p>\n\n<p>再來同樣把他們乘以 12 個月，</p>\n\n<p>得到你一整年的固定花費。</p>\n\n<p>&nbsp;</p>\n\n<h1>步驟 2</h1>\n\n<h1>列下你其它的花費</h1>\n\n<h2>別忘記你還有一些</h2>\n\n<h2>不是經常性的支出...</h2>\n\n<p>像是車子維修費、保險支出、</p>\n\n<p>房子裝潢、治裝費用等，</p>\n\n<p>這些不常發生但是總會發生的事情，</p>\n\n<p>常常讓我們忘記把它列做預算的事項....</p>\n\n<p>&nbsp;</p>\n\n<p><dfp type=\"2\"></dfp></p>\n\n<p>&nbsp;</p>\n\n<h1><span style=\"color:rgb(204, 0, 0); font-size:26px\">步驟 3</span></h1>\n\n<h1>留一筆預算給那些</h1>\n\n<h1>我們意想不到的</h1>\n\n<h2>因為你永遠也想不到</h2>\n\n<h2>你身邊會發生什麼緊急狀況...</h2>\n\n<p>像是你家的洗衣機，</p>\n\n<p>突然發出怪聲壞掉了？</p>\n\n<p>或者是突如其來一場大病？</p>\n\n<p>這些支出都是相當可觀的，</p>\n\n<p>為自己的沒辦法</p>\n\n<p>完全預測的人生多留些保障吧。</p>\n\n<p>&nbsp;</p>\n\n<h1>步驟 4：別忘了，</h1>\n\n<h1>我們還是需要娛樂的！</h1>\n\n<p>撥出些預算給自己一些慰勞吧！</p>\n\n<p>出去吃個大餐，</p>\n\n<p>唱個歌甚至來趟一個人的小旅行，</p>\n\n<p>訂預算並不是一定要把自己逼得很緊，</p>\n\n<p>偶而的放鬆玩樂還是非常必要的！</p>\n\n<p>&nbsp;</p>\n\n<p><dfp type=\"1\"></dfp></p>\n\n<p>&nbsp;</p>\n\n<h1><span style=\"color:rgb(204, 0, 0); font-size:26px\">步驟 5：確認你的收入</span></h1>\n\n<h1>是否可以平衡你的花費</h1>\n\n<p>檢視一下你的年收入，</p>\n\n<p>扣除你所繳的稅額剩下多少，</p>\n\n<p>看看是不是可以在扣除</p>\n\n<p>你的預算之後還能存下一筆錢，</p>\n\n<p>如果都沒有剩下的話，</p>\n\n<p>那你就要重新訂定你的預算！</p>\n\n<p>&nbsp;</p>\n\n<h1>步驟 6：</h1>\n\n<h1>把每個花費目標降低 3 成</h1>\n\n<p>固定費用刪不掉？</p>\n\n<p>娛樂費用太多了嗎？</p>\n\n<p>別擔心只要寫下花費目標，</p>\n\n<p>你一定做得到！</p>\n\n<p>&nbsp;</p>\n\n<p>這邊幫大家整理了一張簡圖~</p>\n\n<p>只要照著上面的步驟，</p>\n\n<p>不論你是剛出社會的新鮮人還是職場老手，</p>\n\n<p>都可以輕輕鬆鬆的寫下自己的花費目標！</p>\n\n<p>&nbsp;</p>\n\n<p>你也可以使用&nbsp;</p>\n\n<p><a href=\"http://www.cmoney.tw/app/ItemContent.aspx?id=1215\" style=\"position: relative; text-decoration: underline; color: rgb(0, 119, 181);\" target=\"_blank\">理財計算收支工具</a>&nbsp;</p>\n\n<p>「理」出更多的錢！</p>\n\n<h2>寫下自己的目標，</h2>\n\n<h2>就可以更清楚地</h2>\n\n<h2>為自己的未來打算，</h2>\n\n<h2>也可以有更長遠的計畫，</h2>\n\n<h2>還可以省更多的錢呢！！</h2>\n\n<p>&nbsp;</p>\n\n<p>&nbsp;</p>\n\n<h1>想知道更多「省錢」偷吃步嗎？</h1>\n\n<h2>點擊下一章 看更多 「存錢妙招」&darr;&darr;&darr;&darr;&darr;</h2>\n\n<p><a href=\"http://cmy.tw/005C2e\">還在抱怨存不到錢？ </a></p>\n\n<p><a href=\"http://cmy.tw/005C2e\">這 9 個存錢妙招，</a></p>\n\n<p><a href=\"http://cmy.tw/005C2e\">一個月「最少」存下 5250 元！</a></p>\n\n<h2><a href=\"http://cmy.tw/009YkZ\"><img alt=\"\" height=\"600\" src=\"http://www.cmoney.tw/learn/cmstatic/learn/123/20200716174842388.jpg\" width=\"300\" /></a></h2>\n",
        "ViewCount": "178176",
        "IsReference": true,
        "ReferenceList": [
            {
                "ReferenceId": 35151,
                "Description": "價值100萬元的投資10堂課",
                "ReferenceUrl": "http://www.cmoney.tw/learn/course/%E6%80%AA%E8%80%81%E5%AD%90",
                "ReferenceImage": "http://www.cmoney.tw/learn/cmstatic/learn/90/learnImg15192FCF.jpg",
                "ViewCount": 15
            },
            {
                "ReferenceId": 35152,
                "Description": "理財小學堂",
                "ReferenceUrl": "http://www.cmoney.tw/learn/course/cmoney",
                "ReferenceImage": "http://www.cmoney.tw/learn/cmstatic/learn/1/learnImg03A367AB.jpg",
                "ViewCount": 51
            },
            {
                "ReferenceId": 35153,
                "Description": "新手投資必看10題",
                "ReferenceUrl": "http://www.cmoney.tw/learn/course/test321",
                "ReferenceImage": "http://www.cmoney.tw/learn/cmstatic/learn/59/learnImgBBBAC504.jpg",
                "ViewCount": 13
            }
        ],
        "OgImgURL": "http://www.cmoney.tw/learn/cmstatic/learn/123/20180918200758809.jpg"
    },
    "badges": [],
    "isTreeCompleted": false,
    "nextCourse": null
}