{
    "courseDetail": {
        "CourseId": 1564,
        "CourseContent": "<p>&nbsp;</p>\n\n<p>&nbsp;</p>\n\n<h1>投資是多努力一點好？</h1>\n\n<h1>還是躺著賺比較好？</h1>\n\n<p>主動投資 (多努力就可以提高勝率)　vs　</p>\n\n<p>被動投資 (努力沒用，不如躺著賺)</p>\n\n<p>這二大派，一直以來都是爭論不休</p>\n\n<p>&nbsp;</p>\n\n<p>主動投資人笑被動投資人：</p>\n\n<p>『只敢賺一點點，不敢冒險的小孬孬』</p>\n\n<p>被動投資人笑主動投資人：</p>\n\n<p>『你再怎麼努力，都是做白工，別浪費力氣了～』</p>\n\n<p>（延伸 -&nbsp;<a href=\"http://www.cmoney.tw/learn/course/passiveinvestment/topic/1553\" style=\"position: relative; text-decoration: underline; color: rgb(0, 119, 181);\" target=\"_blank\">睡美人靠指數型基金，躺著就能賺！</a>）</p>\n\n<p>&nbsp;</p>\n\n<p>不過到底怎樣的投資法比較好呢？</p>\n\n<p>&nbsp;</p>\n\n<p>繼續看下去...</p>\n\n<p>&nbsp;</p>\n\n<p><span style=\"color:rgb(105, 105, 105)\"><span style=\"font-size:12px\">( 贊助商連結 )</span></span></p>\n\n<p><span style=\"color:rgb(105, 105, 105)\"><span style=\"font-size:12px\"><googleadsense height=\"600px\" type=\"4\" width=\"300px\"></googleadsense></span></span></p>\n\n<p>&nbsp;</p>\n\n<h1>其實..最好的投資法 --&nbsp;</h1>\n\n<h1>全部股票都各買一點，</h1>\n\n<h1>分散投資風險!</h1>\n\n<p>被動投資 &mdash; 沒有人可以拿到高於平均的報酬，</p>\n\n<p>那不如就全部股票都買一些！</p>\n\n<p>又可稱「指數化投資」</p>\n\n<p>主要是，不論是你，</p>\n\n<p>或那些專業的基金經理人，</p>\n\n<p>都很難透過自己的努力，</p>\n\n<p>來獲得比整體市場還要高的報酬率，</p>\n\n<p>所以乾脆全部的股票都買一點，分散投資的風險，</p>\n\n<p>這樣就至少能獲得和整體市場一樣的報酬。</p>\n\n<p>&nbsp;</p>\n\n<p>接著，看看誰發明了被動投資...</p>\n\n<h1>推行被動投資的始祖 約翰柏格</h1>\n\n<p>&nbsp;</p>\n\n<h1>&nbsp;</h1>\n\n<p>&nbsp;</p>\n\n<p><img alt=\"\" height=\"505\" src=\"http://www.cmoney.tw/learn/cmstatic/learn/120/20150127091921246.png\" width=\"600\" /></p>\n\n<p>柏格認為我們一般人很難去挑出好的股票，</p>\n\n<p>所以乾脆全部公司的股票都買，而且長期持有它們，</p>\n\n<p>這樣一來，<strong>就至少可以賺到整體的經濟成長率</strong>。</p>\n\n<p>&nbsp;</p>\n\n<p>舉個例子，</p>\n\n<p>假設台股有 1000 家公司，&nbsp;</p>\n\n<p>這些公司中，有的超賺錢、有的賺一點、</p>\n\n<p>有的打平、有的虧錢，甚至有的倒了，</p>\n\n<p>但是只要我全部都買，</p>\n\n<p>我就把賠錢的風險分散掉了，</p>\n\n<p>長期下來，我會得到一定的報酬率，</p>\n\n<p>這個報酬率就會是所有 1000 家公司的實際賺錢報酬率。</p>\n\n<p>&nbsp;</p>\n\n<h1>指數型基金的報酬率，</h1>\n\n<h1>長期來看，的確勝過了</h1>\n\n<h1>這些主動型基金的平均報酬</h1>\n\n<h2>「投資可不是投機喔！」</h2>\n\n<p>你不應該自以為可以選出好的股票，</p>\n\n<p>也不應該自以為可以選出好時機，低買高賣。</p>\n\n<p>所以伯格他一開始提出這個概念的時候，</p>\n\n<p>是被大家笑的 「你這個小孬孬～」</p>\n\n<p>但是後來經過統計證實，指數型基金都賺贏這些主動型基金！</p>\n\n<p>&nbsp;</p>\n\n<h1>每年，指數型基金績效平均超出主動型基金 1.2%！</h1>\n\n<h2>別小看 1.2％&nbsp;差距，</h2>\n\n<h2>如果投資 500萬，</h2>\n\n<h2>1 年就少了 6 萬元</h2>\n\n<h2>30年下來竟然差了 215萬！</h2>\n\n<p><img alt=\"\" height=\"503\" src=\"http://www.cmoney.tw/learn/cmstatic/learn/120/20150128174316993.jpg\" width=\"515\" /></p>\n\n<p>（圖表來源：<a href=\"http://greenhornfinancefootnote.blogspot.tw/2007/07/blog-post_2151.html\" style=\"position: relative; text-decoration: underline; color: rgb(0, 119, 181);\" target=\"_blank\">綠角財經筆記</a>）</p>\n\n<p>&nbsp;</p>\n\n<p>表格的上面是指數型基金；</p>\n\n<p>下面是美國大型股基金的平均。</p>\n\n<p>時間統計到 2006 年 6 月 30 日，</p>\n\n<p>表格裡的數字是它們分別在</p>\n\n<p>最近 1 年、 5 年、 10 年、 20 年的<a href=\"http://www.cmoney.tw/learn/course/cmoney/topic/99\" style=\"position: relative; text-decoration: underline; color: rgb(0, 119, 181);\" target=\"_blank\">年化報酬率</a>。</p>\n\n<p>簡單來說，看看上面的數字，</p>\n\n<p>指數型基金（<span style=\"color:rgb(255, 0, 0)\">紅字</span>）的報酬率都<span style=\"color:rgb(0, 0, 255)\">大於</span>下面那排，</p>\n\n<p><span style=\"color:rgb(0, 0, 255)\">就表示指數型基金都賺贏這些主動型基金！</span></p>\n\n<p>所以，後來這些笑他的人就閉嘴了。</p>\n\n<p>&nbsp;</p>\n\n<p>在他多年努力推行之下，</p>\n\n<p>現在，被動投資已經成為主流之一了！</p>\n\n<p>&nbsp;</p>\n\n<h1>我的看法是...</h1>\n\n<h1>被動投資不錯！</h1>\n\n<h1>穩穩地賺，積少成多，</h1>\n\n<h1>最後也能當個小富翁</h1>\n\n<h2>因為 主動投資沒辦法 長期賺贏 被動投資</h2>\n\n<p>被動投資很好，我覺得大部分的人都應選擇被動投資，</p>\n\n<p>除非你覺得 整天閒閒沒事做</p>\n\n<p>再考慮主動投資吧</p>\n\n<p>那 1.2% 絕對可以讓你省下不少時間與精力</p>\n\n<h1>&nbsp;</h1>\n\n<p>本文整理自投資部落客：<a href=\"http://investarter.blogspot.tw/2012/11/blog-post_23.html\" style=\"position: relative; text-decoration: underline; color: rgb(0, 119, 181);\" target=\"_blank\">阿升理財筆記</a>&nbsp;</p>\n\n<p>&nbsp;</p>\n\n<h2>你知道嗎？現在不學好投資</h2>\n\n<h2>你會比別人多辛苦十年...</h2>\n\n<p>想學投資，卻不知從何下手？</p>\n\n<p>用16堂課，就能學會如何操作0050</p>\n\n<p>輕鬆踏出理財的第一步！</p>\n\n<p>立即了解課程 &gt;&gt;&nbsp;<a href=\"http://cmy.tw/006mys\"><span style=\"font-family:times new roman; font-size:small\">http://cmy.tw/006mys</span></a></p>\n\n<p><a href=\"http://cmy.tw/006mys\" style=\"outline-style: initial; outline-width: 0px; text-decoration-line: underline; color: rgb(0, 119, 181); position: relative;\" target=\"_blank\"><img alt=\"\" height=\"520\" src=\"http://www.cmoney.tw/notes/cmstatic/notes/capture/744971/20190613171633668.gif\" width=\"364\" /></a></p>\n\n<h2>還有其他 10 堂投資課程，學完你就不再是理財新手囉！▶▶<a href=\"http://cmy.tw/004UYG\">看下一課</a></h2>\n",
        "ViewCount": "17148",
        "IsReference": true,
        "ReferenceList": [
            {
                "ReferenceId": 33011,
                "Description": "別再當「月光族」及「守財奴」了！ 學會這件事，你的人生會更幸福！",
                "ReferenceUrl": "http://www.cmoney.tw/notes/note-detail.aspx?nid=25396&utm_source=Web&utm_medium=banner_index&utm_term=Notes&utm_content=nid%3D25396&utm_campaign=index_fish_nid%3D25396_0213",
                "ReferenceImage": "http://www.cmoney.tw/notes/cmstatic/notes/capture/128019/20150212112603110.jpg",
                "ViewCount": 28
            },
            {
                "ReferenceId": 33012,
                "Description": "5 年來平均月入 100K 的秘訣，古奇教你 2 招學會「早盤當沖」！",
                "ReferenceUrl": "http://www.cmoney.tw/notes/note-detail.aspx?nid=25398&utm_source=Web&utm_medium=banner_index&utm_term=Notes&utm_content=nid%3D25398&utm_campaign=index_fish_nid%3D25398_0213",
                "ReferenceImage": "http://www.cmoney.tw/notes/cmstatic/notes/capture/128019/20150212140020558.jpeg",
                "ViewCount": 20
            },
            {
                "ReferenceId": 33013,
                "Description": "如何決定要不要開始下一筆投資? ３原則，幫你找回決斷力！",
                "ReferenceUrl": "http://www.cmoney.tw/notes/note-detail.aspx?nid=25463",
                "ReferenceImage": "http://www.cmoney.tw/notes/cmstatic/notes/capture/140277/20150112102824538.jpg",
                "ViewCount": 16
            }
        ],
        "OgImgURL": "http://www.cmoney.tw/learn/cmstatic/learn/120/20150127091921246.png"
    },
    "badges": [],
    "isTreeCompleted": false,
    "nextCourse": null
}