{
    "courseDetail": {
        "CourseId": 1614,
        "CourseContent": "<p><img alt=\"\" height=\"415\" src=\"http://www.cmoney.tw/learn/cmstatic/learn/123/20180921195026442.png\" width=\"650\" /></p>\n\n<p><span style=\"color:rgb(51, 51, 51); font-size:16px\">(圖片來自:shutterstock)</span></p>\n\n<p>&nbsp;</p>\n\n<h1>每個月的開銷大、存不到錢?&nbsp;</h1>\n\n<h2>身為小資族 月底錢包都空空，</h2>\n\n<h2>訂好了預算，卻總是入不敷出？</h2>\n\n<p>物價越來越高的時代，想要有多餘的錢娛樂，</p>\n\n<p>「開源節流」<span style=\"font-size:15px\">勢必是一件很重要的事情！</span></p>\n\n<p>美國著名的新聞網站《哈芬登郵報》</p>\n\n<p>理財作家提供一些儲蓄的好方法，</p>\n\n<p>現在就來看看這 &nbsp;9 &nbsp;招儲蓄小技巧吧！</p>\n\n<p>&nbsp;</p>\n\n<p>繼續看下去...</p>\n\n<p>&nbsp;</p>\n\n<p><span style=\"color:#808080\"><span style=\"font-size:12px\">(贊助商連結...)</span></span></p>\n\n<p><dfp type=\"3\"></dfp></p>\n\n<p>&nbsp;</p>\n\n<h1>1、 準備一個存錢筒</h1>\n\n<h1>每年最少省下 9000 元！</h1>\n\n<h2>這聽起來或許是一個老招，</h2>\n\n<h2>但卻非常有用！</h2>\n\n<p>我們出去外面吃完飯回來，</p>\n\n<p>拿了找開的零錢，隨手丟進小豬撲滿</p>\n\n<p>1 天 25 元、1 個月 750 元、1 年就有 9000 元&nbsp;</p>\n\n<p>這足夠讓你去好好吃個大餐</p>\n\n<p>買個衣服犒賞一年的辛勞了吧！</p>\n\n<p>等養成習慣後，金額可以慢慢放大哦！</p>\n\n<p>&nbsp;</p>\n\n<h1>2、集點、折價券別亂丟</h1>\n\n<h1>一年的咖啡錢就省下來了！</h1>\n\n<p>有看過電視節目的省錢折價王嗎?</p>\n\n<p>這些人光是利用折價券</p>\n\n<p>就幫他們家省了好幾百美元！</p>\n\n<p>別小看集點或者是折價券的力量</p>\n\n<p>「日積月累」<span style=\"font-size:15px\">也是可以幫你省下好機杯咖啡錢呢！</span></p>\n\n<p>&nbsp;</p>\n\n<h1>3、加薪先別花掉</h1>\n\n<h1>存下來當作 投資基金！</h1>\n\n<h2>賺的越多、花的越多</h2>\n\n<h2>是小資族存不到錢的主要原因...</h2>\n\n<p>如果在工作表現優異，</p>\n\n<p>並且很幸運地得到老闆的加薪。</p>\n\n<p>小資族，先別急著去吃大餐慶祝，</p>\n\n<p>把增加的薪水當作你每個月的儲蓄，</p>\n\n<p>存起來吧！這筆錢就是你未來的投資理財的基金！</p>\n\n<p>&nbsp;</p>\n\n<h1>4、每週給自己一個挑戰</h1>\n\n<h1>一個月再多存 1000 元！</h1>\n\n<p>幫自己每個禮拜都設定一個存錢目標</p>\n\n<p>既然是挑戰，</p>\n\n<p>那當然就要挑個有難度的！</p>\n\n<p>像是第一週存 50 元、第二週存 100 元、</p>\n\n<p>第三週存 150 元&hellip;依序儲蓄下去，</p>\n\n<p>月底就會發現自己多存了 1000 元！</p>\n\n<p>&nbsp;</p>\n\n<h1>5、將每月的存款</h1>\n\n<h1>當成一張「帳單」</h1>\n\n<p>你每月都會收到一張張的帳單，</p>\n\n<p>又非得繳交這些帳單不可，</p>\n\n<p>那何不把你每月的存款，</p>\n\n<p>當成一張你「必繳的帳單」呢？</p>\n\n<p>這樣還怕錢存不下來嗎？</p>\n\n<p>&nbsp;</p>\n\n<h1>6、善加利用你的銀行</h1>\n\n<h2>準備另一個戶頭，</h2>\n\n<h2>當成自動儲蓄帳戶！</h2>\n\n<p>這是一個非常簡單的方法！</p>\n\n<p>當你每個月的薪水匯進你的戶頭時，</p>\n\n<p>直接讓銀行幫你將固定一部分的薪水，</p>\n\n<p>存到你的存款帳戶，</p>\n\n<p>讓你不能一時想要買個東西，</p>\n\n<p>就輕易地將所有的錢都提領出來...</p>\n\n<p>&nbsp;</p>\n\n<h1>7、幫自己的夢想帳戶</h1>\n\n<h1>取個名字！！</h1>\n\n<p>建立一個新帳戶，或是附屬帳戶，</p>\n\n<p>帳戶名取一個比「備用基金」更具體的名字吧！</p>\n\n<p>像是你想買的東西「BMW M6」、</p>\n\n<p>計畫「歐洲背包客之旅」，</p>\n\n<p>這些名字有沒有讓你更有動力儲蓄了呢?</p>\n\n<p>&nbsp;</p>\n\n<h1>8、戒掉那些</h1>\n\n<h1>「不健康」的生活習慣</h1>\n\n<h1>每個月再省 2000 元！</h1>\n\n<p>你會抽菸嗎？少抽點或是戒掉吧！</p>\n\n<p>一包香菸的平均價格大約新臺幣 &nbsp;65 元，</p>\n\n<p><strong><span style=\"background-color:#FFFF00\">少抽一包香菸就多了一頓吃飯的錢！</span></strong></p>\n\n<p><strong><span style=\"background-color:#FFFF00\">一個月就省下將近 2000 元了呢！</span></strong></p>\n\n<p>喝酒跟喝飲料也是同樣的道理...</p>\n\n<p>多喝開水省錢又健康！</p>\n\n<p>&nbsp;</p>\n\n<p>你平常都會騎車到巷口的便利商店嗎?</p>\n\n<p>散步去吧，散步每半小時可消耗熱量七十五卡，</p>\n\n<p>既增加心肺功能，又能改善血液循環、助於減肥，</p>\n\n<p>最重要的是可以省下你的加油錢！</p>\n\n<p>&nbsp;</p>\n\n<h1>9、換個朋友聚會的方式</h1>\n\n<h1>每個月省下 1500 元！</h1>\n\n<p>平常我們跟好姊妹們聚會，</p>\n\n<p>總是喜歡在外面吃吃下午茶和甜點。</p>\n\n<p>這些花費隨便可能就動輒 300、500 元，</p>\n\n<p>一個月很容易就超過 1500 元，很可觀吧！</p>\n\n<p>&nbsp;</p>\n\n<p>試試看在家自己準備下午茶</p>\n\n<p>或是和另一半一起早起做早餐，</p>\n\n<p>這樣一來，<span style=\"font-size:15px\">我們也不用為了省錢</span></p>\n\n<p>而捨棄含朋友交流的時間，</p>\n\n<p>偶而換個聚會的方式</p>\n\n<p>也增添我們生活的樂趣！</p>\n\n<p>&nbsp;</p>\n\n<h1>全部做到</h1>\n\n<h1>每個月最少存下 5250 元！</h1>\n\n<p>用存錢筒<span style=\"font-size:15px\">每個月至少存下 750 元！</span></p>\n\n<p>挑戰自己<span style=\"font-size:15px\">每個月再存下 1000 元！</span></p>\n\n<p>戒掉不良生活習慣<span style=\"font-size:15px\">每個月多出 2000 元！</span></p>\n\n<p>換個朋友聚會方式<span style=\"font-size:15px\">每個月存下 1500 元！</span></p>\n\n<p>除此之外<span style=\"font-size:15px\">你還省下了咖啡錢，</span></p>\n\n<p>存到了投資的基金。</p>\n\n<p>&nbsp;</p>\n\n<h2>如果你想存快一點的話&hellip;</h2>\n\n<h2>你可以考慮洗衣基金</h2>\n\n<p>自動自發，幫家人洗衣服，</p>\n\n<p>並告訴家人，口袋裡發現的現金歸你 &nbsp;<span style=\"background-color:rgb(255, 255, 255); color:rgb(62, 62, 62); font-family:arial,helvetica,sans-serif\">(=￣&omega;￣=)</span></p>\n\n<p>&nbsp;</p>\n\n<h1>下一章</h1>\n\n<h1>告訴你賺那麼多還是月光光？</h1>\n\n<h2>原來都是因為「它」&darr;&darr;&darr;&darr;&darr;</h2>\n\n<p><a href=\"http://cmy.tw/005E39\" id=\"treeTopic\">荷包的「隱形殺手」...這 5 個 原因 ，</a></p>\n\n<p><a href=\"http://cmy.tw/005E39\">讓你不知不覺浪費了 3000 元！</a></p>\n\n<p>&nbsp;</p>\n\n<p><img alt=\"\" height=\"600\" src=\"http://www.cmoney.tw/learn/cmstatic/learn/123/20200717162041821.jpg\" width=\"300\" /></p>\n\n<p>&nbsp;</p>\n\n<p>&nbsp;</p>\n",
        "ViewCount": "312518",
        "IsReference": true,
        "ReferenceList": [
            {
                "ReferenceId": 35157,
                "Description": "新手投資必看10題",
                "ReferenceUrl": "http://www.cmoney.tw/learn/course/test321",
                "ReferenceImage": "http://www.cmoney.tw/learn/cmstatic/learn/59/learnImgBBBAC504.jpg",
                "ViewCount": 40
            },
            {
                "ReferenceId": 35158,
                "Description": "理財小學堂",
                "ReferenceUrl": "http://www.cmoney.tw/learn/course/cmoney",
                "ReferenceImage": "http://www.cmoney.tw/learn/cmstatic/learn/1/learnImg03A367AB.jpg",
                "ViewCount": 37
            },
            {
                "ReferenceId": 35159,
                "Description": "價值100萬元的投資10堂課",
                "ReferenceUrl": "http://www.cmoney.tw/learn/course/%E6%80%AA%E8%80%81%E5%AD%90",
                "ReferenceImage": "http://www.cmoney.tw/learn/cmstatic/learn/90/learnImg15192FCF.jpg",
                "ViewCount": 14
            }
        ],
        "OgImgURL": "http://www.cmoney.tw/learn/cmstatic/learn/123/20180921195026442.png"
    },
    "badges": [],
    "isTreeCompleted": false,
    "nextCourse": null
}