{
    "courseDetail": {
        "CourseId": 1616,
        "CourseContent": "<p>&nbsp;</p>\n\n<p>&nbsp;</p>\n\n<p>台股近期漲上高點，</p>\n\n<p>並開始逐漸下滑，</p>\n\n<p>這段時間假如不是很厲害的投資人，</p>\n\n<p>往往會屏息以待</p>\n\n<p>或是交給專業的基金公司，</p>\n\n<p>除了基金分為主動型與被動型外，</p>\n\n<p>基金公司又多的跟山一樣，</p>\n\n<p>該怎麼選擇類型和公司呢？</p>\n\n<p>&nbsp;</p>\n\n<p>繼續看下去...</p>\n\n<p>&nbsp;</p>\n\n<p><span style=\"color:rgb(105, 105, 105)\"><span style=\"font-size:12px\">( 贊助商連結 )</span></span></p>\n\n<p><span style=\"color:rgb(105, 105, 105)\"><span style=\"font-size:12px\"><googleadsense height=\"600px\" type=\"4\" width=\"300px\"></googleadsense></span></span></p>\n\n<p>&nbsp;</p>\n\n<h1>指數型基金 的管理費通常不到 0.5%</h1>\n\n<h1>這就是績效好的原因！</h1>\n\n<p>買 指數型基金，就是在做 被動投資！</p>\n\n<p>被動投資最大的優勢</p>\n\n<p>就是你不需要像 主動式基金，</p>\n\n<p>付出如此高額的 管理費 和 手續費</p>\n\n<p>選擇&nbsp;<strong>主動型基金 &nbsp;你大約會被拿走 2% 的錢</strong></p>\n\n<p><strong>但 指數型基金 &nbsp;通常你的管理費都不到 0.5%</strong></p>\n\n<p>這 1.5%的差距</p>\n\n<p>就是為什麼 被動型基金 的績效，</p>\n\n<p>可以超過 主動型基金 績效的原因 &nbsp;</p>\n\n<p>&nbsp;</p>\n\n<h1>指數型基金 不能幫你賺比較多</h1>\n\n<h1>但能讓你賺到平均的績效，</h1>\n\n<h1>以及省下手續費！</h1>\n\n<p>雖然被動投資只能獲得很普通的績效</p>\n\n<p>不會讓你變成暴發戶 &nbsp;但你也不會賠到脫褲子</p>\n\n<p>你可以安安穩穩的拿到你該有的一份報酬率</p>\n\n<p>可以參與到整體社會的經濟成長率！</p>\n\n<p>&nbsp;</p>\n\n<h2>你可能有個疑問</h2>\n\n<h2>真的沒有辦法選出比&nbsp;平均 還優秀的基金嗎？</h2>\n\n<p>&nbsp;</p>\n\n<p>&nbsp;</p>\n\n<p>&nbsp;</p>\n\n<h1>選基金最有名的方法&nbsp;「4433法則」</h1>\n\n<h1>&nbsp;這個早就失效了</h1>\n\n<p>很多人在選擇基金時 &nbsp;是用所謂的「4433法則」</p>\n\n<p>簡單來說，4433法則，就是選擇績效持續良好的基金！</p>\n\n<p>&nbsp;</p>\n\n<p><img alt=\"\" height=\"191\" src=\"http://www.cmoney.tw/learn/cmstatic/learn/120/20150127170757034.jpeg\" width=\"600\" /></p>\n\n<p><span style=\"font-size:12px\"><span style=\"color:#696969\">（</span><a href=\"https://s.yimg.com/lo/api/res/1.2/gyuOnVLtumu4Z19Cse914A--/YXBwaWQ9eXR3bW9uZXk7dz02MDA7cmV0aW5hPXVuZGVmaW5lZDtxPTEwMDtoPXVuZGVmaW5lZA--/http://l.yimg.com/os/publish-images/finance/2014-05-29/8dc43700-e6e6-11e3-b10f-ddac3e8993cb_630X200.jpeg\" style=\"position: relative; text-decoration: underline; color: rgb(0, 119, 181);\" target=\"_blank\"><span style=\"color:#696969\">圖片來源</span></a><span style=\"color:#696969\">）</span></span></p>\n\n<p>&nbsp;</p>\n\n<p>這個方法甚至是有些金融教授推薦使用的</p>\n\n<p>他們認為過去的績效很好 代表以後的績效也會很好</p>\n\n<p>其實 這個方法&nbsp;<strong>有點笨</strong>...</p>\n\n<p>光是綠角的這篇文章 就可以把這個論點給打爆</p>\n\n<p><a href=\"http://greenhornfinancefootnote.blogspot.tw/2010/01/exception-or-rule.html\" style=\"position: relative; text-decoration: underline; color: rgb(0, 119, 181);\" target=\"_blank\">請看綠角這篇文章！</a></p>\n\n<p>&nbsp;</p>\n\n<h1>今年 No.1 的基金</h1>\n\n<h1>明年就直接吊車尾了！</h1>\n\n<h1>別再以古鑑今<span style=\"font-size:13px\">　</span></h1>\n\n<p>下面這 3 張圖是 台股基金的排名&nbsp;</p>\n\n<p>顯示出 如果今年是前 10 名的基金 &nbsp;</p>\n\n<p>那它的下一年排名會是如何？</p>\n\n<p>&nbsp;</p>\n\n<p><img alt=\"\" height=\"448\" src=\"http://www.cmoney.tw/learn/cmstatic/learn/120/20150127173108978.jpg\" width=\"700\" /></p>\n\n<p>&nbsp;</p>\n\n<p><img alt=\"\" height=\"446\" src=\"http://www.cmoney.tw/learn/cmstatic/learn/120/20150127173119693.jpg\" width=\"696\" /></p>\n\n<p>&nbsp;</p>\n\n<p><img alt=\"\" height=\"446\" src=\"http://www.cmoney.tw/learn/cmstatic/learn/120/20150127173136162.jpg\" width=\"696\" /></p>\n\n<p>&nbsp;</p>\n\n<h1>這 3 張圖 已經解釋得非常清楚</h1>\n\n<h1>今年是前 10 名的基金 &nbsp;</h1>\n\n<h1>大部分下一年就不知道死哪裡去了</h1>\n\n<p>如果你因為過去的業績好 就去買這支基金</p>\n\n<p>那根據上面的統計 &nbsp;我想...</p>\n\n<p>&nbsp;</p>\n\n<p>&nbsp;</p>\n\n<h1>我們的運氣 會有用完的一天．．．</h1>\n\n<p>其實 &nbsp;這個排名是很容易用運氣解釋的</p>\n\n<p>就好像 現在有一個擲筊比賽 &nbsp;</p>\n\n<p>有 1000 個人比賽，每個人開始擲筊</p>\n\n<p>&nbsp;聖筊的人可以到下一輪 &nbsp;不然就會淘汰</p>\n\n<p>那最後的冠軍 &nbsp;是非常有可能連續擲出 10 次聖筊的</p>\n\n<p>&nbsp;</p>\n\n<p>因為擲出聖筊的機率是 2 分之 1 &nbsp;&nbsp;</p>\n\n<p>連續擲出 10 次聖筊的機率是 &nbsp;2 分之 1 的 十次方&nbsp;</p>\n\n<p>也就是 1024 分之 1</p>\n\n<p>因為有 1000 個人比賽</p>\n\n<p>所以本來就非常有可能有 1 個人可以連續擲出 10 次聖筊</p>\n\n<p><br />\n這時候 &nbsp;記者訪問他： 請問你是怎麼做到的呢？</p>\n\n<p>&quot;恩~因為我看了 &lt;秘密&gt; 這本書 &nbsp;</p>\n\n<p>所以我就一直心裡想著我擲出聖筊的畫面~&quot;</p>\n\n<p>&quot;恩~因為我從小就開始擲筊 &nbsp;</p>\n\n<p>可能是我不斷練習的關係吧！&quot;</p>\n\n<p>&quot;恩~我覺得這是冥冥之中的一股力量...&quot;</p>\n\n<p>&nbsp;</p>\n\n<p><img alt=\"\" height=\"187\" src=\"http://www.cmoney.tw/learn/cmstatic/learn/120/20150127174210757.png\" width=\"200\" /></p>\n\n<p>&nbsp;</p>\n\n<p>基金的排名也是一樣</p>\n\n<p>如果它不能長期擁有優秀的績效</p>\n\n<p>那它某一年的好績效 &nbsp;就非常有可能是運氣好</p>\n\n<p>就好像我們看的上面那些排名圖</p>\n\n<p>大部分排在前面的基金 幾乎瞬間就掛掉</p>\n\n<p>&nbsp;</p>\n\n<p>除非...</p>\n\n<p>有一種人 &nbsp;每次比賽都可以連續擲出10個聖筊&nbsp;</p>\n\n<p>那你就要去思考 &nbsp;他是不是有特別的方法 &nbsp;</p>\n\n<p>例如 巴菲特、彼得林區...</p>\n\n<p>&nbsp;</p>\n\n<p>所以...</p>\n\n<p>在買基金前，你說：「我覺得這基金.. 以前很好，</p>\n\n<p>所以我相信他未來也有發展性！」</p>\n\n<p>那這個理由就要小心囉～</p>\n\n<p>看完這篇　還這樣子想的話，後果不堪設想喔...</p>\n\n<p>你說：「我認同這個基金經理人的做法」、</p>\n\n<p>「我看好這個基金的投資項目」．．．</p>\n\n<p>這幾個理由還比較可以夠接受～</p>\n\n<p>總之　</p>\n\n<h2><strong>冷靜判斷 不要衝動 就不會賠了夫人又折兵</strong></h2>\n\n<h2>你知道嗎？現在不學好投資</h2>\n\n<h2>你會比別人多辛苦十年...</h2>\n\n<p>想學投資，卻不知從何下手？</p>\n\n<p>用16堂課，就能學會如何操作0050</p>\n\n<p>輕鬆踏出理財的第一步！</p>\n\n<p>立即了解課程 &gt;&gt;&nbsp;<a href=\"http://cmy.tw/006mys\"><span style=\"font-family:times new roman; font-size:small\">http://cmy.tw/006mys</span></a></p>\n\n<p><a href=\"http://cmy.tw/006mys\" style=\"outline-style: initial; outline-width: 0px; text-decoration-line: underline; color: rgb(0, 119, 181); position: relative;\" target=\"_blank\"><img alt=\"\" height=\"520\" src=\"http://www.cmoney.tw/notes/cmstatic/notes/capture/744971/20190613171633668.gif\" width=\"364\" /></a></p>\n\n<p>本文整理自&nbsp;<a href=\"http://investarter.blogspot.tw/2012/11/blog-post_26.html\" target=\"_blank\">阿升理財筆記</a></p>\n\n<p>&nbsp;</p>\n\n<h2>還有其他 10 堂投資課程，</h2>\n\n<h2>學完你就不再是理財新手囉！▶▶<a href=\"http://cmy.tw/004UYG\">看下一課</a></h2>\n",
        "ViewCount": "13683",
        "IsReference": true,
        "ReferenceList": [
            {
                "ReferenceId": 33017,
                "Description": "就是這 4個原因，讓巴菲特投資買下這間 糖果店！",
                "ReferenceUrl": "http://www.cmoney.tw/notes/note-detail.aspx?nid=25424",
                "ReferenceImage": "http://www.cmoney.tw/learn/cmstatic/learn/121/20150129153635181.jpg",
                "ViewCount": 38
            },
            {
                "ReferenceId": 33018,
                "Description": "林恩如剛入股市就慘賠收場，現在 卻每天過得悠閒自在！因為她下了一個重要的決定...",
                "ReferenceUrl": "http://www.cmoney.tw/notes/note-detail.aspx?nid=25339",
                "ReferenceImage": "http://www.cmoney.tw/notes/cmstatic/notes/capture/56958/20150211180951221.jpeg",
                "ViewCount": 17
            },
            {
                "ReferenceId": 33019,
                "Description": "房地合一轉「輕稅」！ 9 檔「年年穩配高股息」+「主力悄悄布局」營建股 搶先布局",
                "ReferenceUrl": "http://www.cmoney.tw/notes/note-detail.aspx?nid=25326",
                "ReferenceImage": "http://www.cmoney.tw/notes/cmstatic/notes/capture/128019/20150211164154451.jpg",
                "ViewCount": 56
            }
        ],
        "OgImgURL": "http://www.cmoney.tw/learn/cmstatic/learn/120/20150127170757034.jpeg"
    },
    "badges": [],
    "isTreeCompleted": false,
    "nextCourse": null
}