{
    "courseDetail": {
        "CourseId": 1617,
        "CourseContent": "<p><img alt=\"\" height=\"339\" src=\"http://www.cmoney.tw/learn/cmstatic/learn/123/20200721094533383.jpg\" width=\"650\" /></p>\n\n<p><span style=\"color:rgb(51, 51, 51); font-size:16px\">(圖片來源:&nbsp;shutter stock )</span></p>\n\n<p>&nbsp;</p>\n\n<h1>為什麼你一個月</h1>\n\n<h1>明明就賺超過 30K</h1>\n\n<p>也很努力的為自己的未來</p>\n\n<p>做好了一些投資規劃，</p>\n\n<p>鈔票卻還是一張張地從你口袋飛走呢？</p>\n\n<p>&nbsp;</p>\n\n<h2>答案是：</h2>\n\n<p>在你沒有察覺的時候，</p>\n\n<p>花了很多不該花的錢！</p>\n\n<p>以下幫你列出了一些，</p>\n\n<p>你可能會一不小心</p>\n\n<p>就花了大把鈔票的原因...</p>\n\n<p>&nbsp;</p>\n\n<p>繼續看下去...</p>\n\n<p>&nbsp;</p>\n\n<p><span style=\"color:#808080\"><span style=\"font-size:12px\">(贊助商連結...)</span></span></p>\n\n<p><dfp type=\"3\"></dfp></p>\n\n<h1>1、衝動性購物</h1>\n\n<h1>一次少一張 1000 元大鈔！</h1>\n\n<h2>錢包的千元大鈔</h2>\n\n<h2>總是不知不覺在減少嗎?</h2>\n\n<p>如果你是用當下的感覺<span style=\"font-size:15px\">購買商品的話，</span></p>\n\n<p>這種方式<span style=\"font-size:15px\">會讓你花過多的錢，</span></p>\n\n<p>買過多不必要的商品。</p>\n\n<p>&nbsp;</p>\n\n<p><strong><span style=\"background-color:#FFFF00\">解決方法：放回去就對了</span></strong></p>\n\n<p>一進商店很快地就看到一件</p>\n\n<p>妳事先沒規劃好&nbsp;<span style=\"font-size:15px\">但很想買東西時，</span></p>\n\n<h2>先放回去！</h2>\n\n<h2>放回去就對了！</h2>\n\n<p>&nbsp;</p>\n\n<p>回家做一些自我思考，</p>\n\n<p>你是否真的那麼迫切需要這些東西，</p>\n\n<p>如果你真的需要這個東西的話，</p>\n\n<p>上網搜尋看看，你一定可以</p>\n\n<p>以更合理的價格買到這個東西！</p>\n\n<p><span style=\"font-size:12px\">【延伸閱讀】<a href=\"http://www.cmoney.tw/notes/note-detail.aspx?nid=20403\" target=\"_blank\">別用衝動換一生的貧窮</a></span></p>\n\n<p>&nbsp;</p>\n\n<h1>2、註冊了號稱</h1>\n\n<h1>「免錢」的軟體或課程</h1>\n\n<h2>天下沒有白吃的午餐</h2>\n\n<p>這是亙古不變的道理，</p>\n\n<p>那些標榜「永遠免費」的遊戲，</p>\n\n<p>或者是軟體往往是一大陷阱。</p>\n\n<p>一但你登入進去，</p>\n\n<p>他便會開始以各種名義，</p>\n\n<p>要求你升級或者是買點數。</p>\n\n<p>&nbsp;</p>\n\n<p><strong><span style=\"background-color:#FFFF00\">解決方法：不要輸入信用卡卡號！</span></strong></p>\n\n<p>有個簡易的小方法，</p>\n\n<p>讓你不陷入「免費」這兩個字的泥沼，</p>\n\n<p>當你想要註冊一些免費試用的網站時，</p>\n\n<p>確定好你並沒有依他們的要求</p>\n\n<p>輸入你的信用卡卡號，</p>\n\n<p>如果你這樣做的話就要更加得小心，</p>\n\n<p>並且記得在試用期過後取消他們的服務，</p>\n\n<p>否則那些隨之而來不知不覺的帳單，</p>\n\n<p>可是很恐怖的...</p>\n\n<p>&nbsp;</p>\n\n<p><dfp type=\"2\"></dfp></p>\n\n<p>&nbsp;</p>\n\n<h1>3、買東西時沒有貨比三家</h1>\n\n<h1>差了好幾百元卻不自知</h1>\n\n<h2>買貴退差價！</h2>\n\n<h2>但你真的有退過嗎？</h2>\n\n<p>小資族的你，</p>\n\n<p>是否有遇過這樣的狀況？</p>\n\n<p>我剛剛在另一條街買的衣服，</p>\n\n<p>居然比這家店貴了&nbsp;<span style=\"font-size:15px\">200 元...</span></p>\n\n<p>&nbsp;</p>\n\n<p><strong><span style=\"background-color:#FFFF00\">解決方法：買之前先做功課！</span></strong></p>\n\n<p>這就是你沒有貨比三家的結果，</p>\n\n<p>想要省錢不亂花，</p>\n\n<p>買東西前做的研究一定要足夠，</p>\n\n<p>除了貨比三家之外，</p>\n\n<p>不要局限於「目前」的價格，</p>\n\n<p>年底周年慶或者是換季大折扣，</p>\n\n<p>更是你要做功課的時候，</p>\n\n<p>特別是比較昂貴，</p>\n\n<p>或者是較大項的物品例如家具家電，</p>\n\n<p>更是你可以趁機撿便宜的日子！</p>\n\n<p>&nbsp;</p>\n\n<h1>4、沒有寫下你的花費目標</h1>\n\n<h1>至少多花 2000 元</h1>\n\n<p>寫下花費目標，</p>\n\n<p>可以幫你把你花的錢，</p>\n\n<p>維持在一定的水平上面。</p>\n\n<p>也可以幫助你了解，</p>\n\n<p>是不是有些花費根本就不必要，</p>\n\n<p>大多數人，每個月有 20%~ 50%</p>\n\n<p>的花費是浪費掉的！</p>\n\n<p>&nbsp;</p>\n\n<h2>如果每個月固定花費是 1 萬元</h2>\n\n<h2>那至少有 2000 元能被省下來！</h2>\n\n<p>假如你註冊了一個</p>\n\n<p>健身房的會員花了月費 1000 元，</p>\n\n<p>但你根本就很少去或者是幾乎不去，</p>\n\n<p>就這樣每個月都被自動扣繳了這些錢，</p>\n\n<p>你卻截然不知？</p>\n\n<p>&nbsp;</p>\n\n<h2>寫下花費目標</h2>\n\n<p>就可以幫你找出這些不必要的花費！</p>\n\n<p>如果還是不知道要怎麼寫的話，</p>\n\n<p>可以先考慮看看：</p>\n\n<p><a href=\"http://www.cmoney.tw/learn/course/firstgoldtips/topic/1568\" target=\"_blank\">【寫下花費目標 </a></p>\n\n<p><a href=\"http://www.cmoney.tw/learn/course/firstgoldtips/topic/1568\" target=\"_blank\">可以幫你省下</a><a href=\"http://www.cmoney.tw/learn/course/firstgoldtips/topic/1568\" target=\"_blank\">更多、更多...的錢！】</a></p>\n\n<p>再來利用&nbsp;<a href=\"http://www.cmoney.tw/app/ItemContent.aspx?id=1215\" target=\"_blank\">收支計算工具</a>&nbsp;試試看唷！</p>\n\n<p>&nbsp;</p>\n\n<p><dfp type=\"1\"></dfp></p>\n\n<p>&nbsp;</p>\n\n<h1>5、不清楚自己的</h1>\n\n<h1>「信用卡」跟「貸款利息」</h1>\n\n<h1>那會是一場災難...</h1>\n\n<h2>你還記得你的利率是多少嗎？</h2>\n\n<h2>是 3% 還是 8%？</h2>\n\n<p>這可能是你最大的浪費之一，</p>\n\n<p>不知道你自己的貸款利息，</p>\n\n<p>跟信用卡的利率。</p>\n\n<p>可能會讓你損失非常多的錢...</p>\n\n<p>快點去查看看你的利率是多少，</p>\n\n<p>找些方法降低他們，不要再當冤大頭了！</p>\n\n<p>&nbsp;</p>\n\n<p>最大的浪費都來自平常的壞習慣！</p>\n\n<h2>做好需要與不需要的金錢</h2>\n\n<h2>分配規劃，就可以</h2>\n\n<h2>幫你省下更多的錢唷！</h2>\n\n<p>&nbsp;</p>\n\n<h1>下一章</h1>\n\n<h2>如何正確「記帳」？</h2>\n\n<h2>你記對了嗎？&darr;&darr;&darr;</h2>\n\n<p><span style=\"font-size:12px\"><u><a class=\"in-cell-link\" href=\"http://cmy.tw/005Bk1\" target=\"_blank\">不要再用錯誤的方式記帳了...</a></u></span></p>\n\n<p><span style=\"font-size:12px\"><u><a class=\"in-cell-link\" href=\"http://cmy.tw/005Bk1\" target=\"_blank\">這 5 種「小技巧」一個月多省3000元！</a></u></span></p>\n\n<p>&nbsp;</p>\n\n<h2><img alt=\"\" height=\"600\" src=\"http://www.cmoney.tw/learn/cmstatic/learn/123/20200720105410216.jpg\" width=\"300\" /></h2>\n\n<p>&nbsp;</p>\n\n<p>&nbsp;</p>\n",
        "ViewCount": "127474",
        "IsReference": true,
        "ReferenceList": [
            {
                "ReferenceId": 35184,
                "Description": "怪老子的10堂投資課",
                "ReferenceUrl": "http://www.cmoney.tw/learn/course/%E6%80%AA%E8%80%81%E5%AD%90",
                "ReferenceImage": "http://www.cmoney.tw/learn/cmstatic/learn/90/learnImg15192FCF.jpg",
                "ViewCount": 5
            },
            {
                "ReferenceId": 35185,
                "Description": "理財小學堂",
                "ReferenceUrl": "http://www.cmoney.tw/learn/course/cmoney",
                "ReferenceImage": "http://www.cmoney.tw/learn/cmstatic/learn/1/learnImg03A367AB.jpg",
                "ViewCount": 5
            },
            {
                "ReferenceId": 35186,
                "Description": "新手投資必看10題",
                "ReferenceUrl": "http://www.cmoney.tw/learn/course/test321",
                "ReferenceImage": "http://www.cmoney.tw/learn/cmstatic/learn/59/learnImgBBBAC504.jpg",
                "ViewCount": 11
            }
        ],
        "OgImgURL": "http://www.cmoney.tw/learn/cmstatic/learn/123/20200721094533383.jpg"
    },
    "badges": [],
    "isTreeCompleted": false,
    "nextCourse": null
}