{
    "courseDetail": {
        "CourseId": 1627,
        "CourseContent": "<p><img alt=\"\" height=\"338\" src=\"http://www.cmoney.tw/learn/cmstatic/learn/123/20181001171223903.JPG\" width=\"650\" /></p>\n\n<p>(圖片來源：shutterstock)</p>\n\n<p>&nbsp;</p>\n\n<h1>也許你已經學了很多</h1>\n\n<h1>省錢的方法</h1>\n\n<h2>但「減少不必要支出」</h2>\n\n<h2>絕對要靠記帳！</h2>\n\n<p>來讓他加以圓滿</p>\n\n<p>有了明確的記帳明細</p>\n\n<p>我們將可以更了解</p>\n\n<p>現金的進出是否恰當</p>\n\n<p>這 5 種技巧 保證讓你一個月多省 3000 ！</p>\n\n<p>&nbsp;</p>\n\n<p>繼續看下去...</p>\n\n<p>&nbsp;</p>\n\n<p><span style=\"color:rgb(128, 128, 128)\"><span style=\"font-size:12px\">(贊助商連結...)</span></span></p>\n\n<p><dfp type=\"3\"></dfp></p>\n\n<h1>1、不管怎樣</h1>\n\n<h1>先把一部分收入存起來</h1>\n\n<h2>每個月發薪後</h2>\n\n<h2>先往帳戶存 10000 元</h2>\n\n<p>記帳很重要的目的就是</p>\n\n<p>我們不是要把用剩的錢存起來，</p>\n\n<p>而是應該要有一個固定花費的預算。</p>\n\n<p>當這個月我們領到薪水時，</p>\n\n<p>應該就要先把一部分存起來當作儲蓄，</p>\n\n<p>剩下才是我們這個月可使用的開銷額度，</p>\n\n<p>因為有了使用錢的上限，</p>\n\n<p>在平常的支出上面，</p>\n\n<p>我們也會比較量入為出。</p>\n\n<p>&nbsp;</p>\n\n<h1>2、每天絕不超過「花費上限」</h1>\n\n<p>首先，<span style=\"font-size:15px\">決定每天想要花多少錢，</span></p>\n\n<p>平常記帳雖然是</p>\n\n<p>當天就記下你所花費的金額，</p>\n\n<p><strong><span style=\"background-color:#FFFF00\">但其實記帳的目的是</span></strong><strong><span style=\"background-color:#FFFF00\">「給未來看的」。</span></strong></p>\n\n<p>如果你在做預算的時候，</p>\n\n<p>打算 3 個月後來趟日本之旅，</p>\n\n<p>就必須要利用你「過去」<span style=\"font-size:15px\">記好的開銷</span><span style=\"font-size:15px\">，</span></p>\n\n<p><span style=\"font-size:15px\">來預估會有多少的結餘&nbsp;</span></p>\n\n<p><span style=\"font-size:15px\">用來</span><span style=\"font-size:15px\">支付你未來的規劃。</span></p>\n\n<p>&nbsp;</p>\n\n<p>如果平常給自己的吃飯花費</p>\n\n<p>預算為一天 200 元，</p>\n\n<p>在記帳的時候</p>\n\n<p>你心中就大概要有個底，</p>\n\n<p>例如：吃一頓早餐花了 80 元，</p>\n\n<p>那午餐跟晚餐一餐就不能超過 60 元，</p>\n\n<p>記帳可以避免你在一個不小心之下</p>\n\n<p>就花超過本來自己預估的預算！</p>\n\n<h2>如果每天都節省超支 100 元</h2>\n\n<h2>一個月就能省下了 3000 元！</h2>\n\n<p>&nbsp;</p>\n\n<p><dfp type=\"2\"></dfp></p>\n\n<p>&nbsp;</p>\n\n<h1>3、幫自己的花費項目做好分類</h1>\n\n<p>今天去了一趟大賣場</p>\n\n<p>買了好多種東西，</p>\n\n<p>一次大採購生活用品，</p>\n\n<p>就把好幾天記帳空間的扣打用完了，</p>\n\n<p>不僅帳目不好看也很零碎複雜！</p>\n\n<p>這種大量採買單價較低的生活用品時，</p>\n\n<p>我們其實可以利用<strong><span style=\"background-color:#FFFF00\">分類</span></strong>的方式。</p>\n\n<p>&nbsp;</p>\n\n<p>像是原子筆、筆記本歸類在「文具用品」，</p>\n\n<p>垃圾袋、拖把就可以歸類「生活用品」，</p>\n\n<p>食物類的就歸類「飲食支出」，</p>\n\n<p>如果有特殊的品項在拉出來特別紀錄，</p>\n\n<p>這樣不僅可以讓記帳本整齊美觀，</p>\n\n<p>也可以簡記帳的步驟！</p>\n\n<p>&nbsp;</p>\n\n<h1>４、用不同的顏色</h1>\n\n<h1>紀錄區分你的花費類別</h1>\n\n<h2>如果平常習慣用手寫的記帳本</h2>\n\n<p>那建議要用不同顏色的筆區分帳目，</p>\n\n<p>比如說吃飯錢就用藍色的筆，</p>\n\n<p>日常用品用綠色的筆，</p>\n\n<p>如果超出一天的預算，</p>\n\n<p>就用紅色的筆特別標記，</p>\n\n<p>就能讓你一目了然收支狀況~</p>\n\n<h2>如果用的是 excel</h2>\n\n<h2>或者是網路上的記帳軟體</h2>\n\n<p>那就更方便啦！</p>\n\n<p>你可以利用&nbsp;<a href=\"http://blog.17rich.com/accounting-software.html\" target=\"_blank\">excel記帳軟體</a>&nbsp;操作，</p>\n\n<p>現在智慧型手機那麼的方便，</p>\n\n<p>下載免費的&nbsp;<a href=\"https://play.google.com/store/apps/details?id=com.lib.cwmoney&amp;hl=zh_TW\" target=\"_blank\">記帳app</a>，</p>\n\n<p>也可以幫助你快速且隨時輕鬆記帳。</p>\n\n<p>當然如果你是 excel 高手的話，</p>\n\n<p>為自己設計適合的記帳本那就最棒了。</p>\n\n<p>&nbsp;</p>\n\n<p><a href=\"http://cmy.tw/008NnG\" target=\"_blank\"><img alt=\"\" height=\"250\" src=\"http://www.cmoney.tw/learn/cmstatic/learn/123/20200720162312200.jpg\" width=\"300\" /></a></p>\n\n<p>&nbsp;</p>\n\n<h1>5、把你的發票單據</h1>\n\n<h1>與 ATM 明細收好</h1>\n\n<h2>保存發票及收據</h2>\n\n<h2>讓你的金額更準確</h2>\n\n<p>如果你平常沒有時間或常忘記記帳的話，</p>\n\n<p>不妨試試看多以銀行轉帳、刷信用卡</p>\n\n<p>自動扣繳之類的方式 支付你平常生活的開銷，</p>\n\n<p>對帳單、發票、收據等單據盡量保存下來，</p>\n\n<p>在固定有空的時間</p>\n\n<p>把他們全部拿出來好好地整理一次，</p>\n\n<p>記在自己的帳本上面</p>\n\n<p>這樣也不失為一個好方法，</p>\n\n<p>而且也能使你的帳面金額更佳的精確！</p>\n\n<h2>保存 ATM 提領明細</h2>\n\n<h2>讓你知道你的「小錢」花多快</h2>\n\n<p>&nbsp;</p>\n\n<p>如果不是那麼頻繁刷存摺的話，</p>\n\n<p>保留你的提領紀錄明細</p>\n\n<p>可以知道領錢的頻率，</p>\n\n<p>不然一發現錢包沒錢</p>\n\n<p>就去領個一兩千塊，</p>\n\n<p>很容易讓你不知不覺就花太多錢。</p>\n\n<p>&nbsp;</p>\n\n<p><dfp type=\"1\"></dfp></p>\n\n<p>&nbsp;</p>\n\n<h1>小結&nbsp;</h1>\n\n<p>這些是我們日常記帳</p>\n\n<p>可以用到的一些小撇步，</p>\n\n<p>簡單的小動作可以知道金錢的動向，</p>\n\n<p>更可以省下不必要的開支，</p>\n\n<p>但用看的用想的不如親身力行，</p>\n\n<p>自己試試看，</p>\n\n<p>實用又簡單的記帳本吧！</p>\n\n<h2>記帳在生活中真的不可或缺，</h2>\n\n<h2>也是理財投資最基本的動作！</h2>\n\n<p>&nbsp;</p>\n\n<h1>快看下一章～</h1>\n\n<h2>當你每天喊窮時，有錢人在做什麼？</h2>\n\n<p><span style=\"font-size:12px\"><u><a class=\"in-cell-link\" href=\"http://cmy.tw/0059Hr\" target=\"_blank\">就是這些「壞習慣」讓你只能當窮人...</a></u></span></p>\n\n<p><span style=\"font-size:12px\"><u><a class=\"in-cell-link\" href=\"http://cmy.tw/0059Hr\" target=\"_blank\">有錢人絕不做的 6 件事，你都知道嗎？</a></u></span></p>\n\n<h2>&nbsp;</h2>\n\n<p><a href=\"http://cmy.tw/009YkZ\" target=\"_blank\"><img alt=\"\" height=\"600\" src=\"http://www.cmoney.tw/learn/cmstatic/learn/123/20200720162205989.jpg\" width=\"300\" /></a></p>\n\n<p>&nbsp;</p>\n",
        "ViewCount": "154719",
        "IsReference": true,
        "ReferenceList": [
            {
                "ReferenceId": 35169,
                "Description": "新手投資必看10題",
                "ReferenceUrl": "http://www.cmoney.tw/learn/course/test321",
                "ReferenceImage": "http://www.cmoney.tw/learn/cmstatic/learn/59/learnImgBBBAC504.jpg",
                "ViewCount": 23
            },
            {
                "ReferenceId": 35170,
                "Description": "價值100萬元的投資10堂課",
                "ReferenceUrl": "http://www.cmoney.tw/learn/course/%E6%80%AA%E8%80%81%E5%AD%90",
                "ReferenceImage": "http://www.cmoney.tw/learn/cmstatic/learn/90/learnImg15192FCF.jpg",
                "ViewCount": 19
            },
            {
                "ReferenceId": 35171,
                "Description": "理財小學堂",
                "ReferenceUrl": "http://www.cmoney.tw/learn/course/cmoney",
                "ReferenceImage": "http://www.cmoney.tw/learn/cmstatic/learn/1/learnImg03A367AB.jpg",
                "ViewCount": 19
            }
        ],
        "OgImgURL": "http://www.cmoney.tw/learn/cmstatic/learn/123/20181001171223903.JPG"
    },
    "badges": [],
    "isTreeCompleted": false,
    "nextCourse": null
}