{
    "courseDetail": {
        "CourseId": 1626,
        "CourseContent": "<p>&nbsp;</p>\n\n<p>&nbsp;</p>\n\n<p>菜籃投資 算是被動投資法的其中一種</p>\n\n<p>而被動投資的精隨就在: &nbsp;</p>\n\n<p><span style=\"color:#0000FF\">&nbsp;&quot;分散風險、長期投資&quot;</span></p>\n\n<p>所以 簡單來說</p>\n\n<p>菜籃投資 落實了&quot;分散風險&quot;這個原則&nbsp;</p>\n\n<p>就像是去市場買菜時</p>\n\n<p>裡面裝了蔬菜 水果 五穀雜糧等..</p>\n\n<p>&nbsp;讓我們能飲食均衡；</p>\n\n<p>在投資市場上 則是各種股票都買，</p>\n\n<p>之後讓你穩定的獲利</p>\n\n<p>那菜籃投資要怎麼買呢？</p>\n\n<p>&nbsp;</p>\n\n<p>繼續看下去...</p>\n\n<p>&nbsp;</p>\n\n<p><span style=\"color:rgb(105, 105, 105)\"><span style=\"font-size:12px\">( 贊助商連結 )</span></span></p>\n\n<p><googleadsense height=\"600px\" type=\"4\" width=\"300px\"></googleadsense></p>\n\n<p>&nbsp;</p>\n\n<h1>雞蛋不要放在同一個籃子裡</h1>\n\n<p>對於一個股市新手而言&nbsp;</p>\n\n<p>隨便看看報紙 看看電視 &nbsp;聽朋友說說 &nbsp;就跟著買股票</p>\n\n<p>這樣的結果非常危險</p>\n\n<p>&nbsp;</p>\n\n<p>選到好股票 本來就很困難</p>\n\n<p>如果你懶得選股票</p>\n\n<p>你就乾脆全部都買 &nbsp;這樣就不用擔心選到地雷股了</p>\n\n<p>&nbsp;</p>\n\n<p>&nbsp;</p>\n\n<p>&nbsp;</p>\n\n<h1>被動投資就從指數型基金(ETF)開始</h1>\n\n<h1>買了之後就給他放著 生錢</h1>\n\n<p>但以一般的小資族而言</p>\n\n<p>可能一張股票都買不起了 &nbsp;更何況是全部都買呢？</p>\n\n<p>&nbsp;</p>\n\n<p>所以 &nbsp;就出現了像<strong>先鋒 ( Vanguard ) </strong>這樣子的基金機構</p>\n\n<p>發行指數化基金 &nbsp;讓我們一般人可以用一點點的錢就投資指數</p>\n\n<p>所謂的 <strong>指數化基金</strong>&nbsp;不像一般的基金 &nbsp;需要想辦法挑出好股票來獲得超越大盤的績效</p>\n\n<p>它只需要跟指數表現一樣就行了 &nbsp;所以經理人的費用就省了</p>\n\n<p>&nbsp;</p>\n\n<h2>1994-1996年間，指數化投資績效擊敗美國 91% 股票型基金...</h2>\n\n<p>&nbsp;</p>\n\n<p>&nbsp;</p>\n\n<p>在台灣 &nbsp;也有指數化基金</p>\n\n<p>例如寶來投信發行的 &quot;元大寶來台灣加權股價指數基金&quot;</p>\n\n<p>就是想辦法追蹤台灣加權股價指數的績效</p>\n\n<p>它的經理費是 0.6% ~ 0.7% &nbsp; 保管費是0.1%</p>\n\n<p>重點是 &nbsp;最低金額只需要1萬元</p>\n\n<p>所以小資族一定是負擔的起囉~</p>\n\n<p>&nbsp;</p>\n\n<p>&nbsp;</p>\n\n<h1>ETF像一個菜籃 把菜市場上優質的好股票都拿進來</h1>\n\n<h1>不用去想要買甚麼菜(股票)，直接買這個菜籃就可以了</h1>\n\n<p>另一個指數化投資的工具 &nbsp;叫做 ETF</p>\n\n<p><span style=\"color:#0000CD\">ETF ( Exchange-Traded Fund) &nbsp;</span></p>\n\n<p>中文叫做 &quot;<span style=\"color:#0000FF\">在證券交易所買賣的基金</span>&quot;</p>\n\n<p>什麼意思呢？</p>\n\n<p>一般的基金買賣 &nbsp;不能在證券交易所買賣</p>\n\n<p>它是基金公司集合這些錢 &nbsp;由基金公司去操盤(買賣股票)</p>\n\n<p>我們無論是買基金 (申購) &nbsp;還是賣基金 (贖回)</p>\n\n<p>都是面對基金公司 而交易的價格是當天的淨值&nbsp;</p>\n\n<p>&nbsp;</p>\n\n<p>ETF的買賣方式 &nbsp;就像股票一樣 &nbsp;</p>\n\n<p>在開盤時間都可以交易</p>\n\n<p>是由一群買方和賣方去競爭價格。</p>\n\n<p>當你擁有某一家公司的股票 &nbsp;代表的是你有這家公司的所有權</p>\n\n<p>而當你購買ETF &nbsp;你可以想像你擁有一群股票的所有權</p>\n\n<p>&nbsp;</p>\n\n<p>最後，</p>\n\n<h2>投資指數型基金 要準備的就是 時間</h2>\n\n<p>這類基金屬於長期投資 需要時間沉澱、發酵的</p>\n\n<p>最好越懶越好，</p>\n\n<p>每個月定期轉帳或者申購 但是就是不要去關心它的績效，</p>\n\n<p>大概每年調整一次投資比例，就夠了。</p>\n\n<p>&nbsp;</p>\n\n<p>本文整理自：<a href=\"http://investarter.blogspot.tw/2012/11/blog-post_28.html\" target=\"_blank\">阿升理財筆記</a></p>\n\n<p>&nbsp;</p>\n\n<h2>你知道嗎？現在不學好投資</h2>\n\n<h2>你會比別人多辛苦十年...</h2>\n\n<p>想學投資，卻不知從何下手？</p>\n\n<p>用16堂課，就能學會如何操作0050</p>\n\n<p>輕鬆踏出理財的第一步！</p>\n\n<p>立即了解課程 &gt;&gt;&nbsp;<a href=\"http://cmy.tw/006mys\"><span style=\"font-family:times new roman; font-size:small\">http://cmy.tw/006mys</span></a></p>\n\n<p><a href=\"http://cmy.tw/006mys\" style=\"outline-style: initial; outline-width: 0px; text-decoration-line: underline; color: rgb(0, 119, 181); position: relative;\" target=\"_blank\"><img alt=\"\" height=\"520\" src=\"http://www.cmoney.tw/notes/cmstatic/notes/capture/744971/20190613171633668.gif\" width=\"364\" /></a></p>\n\n<h2>還有其他 10 堂投資課程，</h2>\n\n<h2>學完你就不再是理財新手囉！▶▶<a href=\"http://cmy.tw/004UYG\">看下一課</a></h2>\n",
        "ViewCount": "24728",
        "IsReference": true,
        "ReferenceList": [
            {
                "ReferenceId": 33023,
                "Description": "好煩惱，買進股票後 要抱長抱短呢？看這 3 種人的動作，你就知道了！",
                "ReferenceUrl": "http://www.cmoney.tw/notes/note-detail.aspx?nid=24005",
                "ReferenceImage": "http://www.cmoney.tw/notes/cmstatic/notes/capture/70544/20150123111720086.jpg",
                "ViewCount": 15
            },
            {
                "ReferenceId": 33024,
                "Description": "讀者問:「大盤會像去年一樣，出現大漲行情？」少了這 1 點 大行情很難說...",
                "ReferenceUrl": "http://www.cmoney.tw/notes/note-detail.aspx?nid=23824",
                "ReferenceImage": "http://www.cmoney.tw/notes/cmstatic/notes/capture/70544/20150121133751132.jpg",
                "ViewCount": 12
            },
            {
                "ReferenceId": 33025,
                "Description": "每個月都能收割獲利的「小飆股」~ 靠這 1 招就能找到...(內附 26 檔清單)",
                "ReferenceUrl": "http://www.cmoney.tw/notes/note-detail.aspx?nid=24371",
                "ReferenceImage": "http://www.cmoney.tw/notes/cmstatic/notes/capture/57811/20150128145510705.jpg",
                "ViewCount": 149
            }
        ],
        "OgImgURL": "http://www.cmoney.tw/notes/cmstatic/notes/capture/744971/20190613171633668.gif"
    },
    "badges": [],
    "isTreeCompleted": false,
    "nextCourse": null
}