{
    "courseDetail": {
        "CourseId": 1638,
        "CourseContent": "<p>&nbsp;</p>\n\n<p><strong>外資 是台股市場的大主力，</strong></p>\n\n<h1><strong>因此主力 與外資 動向通常一致！</strong></h1>\n\n<p>外資 是台股市場的大主力，</p>\n\n<p>大部分的時間，外資主導台股的動向！</p>\n\n<p>因此，從「大盤籌碼」中，你會發現，</p>\n\n<p>「主力買賣超」跟「外資」的動向，幾乎是一樣的！</p>\n\n<p><img alt=\"\" height=\"661\" src=\"http://www.cmoney.tw/notes/cmstatic/notes/capture/70544/20150116121915188.jpg\" width=\"700\" /></p>\n\n<p>資料來源：<a href=\"http://www.cmoney.tw/app/itemcontent.aspx?id=1812\" style=\"margin: 0px; padding: 0px; outline: none; position: relative; color: rgb(0, 119, 181);\" target=\"_blank\">籌碼Ｋ線</a></p>\n\n<p>&nbsp;</p>\n\n<h1><strong>但 台資主力資訊領先外資一步，</strong></h1>\n\n<h1><strong>從主力與外資的差異 發現大盤轉折點</strong></h1>\n\n<p>雖然動向幾乎一模一樣，</p>\n\n<p>但還是有外資跟主力是不同向的時候。</p>\n\n<p>&nbsp;</p>\n\n<p>從過去的經驗，</p>\n\n<p>台股另外有一群台資市場主力，</p>\n\n<p>因為擁有台資市場的最新消息，</p>\n\n<p>往往都能夠領先外資 掌握轉折點！</p>\n\n<p>&nbsp;</p>\n\n<h2><strong>2014年7月 從主力轉向發現 結束多頭轉折點</strong></h2>\n\n<p>記得去年7月份，</p>\n\n<p>加權指數最高來到了9593點，</p>\n\n<p>大家都在想，到底是繼續飆高？ 還是過高下跌呢？</p>\n\n<p>&nbsp;</p>\n\n<p>在指數持續創高、高檔盤整時，</p>\n\n<p>出現了幾次 主力跟外資反向，</p>\n\n<p>台資主力可能偷偷在表示：我不玩了！</p>\n\n<p>之後，雖然方向不明確，</p>\n\n<p>但每次賣超的金額就越來越大，</p>\n\n<p>最後結束多頭趨勢，一路下跌。</p>\n\n<p><img alt=\"\" height=\"559\" src=\"http://www.cmoney.tw/notes/cmstatic/notes/capture/70544/20150116142617131.jpg\" width=\"700\" /></p>\n\n<p>資料來源：<a href=\"http://www.cmoney.tw/app/itemcontent.aspx?id=1812\" style=\"margin: 0px; padding: 0px; outline: none; position: relative; color: rgb(0, 119, 181); line-height: 25.5px;\" target=\"_blank\">籌碼Ｋ線</a></p>\n\n<p>&nbsp;</p>\n\n<p>之後，當發現主力與外資方向不同時，</p>\n\n<p>可能是領先外資一步的台資主力表態了，</p>\n\n<p>依照這樣的邏輯，下次的就可以自己抓轉折了。&nbsp;</p>\n\n<p>&nbsp;</p>\n\n<p>&nbsp;</p>\n\n<h1>【免費試用 籌碼K線】</h1>\n\n<h2>&rarr;&rarr;<a href=\"http://cmy.tw/005jDZ\">《 點我點我！》</a>&larr;&larr;</h2>\n\n<p>&nbsp;</p>\n\n<h2>想知道更多籌碼達人的秘訣嗎？</h2>\n\n<h3>快點擊下方加入我們的LINE@ 和 祕密社團</h3>\n\n<h3><a href=\"http://cmy.tw/005XVT\" target=\"_blank\"><img alt=\"\" height=\"85\" src=\"http://www.cmoney.tw/notes/cmstatic/notes/capture/467194/20180108115331599.gif\" width=\"266\" /></a>&nbsp; &nbsp; &nbsp;&nbsp;<a href=\"http://cmy.tw/005o96\"><img alt=\"\" height=\"89\" src=\"http://www.cmoney.tw/notes/cmstatic/notes/capture/467194/20180108115413395.gif\" width=\"272\" /></a></h3>\n\n<p>&nbsp;</p>\n",
        "ViewCount": "9363",
        "IsReference": false,
        "ReferenceList": null,
        "OgImgURL": "http://www.cmoney.tw/notes/cmstatic/notes/capture/70544/20150116121915188.jpg"
    },
    "badges": [],
    "isTreeCompleted": false,
    "nextCourse": null
}