{
    "courseDetail": {
        "CourseId": 1637,
        "CourseContent": "<p>&nbsp;</p>\n\n<p><strong>從「主力買賣超」、「買賣家數差」&nbsp;看出大盤趨勢</strong></p>\n\n<p>最簡單的判讀方式<span style=\"color:rgb(0, 0, 0); font-size:16px\">：</span></p>\n\n<ol>\n\t<li>主力買賣超 【正】+ 買賣家數差【負】&rarr; &nbsp;<span style=\"color:rgb(255, 0, 0)\">多頭趨勢</span></li>\n\t<li>主力買賣超 【負】+ 買賣家數差【正】&rarr; &nbsp;<span style=\"color:rgb(0, 100, 0)\">空頭趨勢</span></li>\n</ol>\n\n<p>&nbsp;</p>\n\n<h2><strong>「主力買賣超」可看出市場上 主力買超 或 賣超的狀況</strong></h2>\n\n<p>「主力買賣超」是用來紀錄與衡量每日的主力買賣力道。</p>\n\n<p><img alt=\"\" height=\"63\" src=\"http://www.cmoney.tw/notes/cmstatic/notes/capture/140277/20140923180156102.jpg\" width=\"700\" /></p>\n\n<p>&nbsp;</p>\n\n<p>一般來說，這個指標與指數表現呈現&nbsp;<strong>正相關</strong>。</p>\n\n<p>也就是指數上漲時，當天的買超會大於賣超；</p>\n\n<p>而指數下跌時，當天的賣超會大於買超。</p>\n\n<p>但是，並不建議單獨觀察這個指標。</p>\n\n<p>&nbsp;</p>\n\n<h2><strong>「買賣家數差」為正表示籌碼分散；為負表示籌碼集中</strong></h2>\n\n<p><img alt=\"\" height=\"70\" src=\"http://www.cmoney.tw/notes/cmstatic/notes/capture/70544/20150116110012411.jpg\" width=\"500\" /></p>\n\n<p>當家數差<strong><span style=\"font-size:20px\">大於0</span></strong>時，</p>\n\n<p>代表的「買」的人比「賣」的人還多，籌碼分散到多數人手中，代表趨向分散，</p>\n\n<p>相反的當數值<strong><span style=\"font-size:20px\">小於0</span></strong>，</p>\n\n<p>代表「賣」的人比「買」的人還多，籌碼集中到少數人手中，就代表趨向集中。</p>\n\n<p>籌碼集中到少數人手中，而這些特定買家可能就是主力，</p>\n\n<p>主力進場，值得關注!</p>\n\n<p>&nbsp;</p>\n\n<p>觀察買賣家數超時，不能只看一天，也不能單看這個指標。</p>\n\n<p>必須配合「主力買賣超」進行綜合分析。</p>\n\n<p>&nbsp;</p>\n\n<h1><strong>不建議單獨觀察大盤「主力買賣超」</strong></h1>\n\n<h1><strong>搭配「買賣家數差」來進行綜合分析</strong></h1>\n\n<p>正常情況下「主力買賣超」與「指數」是正相關，</p>\n\n<p>因此單看這個指標的意義不大。</p>\n\n<p>但常常有人單看這個指標，就誤認唯有主力在買進，</p>\n\n<p>這是非常錯誤的使用方法！</p>\n\n<p>&nbsp;</p>\n\n<p>看「主力買賣超」一定要搭配「買賣家數差」一起看，</p>\n\n<p>當「主力買賣超」連續性的買進，</p>\n\n<p>且賣超的家數大於買超的家數（買賣家數差為負數）。</p>\n\n<p>這才代表有少數的券商正在買進市場上的籌碼，</p>\n\n<p>籌碼集中在少數人手上！</p>\n\n<p>&nbsp;</p>\n\n<p>這跟房地產的概念很像，</p>\n\n<p>當少數人擁有大多數的房子，</p>\n\n<p>要炒作房地產價格，就變得輕而易舉了；</p>\n\n<p>同理，放在股票上，</p>\n\n<p>就是少數人在決定股票要漲要跌，</p>\n\n<p>進而影響指數是上漲還是下跌！</p>\n\n<p>&nbsp;</p>\n\n<h1><strong>大盤分析範例：</strong></h1>\n\n<p>舉例2014年11月 與 12月的差別，</p>\n\n<p>看「主力買賣超」、「買賣家數差」很快就能判斷大盤多空了！</p>\n\n<p><img alt=\"\" height=\"486\" src=\"http://www.cmoney.tw/notes/cmstatic/notes/capture/70544/20150116114053258.jpg\" width=\"700\" /></p>\n\n<p>資料來源：<a href=\"http://cmy.tw/004VSJ\" style=\"margin: 0px; padding: 0px; outline: none; position: relative; color: rgb(0, 119, 181); line-height: 27.2000007629395px;\" target=\"_blank\">籌碼K線</a></p>\n\n<p>&nbsp;</p>\n\n<p>&nbsp;</p>\n\n<h1>【免費試用 籌碼K線】</h1>\n\n<h2>&rarr;&rarr;<a href=\"http://cmy.tw/005jDZ\">《 點我點我！》</a>&larr;&larr;</h2>\n\n<p>&nbsp;</p>\n\n<h2>想知道更多籌碼達人的秘訣嗎？</h2>\n\n<h3>快點擊下方加入我們的LINE@ 和 祕密社團</h3>\n\n<h3><a href=\"http://cmy.tw/005XVT\" target=\"_blank\"><img alt=\"\" height=\"85\" src=\"http://www.cmoney.tw/notes/cmstatic/notes/capture/467194/20180108115331599.gif\" width=\"266\" /></a>&nbsp; &nbsp; &nbsp;&nbsp;<a href=\"http://cmy.tw/005o96\"><img alt=\"\" height=\"89\" src=\"http://www.cmoney.tw/notes/cmstatic/notes/capture/467194/20180108115413395.gif\" width=\"272\" /></a></h3>\n\n<p>&nbsp;</p>\n",
        "ViewCount": "8071",
        "IsReference": false,
        "ReferenceList": null,
        "OgImgURL": "http://www.cmoney.tw/notes/cmstatic/notes/capture/140277/20140923180156102.jpg"
    },
    "badges": [],
    "isTreeCompleted": false,
    "nextCourse": null
}