{
    "courseDetail": {
        "CourseId": 1639,
        "CourseContent": "<p><strong>拯救台灣經濟，政府插手護盤</strong></p>\n\n<h1><strong>一種是 政策護盤，一種 買入官股護盤</strong></h1>\n\n<p>台股如果一直跌一直跌，</p>\n\n<p>不僅影響股票價格，也會間接地影響民眾的荷包。</p>\n\n<p>&nbsp;</p>\n\n<p>這時候，政府為了人民的生活，</p>\n\n<p>不得不利用政策或資金，來穩定盤勢，</p>\n\n<p>讓大盤不要跌的那麼慘，至少有人在谷底撐著。</p>\n\n<p>&nbsp;</p>\n\n<h2><strong>政策護盤：金官 3 箭 活絡台股</strong></h2>\n\n<p>2014年，</p>\n\n<p>金管會 宣布「金管三箭 活絡台股」，</p>\n\n<p>成功帶動股票市場，就是一種政策護盤的例子。</p>\n\n<p>&nbsp;</p>\n\n<h2><strong>官股護盤：動用八大行庫買入股票</strong></h2>\n\n<p>另一種政府護盤，</p>\n\n<p>是動用官股銀行、四大基金，</p>\n\n<p>危急時還會動用國安基金進場護盤。</p>\n\n<p>這時候如果跟著政府的護盤動作進出場，通常要獲利並不困難。</p>\n\n<p>&nbsp;</p>\n\n<h1><strong>官股進場怎麼看? 散戶怎麼跟?</strong></h1>\n\n<h2><strong>散戶小心，官股護盤 大盤底部還沒出現</strong></h2>\n\n<p>政府什麼時候會進場護盤呢?</p>\n\n<p>答案上面有提到，就是 股市下跌 的時候！</p>\n\n<p>依照這樣的邏輯，</p>\n\n<p>當你看到最近政府都在大動作的買入官股，</p>\n\n<p>你敢跟嗎？</p>\n\n<p><img alt=\"\" height=\"609\" src=\"http://www.cmoney.tw/notes/cmstatic/notes/capture/70544/20150126173800052.jpg\" width=\"819\" /></p>\n\n<p>資料來源：<a href=\"http://www.cmoney.tw/app/ItemContent.aspx?id=1812\" style=\"margin: 0px; padding: 0px; outline: none; position: relative; color: rgb(0, 119, 181);\" target=\"_blank\">籌碼K線</a></p>\n\n<p>&nbsp;</p>\n\n<h2><strong>低買高賣，見好時機 官股獲利出場</strong></h2>\n\n<p>換個情況，政府為了護盤，</p>\n\n<p>總在低檔的進場接刀，但政府不會傻傻的賠錢賣掉。</p>\n\n<p>低買就要高賣，政府會等到市場活絡後，</p>\n\n<p>在高檔的好時機再出手賣掉，</p>\n\n<p>所以當看到官股開始大動作地賣出時，</p>\n\n<p>可能就是大盤＂漲聲＂響起了。</p>\n\n<p><img alt=\"\" height=\"618\" src=\"http://www.cmoney.tw/notes/cmstatic/notes/capture/70544/20150126175222899.jpg\" width=\"820\" /></p>\n\n<p>資料來源：籌碼K線</p>\n\n<p>&nbsp;</p>\n\n<p>下次如果大盤直直落 或 持續創高，</p>\n\n<p>都可以參考一下，最近政府官股護盤的動作，</p>\n\n<p>會是很好的進出場參考訊號！</p>\n\n<h1>&nbsp;</h1>\n\n<h1>【免費試用 籌碼K線】</h1>\n\n<h2>&rarr;&rarr;<a href=\"http://cmy.tw/005VRa\">《 點我點我！》</a>&larr;&larr;</h2>\n\n<p>&nbsp;</p>\n\n<h2>想知道更多籌碼達人的秘訣嗎？</h2>\n\n<h3>快點擊下方加入我們的LINE@ 和 祕密社團</h3>\n\n<h3><a href=\"http://cmy.tw/005ez1\" target=\"_blank\"><img alt=\"\" height=\"85\" src=\"http://www.cmoney.tw/notes/cmstatic/notes/capture/467194/20180108115331599.gif\" width=\"266\" /></a>&nbsp; &nbsp; &nbsp;&nbsp;<a href=\"http://cmy.tw/005TC0\"><img alt=\"\" height=\"89\" src=\"http://www.cmoney.tw/notes/cmstatic/notes/capture/467194/20180108115413395.gif\" width=\"272\" /></a></h3>\n\n<p>&nbsp;</p>\n\n<p>&nbsp;</p>\n",
        "ViewCount": "17235",
        "IsReference": false,
        "ReferenceList": null,
        "OgImgURL": "http://www.cmoney.tw/notes/cmstatic/notes/capture/70544/20150126173800052.jpg"
    },
    "badges": [],
    "isTreeCompleted": false,
    "nextCourse": null
}