{
    "courseDetail": {
        "CourseId": 1642,
        "CourseContent": "<p><img alt=\"\" height=\"322\" src=\"http://www.cmoney.tw/learn/cmstatic/learn/123/20181005160026683.JPG\" width=\"650\" /></p>\n\n<p>(圖片來源:shutterstock)</p>\n\n<p>&nbsp;</p>\n\n<h1>上網查了那麼多</h1>\n\n<h1>理財規劃的方法</h1>\n\n<h1>不就是想當有錢人嗎?</h1>\n\n<p>大家都想知道，</p>\n\n<p>要怎麼樣才能變成有錢人？</p>\n\n<p>拼命去看有錢人寫的書，</p>\n\n<p>看他們做了什麼，</p>\n\n<p>但轉個方向思考，</p>\n\n<p>我們也可以來思考。</p>\n\n<h2>到底有錢人「不做」什麼，</h2>\n\n<h2>讓他們變有錢呢？</h2>\n\n<p>&nbsp;</p>\n\n<p>繼續看下去...</p>\n\n<p>&nbsp;</p>\n\n<p><span style=\"color:#808080\"><span style=\"font-size:12px\">(贊助商連結...)</span></span></p>\n\n<p><dfp type=\"3\"></dfp></p>\n\n<p>&nbsp;</p>\n\n<h1>1、不過度享受生活</h1>\n\n<h1>&rarr;&nbsp;&rarr;&nbsp;適度的消費</h1>\n\n<p>上最好的健身房？</p>\n\n<p>請私人教練幫你練六塊肌？</p>\n\n<p>不用吧！</p>\n\n<p>在家附近跑步或自我訓練，</p>\n\n<p>省時又省錢！</p>\n\n<p>&nbsp;</p>\n\n<p>餐餐吃外食上餐廳？</p>\n\n<p>不好吧！</p>\n\n<p>食安問題很恐怖...</p>\n\n<p>自己煮少油無負擔又省錢。</p>\n\n<p>&nbsp;</p>\n\n<p>有些人是含著金湯匙出生，</p>\n\n<p>但真正白手起家的有錢人，</p>\n\n<p>可是不會隨便亂花。</p>\n\n<p>自己累積已久的財富，</p>\n\n<p>而衝動消費也不會發生在他們身上，</p>\n\n<p>真正的有錢人更不會隨意炫富，</p>\n\n<p>他們總是覺得東西還可以用就好，</p>\n\n<p>發揮一樣東西的最高價值！</p>\n\n<p>&nbsp;</p>\n\n<p><span style=\"font-size:12px\">延伸閱讀 ...<a href=\"http://www.cmoney.tw/notes/note-detail.aspx?nid=22430\" target=\"_blank\">五個方法，讓你不要過度花錢</a></span></p>\n\n<p>&nbsp;</p>\n\n<h1>2、不會拒絕學習</h1>\n\n<h1>&rarr;&nbsp;&rarr; 了解後發現機會！</h1>\n\n<p>一般人在學習總認為好像懂了</p>\n\n<p>就不會繼續探究下面的原因，</p>\n\n<p>但有錢人並不會這樣！</p>\n\n<p>他們總是樂於探究真理，</p>\n\n<p>總在過程中發現新的機會！</p>\n\n<p>&nbsp;</p>\n\n<p><dfp type=\"2\"></dfp></p>\n\n<p>&nbsp;</p>\n\n<h1>3、不浪費精力</h1>\n\n<h1>在負面事物上</h1>\n\n<h1>&rarr;&nbsp;&rarr;&nbsp;調適心情，重新出發！</h1>\n\n<p>印度詩人泰戈爾</p>\n\n<p>有一句話非常的有名，</p>\n\n<h2>如果你為了錯過太陽而哭泣，</h2>\n\n<h2>那麼你將失去繁星。</h2>\n\n<p>我們常常會因為一些工作上的挫折，</p>\n\n<p>而使負面情緒充滿整天，</p>\n\n<p>導致無法好好做其他事情，</p>\n\n<p>有錢人他們並不是沒有挫折，</p>\n\n<p>而是他們知道，</p>\n\n<p><span style=\"font-size:15px\">跌倒了就在站起來繼續衝刺就好，</span></p>\n\n<p>他們沒有多餘的精力與時間。</p>\n\n<p>在已經無法挽回的事情，</p>\n\n<p>而是勇敢向前，</p>\n\n<p>努力嘗試去邁向下一個成功！</p>\n\n<p>&nbsp;</p>\n\n<h1>4、不和很愛花錢的人做朋友</h1>\n\n<h1>&rarr; &rarr;&nbsp;遠離酒肉朋友</h1>\n\n<p>你朋友的興趣愛好同時也會影響你，</p>\n\n<p>如果他是個<span style=\"font-size:15px\">很愛吃 2000 元大餐的朋友，</span></p>\n\n<p>那你可能要試圖遠離他一點了，</p>\n\n<p>因為這樣下去</p>\n\n<p>你是不可能存到錢變成有錢人的...</p>\n\n<p>&nbsp;</p>\n\n<p><a href=\"http://cmy.tw/008NnG\" target=\"_blank\"><img alt=\"\" height=\"250\" src=\"http://www.cmoney.tw/learn/cmstatic/learn/123/20200720163745135.jpg\" width=\"300\" /></a></p>\n\n<p>&nbsp;</p>\n\n<h1>5、充分運用金錢，</h1>\n\n<h1>不要只依賴儲蓄</h1>\n\n<h1>&rarr;&nbsp;&rarr;&nbsp;投資理財，增加財富</h1>\n\n<p>有錢人之所以有錢，</p>\n\n<p>靠的是他們對「投資」，</p>\n\n<p>這件事的正確觀念。</p>\n\n<p>首先要知道，</p>\n\n<p><strong><span style=\"background-color:#FFFF00\">「單靠儲蓄」</span></strong><strong><span style=\"background-color:#FFFF00\">你是無法成為有錢人的。</span></strong></p>\n\n<p>&nbsp;</p>\n\n<p>在這低利率時代，</p>\n\n<p><a href=\"http://cmy.tw/004QhY\" target=\"_blank\">通膨</a>&nbsp;往往會侵蝕你的利息收益，</p>\n\n<p>即便是小資族<span style=\"font-size:15px\">也可以靠著買&nbsp;</span><a href=\"http://www.cmoney.tw/app/ItemContent.aspx?id=1857\" style=\"font-size: 15px;\" target=\"_blank\">台灣50</a>，</p>\n\n<p>輕鬆超越每個月定存的利息！</p>\n\n<p>如果想要學習投資卻不知道如何下手，</p>\n\n<p>不妨看看&nbsp;<a href=\"http://www.cmoney.tw/learn/course/cmoney\" target=\"_blank\">理財小學堂</a></p>\n\n<p>先累積一點理財知識唷~</p>\n\n<p>只有儲蓄帳戶的人與致富是無緣的....</p>\n\n<p>&nbsp;</p>\n\n<h1>6、不靠勞力賺錢</h1>\n\n<h1>&rarr; &rarr;&nbsp;讓被動收入賺錢</h1>\n\n<p>這句話看似很合理，</p>\n\n<p>但我們先看看這個小故事...</p>\n\n<p>小資女阿呆說：</p>\n\n<p>我每天工作八小時，</p>\n\n<p>老闆一個月給我 50K，</p>\n\n<p>已經比我很多同學都多很多了呀！</p>\n\n<p>我覺得這個報酬很合理...</p>\n\n<p>&nbsp;</p>\n\n<p>另一方面，</p>\n\n<p>阿呆的大學同學阿堅，</p>\n\n<p>也是每天工作八小時，</p>\n\n<p>薪水只有 40K，</p>\n\n<p>但阿堅靠著自己一些額外的努力，</p>\n\n<p>讓他躺著賺，</p>\n\n<p>一個月多進帳 30K。為什麼呢？</p>\n\n<h2>只有四個字：<a href=\"http://www.cmoney.tw/notes/note-detail.aspx?nid=6097\" target=\"_blank\">被動收入</a></h2>\n\n<p>&nbsp;</p>\n\n<p>有錢人絕對不會</p>\n\n<p>只讓他自己的錢停止不動，</p>\n\n<p>他會嘗試研究各種方法讓錢滾錢，</p>\n\n<p>如果你的錢沒辦法幫你賺更多的錢，</p>\n\n<p>那你永遠也不會變有錢人！</p>\n\n<p>&nbsp;</p>\n\n<h2>懂得錢滾錢，</h2>\n\n<h2>不僅可以增加額外收入，</h2>\n\n<h2>也可以享受，</h2>\n\n<h2>提早退休的生活喔！</h2>\n\n<p>&nbsp;</p>\n\n<h1>小資族必學！！！</h1>\n\n<h2>想「省錢」卻不知道怎麼省？</h2>\n\n<h2>解答 &darr;&darr;&darr;</h2>\n\n<p><span style=\"font-size:12px\"><u><a class=\"in-cell-link\" href=\"http://cmy.tw/0057hC\" target=\"_blank\">6 個「省錢絕招」學起來，每個月多存 6000 元！</a></u></span></p>\n\n<p>&nbsp;</p>\n\n<p><a href=\"http://cmy.tw/009YkZ\" target=\"_blank\"><img alt=\"\" height=\"600\" src=\"http://www.cmoney.tw/learn/cmstatic/learn/123/20200720164104063.jpg\" width=\"300\" /></a></p>\n\n<p>&nbsp;</p>\n",
        "ViewCount": "390927",
        "IsReference": true,
        "ReferenceList": [
            {
                "ReferenceId": 35187,
                "Description": "理財小學堂",
                "ReferenceUrl": "http://www.cmoney.tw/learn/course/cmoney",
                "ReferenceImage": "http://www.cmoney.tw/learn/cmstatic/learn/1/learnImg03A367AB.jpg",
                "ViewCount": 212
            },
            {
                "ReferenceId": 35188,
                "Description": "新手投資必看10題",
                "ReferenceUrl": "http://www.cmoney.tw/learn/course/test321",
                "ReferenceImage": "http://www.cmoney.tw/learn/cmstatic/learn/59/learnImgBBBAC504.jpg",
                "ViewCount": 244
            },
            {
                "ReferenceId": 35189,
                "Description": "價值100萬元的投資10堂課",
                "ReferenceUrl": "http://www.cmoney.tw/learn/course/%E6%80%AA%E8%80%81%E5%AD%90",
                "ReferenceImage": "http://www.cmoney.tw/learn/cmstatic/learn/90/learnImg15192FCF.jpg",
                "ViewCount": 72
            }
        ],
        "OgImgURL": "http://www.cmoney.tw/learn/cmstatic/learn/123/20181005160026683.JPG"
    },
    "badges": [],
    "isTreeCompleted": false,
    "nextCourse": null
}