{
    "courseDetail": {
        "CourseId": 1640,
        "CourseContent": "<p>&nbsp;</p>\n\n<p>&nbsp;</p>\n\n<p>大家在股票市場中，</p>\n\n<p>總是費盡心思選股，</p>\n\n<p>之後還要絞盡腦汁的判斷漲跌，</p>\n\n<p>只要稍有不慎，</p>\n\n<p>之前的努力全都白費，</p>\n\n<p>但有人靠被動投資，</p>\n\n<p>不管漲跌，都可以獲得報酬，</p>\n\n<p>這是怎麼做到的呢？</p>\n\n<p>&nbsp;</p>\n\n<p>繼續看下去...</p>\n\n<p>&nbsp;</p>\n\n<p><span style=\"color:rgb(105, 105, 105)\"><span style=\"font-size:12px\">( 贊助商連結 )</span></span></p>\n\n<p><span style=\"color:rgb(105, 105, 105)\"><span style=\"font-size:12px\"><googleadsense height=\"600px\" type=\"4\" width=\"300px\"></googleadsense></span></span></p>\n\n<p>&nbsp;</p>\n\n<p>被動投資的法則之一：&quot;<strong><span style=\"font-size:18px\">長期投資</span></strong>&quot;</p>\n\n<p>（延伸 - 另一法則 &quot;<a href=\"http://www.cmoney.tw/learn/course/passiveinvestment/topic/1626\" target=\"_blank\">分散投資</a>&quot;）</p>\n\n<p>能做到這點 &nbsp;我認為有點難度</p>\n\n<p>每個人都想要 買低賣高　</p>\n\n<p>但是被動投資派的人認為</p>\n\n<p>這是不可能的！</p>\n\n<p>一般人幾乎不可能做到&nbsp;</p>\n\n<p>&nbsp;</p>\n\n<h1>盲目地跟隨 會讓你買高賣低</h1>\n\n<h1>得不償失啊...</h1>\n\n<p>大部分的人反而都是買高賣低</p>\n\n<p>&nbsp;</p>\n\n<p><img alt=\"\" src=\"http://www.cmoney.tw/learn/cmstatic/learn/120/20150129143745694.jpg\" /></p>\n\n<p style=\"text-align:center\">（ 來源：理財寶［擦鞋童指標］）</p>\n\n<p style=\"text-align:center\">&nbsp;</p>\n\n<p>上圖的</p>\n\n<p><span style=\"color:#0000FF\">藍色折線圖</span>是台灣加權指數 &nbsp;<span style=\"color:#FF8C00\"> </span></p>\n\n<p><span style=\"color:#FF8C00\">橘色柱狀圖</span>是交易人數</p>\n\n<p>從圖可以看出</p>\n\n<p><strong>股市在高點的時候 &nbsp;</strong></p>\n\n<p><strong>交易人數也在高點，反之亦然</strong></p>\n\n<p>也就是說，股市總是在行情好時 &nbsp;</p>\n\n<p>大家一窩蜂投入，行情差時乏人問津</p>\n\n<p>&nbsp;</p>\n\n<p>為什麼會這樣呢？</p>\n\n<p>很簡單 &nbsp;<span style=\"color:#FF0000\"><span style=\"font-size:18px\">因為人是盲從的動物</span></span></p>\n\n<p>&nbsp;</p>\n\n<p>&nbsp;</p>\n\n<h1>想在低檔買進、高檔賣出，</h1>\n\n<h1>其實是非常困難的！</h1>\n\n<p>&nbsp;</p>\n\n<p>股市大漲的時候</p>\n\n<p>你會看到來自各方的好消息 &nbsp;</p>\n\n<p>不管是報紙、新聞...等等</p>\n\n<p>每期的理財雜誌都在報導哪支股票賺了多少%</p>\n\n<p>政治人物天天喊著股市上萬點</p>\n\n<p>隔壁的小明說他賺了一台車子</p>\n\n<p>在這樣每天不停的洗腦之下 &nbsp;</p>\n\n<p>買股票已經變成全民運動</p>\n\n<p>最後 &nbsp;你就忍不住買了一些...</p>\n\n<p>&nbsp;</p>\n\n<p>相反的，在股市大跌的時候</p>\n\n<p>電視報導失業率又創新高</p>\n\n<p>偶而還會看到股民損失慘重，</p>\n\n<p>燒炭自殺的新聞</p>\n\n<p>網路上一堆人看衰台灣的經濟</p>\n\n<p>可能連你叔叔都跟你說他賠了多少 &nbsp;</p>\n\n<p>勸你不要再玩股票了</p>\n\n<p>總總負面的消息 &nbsp; 幾個月的疲勞轟炸&nbsp;</p>\n\n<p>最後，你忍痛殺出你的股票...</p>\n\n<p>因此，大部分的人總是買高賣低 &nbsp;</p>\n\n<p>10 個進場 &nbsp;只有 2 個活著回來</p>\n\n<p>&nbsp;</p>\n\n<p>&nbsp;</p>\n\n<p>&nbsp;</p>\n\n<h1>指數型投資「定期定額」堅守原則不盲從</h1>\n\n<p>所以指數化投資派認為</p>\n\n<p>&quot;反正我很難猜出高低點</p>\n\n<p>那我就乾脆每個月都買1萬元</p>\n\n<p>雖然可能一開始買到高點 &nbsp;</p>\n\n<p>但是只要我持之以恆 &nbsp;</p>\n\n<p>那低點我也不會錯過&quot;</p>\n\n<p>&nbsp;</p>\n\n<p>這就是<strong><span style=\"color:#0000FF\">｢<span style=\"font-size:16px\">定期定額｣</span></span></strong></p>\n\n<p>&nbsp;</p>\n\n<p>但是，重點就在這個 <strong>持之以恆</strong> ...</p>\n\n<p>因為人很容易受外在因素影響</p>\n\n<p>所以，<strong>高點很想追 &nbsp;低點不敢買</strong></p>\n\n<p>這樣說不一定很有感覺 &nbsp;我來講個例子...</p>\n\n<p>一講到 2008 年 &nbsp;大部分的人印象就是 &nbsp;&quot;金融海嘯&quot;</p>\n\n<p>這是很多人心中的痛</p>\n\n<p>&nbsp;</p>\n\n<p>我一位好朋友的父親 &nbsp;</p>\n\n<p>是位受人景仰的老師</p>\n\n<p>平時教學認真，在教育這塊領域非常有一套 &nbsp;</p>\n\n<p>所以有一群粉絲家長和學生</p>\n\n<p>已經到了退休年紀 &nbsp;</p>\n\n<p>原本是能領著月退俸</p>\n\n<p>開開心心的過下半生</p>\n\n<p>但是 因為這波金融海嘯 &nbsp;</p>\n\n<p>再加上自己融資操作</p>\n\n<p>所以不僅把自己的退休金賠光光 &nbsp;</p>\n\n<p>還欠了銀行 200 萬的債</p>\n\n<p>妻子為了做切割，也與他離婚</p>\n\n<p>現在，他必須自己在外面接家教</p>\n\n<p>和銀行商討還錢計畫 &nbsp;</p>\n\n<p>然後分個好幾年償還</p>\n\n<p>我想這種例子多的數不清...</p>\n\n<p>&nbsp;</p>\n\n<h1>欲 速 ，則 不 達</h1>\n\n<h1>見 小 利，則 大 事 不 成</h1>\n\n<p>有了這個慘痛的教訓</p>\n\n<p>我們知道</p>\n\n<p>只貪圖一時而不圖長久財富的人，是不會幸福的</p>\n\n<p>還是好好地做長期投資吧</p>\n\n<p>&nbsp;</p>\n\n<p>本文整理自：<a href=\"http://investarter.blogspot.tw/2012/11/blog-post_30.html\" target=\"_blank\">阿升理財筆記</a></p>\n\n<p>&nbsp;</p>\n\n<h2>你知道嗎？現在不學好投資</h2>\n\n<h2>你會比別人多辛苦十年...</h2>\n\n<p>想學投資，卻不知從何下手？</p>\n\n<p>用16堂課，就能學會如何操作0050</p>\n\n<p>輕鬆踏出理財的第一步！</p>\n\n<p>立即了解課程 &gt;&gt;&nbsp;<a href=\"http://cmy.tw/006mys\"><span style=\"font-family:times new roman; font-size:small\">http://cmy.tw/006mys</span></a></p>\n\n<p><a href=\"http://cmy.tw/006mys\" style=\"outline-style: initial; outline-width: 0px; text-decoration-line: underline; color: rgb(0, 119, 181); position: relative;\" target=\"_blank\"><img alt=\"\" height=\"520\" src=\"http://www.cmoney.tw/notes/cmstatic/notes/capture/744971/20190613171633668.gif\" width=\"364\" /></a></p>\n\n<h2>還有其他 10 堂投資課程，</h2>\n\n<h2>學完你就不再是理財新手囉！▶▶<a href=\"http://cmy.tw/004UYG\">看下一課</a></h2>\n",
        "ViewCount": "38519",
        "IsReference": true,
        "ReferenceList": [
            {
                "ReferenceId": 33032,
                "Description": "好驚人！我用「籌碼集中」+「創20日新高」找到這17檔 勝率竟高達94%..",
                "ReferenceUrl": "http://www.cmoney.tw/notes/note-detail.aspx?nid=22196",
                "ReferenceImage": "http://www.cmoney.tw/notes/cmstatic/notes/capture/128019/20141224150659565.jpg",
                "ViewCount": 57
            },
            {
                "ReferenceId": 33033,
                "Description": "台股撮合少 5 秒，我觀察出這 6 件事，幫 你 增加當沖勝率！",
                "ReferenceUrl": "http://www.cmoney.tw/notes/note-detail.aspx?nid=22732",
                "ReferenceImage": "http://www.cmoney.tw/notes/cmstatic/notes/capture/70544/20141231150535758.jpg",
                "ViewCount": 332
            },
            {
                "ReferenceId": 33034,
                "Description": "3次投資慘賠，思考這2句話後調整心態，報酬率100倍！",
                "ReferenceUrl": "http://www.cmoney.tw/notes/note-detail.aspx?nid=22578",
                "ReferenceImage": "http://www.cmoney.tw/learn/cmstatic/learn/38/20141111110228777.jpg",
                "ViewCount": 164
            }
        ],
        "OgImgURL": "http://www.cmoney.tw/learn/cmstatic/learn/120/20150129143745694.jpg"
    },
    "badges": [],
    "isTreeCompleted": false,
    "nextCourse": null
}