{
    "courseDetail": {
        "CourseId": 1647,
        "CourseContent": "<p><img alt=\"\" height=\"338\" src=\"http://www.cmoney.tw/learn/cmstatic/learn/123/20200721134004540.jpg\" width=\"650\" /></p>\n\n<h1>經濟不景氣的時代</h1>\n\n<p>錢變得越來越不值錢，</p>\n\n<p>想要過好生活又存到錢，</p>\n\n<p>讓我們來看看全球網友票選省錢冠軍絕招，</p>\n\n<p>大家一起省荷包！</p>\n\n<p>&nbsp;</p>\n\n<p>繼續看下去...</p>\n\n<p>&nbsp;</p>\n\n<p><span style=\"color:#808080\"><span style=\"font-size:12px\">(贊助商連結...)</span></span></p>\n\n<p><dfp type=\"3\"></dfp></p>\n\n<p>&nbsp;</p>\n\n<h1>No.6、舊東西上網買賣</h1>\n\n<h1 style=\"margin-left:0cm; margin-right:0cm\">價格差 10 倍！</h1>\n\n<h2 style=\"margin-left:0cm; margin-right:0cm\">每個月至少多存 500 元！</h2>\n\n<p>相信大家都知道，</p>\n\n<p>用不到的東西可以上網換現金，</p>\n\n<p>很多人都會嫌麻煩，</p>\n\n<p>但以我的實際經驗，</p>\n\n<p>勤勞一點，拍張照片、<span style=\"font-size:15px\">加個描述，</span></p>\n\n<p>真的可以為你省下很多錢！</p>\n\n<p>&nbsp;</p>\n\n<p>像是二手教科書，</p>\n\n<p>原價 1000 元的教科書，</p>\n\n<p>拿去二手書店賣<span style=\"font-size:15px\">只能賣到 50 元，</span></p>\n\n<p>上網賣可以到 500 元，<span style=\"font-size:15px\">價格差了 10 倍！</span></p>\n\n<p>&nbsp;</p>\n\n<p>當然同樣的，</p>\n\n<p>你有一些物品的需求。</p>\n\n<p>先別急著買新的，</p>\n\n<p>上網看看二手物品的價格，</p>\n\n<p>再貨比三家，絕對不吃虧！</p>\n\n<p>&nbsp;</p>\n\n<h1>No.5、盡量用「現金」</h1>\n\n<h2>不要為了贈品辦一堆信用卡！</h2>\n\n<p>平常花費的時候盡量用現金支付，</p>\n\n<p>讓自己保持花錢的警覺性，</p>\n\n<p>也不要為了貪小便宜辦信用卡，</p>\n\n<p>積點換了一堆用不到的贈品。</p>\n\n<p>&nbsp;</p>\n\n<p>別小看這些「卡片」，</p>\n\n<p>它會讓你因為一時方便，</p>\n\n<p>就買下不需要的東西哦！</p>\n\n<p>&nbsp;</p>\n\n<p><dfp type=\"2\"></dfp></p>\n\n<p>&nbsp;</p>\n\n<h1>No.4、每天「記帳」</h1>\n\n<h1>每周檢討自己的花費</h1>\n\n<p>每天都要記得<a href=\"http://www.cmoney.tw/learn/course/firstgoldtips/topic/1627\" target=\"_blank\">記帳</a>，</p>\n\n<p>然後在週末的時候，</p>\n\n<p>檢討自己這周的花費太多或太少，</p>\n\n<p>並在下周做改進。</p>\n\n<p>把省錢這件事情變成自己的生活習慣，</p>\n\n<p>就能更有力氣去想要怎麼開始投資。</p>\n\n<p>&nbsp;</p>\n\n<p><span style=\"font-size:12px\"><span style=\"background-color:rgb(255, 255, 255)\">延伸閱讀：</span></span></p>\n\n<p><span style=\"font-size:12px\"><a href=\"http://www.cmoney.tw/learn/course/firstgoldtips/topic/1627\" id=\"treeTopic\" style=\"position: relative; text-decoration: underline; color: rgb(0, 119, 181); font-size: 16px; line-height: 21.7600002288818px; background-color: rgb(255, 255, 255);\">用對這些記帳方法</a></span></p>\n\n<p><span style=\"font-size:12px\"><a href=\"http://www.cmoney.tw/learn/course/firstgoldtips/topic/1627\" style=\"position: relative; text-decoration: underline; color: rgb(0, 119, 181); font-size: 16px; line-height: 21.7600002288818px; background-color: rgb(255, 255, 255);\">，幫你一個月多省下 2500 元</a></span></p>\n\n<p>&nbsp;</p>\n\n<h1>No.3、少為別人打工</h1>\n\n<h1>每個月多存下 1000 元！</h1>\n\n<p>小資族想想看，</p>\n\n<p>如果你一個月賺 30000 元，</p>\n\n<p>然後你的電話費花了 1000 元，</p>\n\n<p>那麼等於你這個月，</p>\n\n<p>至少有一整天辛苦的工作，</p>\n\n<p>都是在為你的電信局打工，</p>\n\n<p>你覺得這樣子值得嗎？</p>\n\n<p>真的有需要這麼多嗎？</p>\n\n<p>&nbsp;</p>\n\n<p>停下來，多想一下，</p>\n\n<p>也許你的想法便會因此而不同...</p>\n\n<p>&nbsp;</p>\n\n<p><a href=\"http://cmy.tw/008NnG\" target=\"_blank\"><img alt=\"\" height=\"250\" src=\"http://www.cmoney.tw/learn/cmstatic/learn/123/20200721093350509.jpg\" width=\"300\" /></a></p>\n\n<p>&nbsp;</p>\n\n<h1>No.2、自己煮飯「帶便當」</h1>\n\n<h2>吃當季食材</h2>\n\n<h2>幫你一個月省下 4500 元！</h2>\n\n<p>小資族的你，</p>\n\n<p>一天把吃飯的外食預算定在 300 元，</p>\n\n<p>一個月的餐錢 9000 元，</p>\n\n<p>好像也剛剛好，</p>\n\n<p>但如果能省下一半，</p>\n\n<p>就高達 4500 元！</p>\n\n<p>但是你有想過嗎？</p>\n\n<p>&nbsp;</p>\n\n<p>我們在菜市場 2 顆大白菜，</p>\n\n<p>可能才賣 50 元，</p>\n\n<p>你在外面吃的 1 盤小小的燙青菜，</p>\n\n<p>就要價 30元了。</p>\n\n<p>&nbsp;</p>\n\n<p>尤其是當季的食材，</p>\n\n<p>新鮮好吃又便宜，何不上網</p>\n\n<p>找些食譜自己做做看呢？</p>\n\n<p>一天下來餐費直接幫你省一半。</p>\n\n<p>&nbsp;</p>\n\n<h1>No.1、留意出清品</h1>\n\n<h1>大賣場打折 DM</h1>\n\n<p>在超市或市場要收攤的時候</p>\n\n<p>通常都會有一些出清庫存，</p>\n\n<p>像是市場可能會在要關的時候，</p>\n\n<p>青菜一把 10 元，</p>\n\n<p>而麵包店也會在 9 點以後，</p>\n\n<p>有打折促銷的活動，</p>\n\n<p>大賣場的 DM 傳單當然更不可以錯過，</p>\n\n<p>上面都會告訴你現在那些商品有特價，</p>\n\n<p>看清楚容量跟比價之後，</p>\n\n<p>自然可以幫你省下一筆小錢！</p>\n\n<p>&nbsp;</p>\n\n<p><dfp type=\"1\"></dfp></p>\n\n<p>&nbsp;</p>\n\n<h2>學會這些方法</h2>\n\n<h2>每個月至少多存 6000 元</h2>\n\n<p><strong>複習一下：</strong></p>\n\n<p>1. 買賣舊物品存下 500 元</p>\n\n<p>2. 少幫別人打工存下 1000 元&nbsp;</p>\n\n<p>(從電話、娛樂、聚餐下手吧！)</p>\n\n<p>3. 三餐自己煮存下 4500 元！</p>\n\n<p>每個月就可以多存下 6000 元囉！</p>\n\n<p>&nbsp;</p>\n\n<p><strong>這些方法</strong><strong>不失去原本的生活品質，</strong></p>\n\n<p><strong>又能省到一筆錢，</strong><strong>真的很厲害呢！</strong></p>\n\n<p>&nbsp;</p>\n\n<p><strong><a href=\"http://cmy.tw/009YkZ\" target=\"_blank\"><img alt=\"\" height=\"600\" src=\"http://www.cmoney.tw/learn/cmstatic/learn/123/20200721093249551.jpg\" width=\"300\" /></a></strong></p>\n\n<p>&nbsp;</p>\n\n<p>&nbsp;</p>\n",
        "ViewCount": "111691",
        "IsReference": true,
        "ReferenceList": [
            {
                "ReferenceId": 35190,
                "Description": "理財小學堂",
                "ReferenceUrl": "http://www.cmoney.tw/learn/course/cmoney",
                "ReferenceImage": "http://www.cmoney.tw/learn/cmstatic/learn/1/learnImg03A367AB.jpg",
                "ViewCount": 25
            },
            {
                "ReferenceId": 35191,
                "Description": "價值100萬元的投資10堂課",
                "ReferenceUrl": "http://www.cmoney.tw/learn/course/%E6%80%AA%E8%80%81%E5%AD%90",
                "ReferenceImage": "http://www.cmoney.tw/learn/cmstatic/learn/90/learnImg15192FCF.jpg",
                "ViewCount": 38
            },
            {
                "ReferenceId": 35192,
                "Description": "新手投資必看10題",
                "ReferenceUrl": "http://www.cmoney.tw/learn/course/test321",
                "ReferenceImage": "http://www.cmoney.tw/learn/cmstatic/learn/59/learnImgBBBAC504.jpg",
                "ViewCount": 46
            }
        ],
        "OgImgURL": "http://www.cmoney.tw/learn/cmstatic/learn/123/20200721134004540.jpg"
    },
    "badges": [],
    "isTreeCompleted": false,
    "nextCourse": null
}