{
    "courseDetail": {
        "CourseId": 1721,
        "CourseContent": "<p>&nbsp;</p>\n\n<p><span style=\"color:rgb(204, 0, 0); font-size:26px\">大盤多空訊號燈！一眼看出大盤多空趨勢</span></p>\n\n<p>有些股票容易受到大盤多空的影響，</p>\n\n<p>大盤上漲，股票跟著 水漲船高；</p>\n\n<p>大盤大跌，股票也跟著被連累大跌。</p>\n\n<p>這時候，能判斷大盤多空力道就變得很重要了！</p>\n\n<p>&nbsp;</p>\n\n<h1>一個燈、兩個燈、三個燈</h1>\n\n<h1>3 燈全亮，大盤走強！</h1>\n\n<p>在籌碼K線的大盤籌碼下，</p>\n\n<p>有個功能跟個股很不一樣的「大盤多空訊號燈」，</p>\n\n<p>計算出今天的 大盤 <strong><span style=\"color:#0000FF\">日/週/月&nbsp;</span></strong>趨勢，</p>\n\n<p>讓你更了解大盤的短中長期的走勢。</p>\n\n<p><img alt=\"\" height=\"395\" src=\"http://www.cmoney.tw/notes/cmstatic/notes/capture/70544/20150205112248502.jpg\" width=\"500\" /></p>\n\n<p>資料來源：<a href=\"http://www.cmoney.tw/app/ItemContent.aspx?id=1812\">籌碼Ｋ線－大盤籌碼</a></p>\n\n<p>&nbsp;</p>\n\n<h2>大盤訊號燈的計分方式如下：</h2>\n\n<ul>\n\t<li>日漲幅＞0.5%，1分。日漲幅＜0.5%，-1分。其他狀況，0分。</li>\n\t<li>週漲幅＞1%，2分。週漲幅＜-1%，-2分。其他狀況，0分。</li>\n\t<li>月漲幅＞2%，3分。月漲幅＜-2%，-3分。其他狀況，0分。</li>\n</ul>\n\n<p>「趨勢多空」的規則</p>\n\n<ul>\n\t<li>分數&gt;=5分，強多。分數介於3~4分，中多。分數介於1~2，短多。</li>\n\t<li>分數&lt;=-5分。分數介於-3~-4，中多。分數介於-1~-2，短多。</li>\n\t<li>0分，中立。</li>\n</ul>\n\n<p>&nbsp;</p>\n\n<h1>2014/12/18日 大盤終結連續6天亮綠燈</h1>\n\n<h1>出現了第一次日趨勢紅燈 你會怎麼做？</h1>\n\n<p>大盤多空訊號燈怎麼判斷呢?</p>\n\n<p>舉例，去年12/18日這一天，</p>\n\n<p>我發現訊號燈在 連續6天 都亮綠燈後，</p>\n\n<p>終於在第七天，出現了一個 日趨勢紅燈，</p>\n\n<p>當時的我還不是很確定要不要進場，</p>\n\n<p>畢竟，中長周期還是綠燈，還是有續空的可能。</p>\n\n<p><img alt=\"\" height=\"409\" src=\"http://www.cmoney.tw/notes/cmstatic/notes/capture/70544/20150205170207409.jpg\" width=\"700\" /></p>\n\n<p>資料來源：<a href=\"http://www.cmoney.tw/app/ItemContent.aspx?id=1812\">籌碼Ｋ線－大盤籌碼</a></p>\n\n<p>&nbsp;</p>\n\n<p>等了一天，隔天大盤直接跳空，</p>\n\n<p>主力大買94億，結束中長期的空頭趨勢！</p>\n\n<p>&nbsp;</p>\n\n<p>前一天亮紅燈，如果不敢進場，</p>\n\n<p>等個一天觀察看看，確定多空趨勢明朗化，</p>\n\n<p>就是個非常好的進場點了！</p>\n\n<p>除了看訊號燈，也可以搭配主力買賣超 及 買賣家數差來判斷。</p>\n\n<p><img alt=\"\" height=\"434\" src=\"http://www.cmoney.tw/notes/cmstatic/notes/capture/70544/20150205172115576.jpg\" width=\"700\" /></p>\n\n<p>資料來源：<a href=\"http://www.cmoney.tw/app/ItemContent.aspx?id=1812\">籌碼Ｋ線－大盤籌碼</a></p>\n\n<p>&nbsp;</p>\n\n<p>&nbsp;</p>\n\n<h1>【免費試用 籌碼K線】</h1>\n\n<h2>&rarr;&rarr;<a href=\"http://cmy.tw/005jDZ\">《 點我點我！》</a>&larr;&larr;</h2>\n\n<p>&nbsp;</p>\n\n<h2>想知道更多籌碼達人的秘訣嗎？</h2>\n\n<h3>快點擊下方加入我們的LINE@ 和 祕密社團</h3>\n\n<h3><a href=\"http://cmy.tw/005XVT\" target=\"_blank\"><img alt=\"\" height=\"85\" src=\"http://www.cmoney.tw/notes/cmstatic/notes/capture/467194/20180108115331599.gif\" width=\"266\" /></a>&nbsp; &nbsp; &nbsp;&nbsp;<a href=\"http://cmy.tw/005o96\"><img alt=\"\" height=\"89\" src=\"http://www.cmoney.tw/notes/cmstatic/notes/capture/467194/20180108115413395.gif\" width=\"272\" /></a></h3>\n\n<p>&nbsp;</p>\n",
        "ViewCount": "7149",
        "IsReference": false,
        "ReferenceList": null,
        "OgImgURL": "http://www.cmoney.tw/notes/cmstatic/notes/capture/70544/20150205112248502.jpg"
    },
    "badges": [],
    "isTreeCompleted": false,
    "nextCourse": null
}