{
    "courseDetail": {
        "CourseId": 1720,
        "CourseContent": "<p>&nbsp;</p>\n\n<p><span style=\"color:rgb(204, 0, 0); font-size:26px\">漲停家數-今日發生 漲停板 的家數</span></p>\n\n<p><span style=\"color:rgb(204, 0, 0); font-size:26px\">跌停家數-今日發生 跌停板 的家數</span></p>\n\n<p>在籌碼K線中，副圖中的「漲/跌停家數」，</p>\n\n<p>可以看到，當日出現漲/跌停板的家數。</p>\n\n<p>&nbsp;</p>\n\n<p>從當日的漲跌停家數，</p>\n\n<p>可以大致知道最近大盤的強弱。</p>\n\n<p>當發現漲停家數較多，表示盤勢較強；</p>\n\n<p>當發現跌停家數較多，可能盤勢趨於弱勢。</p>\n\n<p>&nbsp;</p>\n\n<h2>發生大量漲停家數，</h2>\n\n<h2>可能表示 頭部 &nbsp;近了！</h2>\n\n<p>但，大盤不可能一直都很強，</p>\n\n<p>也不可能一直在谷底無法翻身。</p>\n\n<p>情勢總有翻轉的時候。</p>\n\n<p>&nbsp;</p>\n\n<p>當發現近期漲停家數大增時，</p>\n\n<p>因為整個市場都很熱絡，</p>\n\n<p>要漲大家一起漲。</p>\n\n<p>但冷靜一段時間後，</p>\n\n<p>其實很多股票的漲幅，早就超過他的價值了。</p>\n\n<p>這時候，可能就是頭部快到了。</p>\n\n<p>&nbsp;</p>\n\n<h2>發生大量跌停家數，</h2>\n\n<h2>可能表示 底部 &nbsp;近了！</h2>\n\n<p>相反的，當全市場都在跌，</p>\n\n<p>就算公司的賺錢能力沒有改變，</p>\n\n<p>因為市場的恐懼，造成股價跌過了他該有的價值，</p>\n\n<p>這時候，就是識貨的人進場的好機會，</p>\n\n<p>可能買到很多便宜的好股票！</p>\n\n<p>&nbsp;</p>\n\n<p>這兩個狀況，</p>\n\n<p>在 2014 年的 6、7月可以看到明頭部，</p>\n\n<p>當時候的漲停家數 明顯的增加很多。</p>\n\n<p>而在10、11月，則可以看到明顯的底部，</p>\n\n<p>當時的跌停家數 也明顯的增加許多。</p>\n\n<p>&nbsp;</p>\n\n<p><img alt=\"\" height=\"529\" src=\"http://www.cmoney.tw/notes/cmstatic/notes/capture/70544/20150202162914412.jpg\" width=\"700\" /></p>\n\n<p>&nbsp;</p>\n\n<p>下次，當漲跌停家數大量增加時，</p>\n\n<p>小心！可能是盡頭要到了。</p>\n\n<p>&nbsp;</p>\n\n<p>&nbsp;</p>\n\n<h1>【免費試用 籌碼K線】</h1>\n\n<h2>&rarr;&rarr;<a href=\"http://cmy.tw/005jDZ\">《 點我點我！》</a>&larr;&larr;</h2>\n\n<p>&nbsp;</p>\n\n<h2>想知道更多籌碼達人的秘訣嗎？</h2>\n\n<h3>快點擊下方加入我們的LINE@ 和 祕密社團</h3>\n\n<h3><a href=\"http://cmy.tw/005XVT\" target=\"_blank\"><img alt=\"\" height=\"85\" src=\"http://www.cmoney.tw/notes/cmstatic/notes/capture/467194/20180108115331599.gif\" width=\"266\" /></a>&nbsp; &nbsp; &nbsp;&nbsp;<a href=\"http://cmy.tw/005o96\"><img alt=\"\" height=\"89\" src=\"http://www.cmoney.tw/notes/cmstatic/notes/capture/467194/20180108115413395.gif\" width=\"272\" /></a></h3>\n\n<p>&nbsp;</p>\n",
        "ViewCount": "11301",
        "IsReference": false,
        "ReferenceList": null,
        "OgImgURL": "http://www.cmoney.tw/notes/cmstatic/notes/capture/70544/20150202162914412.jpg"
    },
    "badges": [],
    "isTreeCompleted": false,
    "nextCourse": null
}