{
    "courseDetail": {
        "CourseId": 1814,
        "CourseContent": "<p><img alt=\"\" height=\"324\" src=\"http://www.cmoney.tw/learn/cmstatic/learn/123/20181026190853132.JPG\" width=\"650\" /></p>\n\n<p><span style=\"font-size:12px\">(圖/shutter stock)</span></p>\n\n<p>&nbsp;</p>\n\n<h1>想告別月光族？</h1>\n\n<h1>月底總為還卡費發愁？</h1>\n\n<h2>理財是關鍵。</h2>\n\n<p>從今天起，請勇敢地做金錢的主人！</p>\n\n<p>很多人都覺得理財很高深</p>\n\n<p>但其實，只要養成良好的理財習慣、</p>\n\n<p>不要犯常見的理財錯誤</p>\n\n<p>理財也可以很簡單。</p>\n\n<p>&nbsp;</p>\n\n<p>這 20 個理財習慣、招數</p>\n\n<p>死也要堅守！！</p>\n\n<p>&nbsp;</p>\n\n<p>繼續看下去...</p>\n\n<p>&nbsp;</p>\n\n<p><span style=\"color:#808080\"><span style=\"font-size:12px\">(贊助商連結...)</span></span></p>\n\n<p><dfp type=\"3\"></dfp></p>\n\n<h1>1、預留生活備用金</h1>\n\n<p>這是為了應付日常開支以及緊急支出</p>\n\n<p>一般應留出 3 ~ 6 個月的生活開支。</p>\n\n<p>&nbsp;</p>\n\n<h1>2、這樣存，</h1>\n\n<h1>最後每月多存 10000 元！</h1>\n\n<p>別總想著自己能「一夜暴富」，</p>\n\n<p>財富的積累重在平時「點滴積累」 ，</p>\n\n<p>每月計畫拿出部分的收入來進行強制儲蓄，</p>\n\n<p>剩餘的資金再用於生活消費以及投資。</p>\n\n<p>&nbsp;</p>\n\n<h2>存錢遊戲</h2>\n\n<p>國外社交網站上，</p>\n\n<p>流傳著一張存錢表，</p>\n\n<p>每個星期採階梯式遞增的方式，</p>\n\n<p>強迫自己每個星期多存下 10 塊錢，</p>\n\n<p>52 週後就可以存到將近 1 萬 4 千元。</p>\n\n<p>&nbsp;</p>\n\n<h2>階梯式存錢法遊戲規則</h2>\n\n<p><strong>1. 先存 10 塊錢&nbsp;</strong></p>\n\n<p><strong>2. 每週再多存 10 塊錢&nbsp;</strong></p>\n\n<p><strong>3. 52 週後可多存 13,780 元&nbsp;</strong></p>\n\n<p>當然，在工具中你可以依照自己的經濟能力、</p>\n\n<p>所使用的幣值來變換每週要存的錢。</p>\n\n<p>&nbsp;</p>\n\n<p>用這種比較有目標、有系統的理財方式</p>\n\n<p>就能夠加速自己變更有錢的速度~</p>\n\n<p>好文分享:</p>\n\n<p>&nbsp;<a href=\"http://handbook.tw/topics/189\" style=\"text-decoration: underline; color: rgb(0, 119, 181); position: relative;\" target=\"_blank\">印出你的 52 週存錢挑戰表，</a></p>\n\n<p><a href=\"http://handbook.tw/topics/189\" style=\"text-decoration: underline; color: rgb(0, 119, 181); position: relative;\" target=\"_blank\">2015 年這樣存錢最聰明</a></p>\n\n<p>&nbsp;</p>\n\n<h1>3、儲蓄和投資並行</h1>\n\n<p>不儲蓄，絕對成不了富豪，</p>\n\n<p>儲蓄不是美德，而是手段。</p>\n\n<p>儲蓄是守，投資是攻。</p>\n\n<p>時間就是金錢，儲蓄和投資都要趁早。</p>\n\n<p>&nbsp;</p>\n\n<h1>4、拿閒錢來進行投資</h1>\n\n<p>閒置的錢做投資，就算虧了，</p>\n\n<p>也不影響到家庭生活。</p>\n\n<p>並注意優選一些穩健型的投資方式。</p>\n\n<p>&nbsp;</p>\n\n<h1>5、保住本錢</h1>\n\n<p>投資原則之一，絕對不能把本錢丟了；</p>\n\n<p>投資原則之二，一定要堅守原則一。</p>\n\n<p>能保住本錢就是賺錢！</p>\n\n<p>&nbsp;</p>\n\n<p><dfp type=\"2\"></dfp></p>\n\n<p>&nbsp;</p>\n\n<h1>6、將每一分錢用到實處</h1>\n\n<p>人口爆炸、房價、物價瘋漲，</p>\n\n<p>賺錢已不易，花錢更不易。</p>\n\n<p>需勤儉節約，精打細算地使用錢，</p>\n\n<p>將每一分錢用到實處。</p>\n\n<p>省錢的前提是保證基本生活品質。</p>\n\n<p>那些刻意省錢，整天不吃飯，只吃泡麵，</p>\n\n<p>甚至一年到頭不吃魚肉的做法不可取。</p>\n\n<p>該花的錢要花，不該花的錢絕對不花。</p>\n\n<p>&nbsp;</p>\n\n<h1>7、拒絕衝動型消費</h1>\n\n<p><strong><span style=\"background-color:#FFFF00\">購買一樣東西理由是「</span></strong><strong><span style=\"background-color:#FFFF00\">需要 」，</span></strong></p>\n\n<p><strong><span style=\"background-color:#FFFF00\">而不是「漂亮」或是「打折 」</span></strong><strong><span style=\"background-color:#FFFF00\">。</span></strong></p>\n\n<p>付款前多想想，</p>\n\n<p>買這個東西是要幹什麼。</p>\n\n<p>&nbsp;</p>\n\n<h1>8、依靠「常識」炒股票</h1>\n\n<p>尋找變化中的不變，</p>\n\n<p>就是能掙大錢的「常識」</p>\n\n<p>將分散的投資和集中投資有機結合起來，</p>\n\n<p>績優股要長期持有。</p>\n\n<p>&nbsp;</p>\n\n<h1>9、善投基金</h1>\n\n<p>不能一味信奉基金代理商，</p>\n\n<p>還要仔細看基金商品過去的業績，</p>\n\n<p><span style=\"font-size:15px\">而不是現在的業績。&nbsp;</span></p>\n\n<p>不要固執地選擇收益率</p>\n\n<p>超過平均收益率的基金商品，</p>\n\n<p>不要這山望那山高。</p>\n\n<p>&nbsp;</p>\n\n<h1>10、追逐知識</h1>\n\n<p>不斷追逐財富，</p>\n\n<p>就是不斷學習投資理財知識的過程。</p>\n\n<p>資訊就是財富，</p>\n\n<p><span style=\"font-size:15px\">鍛煉自己運用資訊的預見力和決斷力。</span></p>\n\n<p>&nbsp;</p>\n\n<p><a href=\"http://cmy.tw/008NnG\" target=\"_blank\"><img alt=\"\" height=\"250\" src=\"http://www.cmoney.tw/learn/cmstatic/learn/123/20200723164047921.jpg\" width=\"300\" /></a></p>\n\n<p>&nbsp;</p>\n\n<h1>11、不跟風投資</h1>\n\n<p>很多人都是什麼熱買什麼，</p>\n\n<p>沒有真正的投資理財意識，只是投機。</p>\n\n<p>你現在是投資還是投機，要考慮清楚！</p>\n\n<p>&nbsp;</p>\n\n<h1>12、積累人脈</h1>\n\n<p>不管什麼人，</p>\n\n<p>光憑自己的力量是成不了富豪的，</p>\n\n<p>而人脈需要細心經營。</p>\n\n<p>&nbsp;</p>\n\n<h1>13、向富人學習</h1>\n\n<p>多研究那些真正靠努力致富的人，</p>\n\n<p>學學他們的言行舉止、</p>\n\n<p>成功經驗、投資理念等。</p>\n\n<p>&nbsp;</p>\n\n<h1>14、敗不餒勝不驕</h1>\n\n<p>不管是失敗或成功<span style=\"font-size:15px\">都冷靜分析，</span></p>\n\n<p><span style=\"font-size:15px\">作出最有利於自己的決定。</span></p>\n\n<p>&nbsp;</p>\n\n<h1>15、放眼全球市場</h1>\n\n<p>不要把眼光局限於國內，</p>\n\n<p>海外投資也逐漸成為趨勢，</p>\n\n<p>如海外置業等。</p>\n\n<p>&nbsp;</p>\n\n<p><dfp type=\"1\"></dfp></p>\n\n<p>&nbsp;</p>\n\n<h1>16、對家庭財富做定期體檢</h1>\n\n<p>即針對家庭收入支出、資產負債等，</p>\n\n<p>從風險控制、合理負債等角度進行分析預測，</p>\n\n<p>從而確定家庭的日常飲食、出行活動等的安排。</p>\n\n<p>&nbsp;</p>\n\n<h1>17、 負債也是一種資產</h1>\n\n<p>錢是活的，聰敏人處處都可以生錢。</p>\n\n<p>可以利用債務創造更多收益。</p>\n\n<p>&nbsp;</p>\n\n<h2>接下來有 80% 的人都敗在這點....</h2>\n\n<h2>看看你做不做得到 ?</h2>\n\n<p>&nbsp;</p>\n\n<h1>18、 借錢給朋友</h1>\n\n<h1>「拿不回來也不要緊」？</h1>\n\n<p>很多朋友最後翻臉都是因為錢，</p>\n\n<p>不要為了充義氣，</p>\n\n<p>而把大筆資金借出去，</p>\n\n<p>萬一收不回來，</p>\n\n<p>又傷財又傷感情。</p>\n\n<p>&nbsp;</p>\n\n<h1>19、 不把雞蛋</h1>\n\n<h1>放在同一個籃子裡</h1>\n\n<p>這話很老土，</p>\n\n<p>但真正用起來卻是真理。</p>\n\n<p>多元化投資，</p>\n\n<p>不但可以分散風險，</p>\n\n<p>還可以多賺點錢。</p>\n\n<p>&nbsp;</p>\n\n<h1>20、 學會精於算計</h1>\n\n<p>不是勾心鬥角，</p>\n\n<p>而是加強對財富數字的敏感。</p>\n\n<p>計算能力好<span style=\"font-size:15px\">在控制成本、</span></p>\n\n<p><span style=\"font-size:15px\">風險、</span><span style=\"font-size:15px\">判斷收益等時都能得心應手。</span></p>\n\n<p>&nbsp;</p>\n\n<p><span style=\"font-size:16px\"><strong>存錢是一種「紀律」的訓練，</strong></span></p>\n\n<p><span style=\"font-size:16px\"><strong>除了幫自己存到投資的第一桶金外，</strong></span></p>\n\n<p><span style=\"font-size:16px\"><strong>也讓自己養成自律的習慣，一起加油吧！</strong></span></p>\n\n<p>&nbsp;</p>\n\n<p><a href=\"http://cmy.tw/009YkZ\" target=\"_blank\"><img alt=\"\" height=\"600\" src=\"http://www.cmoney.tw/learn/cmstatic/learn/123/20200723163757139.jpg\" width=\"300\" /></a></p>\n\n<p>&nbsp;</p>\n\n<p>&nbsp;</p>\n",
        "ViewCount": "386864",
        "IsReference": false,
        "ReferenceList": null,
        "OgImgURL": "http://www.cmoney.tw/learn/cmstatic/learn/123/20181026190853132.JPG"
    },
    "badges": [],
    "isTreeCompleted": false,
    "nextCourse": null
}