{
    "courseDetail": {
        "CourseId": 1890,
        "CourseContent": "<p>&nbsp;</p>\n\n<h1>&nbsp;</h1>\n\n<p><br />\n&nbsp;</p>\n\n<h1>美女表姊的交友選擇，像用 中短線技術分析 操作股票</h1>\n\n<p>不知道大家都是如何選擇朋友或是男女朋友的呢？^^</p>\n\n<p>&nbsp;</p>\n\n<p>我有一位表姊，</p>\n\n<p>年輕的時候長得非常漂亮，大大的眼睛像關之琳，</p>\n\n<p>每年情人節，追求者送到她們家的花數量非常多，</p>\n\n<p>把家裡地板排滿了都無法走路。</p>\n\n<p>&nbsp;</p>\n\n<p>&nbsp;</p>\n\n<h2>&nbsp;</h2>\n\n<h2>表姊的交友策略</h2>\n\n<h2>大範圍選擇 + 篩選最好的 + 看錯就砍&nbsp;</h2>\n\n<p>像這樣的美女追求者眾，</p>\n\n<p>她採取的交友模式是比較廣泛的去認識很多人，</p>\n\n<p>然後遇到個性或各種條件不適合的就快速篩選掉，</p>\n\n<p>最後留下最適合的。</p>\n\n<p>&nbsp;</p>\n\n<p>這樣的模式就像生物演化、繁衍的策略一樣，</p>\n\n<p>沒有好不好、對不對，只有自己適不適合用的問題。</p>\n\n<p>&nbsp;</p>\n\n<p>經過不斷的篩選之後，</p>\n\n<p>最後表姊找到一位喜歡且適合的人結婚。</p>\n\n<p>表姊夫是一位上進聰明的青年，而且很疼她，</p>\n\n<p>兩人目前育有一子，婚姻過的很幸福。</p>\n\n<p>&nbsp;</p>\n\n<p>到底這跟股市有甚麼關係? &nbsp;趕緊來看看吧...</p>\n\n<p><googleadsense height=\"600px\" type=\"4\" width=\"300px\"></googleadsense></p>\n\n<p>&nbsp;</p>\n\n<p>&nbsp;</p>\n\n<h2>短線技術分析策略:</h2>\n\n<h2>大範圍選擇 + 篩選最好的 + 快速停損</h2>\n\n<h2>大賺小賠也賺錢</h2>\n\n<p>如果在股市中，這樣的方法，</p>\n\n<p>就像是一種中短線的技術分析操作方式:</p>\n\n<p>一次用系統選入符合條件的多檔個股 ( 例如 : 20 週線、 KD 高檔鈍化 )，</p>\n\n<p>然後分散資金一次買入很多支。</p>\n\n<p>&nbsp;</p>\n\n<p>若買入股票之後走勢不如預期</p>\n\n<p>就馬上停損、換股操作，</p>\n\n<p>若操作的好，大賺小賠也是能贏錢。</p>\n\n<p>&nbsp;</p>\n\n<p>圖說 :&nbsp;<a href=\"http://www.cmoney.tw/app/ItemContent.aspx?id=1934\">林恩如老師的理財寶-短線搖錢樹</a>，用的就是上述這種策略。</p>\n\n<p><a href=\"http://www.cmoney.tw/app/ItemContent.aspx?id=1934\"><img alt=\"\" height=\"461\" src=\"http://www.cmoney.tw/notes/cmstatic/notes/capture/37323/20150206113857384.jpg\" width=\"700\" /></a></p>\n\n<p>( 資料來源 :&nbsp;<a href=\"http://www.cmoney.tw/app/ItemContent.aspx?id=1934\">林恩如-短線聚寶盆</a>&nbsp;)</p>\n\n<p>&nbsp;</p>\n\n<h1>Emily的交友選擇:</h1>\n\n<h1>像長線價值投資，</h1>\n\n<h1>選擇長期認識的好朋友，持續的交往</h1>\n\n<p>因為個性上的原因，我很難執行上面那種方法，</p>\n\n<p>不管在交友上或投資上都一樣。</p>\n\n<p>&nbsp;</p>\n\n<p>我身邊的朋友多是認識多年的老朋友，</p>\n\n<p>雖然目前因為各自忙工作、家庭事務，見面的次數不多，</p>\n\n<p>但久久約一次，感覺還是跟以前一樣彼此了解熟悉。</p>\n\n<p>&nbsp;</p>\n\n<p>我喜歡老的事物、老的朋友，</p>\n\n<p>經過時間的洗刷之後，真正能留在身邊的人，</p>\n\n<p>都是最了解彼此的人。</p>\n\n<p>&nbsp;</p>\n\n<p>這些老朋友是怎麼產生的呢？</p>\n\n<p>有些是小時候的鄰居、有些是學生時代的同學、</p>\n\n<p>有些是教會的朋友....還有一路以來工作的同事。</p>\n\n<p>&nbsp;</p>\n\n<p>&nbsp;</p>\n\n<p>&nbsp;</p>\n\n<h2>一開始就選擇固定範圍，再花時間慢慢了解</h2>\n\n<p>我的交友模式，是在一個固定的範圍內，</p>\n\n<p>花很多時間慢慢地去了解一個人，</p>\n\n<p>並慢慢的成為朋友、慢慢的成為摯友，</p>\n\n<p>甚至慢慢地變成家人。</p>\n\n<p>&nbsp;</p>\n\n<p>我現在的老公就是這樣，​</p>\n\n<p>他曾經是我的同事、同一個教會的教友，也是我最好的朋友，</p>\n\n<p>我們從認識到結婚，將近9年。</p>\n\n<p>&nbsp;</p>\n\n<p>圖說 : 艾蜜莉的婚紗照。</p>\n\n<p>&nbsp;</p>\n\n<p>&nbsp;</p>\n\n<p>所以我在投資上用的方法也是一樣，</p>\n\n<p>多是早已選定固定範圍的標的了(台灣50、中型100成分股)，</p>\n\n<p>然後再把裡面「公司的業務自己能了解、經營優良的」，</p>\n\n<p>列入軟體的「艾蜜莉觀察名單」中。</p>\n\n<p>&nbsp;</p>\n\n<p>圖說 : 艾蜜莉定存股軟體中的<a href=\"http://www.cmoney.tw/app/ItemContent.aspx?id=1920\">「艾蜜莉觀察名單」</a>。</p>\n\n<p><a href=\"http://www.cmoney.tw/app/ItemContent.aspx?id=1920\"><img alt=\"\" height=\"447\" src=\"http://www.cmoney.tw/notes/cmstatic/notes/capture/37323/20150206160624414.png\" width=\"792\" /></a></p>\n\n<p>( 資料來源 : 2015.2.6&nbsp;<a href=\"http://www.cmoney.tw/app/ItemContent.aspx?id=1920\">艾蜜莉定存股-艾蜜莉觀察名單</a>&nbsp;)</p>\n\n<p>&nbsp;</p>\n\n<h2>有缺點的人 就不能當朋友嗎？</h2>\n\n<p>人都是多多少少有缺點的，</p>\n\n<p>有些缺點在交往之前就會發現，但有些缺點在交往之後才出現，</p>\n\n<p>缺點會影響到兩人之間的關係嗎？</p>\n\n<p>&nbsp;</p>\n\n<p>這時候我會檢視這些點，</p>\n\n<p>例如:某個朋友是善良的好人，</p>\n\n<p>但她不喜歡出門，所以總是很難約出來玩。</p>\n\n<p>但仔細想想後，我覺得這樣的缺點是可以接受的，</p>\n\n<p>因為這不影響到她的人格本質，</p>\n\n<p>她不喜歡出門 &nbsp;所以我想她的時候去她家一起喝咖啡、看DVD！</p>\n\n<p>&nbsp;</p>\n\n<h2>人無完人 股票也不用追求完美的財報</h2>\n\n<p>回到股票來說，</p>\n\n<p>統一算是經營穩健的企業，</p>\n\n<p>但打開艾蜜莉定存股的「體質評估」頁，</p>\n\n<p>會發現它雖然顯示為「正常」，但仍有3項不良項目。</p>\n\n<p>&nbsp;</p>\n\n<p>此時我們並不用因為它有三個「缺點」，</p>\n\n<p>就放棄這檔股票，而是去檢視這三個缺點的成因，</p>\n\n<p>會不會影響到企業長期穩健的經營，</p>\n\n<p>如果不會，又遇到便宜的價格，</p>\n\n<p>我會很樂意買進並持有！</p>\n\n<p>&nbsp;</p>\n\n<h2>朋友失意落難的時候，用耐心陪他一起度過</h2>\n\n<p>我喜歡趁利空的時候，分批用便宜價買進績優股，</p>\n\n<p>很多人看到股票下跌10%或20%，</p>\n\n<p>就開始恐慌、想停損...</p>\n\n<p>&nbsp;</p>\n\n<p>但人生與股票一樣起起落落，</p>\n\n<p>很少人永遠一帆風順的，</p>\n\n<p>因此，除了少數的情形，確定這家優良企業會永遠衰敗之外，</p>\n\n<p>我不會因為一時股價下跌就停損股票！</p>\n\n<p>&nbsp;</p>\n\n<p>圖說 : 統一 2015/2/6 艾蜜莉定存股體質評估頁。</p>\n\n<p><a href=\"http://www.cmoney.tw/app/ItemContent.aspx?id=1920\"><img alt=\"\" height=\"398\" src=\"http://www.cmoney.tw/notes/cmstatic/notes/capture/37323/20150206152838963.jpg\" width=\"700\" /></a></p>\n\n<p>( 資料來源 : 艾蜜莉定存股/ 2015.2.6&nbsp;)</p>\n\n<p>&nbsp;</p>\n\n<h1>快速結論:</h1>\n\n<p>雖然有人說「不要跟股票談戀愛」，</p>\n\n<p>但有時候，選股票、選朋友、選伴侶的道理還真是相同，</p>\n\n<p>了解自己的個性與投資屬性，就能找到自己最適合的選股、投資模式！</p>\n\n<p>&nbsp;</p>\n\n<p>&nbsp;</p>\n\n<p>&nbsp;</p>\n\n<h1>幫自己圓夢、提早10年 快樂退休計畫...</h1>\n\n<p><strong><span style=\"font-size:22px\">&gt;&gt;我的</span></strong><strong><span style=\"font-size:22px\"><a href=\"http://cmy.tw/004WMo\" style=\"position: relative; text-decoration: underline;\" target=\"_blank\">「小資女艾蜜莉:我的資產翻倍存股筆記」(智富出版)</a></span></strong></p>\n\n<p>&nbsp;</p>\n\n<h2>想看更多「艾蜜莉」的故事</h2>\n\n<p>推薦這本<a href=\"http://cmy.tw/005MUm\" style=\"outline-style: initial; outline-width: 0px; text-decoration-line: underline; color: rgb(0, 119, 181); position: relative;\" target=\"_blank\"><u>《女人變有錢》靠存股7年存出 500萬&nbsp;</u></a>給你</p>\n\n<p>總價值：NT$ 1,479 &rarr;&nbsp;<a href=\"http://cmy.tw/005MUm\" target=\"_blank\">女人自立自強價：NT$ 138 ！</a></p>\n\n<p><strong>(獨家附贈：價值 1,299元，艾蜜莉定存股私房影音&nbsp;<span style=\"color:rgb(255, 0, 0)\">只送不賣!</span>賣完為止哦)</strong></p>\n\n<p><a href=\"http://cmy.tw/005MUm\"><img alt=\"\" height=\"400\" src=\"https://fsv.cmoney.tw/cmstatic/notes/capture/631653/20170515120754538.jpg\" width=\"299\" /></a></p>\n\n<p>&nbsp;</p>\n\n<h2>&gt;&gt; 免費使用小資女艾蜜莉的算股秘訣:<a href=\"http://cmy.tw/004QVJ\" target=\"_blank\">艾蜜莉定存股</a></h2>\n\n<h2>&gt;&gt;<a href=\"http://cmy.tw/005O9e\">&nbsp;手機APP版載點</a></h2>\n\n<p><a href=\"http://cmy.tw/005O9e\"><img alt=\"\" height=\"254\" src=\"http://www.cmoney.tw/learn/cmstatic/learn/103/20170609105411016.jpg\" width=\"500\" /></a></p>\n",
        "ViewCount": "4377",
        "IsReference": true,
        "ReferenceList": [
            {
                "ReferenceId": 32324,
                "Description": "3 千元 也可以開始買股票喔，小資族有福了，馬上開始 學＂零股投資術",
                "ReferenceUrl": "http://www.cmoney.tw/notes/note-detail.aspx?nid=30894",
                "ReferenceImage": "http://fsv.money01.com.tw/cmstatic/notes/capture/37323/20150508152610656.jpg",
                "ViewCount": 82
            },
            {
                "ReferenceId": 32325,
                "Description": "史上最難操作！全球熱錢亂竄，怎麼賺大牛行情？「台味」績優股 進可攻，退可守！",
                "ReferenceUrl": "http://www.cmoney.tw/notes/note-detail.aspx?nid=30832",
                "ReferenceImage": "http://fsv.money01.com.tw/cmstatic/notes/capture/218992/20150507175802823.png",
                "ViewCount": 18
            },
            {
                "ReferenceId": 32326,
                "Description": "每年 3 月底一定要注意的事！我用「年報」找到 9 檔「獲利穩」+ 「殖利率高」的股票...",
                "ReferenceUrl": "http://www.cmoney.tw/notes/note-detail.aspx?nid=28129",
                "ReferenceImage": "http://fsv.money01.com.tw/cmstatic/notes/capture/37323/20150330173926685.jpg",
                "ViewCount": 43
            }
        ],
        "OgImgURL": "http://www.cmoney.tw/notes/cmstatic/notes/capture/37323/20150206113857384.jpg"
    },
    "badges": [],
    "isTreeCompleted": false,
    "nextCourse": null
}