{
    "courseDetail": {
        "CourseId": 2045,
        "CourseContent": "<p>&nbsp;</p>\n\n<p>&nbsp;</p>\n\n<p>&nbsp;</p>\n\n<p>股票市場千變萬化，</p>\n\n<p>每一項指標、數據都有它的用途，</p>\n\n<p>每次賠錢就會發現自己忽略了其中一個，</p>\n\n<p>或是多分析了哪項指標，</p>\n\n<p>到底要怎麼在股市中挑選與判斷呢？</p>\n\n<p>&nbsp;</p>\n\n<p>無聊詹了解選股時間有限，</p>\n\n<p>無法每支股票都細細分析，</p>\n\n<p>於是他創造了一套選股工具，</p>\n\n<p>利用｢趨勢強度」來做初步的股票篩選，</p>\n\n<p>節省了你大量的分析時間，</p>\n\n<p>他是怎麼做到的呢？</p>\n\n<p>&nbsp;</p>\n\n<p>繼續看下去...</p>\n\n<p>&nbsp;</p>\n\n<p><a href=\"http://cmy.tw/005NuZ\"><googleadsense height=\"250px\" type=\"2\" width=\"300px\"></googleadsense></a></p>\n\n<p>&nbsp;</p>\n\n<h1>「趨勢強度」 的作用？</h1>\n\n<p>趨勢強度代表的是「均線的方向與狀態」，</p>\n\n<p>可以用來快速篩選出符合自己操作需求的個股。</p>\n\n<p>以及避開一些不熟悉或是體質不佳的股票</p>\n\n<p>&nbsp;</p>\n\n<h1>馬上打開<a href=\"http://cmy.tw/0052Lg\">盤中警報器</a></h1>\n\n<h2>尋找屬於自己的強勢飆股</h2>\n\n<p>利用<a href=\"http://cmy.tw/0052Lg\" style=\"line-height: 25.5px;\">盤中警報器</a>可以快速選出需要的股票類型，</p>\n\n<p>不讓你浪費時間在自己不懂的區塊，</p>\n\n<p>節省大量的時間。</p>\n\n<p>&nbsp;</p>\n\n<h2>趨勢強度 1 的個股</h2>\n\n<p>你會發現比較偏向是突破切線或者破底翻的個股，</p>\n\n<p>這類個股可能是反彈也可能是主力甩轎後起漲。</p>\n\n<p><img alt=\"\" height=\"441\" src=\"http://www.cmoney.tw/learn/cmstatic/learn/189/20150729145224649.png\" width=\"820\" /></p>\n\n<p><a href=\"http://cmy.tw/004gwI\">(資料來源：</a><a href=\"http://cmy.tw/0052Lg\" style=\"line-height: 25.5px;\">盤中警報器</a><a href=\"http://cmy.tw/004gwI\">)</a></p>\n\n<p>&nbsp;</p>\n\n<h2>趨勢強度 4 的個股</h2>\n\n<p>比較偏向多頭排列或者剛創新高的個股，</p>\n\n<p>這類個股都很強勢，但通常已經走一個波段。</p>\n\n<p>&nbsp;</p>\n\n<p><img alt=\"\" height=\"439\" src=\"http://www.cmoney.tw/learn/cmstatic/learn/189/20160817134901775.png\" width=\"820\" /></p>\n\n<p><a href=\"http://cmy.tw/004gwI\">(資料來源：</a><a href=\"http://www.cmoney.tw/app/ItemContent.aspx?id=2261\" style=\"line-height: 25.5px;\">盤中警報器</a><a href=\"http://cmy.tw/004gwI\">)</a></p>\n\n<p>&nbsp;</p>\n\n<h2>關注、檢查趨勢強度，</h2>\n\n<h2>避開包裹糖衣的地雷股，</h2>\n\n<h2>贏取飆股的報酬！</h2>\n\n<p>&nbsp;</p>\n\n<h2>無聊詹提供<u><strong>專屬四大服務</strong></u></h2>\n\n<h2>還沒加入的你，還不加入嗎？</h2>\n\n<h3>►<a href=\"http://cmy.tw/005k7N\" style=\"outline-style: initial; outline-width: 0px; text-decoration-line: underline; position: relative;\" target=\"_blank\">點此加入粉絲團</a></h3>\n\n<h3>►<a href=\"http://cmy.tw/005SY0\" style=\"outline-style: initial; outline-width: 0px; text-decoration-line: underline; position: relative;\" target=\"_blank\">點此加入社團</a></h3>\n\n<p><img alt=\"\" height=\"360\" src=\"https://fsv.cmoney.tw/cmstatic/notes/capture/713026/20170915103056745.jpg\" width=\"820\" /></p>\n\n<h2>馬上報名 &gt;&gt;<a href=\"http://cmy.tw/005VFa\" style=\"outline-style: initial; outline-width: 0px; text-decoration-line: underline; color: rgb(0, 119, 181); position: relative;\" target=\"_blank\">&nbsp;</a><a href=\"http://cmy.tw/005hCD\" style=\"outline-style: initial; outline-width: 0px; text-decoration-line: underline; color: rgb(0, 119, 181); position: relative;\" target=\"_blank\">無聊詹(最新課程)-多空選股班&nbsp;</a>(提供限量早鳥價)</h2>\n\n<h2>馬上試用 &gt;&gt;<a href=\"http://cmy.tw/005hPx\">&nbsp;</a><a href=\"http://cmy.tw/005hPx\" style=\"outline-style: initial; outline-width: 0px; text-decoration-line: underline; color: rgb(0, 119, 181); position: relative;\" target=\"_blank\">盤中警報器</a><a href=\"http://cmy.tw/005hPx\">&nbsp;</a>抓飆股，就是這麼簡單！</h2>\n",
        "ViewCount": "14878",
        "IsReference": false,
        "ReferenceList": null,
        "OgImgURL": "http://www.cmoney.tw/learn/cmstatic/learn/189/20150729145224649.png"
    },
    "badges": [],
    "isTreeCompleted": false,
    "nextCourse": null
}