{
    "courseDetail": {
        "CourseId": 2044,
        "CourseContent": "<p>&nbsp;</p>\n\n<p>&nbsp;</p>\n\n<p>&nbsp;</p>\n\n<p>大盤一直站穩高點，</p>\n\n<p>許多飆股已經上漲或已經上漲完畢，</p>\n\n<p>你是否覺得，</p>\n\n<p>自己所關注的股票，</p>\n\n<p>已經偷偷上漲，</p>\n\n<p>你一定相當猶豫是否繼續追高，</p>\n\n<p>但又怕已經漲到高點，</p>\n\n<p>其實還有一個更簡單的方式，</p>\n\n<p>叫做連動找強勢</p>\n\n<p>能避開追高的風險</p>\n\n<p>又能享受飆漲的利潤，</p>\n\n<p>無聊詹利用它，找到了許多未漲的飆股，</p>\n\n<p>他是怎麼做到的呢？</p>\n\n<p>&nbsp;</p>\n\n<p>繼續看下去...</p>\n\n<p>&nbsp;</p>\n\n<p><googleadsense height=\"250px\" type=\"2\" width=\"300px\"></googleadsense></p>\n\n<p>&nbsp;</p>\n\n<p><strong><span style=\"color:rgb(204, 0, 0); font-size:26px\">甚麼是「連動」？</span></strong></p>\n\n<p><strong><span style=\"color:rgb(204, 0, 0); font-size:26px\">股票為什麼會「連動」？</span></strong></p>\n\n<p>常常可以從新聞或報章雜誌上看到</p>\n\n<p>「某支股票帶動其他股票上漲。」</p>\n\n<p>「某個族群的股票同時大漲。」</p>\n\n<p>股票彼此連動的原因有兩點：</p>\n\n<p>其一，是因為資金要湧入到一檔股票裡，</p>\n\n<p>風險可能太高，</p>\n\n<p>因此會分散在其他同族群的股票中。</p>\n\n<p>&nbsp;</p>\n\n<p>其二，當某一檔股票快速上漲，</p>\n\n<p>市場上的投資人不願意追高，</p>\n\n<p>因此買進其他相同性質的股票。</p>\n\n<p>這些一起大漲的股票，又稱為「<strong>強勢族群</strong>」。</p>\n\n<p>&nbsp;</p>\n\n<p>過去，為了快速在盤中找出強勢類股需要靠長期的經驗</p>\n\n<p>比方盤中看到有 IC 設計的個股漲了，</p>\n\n<p>就馬上找到其他的 IC 設計來操作</p>\n\n<p>這樣的敏感度，</p>\n\n<p>必須熟悉每一個產業、每一檔標的的投資人才做得到</p>\n\n<p>要培養這樣的 sense 並不容易，進入門檻很高</p>\n\n<p>&nbsp;</p>\n\n<h1>現在，盤中看懂強勢族群，只要 3 步驟！</h1>\n\n<h1><strong>馬上打開<a href=\"http://cmy.tw/0052Lg\">無聊詹 盤中警報器</a></strong></h1>\n\n<p>找出強勢族群不用 sense，</p>\n\n<p>超簡單 3 步驟就可以搞定！</p>\n\n<p>&nbsp;</p>\n\n<h2>1. 開啟葛蘭碧策略，選擇突破</h2>\n\n<p>由於強勢族群一定都是上漲</p>\n\n<p>所以我們將 突破 策略打勾</p>\n\n<p>&nbsp;</p>\n\n<p><img alt=\"\" height=\"259\" src=\"http://www.cmoney.tw/learn/cmstatic/learn/189/20160816171344892.png\" width=\"820\" /></p>\n\n<p><a href=\"http://cmy.tw/0052Lg\">(資料來源：</a><a href=\"http://cmy.tw/0052Lg\" style=\"line-height: 25.5px; text-decoration: underline; position: relative;\">盤中警報器</a><a href=\"http://cmy.tw/004vU7\">)</a></p>\n\n<p>&nbsp;</p>\n\n<h2>2. 點選 細產業分類 欄位</h2>\n\n<p>選到 細產業分類，用滑鼠左鍵按一下</p>\n\n<p>系統會將同類產業的個股排序在一起</p>\n\n<p>&nbsp;</p>\n\n<p><img alt=\"\" height=\"371\" src=\"http://www.cmoney.tw/learn/cmstatic/learn/189/20160817101743277.png\" width=\"820\" /></p>\n\n<p><a href=\"http://cmy.tw/004vU7\">(資料來源：</a><a href=\"http://www.cmoney.tw/app/ItemContent.aspx?id=2261\" style=\"line-height: 25.5px; text-decoration: underline; position: relative;\">盤中警報器</a><a href=\"http://cmy.tw/004vU7\">)</a></p>\n\n<p>&nbsp;</p>\n\n<h2>3. 盤中強勢族群明顯看出</h2>\n\n<p>當相關產業排序了之後，就可以很明顯看出</p>\n\n<p>今天都是哪些在上漲！</p>\n\n<p>&nbsp;</p>\n\n<p><img alt=\"\" height=\"387\" src=\"http://www.cmoney.tw/learn/cmstatic/learn/189/20160817102016382.png\" width=\"820\" /></p>\n\n<p><a href=\"http://cmy.tw/004vU7\">(資料來源：</a><a href=\"http://www.cmoney.tw/app/ItemContent.aspx?id=2261\" style=\"line-height: 25.5px; text-decoration: underline; position: relative;\">盤中警報器</a><a href=\"http://cmy.tw/004vU7\">)</a></p>\n\n<p>&nbsp;</p>\n\n<h2>太陽能族群正在悄悄上漲！</h2>\n\n<p>只要簡單三步驟就可以明顯看出，</p>\n\n<p>當日都是太陽能類股上漲</p>\n\n<p>此時如果要跟著「連動」，</p>\n\n<p>就可以買進還沒大漲的相關個股。</p>\n\n<p>&nbsp;</p>\n\n<p><img alt=\"\" height=\"334\" src=\"http://www.cmoney.tw/notes/cmstatic/notes/capture/257475/20150701182927957.jpg\" width=\"820\" /></p>\n\n<p><a href=\"http://cmy.tw/004vU7\">(資料來源：</a><a href=\"http://www.cmoney.tw/app/ItemContent.aspx?id=2261\" style=\"line-height: 25.5px;\">盤中警報器</a><a href=\"http://cmy.tw/004vU7\">)</a></p>\n\n<p>&nbsp;</p>\n\n<p>誰說一定要非常了解產業 才能看懂強勢族群？</p>\n\n<p>只要擁有 <a href=\"http://cmy.tw/0052Lg\" target=\"_blank\"><strong>無聊詹 盤中警報器</strong></a></p>\n\n<p>您也可以成為 超有敏感度 的投資人！</p>\n\n<p>&nbsp;</p>\n\n<h2>無聊詹提供<u><strong>專屬四大服務</strong></u></h2>\n\n<h2>還沒加入的你，還不加入嗎？</h2>\n\n<h3>►<a href=\"http://cmy.tw/005k7N\" style=\"outline-style: initial; outline-width: 0px; text-decoration-line: underline; position: relative;\" target=\"_blank\">點此加入粉絲團</a></h3>\n\n<h3>►<a href=\"http://cmy.tw/005SY0\" style=\"outline-style: initial; outline-width: 0px; text-decoration-line: underline; position: relative;\" target=\"_blank\">點此加入社團</a></h3>\n\n<p><img alt=\"\" height=\"360\" src=\"https://fsv.cmoney.tw/cmstatic/notes/capture/713026/20170915103056745.jpg\" width=\"820\" /></p>\n\n<h2>馬上報名 &gt;&gt;<a href=\"http://cmy.tw/005VFa\" style=\"outline-style: initial; outline-width: 0px; text-decoration-line: underline; color: rgb(0, 119, 181); position: relative;\" target=\"_blank\">&nbsp;</a><a href=\"http://cmy.tw/005hCD\" style=\"outline-style: initial; outline-width: 0px; text-decoration-line: underline; color: rgb(0, 119, 181); position: relative;\" target=\"_blank\">無聊詹(最新課程)-多空選股班&nbsp;</a>(提供限量早鳥價)</h2>\n\n<h2>馬上試用 &gt;&gt;<a href=\"http://cmy.tw/005hPx\">&nbsp;</a><a href=\"http://cmy.tw/005hPx\" style=\"outline-style: initial; outline-width: 0px; text-decoration-line: underline; color: rgb(0, 119, 181); position: relative;\" target=\"_blank\">盤中警報器</a><a href=\"http://cmy.tw/005hPx\">&nbsp;</a>抓飆股，就是這麼簡單！</h2>\n",
        "ViewCount": "12954",
        "IsReference": false,
        "ReferenceList": null,
        "OgImgURL": "http://www.cmoney.tw/learn/cmstatic/learn/189/20160816171344892.png"
    },
    "badges": [],
    "isTreeCompleted": false,
    "nextCourse": null
}