{
    "courseDetail": {
        "CourseId": 2052,
        "CourseContent": "<p><span style=\"color:rgb(204, 0, 0); font-size:26px\">突破與回檔：</span></p>\n\n<p><span style=\"font-size:15px\">突破通常是在表達，</span></p>\n\n<p>股票準備要開始漲或是已經開始漲了，</p>\n\n<p>而回檔主要是 指標低檔 + 多頭格局&nbsp;</p>\n\n<p>通常表示準備反轉上揚，</p>\n\n<p>但要分辨突破與回檔是一件煩人的任務</p>\n\n<p>&nbsp;</p>\n\n<p>所以，無聊詹寫出了一套選股工具，</p>\n\n<p>可以幫助投資人輕鬆找到突破、回檔股，</p>\n\n<p>這個工具就是<a href=\"http://cmy.tw/004lTL\">無聊詹-盤中警報器</a>，</p>\n\n<p>只要一鍵，輕鬆找出突破、回檔股！</p>\n\n<p>&nbsp;</p>\n\n<p>&nbsp;</p>\n\n<h1>打開 <a href=\"http://cmy.tw/00517k\">盤中警報器</a></h1>\n\n<h2>突破、回檔 任你選擇</h2>\n\n<p><img alt=\"\" height=\"266\" src=\"http://www.cmoney.tw/learn/cmstatic/learn/189/20160817091044512.png\" width=\"690\" /></p>\n\n<p><a href=\"http://cmy.tw/00517k\">(資料來源：盤中警報器)</a></p>\n\n<p>&nbsp;</p>\n\n<h2><a href=\"http://cmy.tw/00517k\">盤中警報器</a>：突破與回檔 背後邏輯</h2>\n\n<p>很多戰友可能搞不太清楚盤中警報器的使用方式，</p>\n\n<p>因為這套軟體是盤中即時的，</p>\n\n<p>所以等到盤後再貼圖的時候，</p>\n\n<p>可能很多檔都漲停了，</p>\n\n<p>所以 Boring 在此說明一下程式背後的邏輯</p>\n\n<p><img alt=\"\" height=\"298\" src=\"http://www.cmoney.tw/learn/cmstatic/learn/189/20160817092616632.png\" width=\"692\" /></p>\n\n<p><a href=\"http://cmy.tw/00517k\">(資料來源：盤中警報器)</a></p>\n\n<p>&nbsp;</p>\n\n<h2>1. 突破</h2>\n\n<p>這個訊號是透過葛蘭碧法則撰寫出來的，再搭配籌碼面做輔助。</p>\n\n<p>因此只會篩出突破的個股，會在漲幅超過<span style=\"color:rgb(255, 0, 0)\"><strong> 3% </strong></span>的時後跳出，</p>\n\n<p>所以看圖上那些漲停的個股，其實&nbsp;<span style=\"color:#FF0000\"><strong>盤中 3% 時就已經會出現了</strong></span></p>\n\n<p>&nbsp;</p>\n\n<h2>2. 回檔</h2>\n\n<p>這個訊號也是利用葛蘭碧法則的原理撰寫，</p>\n\n<p><strong>主要是以<span style=\"color:#FF0000\"> 指標低檔 + 多頭格局&nbsp;</span></strong>為程式的撰寫邏輯，</p>\n\n<p>但畢竟是回檔，所以幾乎都是下跌的股才會被篩到。</p>\n\n<p>另外要注意，若尾盤收了下影線漲上去，個股有可能就會消失喔！</p>\n\n<p>(有以上兩點認知，相信大家對於盤中警報器的使用方式也會更加熟悉，更能理解囉)</p>\n\n<p>&nbsp;</p>\n\n<h2>無聊詹提供<u><strong>專屬四大服務</strong></u></h2>\n\n<h2>還沒加入的你，還不加入嗎？</h2>\n\n<h3>►<a href=\"http://cmy.tw/005k7N\" style=\"outline-style: initial; outline-width: 0px; text-decoration-line: underline; position: relative;\" target=\"_blank\">點此加入粉絲團</a></h3>\n\n<h3>►<a href=\"http://cmy.tw/005SY0\" style=\"outline-style: initial; outline-width: 0px; text-decoration-line: underline; position: relative;\" target=\"_blank\">點此加入社團</a></h3>\n\n<p><img alt=\"\" height=\"360\" src=\"https://fsv.cmoney.tw/cmstatic/notes/capture/713026/20170915103056745.jpg\" width=\"820\" /></p>\n\n<h2>馬上報名 &gt;&gt;<a href=\"http://cmy.tw/005VFa\" style=\"outline-style: initial; outline-width: 0px; text-decoration-line: underline; color: rgb(0, 119, 181); position: relative;\" target=\"_blank\">&nbsp;</a><a href=\"http://cmy.tw/005hCD\" style=\"outline-style: initial; outline-width: 0px; text-decoration-line: underline; color: rgb(0, 119, 181); position: relative;\" target=\"_blank\">無聊詹(最新課程)-多空選股班&nbsp;</a>(提供限量早鳥價)</h2>\n\n<h2>馬上試用 &gt;&gt;<a href=\"http://cmy.tw/005hPx\">&nbsp;</a><a href=\"http://cmy.tw/005hPx\" style=\"outline-style: initial; outline-width: 0px; text-decoration-line: underline; color: rgb(0, 119, 181); position: relative;\" target=\"_blank\">盤中警報器</a><a href=\"http://cmy.tw/005hPx\">&nbsp;</a>抓飆股，就是這麼簡單！</h2>\n",
        "ViewCount": "21680",
        "IsReference": false,
        "ReferenceList": null,
        "OgImgURL": "http://www.cmoney.tw/learn/cmstatic/learn/189/20160817091044512.png"
    },
    "badges": [],
    "isTreeCompleted": false,
    "nextCourse": null
}