{
    "courseDetail": {
        "CourseId": 2068,
        "CourseContent": "<h1>黃綠紅海撈操作法是什麼？趨勢的決定關鍵！</h1>\n\n<p>温首盛老師 透過 圖解黃綠紅海撈操作法，把趨勢判斷變簡單了！</p>\n\n<p>以 基本面 先過濾掉不適合的公司，</p>\n\n<p>再看 籌碼面分析 股票玩家數量（就是主力、大人們）</p>\n\n<p>另以 題材面分析 研判股價發酵機會，</p>\n\n<p>最後以 技術面分析 股價趨勢及買賣點！</p>\n\n<p>&nbsp;</p>\n\n<p>在 長線上的應用，</p>\n\n<p>是以移動平均線為基礎的技術分析再進化！</p>\n\n<p>&nbsp;</p>\n\n<p>基本設定是...</p>\n\n<p>&nbsp;</p>\n\n<p>(贊助商連結)</p>\n\n<p>&nbsp;</p>\n\n<p><googleadsense height=\"250px\" type=\"2\" width=\"300px\"></googleadsense></p>\n\n<p>&nbsp;</p>\n\n<h2>&nbsp;</h2>\n\n<h2>黃綠紅均線 主要是以EMA為主，研判價格的長期趨勢</h2>\n\n<p>顏色與天期：</p>\n\n<p>黃線= 50日EMA、綠線=120日EMA、紅線=240日EMA</p>\n\n<p>EMA在軟體中又稱指數型／指數法或指數平滑移動平均線</p>\n\n<p>&nbsp;</p>\n\n<p><img alt=\"\" height=\"408\" src=\"http://www.cmoney.tw/learn/cmstatic/learn/193/20150804141141702.png\" width=\"637\" /></p>\n\n<p>&nbsp;</p>\n\n<p>主要會有 這 3 種情況發生：</p>\n\n<p>&nbsp;</p>\n\n<p>(1) 長期黃綠紅<span style=\"color:#FF0000\">多頭排列 </span>(要黃線&gt;綠線&gt;紅線)</p>\n\n<p>多頭排列的特性就是，股價會一直創新高</p>\n\n<p>此時應該要積極去找做多的機會，勝算較高</p>\n\n<p>&nbsp;</p>\n\n<p>(2) 長期黃綠紅<span style=\"color:#0000FF\">轉換期</span> (黃綠紅三條均線有兩兩交叉的現象)</p>\n\n<p>當股價進入盤整，箱型震盪</p>\n\n<p>保守一點，不妨先觀望</p>\n\n<p>別浪費手上的資金</p>\n\n<p>&nbsp;</p>\n\n<p>(3) 長期黃綠紅<span style=\"color:#006400\">空頭排列</span>趨勢 (黃線&lt;綠線&lt;紅線)</p>\n\n<p>當趨勢在空頭排列時，上方空頭壓力大</p>\n\n<p>此時別再去進多單了，股價會一路創新低</p>\n\n<p>反而是要想想 破黃停損 (底下有影音說明)</p>\n\n<p>或是積極找作空的機會，勝算較高</p>\n\n<p>&nbsp;</p>\n\n<h2>搭配長線趨勢，還要配 對你最有力的主力 - 三大法人</h2>\n\n<p>k線圖是主力做出來的，主力不可怕，怕的是選錯主力</p>\n\n<p>如何選擇一個 對你最有力的主力？</p>\n\n<p>推升股價的主要力量，來自我們常聽過的「三大法人」</p>\n\n<p>&nbsp;</p>\n\n<p>以籌碼面來說，股票玩家的組合</p>\n\n<p>會影響股價的漲跌</p>\n\n<p>一般的股票玩家有六種角色：</p>\n\n<p>&nbsp;</p>\n\n<p>1.外資：真外資／假外資</p>\n\n<p>2.投信：基金經理人</p>\n\n<p>3.自營商：證券商的自營資金</p>\n\n<p>4.大股東：董事、監察員、經理人...等</p>\n\n<p>5.主力：中實戶、金主、大戶、融資主力...等</p>\n\n<p>6.散戶：現股散戶及融資散戶</p>\n\n<p>&nbsp;</p>\n\n<h2>「黃綠紅海撈操作法」把股票區分為</h2>\n\n<h2><span style=\"color:#FF0000\">『三大法人同買股』</span>和『主力股』(非三大法人)</h2>\n\n<p>&nbsp;</p>\n\n<p>三大法人（外資、投信、自營商）</p>\n\n<p>曾經同時於同一日買進的標的，出現次數越多</p>\n\n<p>或者是說買進數量、持股佔比越高越好</p>\n\n<p>&nbsp;</p>\n\n<p>在選股的時候，温老師會避開 &quot;主力股&quot;(大股東、主力、散戶)</p>\n\n<p>的理由如下：</p>\n\n<p>1.雖有主力介入，但三大法人的買盤未加入，推升力道不夠</p>\n\n<p>2.除非大股東或主力硬拉漲勢，否則股價波動低</p>\n\n<p>3.三大法人沒有參與其中，表示法人不認同此檔股票的基本面</p>\n\n<p>因此可能會遇到地雷股喔！</p>\n\n<p>&nbsp;</p>\n\n<h2>選股主軸：多方股</h2>\n\n<p><strong>在技術面長線黃綠紅多頭排列，</strong></p>\n\n<p><strong>搭配 三大法人同買累積量向上緩增，</strong></p>\n\n<p>就有機會帶動股價 漲不停~ 可以多觀察幾檔看看喔！</p>\n\n<p>&nbsp;</p>\n\n<p>相反的，如果要挑</p>\n\n<p>空方股</p>\n\n<p>則是長線黃綠紅空頭排列時，</p>\n\n<p>再搭配 三大法人同賣，作為選股的前提</p>\n\n<p>&nbsp;</p>\n\n<p>讀完文章還不夠？</p>\n\n<p>溫老師貼心錄製影音短片，</p>\n\n<p>讓讀者們更清楚怎麼使用長期指標喔！</p>\n\n<p>&nbsp;</p>\n\n<p>快來看看吧！...</p>\n\n<p>&nbsp;</p>\n\n<p><googleadsense height=\"250px\" type=\"2\" width=\"300px\"></googleadsense></p>\n\n<p>&nbsp;</p>\n\n<h1>溫老師教學影片：長期指標 - 黃綠紅的運用與功能</h1>\n\n<p>重點摘要：</p>\n\n<p><span style=\"background-color:rgb(255, 255, 255); color:rgb(51, 51, 51); font-family:roboto,arial,sans-serif; font-size:13px\">1、明辨黃綠紅三線排列的種類。</span><br />\n<span style=\"background-color:rgb(255, 255, 255); color:rgb(51, 51, 51); font-family:roboto,arial,sans-serif; font-size:13px\">2、了解黃綠紅三線的特性及買賣訊號。</span></p>\n\n<p>&nbsp;</p>\n\n<p><iframe allowfullscreen=\"\" frameborder=\"0\" height=\"315\" src=\"https://www.youtube.com/embed/eX0eA0lFevY\" width=\"560\"></iframe></p>\n\n<p>&nbsp;</p>\n\n<h2>同場加映：破黃設停損與來回測試黃線</h2>\n\n<p>温老師以 2015/6/29 的操作示範，如何作好 「停損」？</p>\n\n<p>（碰到黃線的哪一根要停損呢，快看看 2:30 吧）</p>\n\n<p><iframe allowfullscreen=\"\" frameborder=\"0\" height=\"315\" src=\"https://www.youtube.com/embed/C2vGGh0ns-k\" width=\"560\"></iframe></p>\n\n<p>&nbsp;</p>\n\n<p>&nbsp;</p>\n\n<p>&nbsp;</p>\n\n<h1 style=\"text-align:center\">恭喜你學會了 黃綠紅 的長線指標概念！</h1>\n\n<h1 style=\"text-align:center\">下一章，快去學 中期指標吧~</h1>\n\n<p style=\"text-align:center\"><img alt=\"\" height=\"70\" src=\"http://www.cmoney.tw/learn/cmstatic/learn/193/20150804141045511.gif\" width=\"125\" /></p>\n",
        "ViewCount": "31537",
        "IsReference": false,
        "ReferenceList": null,
        "OgImgURL": "http://www.cmoney.tw/learn/cmstatic/learn/193/20150804141141702.png"
    },
    "badges": [],
    "isTreeCompleted": false,
    "nextCourse": null
}