{
    "courseDetail": {
        "CourseId": 2074,
        "CourseContent": "<p>&nbsp;</p>\n\n<p>投資的世界中，投資人因角色定位不清，</p>\n\n<p>而讓外在資訊變化及股價劇幅波動產生困擾，</p>\n\n<p>最終錯誤決定，造成投資的損失。</p>\n\n<p>&nbsp;</p>\n\n<p>以下幾種不同類型</p>\n\n<p>看看你自己是哪一種吧？</p>\n\n<p>&nbsp;</p>\n\n<p>(贊助商連結)</p>\n\n<p>&nbsp;</p>\n\n<p><googleadsense height=\"250px\" type=\"2\" width=\"300px\"></googleadsense></p>\n\n<p>&nbsp;</p>\n\n<p>&nbsp;</p>\n\n<p>&nbsp;</p>\n\n<h2>投資者－重經營願景，重股利政策</h2>\n\n<p>投資者重視公司經營前景，及每年經營積效的股利分配。</p>\n\n<p>投資像定存時間一樣的久，</p>\n\n<p>且較不考慮股價波動，</p>\n\n<p>不重視技術分析決策。</p>\n\n<p>投資心態像公司經營者一般。</p>\n\n<p>&nbsp;</p>\n\n<p>&nbsp;</p>\n\n<h2>投機者－善用工具，獲取趨勢利潤</h2>\n\n<p>&nbsp;</p>\n\n<p>投機者重視技術分析，</p>\n\n<p>【避開整理，勇取噴出】</p>\n\n<p>是投機者一生追求的目標－漲不停的力量(股價趨勢下的價差利潤)。</p>\n\n<p>技術指標的最大功能</p>\n\n<p>就是找出整理的末端與噴出的開始的臨界點，</p>\n\n<p>相較基本面籌碼面及題材面具直觀及敏銳。</p>\n\n<p>明辨趨勢下的整理與噴出，握有股票是的心態就會安心，</p>\n\n<p>且停損機制較停利頻率少。</p>\n\n<p>&nbsp;</p>\n\n<p>「時間」是投機者的好朋友，</p>\n\n<p>透過時間達成投資漲不停的力量－股價趨勢利潤。</p>\n\n<p>若投資常常停損或持股期間有壓力而患得患失，</p>\n\n<p>您可能不是投機者？！</p>\n\n<p>或是您還沒有找到適合您的技術分析模式！</p>\n\n<p>&nbsp;</p>\n\n<p>&nbsp;</p>\n\n<h2>賭博者－跟時間賽跑，投資輸贏不定！</h2>\n\n<p>&nbsp;</p>\n\n<p>而賭博者是非屬上述二者稱之，</p>\n\n<p>最大特點是跟時間賽跑，且投資輸贏不定。</p>\n\n<p>因買賣決策時間短。或僅用題材面操作股票。</p>\n\n<p>所稱題材面較無掌控性，</p>\n\n<p>如報紙電視報導、小道消息、朋友相傳的內線消息......等，</p>\n\n<p>其特性就是時間短及分析模式不完整性及無掌控性。</p>\n\n<p>賭博者最容易與投機這混淆。</p>\n\n<p>&nbsp;</p>\n\n<p>在這投資者的三種性格中的角色定為清楚。</p>\n\n<p>可是投資股票後，</p>\n\n<p>就因股價波動 或外在因素 干擾而漸漸混淆不清。</p>\n\n<p>而早成投資上的虧損。</p>\n\n<p>&nbsp;</p>\n\n<p>比方看到股價一漲，就忍不住想先將獲利入袋</p>\n\n<p>就從投資者變成投機者了！</p>\n\n<p>&nbsp;</p>\n\n<h2>開始投資前，</h2>\n\n<h2>您是那種投資角色定位呢？</h2>\n\n<p>&nbsp;</p>\n\n<p>&nbsp;</p>\n",
        "ViewCount": "7254",
        "IsReference": false,
        "ReferenceList": null,
        "OgImgURL": ""
    },
    "badges": [],
    "isTreeCompleted": false,
    "nextCourse": null
}