{
    "courseDetail": {
        "CourseId": 2214,
        "CourseContent": "<p><img alt=\"\" height=\"338\" src=\"http://www.cmoney.tw/notes/cmstatic/notes/capture/258462/20160321163148864.jpg\" width=\"650\" /></p>\n\n<p>(圖片來源:<a href=\"https://www.facebook.com/cmoneygeorgelin/timeline\" target=\"_blank\">喬治林粉絲團</a>)</p>\n\n<p>&nbsp;</p>\n\n<p>喬治林，</p>\n\n<p>本名林谷燁，六年級生，</p>\n\n<p>一個近 40 歲時才發現學習的重要性，</p>\n\n<p>同時喜歡上了學習，</p>\n\n<p>看到一般投資朋友在股票方面多為虧損情況，</p>\n\n<p>他相信一定有方法可以讓投資的情況好轉，</p>\n\n<p>從 &quot; 虧大 &quot; 到 &quot; 虧小&quot; ，</p>\n\n<p>從 &quot; 不虧 &quot; 成為 &quot; 開始獲利 &quot; 。</p>\n\n<p>而喬治林的投資生涯也不是一路順遂...</p>\n\n<p>甚至在 2012 年再次破產，</p>\n\n<p>但他不氣餒，現在仍可以笑得很開心，</p>\n\n<p><span style=\"background-color:rgb(255, 255, 255); font-size:16px\">究竟是怎麼一回事...</span></p>\n\n<p>&nbsp;</p>\n\n<p><span style=\"background-color:rgb(255, 255, 255); font-size:16px\">馬上繼續看下去吧...</span></p>\n\n<p>&nbsp;</p>\n\n<p>趕緊來看看吧...</p>\n\n<p><googleadsense height=\"600px\" type=\"4\" width=\"300px\"></googleadsense></p>\n\n<p>&nbsp;</p>\n\n<p>&nbsp;</p>\n\n<h1>2000 年時 只因 大家說股票好賺，</h1>\n\n<h1>喬治林退伍 就當了 營業員</h1>\n\n<p>2000 年 9 月進入證券公司當營業員，</p>\n\n<p>只因為 7 個月前大盤指數創下 10393 的萬點行情，</p>\n\n<p>很多人說在券商工作 &quot; 很容易 &quot; 賺錢，</p>\n\n<p>那時候的他才剛退伍一年多，</p>\n\n<p>也很想賺錢，所以就跳進來了，</p>\n\n<p>當營業員的條件就是要先考取證照，</p>\n\n<p>讀電機科系的喬治林面對完全陌生的金融知識，</p>\n\n<p>花了很大一番功夫才上手，</p>\n\n<p>有多大功夫呢？</p>\n\n<p>一個最基礎的營業員證照就考了 11 次才取得，</p>\n\n<p>覺得自己就像國父革命，次數差不多了，</p>\n\n<p>&nbsp;</p>\n\n<p>&nbsp;</p>\n\n<p>&nbsp;</p>\n\n<h1>在證券業十多年，客戶來來去去，</h1>\n\n<h1>真正獲利者微乎其微...</h1>\n\n<p>結果，在證券業一待就是幾十年，</p>\n\n<p>行情上上又下下，</p>\n\n<p>看了那麼多客戶來來去去，</p>\n\n<p>不少人都從股票市場畢業離開了。</p>\n\n<p>&nbsp;</p>\n\n<p>在多頭時大家賺錢很容易，</p>\n\n<p>在空頭時大多數又吐了回去，</p>\n\n<p>看到證券市場因各種因素，</p>\n\n<p>受到大環境影響，</p>\n\n<p>讓市場變得越來越不容易賺錢，</p>\n\n<p>面對這麼多投資者滿懷希望，</p>\n\n<p>抱著一大筆資金，</p>\n\n<p>踏進夢想中能致富的自由列車，</p>\n\n<p>真能坐上車的，微乎其微。</p>\n\n<p>&nbsp;</p>\n\n<p>&nbsp;</p>\n\n<p>&nbsp;</p>\n\n<h1>2012 年 再度 破產</h1>\n\n<h1>未來的希望 越來越渺茫...</h1>\n\n<p>2012 年是喬治林 &quot; 第 2 次 &quot; ...</p>\n\n<p>犯了一般投資人會犯的錯，&nbsp;</p>\n\n<p>&nbsp; &quot; 賠光了自己所有的資本，甚至負債 &quot;，</p>\n\n<p>這次輸掉的不是金錢而已，</p>\n\n<p>連對未來的希望也徹底消失。</p>\n\n<p>&nbsp;</p>\n\n<p>在證券業待十幾年，</p>\n\n<p>學了不少金融知識與投資技巧，</p>\n\n<p>但學到這些並沒有讓他如預期的</p>\n\n<p>在市場上 &quot; 如魚得水 &quot;，</p>\n\n<p>回想當初自己對投資股票會賺大錢，</p>\n\n<p>能夠提早退休的期望，</p>\n\n<p>現在卻變得需要加倍努力工作...</p>\n\n<p>或是換一份工作。</p>\n\n<p>&nbsp;</p>\n\n<p>&nbsp;</p>\n\n<p>&nbsp;</p>\n\n<h1>靠著交易的課程 改變 現狀</h1>\n\n<h1>喬治林 學著 投資自己</h1>\n\n<p>在 2013 年底，</p>\n\n<p>對於一直想突破的喬治林，</p>\n\n<p>聽到關於交易的課程，</p>\n\n<p>&quot; 想改變現況 &quot; 是我上課的動機，</p>\n\n<p>學習是唯一且最有效的途徑，</p>\n\n<p>也在那時我真正了解什麼叫 &quot; 投資自己 &quot;。</p>\n\n<p>&nbsp;</p>\n\n<p>關於自己的未來，現在就開始學習，</p>\n\n<p>在這些課程中，學習到交易心理的深層狀態，</p>\n\n<p>也改變過去交易模式的思考方式。</p>\n\n<p>&nbsp;</p>\n\n<h1>心理因素才是賠錢的原因</h1>\n\n<h1>除了學習，還要需要 系統性 的方法</h1>\n\n<p>以交易心理學來說：&nbsp;</p>\n\n<p>多數人在市場上賠錢因素，</p>\n\n<p>1. 分析錯誤</p>\n\n<p>2. 心裡因素作梗，妨礙了分析結果的應用&nbsp;</p>\n\n<p>通常大多數虧損都源自後者。</p>\n\n<p>&nbsp;</p>\n\n<p>除了交易心態的學習，</p>\n\n<p>還需要搭配一套 &quot; 系統 &quot; 來簡化投資策略，</p>\n\n<p>這樣作為進出場依據，</p>\n\n<p>面對這麼熟悉的台股，</p>\n\n<p>喬治林想找到一個最有效的系統作為分析依據。</p>\n\n<p>&nbsp;</p>\n\n<p><img alt=\"\" height=\"290\" src=\"http://www.cmoney.tw/notes/cmstatic/notes/capture/258462/20160321163623128.jpg\" width=\"600\" /></p>\n\n<p>(圖片來源:<a href=\"https://www.facebook.com/cmoneygeorgelin/timeline\" style=\"line-height: 25.5px;\" target=\"_blank\">喬治林粉絲團</a>)</p>\n\n<p>&nbsp;</p>\n\n<h1>「好工具」幫他脫離風險 跟 恐懼</h1>\n\n<h1>讓他投資人生的下半場笑得很開心！</h1>\n\n<p>喬治林對台股的看法...</p>\n\n<p>台股就是一個以籌碼為導向的市場，</p>\n\n<p>常聽人說 &quot; 股票有人買、有人炒，股票就會漲 &quot;，</p>\n\n<p>這就是一個籌碼的概念，</p>\n\n<p>很幸運的，</p>\n\n<p>他接觸到一套專門研究台股籌碼的系統，</p>\n\n<p>而在深入了解這一套系統後，</p>\n\n<p>發現...這真的是一個最適合台股操作的分析工具，</p>\n\n<p>他真心認為這是一個能幫助我們散戶投資人，</p>\n\n<p>在交易上不再處於弱勢的系統工具，</p>\n\n<p>只要了解如何運作，</p>\n\n<p>不但能大大減低投資風險，</p>\n\n<p>還能克服投資上、及心理上</p>\n\n<p>對未來的不確定性，產生的恐懼。</p>\n\n<p>&nbsp;</p>\n\n<p>&nbsp;</p>\n\n<h2>你知道嗎？學投資 也能「簡單有效率」</h2>\n\n<h2>學會 5 個步驟，你自己在 15秒 內就能分析籌碼</h2>\n\n<h2>給你 3 個小幫手找股票，建立好習慣~</h2>\n\n<p>&nbsp;</p>\n\n<p><iframe allowtransparency=\"\" frameborder=\"0\" scrolling=\"no\" src=\"http://www.facebook.com/plugins/likebox.php?href=https://www.facebook.com/cmoneygeorgelin/?fref=ts&amp;width=550&amp;height=258&amp;colorscheme=light&amp;show_faces=true&amp;header=false&amp;stream=false&amp;show_border=true\" style=\"position: relative; border-width: medium; border-style: none; width: 600px; height: 260px; overflow: hidden;\"></iframe></p>\n\n<p>&nbsp;</p>\n\n<h2>►►&nbsp;按讚追蹤<a href=\"https://www.facebook.com/CMoneyK/\" target=\"_blank\">籌碼K線粉絲團</a></h2>\n\n<p><iframe allowtransparency=\"\" frameborder=\"0\" scrolling=\"no\" src=\"http://www.facebook.com/plugins/likebox.php?href=https://www.facebook.com/cmoneyk?fref=ts&amp;width=550&amp;height=258&amp;colorscheme=light&amp;show_faces=true&amp;header=false&amp;stream=false&amp;show_border=true\" style=\"position: relative; border-width: medium; border-style: none; width: 600px; height: 260px; overflow: hidden;\"></iframe></p>\n\n<p>&nbsp;</p>\n\n<p>&nbsp;</p>\n",
        "ViewCount": "2847",
        "IsReference": false,
        "ReferenceList": null,
        "OgImgURL": "http://www.cmoney.tw/notes/cmstatic/notes/capture/258462/20160321163148864.jpg"
    },
    "badges": [],
    "isTreeCompleted": false,
    "nextCourse": null
}