{
    "courseDetail": {
        "CourseId": 2225,
        "CourseContent": "<p>&nbsp;</p>\n\n<p>&nbsp;</p>\n\n<p>&nbsp;</p>\n\n<h1>每個達人，都是從「新手」開始</h1>\n\n<h1>他們的豐富經驗，能幫助你更快上手！</h1>\n\n<p>從小到大</p>\n\n<p>我們常常會以「新手」的身分</p>\n\n<p>去接觸到不同的事情</p>\n\n<p>從完全不懂到學通</p>\n\n<p>是一件非常開心的事情！</p>\n\n<p>&nbsp;</p>\n\n<p>其實不管是什麼領域</p>\n\n<p>現在那些厲害的人</p>\n\n<p>每個人也都是從 新手開始學起</p>\n\n<p>「投資」這件事情，也不例外</p>\n\n<p>&nbsp;</p>\n\n<p>像我，喬治林</p>\n\n<p>當初讀電機系</p>\n\n<p>面對投資真的完全沒頭緒</p>\n\n<p>不過透過努力學習（看書、上課...）</p>\n\n<p>漸漸的讓自己從虧錢到獲利</p>\n\n<p>讓自己終於有了一番成果</p>\n\n<p>&nbsp;</p>\n\n<p>今天就用我的經驗來告訴你</p>\n\n<p>對於投資新手進場前</p>\n\n<p>你該注意那些事情....</p>\n\n<p>&nbsp;</p>\n\n<p>(贊助商連結)</p>\n\n<p><googleadsense height=\"600px\" type=\"4\" width=\"300px\"></googleadsense></p>\n\n<p>&nbsp;</p>\n\n<p>&nbsp;</p>\n\n<h1>投資想成功</h1>\n\n<h1>進場前一定要有這 1 個認知...</h1>\n\n<h2>【理論與實際往往有落差】</h2>\n\n<p>在學習的過程中</p>\n\n<p>得到的知識與技巧</p>\n\n<p>在還沒實際操作前，都還不算數</p>\n\n<p>&nbsp;</p>\n\n<p>當我們進入到金融市場後</p>\n\n<p>你會發現&nbsp;理論 與 實際操作</p>\n\n<p>這之間有些環節不見了</p>\n\n<p>所以當新手投資者在實際交易前</p>\n\n<p>可以先做模擬交易</p>\n\n<p>&nbsp;</p>\n\n<p>模擬的主要目的</p>\n\n<p>是讓你在尚未投入市場</p>\n\n<p>可以感受市場整個氛圍</p>\n\n<p>接觸價格的波動</p>\n\n<p>熟悉你所要投入的市場</p>\n\n<p>&nbsp;</p>\n\n<p>我投入的是股票市場</p>\n\n<p>就要了解其中的交易規則、產業類別、目前趨勢的情況，</p>\n\n<p>以及建立一套屬於自己的投資方法</p>\n\n<p>(例如：架構一套選股系統)</p>\n\n<p>&nbsp;</p>\n\n<p>像我，就很習慣運用&nbsp;</p>\n\n<p>籌碼 K 線，當作我的選股系統</p>\n\n<p>很快速也很方便</p>\n\n<p>不管基本面、技術面、籌碼面</p>\n\n<p>都可以馬上找出符合自己條件的股票</p>\n\n<p><img alt=\"\" height=\"773\" src=\"http://www.cmoney.tw/notes/cmstatic/notes/capture/289830/20160321100452379.Jpeg\" width=\"700\" /></p>\n\n<p><a href=\"http://cmy.tw/004uC2\" target=\"_blank\">（資料來源：籌碼Ｋ線）</a></p>\n\n<p>&nbsp;</p>\n\n<p>&nbsp;</p>\n\n<h1>投資新手進場前</h1>\n\n<h1>記住這&nbsp;3 大重點，讓投資更順利！</h1>\n\n<h2>1. 學習找問題：</h2>\n\n<h2>從問題中探討自己的做法和想法</h2>\n\n<p>不管用甚麼模式做交易</p>\n\n<p>在新手學習階段</p>\n\n<p>有個很重要的課題...</p>\n\n<p>那就是學會</p>\n\n<p>&quot; 找問題 (look for problems) &quot;</p>\n\n<p>如同前面所說的</p>\n\n<p>在我們實際進場交易時</p>\n\n<p>理論 與 實際操作&nbsp;這之間有些環節不見了</p>\n\n<p>這就是問題所在</p>\n\n<p>&nbsp;</p>\n\n<p>這些問題可能是...</p>\n\n<p>原先設定的參數，符不符合市場情況？</p>\n\n<p>原先設定的選股條件，選出後都是我們要的嗎？</p>\n\n<p>有沒有指標相互矛盾的情形？</p>\n\n<p>面對虧損自己的做法？</p>\n\n<p>如果經過一連串的失敗...還有信心嗎？</p>\n\n<p>&nbsp;</p>\n\n<h2>2. 問題如何改善：</h2>\n\n<h2>透過經驗累積，幫自己更上一層樓</h2>\n\n<p>當我們發現問題後</p>\n\n<p>該如何改善？</p>\n\n<p>沒有人天生就有交易雷達</p>\n\n<p>很會選股或很會投資</p>\n\n<p>都要不斷地累積經驗與挫折</p>\n\n<p>這些經驗，會是你最好的老師</p>\n\n<h2>&nbsp;</h2>\n\n<h2>3. 直接學習有效的方法：</h2>\n\n<h2>運用各種資源，學習他人的方法充實自己</h2>\n\n<p>現今網路資訊爆炸的年代</p>\n\n<p>我們不見得要特別聰明或學歷特高</p>\n\n<p>才能成為一位成功的交易者</p>\n\n<p>我們可以多跟一些投資成功者</p>\n\n<p>學習心法與技巧</p>\n\n<p>利用已證實有用的資訊</p>\n\n<p>來協助自己在交易獲利上的提升</p>\n\n<p>&nbsp;</p>\n\n<p>我的老師說過</p>\n\n<p>如果你想要快速提升自己的能力</p>\n\n<p>並不需要去創新</p>\n\n<p>只要去學習這些經證實有效的方法即可</p>\n\n<p>&nbsp;</p>\n\n<h1>找到適合的投資方式後，</h1>\n\n<h1>重複執行，讓自己更熟能生巧的運用！</h1>\n\n<p>當你找到適合自己的交易模式</p>\n\n<p>多嘗試說出或寫下你的判斷及做法</p>\n\n<p>這會幫助到你整理思緒</p>\n\n<p>讓你的能力不斷增加</p>\n\n<p>透過每天記錄自己交易的過程</p>\n\n<p>讓自己更通透一些&quot;原本不了解的&quot;</p>\n\n<p>&nbsp;</p>\n\n<p>一個好的交易方式，</p>\n\n<p>不斷的重複執行，</p>\n\n<p>這將會是很有力量的！</p>\n\n<p>&nbsp;</p>\n\n<p>&nbsp;</p>\n\n<p><iframe allowtransparency=\"\" frameborder=\"0\" scrolling=\"no\" src=\"http://www.facebook.com/plugins/likebox.php?href=https://www.facebook.com/cmoneygeorgelin/?fref=ts&amp;width=550&amp;height=258&amp;colorscheme=light&amp;show_faces=true&amp;header=false&amp;stream=false&amp;show_border=true\" style=\"position: relative; border-width: medium; border-style: none; width: 600px; height: 260px; overflow: hidden;\"></iframe></p>\n\n<p>&nbsp;</p>\n\n<h2>►►&nbsp;按讚追蹤&nbsp;<a href=\"https://www.facebook.com/cmoneygeorgelin/?fref=ts\" style=\"position: relative; text-decoration: underline;\" target=\"_blank\"><u>喬治林粉絲團</u></a></h2>\n\n<p><iframe allowtransparency=\"\" frameborder=\"0\" scrolling=\"no\" src=\"http://www.facebook.com/plugins/likebox.php?href=https://www.facebook.com/cmoneygeorgelin/?fref=ts&amp;width=550&amp;height=258&amp;colorscheme=light&amp;show_faces=true&amp;header=false&amp;stream=false&amp;show_border=true\" style=\"position: relative; border-width: medium; border-style: none; width: 600px; height: 260px; overflow: hidden;\"></iframe></p>\n",
        "ViewCount": "922",
        "IsReference": false,
        "ReferenceList": null,
        "OgImgURL": "http://www.cmoney.tw/notes/cmstatic/notes/capture/289830/20160321100452379.Jpeg"
    },
    "badges": [],
    "isTreeCompleted": false,
    "nextCourse": null
}