{
    "courseDetail": {
        "CourseId": 2235,
        "CourseContent": "<p>&nbsp;</p>\n\n<p>&nbsp;</p>\n\n<h1>看懂走勢，進場有把握！</h1>\n\n<p>多數有關於市場心理與交易的傳統書籍都建議，</p>\n\n<p>投資者偶而應該退場休息，</p>\n\n<p>其中一項重要的理由是：</p>\n\n<p>在沒有利害關係的情況下，</p>\n\n<p>判斷市場未來的走勢！</p>\n\n<p>適時休息做足功課再進場</p>\n\n<p>這樣肯定比盲目亂作來的報酬來的好，</p>\n\n<p>可是股價的走勢該怎麼看呢？</p>\n\n<p>&nbsp;</p>\n\n<p>現在就讓跟大家分享我長年的經驗...</p>\n\n<p>&nbsp;</p>\n\n<p>(贊助商連結)</p>\n\n<h1><googleadsense height=\"600px\" type=\"4\" width=\"300px\"></googleadsense></h1>\n\n<p>&nbsp;</p>\n\n<p>&nbsp;</p>\n\n<h1>「上升三法」成立，發動 大漲趨勢！</h1>\n\n<p>K 線技術分析中有一種型態稱為三法</p>\n\n<p>是在股價走勢中會出現的一種 &quot; 連續型態 &quot;</p>\n\n<p>包含 &nbsp;&quot; 上升三法 &quot; 與 &quot; 下降三法 &quot;</p>\n\n<p>出現這種型態代表...</p>\n\n<p>股價在上升或下降的市場中稍作休息後，</p>\n\n<p>價格將依既定方向繼續移動，</p>\n\n<p>所以稱為 &quot; 連續型態 &quot; 或 &quot; 繼續型態 &quot;</p>\n\n<p>這樣的形態至少要有 3 根以上的 K 線做組合</p>\n\n<p>&nbsp;</p>\n\n<p>以上升三法來說，</p>\n\n<p>在上升趨勢中，出現一根長紅線，</p>\n\n<p>在此長紅線之後，</p>\n\n<p>會出現一群盤整的實體短小陰陽線，</p>\n\n<p>一般而言，</p>\n\n<p>這些盤整的線型大多為黑線，</p>\n\n<p>但最重要的一點是，</p>\n\n<p>這些盤整的小紅黑 K 線，</p>\n\n<p>其高低價範圍必須守住第 1 根長紅棒的低點</p>\n\n<p><strong>而最後 1 根的長紅線 &quot; 收盤價要創新高 &quot;</strong></p>\n\n<p>&nbsp;</p>\n\n<h1>4 個觀察要點</h1>\n\n<p>所以說上升三法中</p>\n\n<p>就是要看到這 4 點</p>\n\n<p><strong>1. 長紅棒一定要有量&nbsp;</strong></p>\n\n<p><strong>2. 中間盤整的小紅黑要量縮</strong></p>\n\n<p><strong>3. 盤整不跌破第 1 根紅 K 低點</strong></p>\n\n<p><strong>4. 最後 1 根長紅棒收盤價要創新高</strong></p>\n\n<p>當同時符合這 4 點時，</p>\n\n<p>就是完整的上升三法，</p>\n\n<p>當型態成形時，</p>\n\n<p>未來上漲力道也才會夠力！</p>\n\n<p>&nbsp;</p>\n\n<h2><strong>1. 長紅棒一定要有量&nbsp;</strong></h2>\n\n<p>就是第 1 根與最後 1 根的長紅 K，</p>\n\n<p>這點特別重要！(老前輩特別強調)</p>\n\n<p>&nbsp;</p>\n\n<p><img alt=\"\" height=\"378\" src=\"http://www.cmoney.tw/notes/cmstatic/notes/capture/258462/20160311160708905.jpg\" width=\"600\" /></p>\n\n<p><span style=\"background-color:rgb(255, 255, 255); font-size:16px\">(資料來源:&nbsp;</span><a href=\"http://cmy.tw/004csd\" style=\"line-height: 25.5px; text-decoration: underline; position: relative; font-size: 16px; background-color: rgb(255, 255, 255);\" target=\"_blank\">籌碼 k 線</a><span style=\"background-color:rgb(255, 255, 255); font-size:16px\">)</span></p>\n\n<p>&nbsp;</p>\n\n<h2><strong>2. 中間盤整的小紅黑要量縮</strong></h2>\n\n<p>中間的小 K 棒都是盤整，</p>\n\n<p>所以量一定要比起漲的量還小。</p>\n\n<p>&nbsp;</p>\n\n<p><img alt=\"\" height=\"364\" src=\"http://www.cmoney.tw/notes/cmstatic/notes/capture/258462/20160311160728077.jpg\" width=\"600\" /></p>\n\n<p><span style=\"background-color:rgb(255, 255, 255); font-size:16px\">(資料來源:&nbsp;</span><a href=\"http://cmy.tw/004csd\" style=\"line-height: 25.5px; text-decoration: underline; position: relative; font-size: 16px; background-color: rgb(255, 255, 255);\" target=\"_blank\">籌碼 k 線</a><span style=\"background-color:rgb(255, 255, 255); font-size:16px\">)</span></p>\n\n<p>&nbsp;</p>\n\n<h2><strong>3. 盤整不跌破第 1 根紅 K 低點</strong></h2>\n\n<p>中間的小紅黑回檔可以是高檔整理，</p>\n\n<p>也可以是壓回，但是！</p>\n\n<p>壓回不能跌破第一根紅 K 低點，</p>\n\n<p>通常高檔整理的型態，</p>\n\n<p>在未來走勢會強於壓回的型態！</p>\n\n<p>&nbsp;</p>\n\n<p><img alt=\"\" height=\"367\" src=\"http://www.cmoney.tw/notes/cmstatic/notes/capture/258462/20160311160739327.jpg\" width=\"600\" /></p>\n\n<p><span style=\"background-color:rgb(255, 255, 255); font-size:16px\">(資料來源:&nbsp;</span><a href=\"http://cmy.tw/004csd\" style=\"line-height: 25.5px; text-decoration: underline; position: relative; font-size: 16px; background-color: rgb(255, 255, 255);\" target=\"_blank\">籌碼 k 線</a><span style=\"background-color:rgb(255, 255, 255); font-size:16px\">)</span></p>\n\n<p>&nbsp;</p>\n\n<h2><strong>4. 最後 1 根長紅棒收盤價要創新高</strong></h2>\n\n<p>最後如果上面 3 點都符合時，</p>\n\n<p>那就是最後要有一個突破的紅 K</p>\n\n<p>而且這根紅 K 收盤價要創這個形態新高！</p>\n\n<p>&nbsp;</p>\n\n<p><img alt=\"\" height=\"364\" src=\"http://www.cmoney.tw/notes/cmstatic/notes/capture/258462/20160311160752389.jpg\" width=\"600\" /></p>\n\n<p><span style=\"background-color:rgb(255, 255, 255); font-size:16px\">(資料來源:&nbsp;</span><a href=\"http://cmy.tw/004csd\" style=\"line-height: 25.5px; text-decoration: underline; position: relative; font-size: 16px; background-color: rgb(255, 255, 255);\" target=\"_blank\">籌碼 k 線</a><span style=\"background-color:rgb(255, 255, 255); font-size:16px\">)</span></p>\n\n<p>&nbsp;</p>\n\n<h1>以&nbsp;<u><a href=\"http://www.cmoney.tw/follow/channel/stock-3596\" target=\"_blank\">智易 (3596)</a></u> 為例：</h1>\n\n<h1>上升趨勢出現後，波段上漲 50%</h1>\n\n<p>經過上面的各個解析後，</p>\n\n<p>智易在 12/25 當天開始噴出，</p>\n\n<p>在短短 6 天內就上漲 23.2%</p>\n\n<p>如果抱到現在，大波段共可獲利 50%</p>\n\n<p>&nbsp;</p>\n\n<p><img alt=\"\" height=\"375\" src=\"http://www.cmoney.tw/notes/cmstatic/notes/capture/258462/20160311161603294.jpg\" width=\"600\" /></p>\n\n<p><span style=\"background-color:rgb(255, 255, 255); font-size:16px\">(資料來源:&nbsp;</span><a href=\"http://cmy.tw/004csd\" style=\"line-height: 25.5px; text-decoration: underline; position: relative; font-size: 16px; background-color: rgb(255, 255, 255);\" target=\"_blank\">籌碼 k 線</a><span style=\"background-color:rgb(255, 255, 255); font-size:16px\">)</span></p>\n\n<p>&nbsp;</p>\n\n<h1>快速結論</h1>\n\n<p>相反的下降三法也是，</p>\n\n<p>只要把原本是紅 K 棒的改成黑 K 棒，</p>\n\n<p>一樣要有成交量，</p>\n\n<p>中間的小紅黑 K 不能漲過第一根黑 K 高點，</p>\n\n<p>最後一根黑 K 收盤價要創新低，</p>\n\n<p>便是下降三法的應用。</p>\n\n<p>&nbsp;</p>\n\n<p>一般而言，</p>\n\n<p>價格走勢由某一點發展到另一點，</p>\n\n<p><strong>其過程是有架構或路徑的</strong>，</p>\n\n<p>一旦確定了這點，</p>\n\n<p>不論股票或商品期貨或其他金融商品，</p>\n\n<p>它們的操作方式都是相同的！</p>\n\n<p>&nbsp;</p>\n\n<p>&nbsp;</p>\n\n<h2>►►&nbsp;按讚追蹤&nbsp;<a href=\"https://www.facebook.com/cmoneygeorgelin/?fref=ts\" target=\"_blank\"><u>喬治林粉絲團</u></a></h2>\n\n<p><iframe allowtransparency=\"\" frameborder=\"0\" scrolling=\"no\" src=\"http://www.facebook.com/plugins/likebox.php?href=https://www.facebook.com/cmoneygeorgelin/?fref=ts&amp;width=550&amp;height=258&amp;colorscheme=light&amp;show_faces=true&amp;header=false&amp;stream=false&amp;show_border=true\" style=\"position: relative; border-width: medium; border-style: none; width: 600px; height: 260px; overflow: hidden;\"></iframe></p>\n",
        "ViewCount": "70841",
        "IsReference": false,
        "ReferenceList": null,
        "OgImgURL": "http://www.cmoney.tw/notes/cmstatic/notes/capture/258462/20160311160708905.jpg"
    },
    "badges": [],
    "isTreeCompleted": false,
    "nextCourse": null
}