{
    "courseDetail": {
        "CourseId": 2252,
        "CourseContent": "<h1>&nbsp;</h1>\n\n<p>&nbsp;</p>\n\n<h1><strong>大環境不友善，投資要有方法！</strong></h1>\n\n<p>這年頭大環境越來越差，</p>\n\n<p>先是美國提高利率、而日本卻實施負利率</p>\n\n<p>再加上台灣出口連十降</p>\n\n<p>與全球股價忽而大漲，忽而又大跌...</p>\n\n<p>使投資人處在這個動盪的時代，可說是危機四伏！</p>\n\n<p>投資房地產會套牢、做基金會賠錢、</p>\n\n<p>存澳幣會賠錢、買股票也可能斷頭等...</p>\n\n<p>幾乎是樣樣投資、樣樣賠！</p>\n\n<p>&nbsp;</p>\n\n<p><img alt=\"\" height=\"369\" src=\"http://www.cmoney.tw/notes/cmstatic/notes/capture/258462/20160223174330417.jpg\" width=\"257\" /></p>\n\n<p>&nbsp;</p>\n\n<p>不過，以股票來說，投資人境遇差別很大！</p>\n\n<p>巴菲特說過，股票是最好的投資！</p>\n\n<p>因為好公司很多，股票標的很多，</p>\n\n<p>所以只要方法對，一定可以賺錢！</p>\n\n<p>現在就讓溫老師來告訴大家怎麼做...</p>\n\n<p>&nbsp;</p>\n\n<p><span style=\"color:rgb(128, 128, 128)\"><span style=\"font-size:12px\">(贊助商連結)</span></span></p>\n\n<p><googleadsense height=\"600px\" type=\"4\" width=\"300px\"></googleadsense></p>\n\n<p>&nbsp;</p>\n\n<p>&nbsp;</p>\n\n<h1>兼顧「安全、流動、收益」的投資，</h1>\n\n<h1>才是好的投資規劃！</h1>\n\n<p>不安全的標的像是高價股，</p>\n\n<p>因為從過往來看，</p>\n\n<p>高價股往往波動較大，</p>\n\n<p>弄不小心還可能買到 1300 最後變 40 塊的股票，</p>\n\n<p>而哪些標的會讓資產變成不流動？例如儲蓄險等等</p>\n\n<p>又有哪些理財收益偏低呢？？例如定期存款等等</p>\n\n<p>​所以要買到能兼顧「安全、流動、收益」的標的很可貴</p>\n\n<p>&nbsp;</p>\n\n<p><img alt=\"\" height=\"282\" src=\"http://www.cmoney.tw/notes/cmstatic/notes/capture/258462/20160223153313470.jpg\" width=\"245\" /></p>\n\n<p>&nbsp;</p>\n\n<h1>看透「股性」讓投資獲利是半功倍</h1>\n\n<p>不懂股性的話，有如盲人騎瞎馬！</p>\n\n<p>而判斷股性大致可從以下這 3 個面向：</p>\n\n<p>&nbsp;</p>\n\n<h2>1. 股票漲跌有季節性，</h2>\n\n<p>其實好的股票漲跌是有特定時間的，</p>\n\n<p>所以如果掌握「股利效應」就能趨吉避凶。</p>\n\n<p>&nbsp;</p>\n\n<h2>2. 個別股票的特性也不同，</h2>\n\n<p>股票分為定存股、景氣循環股、成長股 3 &nbsp;大分類。</p>\n\n<p>低價的定存股往往因為 ROE 低，</p>\n\n<p>雖然每年股利相當固定，</p>\n\n<p>但股價長期在低檔，難以獲得價差。</p>\n\n<p>巴菲特起初對於這種公司很感興趣，</p>\n\n<p>但是後來發現這樣的資金效率不高，</p>\n\n<p>所以不再投資這樣的公司。但以目前低利率環境來說，</p>\n\n<p>還不失為一個選擇。</p>\n\n<p>高股利的定存股是很好的存股對象，</p>\n\n<p>應該在低價買進，將來若股價走高，</p>\n\n<p>可以兩方面獲利，但若股價過高仍然有危險。</p>\n\n<p>&nbsp;</p>\n\n<h2>3. 掌握景氣循環就能掌握漲跌</h2>\n\n<p>目前 BDI 指數、原油、原物料跌得非常厲害，</p>\n\n<p>俗語說，物極必反，</p>\n\n<p>投資人必須學習掌握景氣循環股，</p>\n\n<p>如果在低價買進，將來收穫必定豐碩，</p>\n\n<p>但是，太早買進，卻會讓你資金套牢，</p>\n\n<p>動彈不得！所以，投資人必須努力學習，</p>\n\n<p>確實掌握景氣循環股票的漲跌。</p>\n\n<p>&nbsp;</p>\n\n<p><img alt=\"\" height=\"196\" src=\"http://www.cmoney.tw/notes/cmstatic/notes/capture/258462/20160223160814071.jpg\" width=\"487\" /></p>\n\n<p>&nbsp;</p>\n\n<h1>股性看對賺大錢，看錯只能到處灑錢</h1>\n\n<p>例如溫老師的讀者高小姐長抱四年的 <a href=\"http://www.cmoney.tw/follow/channel/stock-9924\" target=\"_blank\">福興(9924)</a>，</p>\n\n<p>17元買進、57元賣出，大賺一筆，</p>\n\n<p>溫老師的學生呂小姐，</p>\n\n<p>也因長抱 <a href=\"http://www.cmoney.tw/follow/channel/stock-4904\" target=\"_blank\">遠傳(4904)</a>、<a href=\"http://www.cmoney.tw/follow/channel/stock-1434\" target=\"_blank\">福懋(1434)</a>、<a href=\"http://www.cmoney.tw/follow/channel/stock-9925\" target=\"_blank\">新保(9925)</a> 大賺一筆！</p>\n\n<p>&nbsp;</p>\n\n<p><img alt=\"\" height=\"150\" src=\"http://www.cmoney.tw/notes/cmstatic/notes/capture/258462/20160223155015078.jpg\" width=\"400\" /><img alt=\"\" height=\"333\" src=\"http://www.cmoney.tw/notes/cmstatic/notes/capture/258462/20160223155024156.Jpeg\" width=\"420\" /></p>\n\n<p>&nbsp;</p>\n\n<p>不過也有因為持股不對而大賠的案例</p>\n\n<p>例如持有&nbsp;<a href=\"http://www.cmoney.tw/follow/channel/stock-5505\" target=\"_blank\">和旺(5505)</a>、<a href=\"http://www.cmoney.tw/follow/channel/stock-4703\" target=\"_blank\">揚華(4703)</a> 等股票，</p>\n\n<p>則是血本無歸！</p>\n\n<p>&nbsp;</p>\n\n<h1>掌握當前契機，讓「最佳」組合幫你賺不停！</h1>\n\n<p>才剛&nbsp;2 月，世界先進已經決定現金股利 2.6 元，</p>\n\n<p>接著，各公司董事會即將密集傳來好消息！</p>\n\n<p>聰明的投資人在這個時候擇優買進，</p>\n\n<p>賺錢的機率相當大！</p>\n\n<p>買進後長抱可以享受每年「高殖利率」的好處，</p>\n\n<p>短期也許有價差可以賺。</p>\n\n<p>&nbsp;</p>\n\n<p>&nbsp;</p>\n\n<p>&nbsp;</p>\n\n<h3>更多 溫國信老師 的策略及心法</h3>\n\n<p>鑽研巴菲特的「價值投資法」</p>\n\n<p>延伸創造出自己的「五年平均現金股息殖利率法」，</p>\n\n<p>研判「合理價」、「便宜價」、「昂貴價」的簡單方法，</p>\n\n<p>以穩穩賺的策略，獲得良好績效。</p>\n\n<p>&nbsp;</p>\n\n<h2>歡迎幫我的 FB 粉絲專頁 按個『讚』，</h2>\n\n<h2>就能看到更多討論與分享哦！</h2>\n\n<p><iframe allowtransparency=\"\" frameborder=\"0\" scrolling=\"no\" src=\"http://www.facebook.com/plugins/likebox.php?href=https://www.facebook.com/%E6%BA%AB%E5%9C%8B%E4%BF%A1%E7%9A%84%E5%83%B9%E5%80%BC%E6%8A%95%E8%B3%87%E5%9C%92%E5%9C%B0-862301623848016/?fref=ts;width=550&amp;height=258&amp;colorscheme=light&amp;show_faces=true&amp;header=false&amp;stream=false&amp;show_border=true\" style=\"position: relative; border-width: medium; border-style: none; width: 600px; height: 260px; overflow: hidden;\"></iframe></p>\n",
        "ViewCount": "1707",
        "IsReference": false,
        "ReferenceList": null,
        "OgImgURL": "http://www.cmoney.tw/notes/cmstatic/notes/capture/258462/20160223174330417.jpg"
    },
    "badges": [],
    "isTreeCompleted": false,
    "nextCourse": null
}