{
    "courseDetail": {
        "CourseId": 2289,
        "CourseContent": "<p><span style=\"color:rgb(204, 0, 0); font-size:26px\">其他大盤籌碼分析指標</span></p>\n\n<p>籌碼Ｋ線額外開發出一些實用的大盤籌碼分析指標</p>\n\n<p>&nbsp;</p>\n\n<h2>指標一：散戶期貨淨未平倉</h2>\n\n<p><span style=\"background-color:rgb(255, 255, 255); font-size:16px\">散戶未平倉數據是根據小臺指的三大法人淨未平倉數據所推估。此數據是用來觀察散戶對市場的看法。通常散戶的多空看法都與市場走勢呈現反向關係。此指標多空反轉時，通常都是很好的介入點。</span></p>\n\n<p><img alt=\"\" height=\"675\" src=\"http://www.cmoney.tw/learn/cmstatic/learn/27/20160630170328890.Jpeg\" width=\"820\" /></p>\n\n<p>&nbsp;</p>\n\n<h2>指標二：恐慌指數(VIX)</h2>\n\n<p><span style=\"background-color:rgb(255, 255, 255); font-size:16px\">恐慌指數是由期貨交易所所公布的數據，是根據選擇權的交易行來推估市場投資人對未來的信心程度。當恐慌指數竄高時，表示市場投資人對未來市況感到不安，通常是因為目前的盤勢動蕩不安造成投資人信心不足。從過去的經驗中得知，此時有很高的比例也是區間的相對低檔區。</span></p>\n\n<p><span style=\"background-color:rgb(255, 255, 255); font-size:16px\"><img alt=\"\" height=\"686\" src=\"http://www.cmoney.tw/learn/cmstatic/learn/27/20160630170414811.Jpeg\" width=\"820\" /></span></p>\n\n<p>&nbsp;</p>\n\n<h2><span style=\"background-color:rgb(255, 255, 255); font-size:16px\">指標三：</span>鞋童指標</h2>\n\n<p><span style=\"background-color:rgb(255, 255, 255); font-size:16px\">「鞋童指標」 是主管機關每月公佈有交易人數的統計資料，交易人數多寡直接反映市場投機的程度。當交易人數急增表示市場投機氣氛轉強，行情由多轉空的機會大。而交易人數急跌時，則表示市場趨向穩定，行情由空轉多的機會大。市場中有的人則是認為交易人數超過180萬表示過熱，要提防多轉空。而交易人數低於100萬，則表示市場過冷，可以留意空轉多。</span></p>\n\n<p>&nbsp;</p>\n\n<p>&nbsp;</p>\n\n<h1>【免費試用 籌碼K線】</h1>\n\n<h2>&rarr;&rarr;<a href=\"http://cmy.tw/005jDZ\">《 點我點我！》</a>&larr;&larr;</h2>\n\n<p>&nbsp;</p>\n\n<h2>想知道更多籌碼達人的秘訣嗎？</h2>\n\n<h3>快點擊下方加入我們的LINE@ 和 祕密社團</h3>\n\n<h3><a href=\"http://cmy.tw/005XVT\" target=\"_blank\"><img alt=\"\" height=\"85\" src=\"http://www.cmoney.tw/notes/cmstatic/notes/capture/467194/20180108115331599.gif\" width=\"266\" /></a>&nbsp; &nbsp; &nbsp;&nbsp;<a href=\"http://cmy.tw/005o96\"><img alt=\"\" height=\"89\" src=\"http://www.cmoney.tw/notes/cmstatic/notes/capture/467194/20180108115413395.gif\" width=\"272\" /></a></h3>\n\n<p>&nbsp;</p>\n",
        "ViewCount": "5667",
        "IsReference": false,
        "ReferenceList": null,
        "OgImgURL": "http://www.cmoney.tw/learn/cmstatic/learn/27/20160630170328890.Jpeg"
    },
    "badges": [],
    "isTreeCompleted": false,
    "nextCourse": null
}