{
    "courseDetail": {
        "CourseId": 2287,
        "CourseContent": "<h1>聊天室</h1>\n\n<p>自己看盤太無聊</p>\n\n<p>想要找人切磋切搓</p>\n\n<p>到聊天室準沒錯</p>\n\n<p>1. 開啟聊天室</p>\n\n<p><img alt=\"\" height=\"605\" src=\"http://www.cmoney.tw/learn/cmstatic/learn/27/20160630151103183.Jpeg\" width=\"820\" /></p>\n\n<p>&nbsp;</p>\n\n<p>2.&nbsp;<span style=\"background-color:rgb(255, 255, 255); font-size:16px\">選擇要接收的頻道（預設是全部理財寶，你將可以掌握市場最新情報）</span></p>\n\n<p><span style=\"background-color:rgb(255, 255, 255); font-size:16px\"><img alt=\"\" height=\"116\" src=\"http://www.cmoney.tw/learn/cmstatic/learn/27/20160630151134761.Jpeg\" width=\"512\" /></span></p>\n\n<p>&nbsp;</p>\n\n<p><span style=\"background-color:rgb(255, 255, 255); font-size:16px\">3.&nbsp;</span>滑鼠點擊留言，可以設定「追蹤」或「黑名單」</p>\n\n<ul>\n\t<li>設定「追蹤」，會對此發言者的留言做顏色提示。</li>\n\t<li>設定「黑名單」，您將再也不會看到此人的留言。</li>\n</ul>\n\n<p><img alt=\"\" height=\"128\" src=\"http://www.cmoney.tw/learn/cmstatic/learn/27/20160630151231870.Jpeg\" width=\"748\" /></p>\n\n<p>&nbsp;</p>\n\n<h1>【免費試用 籌碼K線】</h1>\n\n<h2>&rarr;&rarr;<a href=\"http://cmy.tw/005jDZ\">《 點我點我！》</a>&larr;&larr;</h2>\n\n<p>&nbsp;</p>\n\n<h2>想知道更多籌碼達人的秘訣嗎？</h2>\n\n<h3>快點擊下方加入我們的LINE@ 和 祕密社團</h3>\n\n<h3><a href=\"http://cmy.tw/005XVT\" target=\"_blank\"><img alt=\"\" height=\"85\" src=\"http://www.cmoney.tw/notes/cmstatic/notes/capture/467194/20180108115331599.gif\" width=\"266\" /></a>&nbsp; &nbsp; &nbsp;&nbsp;<a href=\"http://cmy.tw/005o96\"><img alt=\"\" height=\"89\" src=\"http://www.cmoney.tw/notes/cmstatic/notes/capture/467194/20180108115413395.gif\" width=\"272\" /></a></h3>\n\n<p>&nbsp;</p>\n",
        "ViewCount": "4923",
        "IsReference": false,
        "ReferenceList": null,
        "OgImgURL": "http://www.cmoney.tw/learn/cmstatic/learn/27/20160630151103183.Jpeg"
    },
    "badges": [],
    "isTreeCompleted": false,
    "nextCourse": null
}