{
    "courseDetail": {
        "CourseId": 2292,
        "CourseContent": "<p>&nbsp;</p>\n\n<blockquote>&nbsp;</blockquote>\n\n<p>&nbsp;</p>\n\n<h1>我想變有錢，有沒有 勝率&quot;高&quot; 又好賺的方法？</h1>\n\n<p>初學投資，很容易抓著人 劈頭就問</p>\n\n<p>「這個方法 勝率高嗎？」</p>\n\n<p>&nbsp;</p>\n\n<p>你想過 只追求勝率 想要速成</p>\n\n<p>會不會是美麗的陷阱？</p>\n\n<p>&nbsp;</p>\n\n<p><a href=\"https://www.facebook.com/i.warrant/\" target=\"_blank\">阿水</a> 也曾誤信一些錯誤觀念</p>\n\n<p>賠光百萬年薪的資產</p>\n\n<p>後來才知道 想翻轉賠錢命運</p>\n\n<p>原來必須先從「這3個」迷思解脫</p>\n\n<p>&nbsp;</p>\n\n<p>趕緊往下看看吧！</p>\n\n<p>&nbsp;</p>\n\n<blockquote>\n<p>(贊助商連結...)</p>\n</blockquote>\n\n<p>&nbsp;</p>\n\n<p><googleadsense height=\"600px\" type=\"4\" width=\"300px\"></googleadsense></p>\n\n<p>&nbsp;</p>\n\n<p>&nbsp;</p>\n\n<p>&nbsp;</p>\n\n<h1>迷思一、</h1>\n\n<h1>人人都覺得&quot;自己可以找到 股市聖盃&quot;</h1>\n\n<p>&nbsp;</p>\n\n<p>物理界有一個聖盃 : 叫統一場論</p>\n\n<p>愛因斯坦 曾經嘗試追求這個理論</p>\n\n<p>簡單來說就是：</p>\n\n<p>「找出一條公式，就能解釋宇宙中所有粒子相互間的關係」</p>\n\n<p>&nbsp;</p>\n\n<p>愛因斯坦 追求統一場論的發明(或說發現)</p>\n\n<p>在他有生之年，失敗了</p>\n\n<p>&nbsp;</p>\n\n<p>但在金融市場有個現象很好玩</p>\n\n<p>就是人人都覺得自己是愛因斯坦、而且都在追求統一場論</p>\n\n<p>&nbsp;</p>\n\n<h2>似乎不找出一個方法</h2>\n\n<h2>一個能看清摸透</h2>\n\n<h2>所有金融市場的漲跌的方法</h2>\n\n<h2>就覺得渾身不對勁</h2>\n\n<p>&nbsp;</p>\n\n<p>如果這個方法</p>\n\n<p>不是金融界的統一場論，勝率沒有100%</p>\n\n<p>這個方法一定就是錯的！</p>\n\n<p>這個方法不能用，用了就賠錢！</p>\n\n<p>&nbsp;</p>\n\n<p>於是乎，大家開始把自己的公式或方法開始加油添醋</p>\n\n<p>&nbsp;</p>\n\n<h1>迷思二、</h1>\n\n<h1>既然一個方法不行，就再多找幾個加強</h1>\n\n<p>&nbsp;</p>\n\n<p>E=MC^2&nbsp;</p>\n\n<p>短短一條公式就把能量與質量互換的關係寫出來了</p>\n\n<p>&nbsp;</p>\n\n<p><strong>簡單就是美麗</strong></p>\n\n<p><strong>你，有分清楚 雜訊 跟 訊號 嗎？</strong></p>\n\n<p>&nbsp;</p>\n\n<p>各位回想一下</p>\n\n<p>在剛踏進市場時</p>\n\n<p>「你在書上看到的方法，是不是真的讓你曾經賺過錢？」</p>\n\n<p>&nbsp;</p>\n\n<p>初學時看到某些訊號出現</p>\n\n<p>不管是財報、籌碼、技術分析的訊號</p>\n\n<p>反正什麼都不會，就試吧</p>\n\n<p>如果一試果然有賺到錢</p>\n\n<p>當然下次很開心，就會繼續用這方法下單</p>\n\n<p>&nbsp;</p>\n\n<p>直到有一天</p>\n\n<p>一但你用這個方法，卻賠錢了</p>\n\n<p>於是就責怪自己，是自己懂的不夠多，股市有更多東西要注意</p>\n\n<p>所以買更多書，看更多網站，聽更多老師在講...</p>\n\n<p>&nbsp;</p>\n\n<p>但是賺錢的勝率...</p>\n\n<p>卻一直沒有起色，甚至開始賠的比以前更多</p>\n\n<p>&nbsp;</p>\n\n<h2>賺的時候是有賺到，</h2>\n\n<h2>但是賠的時候也不少，</h2>\n\n<h2>覺得股票好難，好複雜</h2>\n\n<p>&nbsp;</p>\n\n<p>技術面有人說不對</p>\n\n<p>那就加點基本面，來看一下財報</p>\n\n<p>有人說基本面股價都反應完了</p>\n\n<p>那就再看一下籌碼面，看有沒有大戶進場</p>\n\n<p>有人說籌碼面都在左手換右手</p>\n\n<p>那我們再來找一下可靠消息，看有沒有消息面</p>\n\n<p>消息面怎麼大好卻沒漲</p>\n\n<p>一定是消息不夠快</p>\n\n<p>&nbsp;</p>\n\n<p>不斷試著調整一下那已經複雜無比的下單方式</p>\n\n<p>最後，在一次股市空頭中，大賠出場</p>\n\n<p>&nbsp;</p>\n\n<p>往後只要有人跟你談到股票</p>\n\n<p>你的回答大概都是：</p>\n\n<p>「股票都騙人的啦，沒有內線賺不到錢啦，</p>\n\n<p>&nbsp; &nbsp; 你看那個XXX (可能是某個因為內線報抓上新聞的，不就是靠這發財的)」</p>\n\n<p>&nbsp;</p>\n\n<blockquote>&nbsp;</blockquote>\n\n<p>&nbsp;</p>\n\n<p>在你對一個方法說出：&nbsp;</p>\n\n<p>「唉唷~你看，這有特例呀，這樣做不就賠錢了」</p>\n\n<p>&nbsp;</p>\n\n<p>接著把這個方法開始加東加西，調整東，調整西</p>\n\n<p>一會技術面加基本面，一會基本面加消息面</p>\n\n<p>&nbsp;</p>\n\n<p>後來A訊號要你買進，但是B訊號卻是要你賣出</p>\n\n<p>C訊號叫你加碼</p>\n\n<p>&nbsp;</p>\n\n<h2><strong>這種過度優化下單方法</strong></h2>\n\n<h2><strong>以用來追求100%勝率</strong></h2>\n\n<h2><strong>正是金融市場大部份人會做的事</strong></h2>\n\n<h2><strong>是一個「死穴」</strong></h2>\n\n<p>&nbsp;</p>\n\n<p>更是讓你最後在股市&quot;畢業&quot;</p>\n\n<p>而不是&quot;退休&quot;的最大地雷</p>\n\n<p>為什麼？</p>\n\n<p>&nbsp;</p>\n\n<h1>迷思三、</h1>\n\n<h1>你專注 吐槽 在這方法不適用的地方</h1>\n\n<h2>而不是專注在</h2>\n\n<h2>怎麼讓當這方法正確時，放大我的獲利？</h2>\n\n<p>&nbsp;</p>\n\n<p>當你專注在這個方法十次錯了一次時</p>\n\n<p>卻忽略了這個方法讓你十次對了九次</p>\n\n<p>&nbsp;</p>\n\n<p>阿水我要強調的是</p>\n\n<p>這裡面的數字不是重點</p>\n\n<p>就算我把一改成三，九改成七</p>\n\n<p>你對於每種方法總是想著吐嘈的地方</p>\n\n<p>試著告訴自己</p>\n\n<p>這也是錯的，因為你看OOO這個地方，對不對？</p>\n\n<p>還有你看XXX這個地方，也錯了，對不對？</p>\n\n<p>&nbsp;</p>\n\n<p>如果各位去看目前國內外</p>\n\n<p>任何一個成功夠久的投資人士、投機人士也好</p>\n\n<p>&nbsp;</p>\n\n<h1>成功者「共通點」</h1>\n\n<h2>就是堅持少數方法，專心一致</h2>\n\n<p>&nbsp;</p>\n\n<p>每次下單都是每個獨立的方法給出來的決策</p>\n\n<p>而且不會隨便在這方法裡面亂添加東西</p>\n\n<p>&nbsp;</p>\n\n<p>這點，才是踏入金融市場你該有的第一個心態</p>\n\n<p>不管你是來投資、投機、甚至只是來賭一把的</p>\n\n<p>&nbsp;</p>\n\n<h2>專心，是成功的唯一法門</h2>\n\n<h2>學會找出一套適合你的方法</h2>\n\n<h2>並學著欣賞它讓你賺錢的時候</h2>\n\n<p>&nbsp;</p>\n\n<blockquote>&nbsp;</blockquote>\n\n<p>&nbsp;</p>\n\n<p>投資是一種態度</p>\n\n<p>台上一分鐘，台下十年功</p>\n\n<p>打好基礎、定好自己的方位</p>\n\n<p>也是&quot;穩定賺錢&quot;很重要的關鍵！</p>\n\n<p>&nbsp;</p>\n\n<p>&nbsp;</p>\n\n<h1><a href=\"http://cmy.tw/005lbD\"><u>股市阿水專屬課程</u></a></h1>\n\n<h1>想要更了解阿水「布林通道」</h1>\n\n<h1>替自己多一份不錯的收入嗎？</h1>\n\n<h2>&darr;&darr;立即加入股市阿水FB社團&darr;&darr;</h2>\n\n<p><a href=\"http://cmy.tw/005ujX\" style=\"color: rgb(0, 119, 181);\" target=\"_blank\"><strong><span style=\"font-size:larger\"><img alt=\"\" height=\"131\" src=\"http://www.cmoney.tw/notes/cmstatic/notes/capture/29464/20180127141507464.gif\" width=\"400\" /></span></strong></a></p>\n\n<p><strong><span style=\"font-size:larger\"><a href=\"http://cmy.tw/005ujX\"><img alt=\"\" height=\"479\" src=\"http://www.cmoney.tw/notes/cmstatic/notes/capture/29464/20180127141538894.Jpeg\" width=\"408\" /></a><img alt=\"\" height=\"15\" src=\"data:image/gif;base64,R0lGODlhAQABAPABAP///wAAACH5BAEKAAAALAAAAAABAAEAAAICRAEAOw%3D%3D\" width=\"15\" /></span></strong></p>\n\n<p>&nbsp;</p>\n\n<h2>免費試用➤&nbsp;<a href=\"http://cmy.tw/005SIy\" style=\"outline-style: initial; outline-width: 0px; text-decoration-line: underline; color: rgb(0, 119, 181); position: relative;\">布林通道盤中飆股監控</a></h2>\n\n<h1>股市阿水最新課程 ➤<a href=\"http://cmy.tw/005USS\" style=\"color: rgb(0, 119, 181);\" target=\"_blank\">點</a><a href=\"http://cmy.tw/005USS\">我</a></h1>\n\n<h1>&nbsp;</h1>\n\n<p>&nbsp;</p>\n\n<p><span style=\"color:rgb(255, 0, 0)\"><strong><span style=\"font-size:20px\">歡迎幫我的 FB 粉絲專頁按個『讚』，每天免費看盤文分享！</span></strong></span></p>\n\n<p><iframe allowtransparency=\"\" frameborder=\"0\" scrolling=\"no\" src=\"https://www.facebook.com/plugins/likebox.php?href=https://www.facebook.com/i.warrant/?fref=ts&amp;width=550&amp;height=258&amp;colorscheme=light&amp;show_faces=true&amp;header=false&amp;stream=false&amp;show_border=true\" style=\"outline-style: initial; outline-width: 0px; position: relative; width: 600px; border-width: medium; border-style: none; height: 260px; overflow: hidden;\"></iframe></p>\n",
        "ViewCount": "18239",
        "IsReference": true,
        "ReferenceList": [
            {
                "ReferenceId": 31626,
                "Description": "阿水的一式二式飆股狙擊班",
                "ReferenceUrl": "http://cmy.tw/005BF6",
                "ReferenceImage": "",
                "ViewCount": 18
            }
        ],
        "OgImgURL": "http://www.cmoney.tw/notes/cmstatic/notes/capture/29464/20180127141507464.gif"
    },
    "badges": [],
    "isTreeCompleted": false,
    "nextCourse": null
}