{
    "courseDetail": {
        "CourseId": 2343,
        "CourseContent": "<p>&nbsp;</p>\n\n<h2>股市存在多空兩種循環</h2>\n\n<p>打開台股月線圖，它就像是一個大型的整理箱</p>\n\n<p>從 3500 到 萬點來回做整理，跌深必漲、漲高必跌。</p>\n\n<p>要想在股市中長期獲利，必須看懂這兩種循環</p>\n\n<p>在多頭循環來臨時我們做多！</p>\n\n<p>在空頭循環來臨時我們放空！</p>\n\n<p>&nbsp;</p>\n\n<p><img alt=\"\" height=\"412\" src=\"http://fsv.money01.com.tw/cmstatic/notes/capture/257475/20151115110927534.Jpeg\" width=\"820\" /></p>\n\n<p>&nbsp;</p>\n\n<h1>空頭循環的方法與邏輯</h1>\n\n<p>無聊詹的&nbsp;<a href=\"http://cmy.tw/0052Lg\" style=\"line-height: 25.5px; text-decoration: underline; color: rgb(0, 119, 181); position: relative;\" target=\"_blank\">盤中警報器</a>&nbsp;過去利用葛蘭碧八大法則，開發出多方訊號</p>\n\n<p>詳請可參考：<a href=\"http://www.cmoney.tw/notes/note-detail.aspx?nid=34010\" style=\"text-decoration: underline; color: rgb(0, 119, 181); position: relative;\" target=\"_blank\">突破訊號</a>、<a href=\"http://www.cmoney.tw/notes/note-detail.aspx?nid=33830\" style=\"text-decoration: underline; color: rgb(0, 119, 181); position: relative;\" target=\"_blank\">回檔訊號</a></p>\n\n<p>如今，無聊詹再次透過葛蘭碧法則，撰寫出空方訊號：頭部成型、<a href=\"http://www.cmoney.tw/notes/note-detail.aspx?nid=38310\" style=\"color: rgb(0, 119, 181);\" target=\"_blank\">趨勢破線</a></p>\n\n<p>本文講詳述頭部成型的判斷方法。</p>\n\n<p><img alt=\"\" height=\"277\" src=\"http://www.cmoney.tw/notes/cmstatic/notes/capture/257475/20160104155509530.JPG\" width=\"532\" /><img alt=\"\" height=\"15\" src=\"data:image/gif;base64,R0lGODlhAQABAPABAP///wAAACH5BAEKAAAALAAAAAABAAEAAAICRAEAOw%3D%3D\" width=\"15\" /></p>\n\n<p>&nbsp;</p>\n\n<h1>頭部成型的觀察指標</h1>\n\n<p>頭部成型是葛蘭碧法則中乖離過大、指標過熱後會出現的訊號</p>\n\n<p>因此有幾個重點必須留意：</p>\n\n<p>&nbsp;</p>\n\n<h2>1. K 棒轉折：有轉折訊號出現，如墓碑線、覆蓋線</h2>\n\n<h2>2. 主力出貨：高檔有主力籌碼鬆動的現象</h2>\n\n<h2>3. 基本面差：基本面無法支撐股價</h2>\n\n<h2>4. 破大量低：跌破關鍵大量的低點</h2>\n\n<p>&nbsp;</p>\n\n<h1><a href=\"http://cmy.tw/0052Lg\" style=\"line-height: 25.5px; text-decoration: underline; color: rgb(0, 119, 181); position: relative;\" target=\"_blank\">盤中警報器</a>&nbsp;的空方訊號－頭部成型</h1>\n\n<p><span style=\"background-color:rgb(255, 255, 255); font-size:16px\">以 12/1 日盤中為例，頭部訊號會跳出&nbsp;</span><a href=\"http://www.cmoney.tw/follow/channel/stock-4133\" style=\"line-height: 27.2px; text-decoration: underline; color: rgb(0, 119, 181); position: relative; font-size: 16px; background-color: rgb(255, 255, 255);\" target=\"_blank\">亞諾法(4133)</a><span style=\"background-color:rgb(255, 255, 255); font-size:16px\">&nbsp;這檔個股</span></p>\n\n<p><strong>首先，高檔有反轉訊號</strong></p>\n\n<p>這檔在高點出現的反錘兩極 K 線型態，就代表轉折的可能性。</p>\n\n<p><strong>其次，頭部籌碼的狀況</strong></p>\n\n<p>基本上轉折為真或假只能事後看股價做結果論，就像突破也會有假突破一樣</p>\n\n<p>但我們可以透過籌碼狀態來辨識其為真或假的機率。</p>\n\n<p><strong>再來，基本面能否支撐股價</strong></p>\n\n<p>話說本益比本身並沒有標準答案，但還是可以用它簡單判斷股價是否在合理範圍。</p>\n\n<p>但當整個盤勢都不好的時候，本益比太高相對還是危險許多。</p>\n\n<p><strong>最後，跌破大量低為確認</strong></p>\n\n<p>我們可以做這樣的理解，當得知高檔爆量並且留下轉折訊號的時候，推測主力可能在高檔出貨</p>\n\n<p>那如果股價又跌破這個大量的低點時代表甚麼呢？</p>\n\n<p><strong>&quot; 所有買在這一根 K 棒的人通通賠錢&quot;</strong></p>\n\n<p><img alt=\"\" height=\"621\" src=\"http://www.cmoney.tw/notes/cmstatic/notes/capture/257475/20160104160218086.Jpeg\" width=\"820\" /><img alt=\"\" height=\"15\" src=\"data:image/gif;base64,R0lGODlhAQABAPABAP///wAAACH5BAEKAAAALAAAAAABAAEAAAICRAEAOw%3D%3D\" width=\"15\" /></p>\n\n<p><span style=\"background-color:rgb(255, 255, 255); font-size:16px\">(</span><a href=\"http://cmy.tw/0052Lg\" style=\"line-height: 25.5px; text-decoration: underline; color: rgb(0, 119, 181); position: relative; font-size: 16px; background-color: rgb(255, 255, 255);\" target=\"_blank\">盤中警報器</a><span style=\"background-color:rgb(255, 255, 255); font-size:16px\">)</span></p>\n\n<p>&nbsp;</p>\n\n<h1>每日更新「頭部成型」股票清單</h1>\n\n<p><a href=\"http://cmy.tw/0052Lg\" style=\"line-height: 25.5px; text-decoration: underline; color: rgb(0, 119, 181); position: relative;\" target=\"_blank\">盤中警報器</a>&nbsp;可以在盤中快速找到疑似頭部的個股</p>\n\n<p>使用者只要再靠自己，透過 上述的方法 來過濾</p>\n\n<p>就可以去蕪存菁，從中找到可以放空的股票！</p>\n\n<p>大家不妨來做做功課，說不定下一隻 4133 就在裡面哦！</p>\n\n<p><img alt=\"\" height=\"394\" src=\"http://www.cmoney.tw/notes/cmstatic/notes/capture/257475/20160104162506775.Jpeg\" width=\"820\" /></p>\n\n<p>(<a href=\"http://cmy.tw/0052Lg\" style=\"line-height: 25.5px; color: rgb(0, 119, 181);\" target=\"_blank\">盤中警報器</a>)</p>\n\n<p>&nbsp;</p>\n\n<h2>無聊詹提供<u><strong>專屬四大服務</strong></u></h2>\n\n<h2>還沒加入的你，還不加入嗎？</h2>\n\n<h3>►<a href=\"http://cmy.tw/005k7N\" style=\"outline-style: initial; outline-width: 0px; text-decoration-line: underline; position: relative;\" target=\"_blank\">點此加入粉絲團</a></h3>\n\n<h3>►<a href=\"http://cmy.tw/005SY0\" style=\"outline-style: initial; outline-width: 0px; text-decoration-line: underline; position: relative;\" target=\"_blank\">點此加入社團</a></h3>\n\n<p><img alt=\"\" height=\"360\" src=\"https://fsv.cmoney.tw/cmstatic/notes/capture/713026/20170915103056745.jpg\" width=\"820\" /></p>\n\n<h2>馬上報名 &gt;&gt;<a href=\"http://cmy.tw/005VFa\" style=\"outline-style: initial; outline-width: 0px; text-decoration-line: underline; color: rgb(0, 119, 181); position: relative;\" target=\"_blank\">&nbsp;</a><a href=\"http://cmy.tw/005hCD\" style=\"outline-style: initial; outline-width: 0px; text-decoration-line: underline; color: rgb(0, 119, 181); position: relative;\" target=\"_blank\">無聊詹(最新課程)-多空選股班&nbsp;</a>(提供限量早鳥價)</h2>\n\n<h2>馬上試用 &gt;&gt;<a href=\"http://cmy.tw/005hPx\">&nbsp;</a><a href=\"http://cmy.tw/005hPx\" style=\"outline-style: initial; outline-width: 0px; text-decoration-line: underline; color: rgb(0, 119, 181); position: relative;\" target=\"_blank\">盤中警報器</a><a href=\"http://cmy.tw/005hPx\">&nbsp;</a>抓飆股，就是這麼簡單！</h2>\n",
        "ViewCount": "7069",
        "IsReference": false,
        "ReferenceList": null,
        "OgImgURL": "http://fsv.money01.com.tw/cmstatic/notes/capture/257475/20151115110927534.Jpeg"
    },
    "badges": [],
    "isTreeCompleted": false,
    "nextCourse": null
}