{
    "courseDetail": {
        "CourseId": 2340,
        "CourseContent": "<p>&nbsp;</p>\n\n<p>&nbsp;</p>\n\n<p>&nbsp;</p>\n\n<h1>交易者追求的終極目標：隨心所欲</h1>\n\n<p>這句話是很有名的股市大師－Alexander Elder 所說：</p>\n\n<p>「交易的最終目標：隨心所欲！</p>\n\n<p>不需要再為日常的瑣事煩惱，也不需要再看他人臉色行事」</p>\n\n<p>但在這之前，我們都需要為生活而忙碌，</p>\n\n<p>身為一個上班族，工作之餘要兼顧投資，</p>\n\n<p>實在不是一件容易的事情。</p>\n\n<p>&nbsp;</p>\n\n<h1>機械化操作是你的好朋友</h1>\n\n<p>那要如何才能在忙碌上班之餘兼顧投資呢？</p>\n\n<p>機械化操作法是你的好朋友。</p>\n\n<p>所謂的機械化操作法，簡單的定義就是</p>\n\n<p>確定了選股、進場與出場的方法之後，</p>\n\n<p>熟練且不帶感情的直接操作它，其實就會有不錯的績效。</p>\n\n<p>&nbsp;</p>\n\n<h1><a href=\"http://cmy.tw/0052Lg\" style=\"line-height: 25.5px; color: rgb(0, 119, 181);\" target=\"_blank\">盤中警報器</a>&nbsp;是你的好幫手</h1>\n\n<p>有一位戰友，他擅長機械化操作，進出場採移動停利法</p>\n\n<p><a href=\"http://cmy.tw/0052Lg\" style=\"line-height: 25.5px; color: rgb(0, 119, 181);\" target=\"_blank\">盤中警報器</a>&nbsp;則是他選股的工具。</p>\n\n<p>他利用盤中警報器中的&nbsp;<a href=\"http://www.cmoney.tw/notes/note-detail.aspx?nid=34010\" style=\"color: rgb(0, 119, 181);\" target=\"_blank\">葛蘭碧突破</a>&nbsp;訊號 +&nbsp;<a href=\"http://www.cmoney.tw/notes/note-detail.aspx?nid=34605\" style=\"color: rgb(0, 119, 181);\" target=\"_blank\">籌碼五燈獎</a></p>\n\n<p>有符合的標的就買進，買進之後透過移動停利或停損出場</p>\n\n<p>只要警示跳出就出場，沒有出現警示就續抱。</p>\n\n<p>這樣的買法可能會買到一籃子股票，但是卻很穩定。</p>\n\n<p>下圖是這名戰友過去曾經操作過的狀況。</p>\n\n<p><img alt=\"\" height=\"329\" src=\"http://www.cmoney.tw/notes/cmstatic/notes/capture/257475/20151122163242159.jpg\" width=\"820\" /><img alt=\"\" height=\"15\" src=\"data:image/gif;base64,R0lGODlhAQABAPABAP///wAAACH5BAEKAAAALAAAAAABAAEAAAICRAEAOw%3D%3D\" width=\"15\" /></p>\n\n<p>&nbsp;</p>\n\n<h2>機械化操作搭配高勝率選股</h2>\n\n<p>或許有人會有疑問，如果這樣的選股選到都不太會漲的</p>\n\n<p>那不就大部分都會停損，績效如何提升？</p>\n\n<p>沒錯，所以要選擇 技術面 與 籌碼面皆優的個股</p>\n\n<p>而且要在大盤穩定的時候做這樣的投資與操作。</p>\n\n<p>以 &nbsp;<a href=\"http://cmy.tw/0052Lg\" style=\"line-height: 25.5px; color: rgb(0, 119, 181);\" target=\"_blank\">盤中警報器</a>&nbsp;來說，符合&nbsp;<a href=\"http://www.cmoney.tw/notes/note-detail.aspx?nid=34010\" style=\"color: rgb(0, 119, 181);\" target=\"_blank\">突破訊號</a>&nbsp;與&nbsp;<a href=\"http://www.cmoney.tw/notes/note-detail.aspx?nid=34605\" style=\"line-height: 25.5px; color: rgb(0, 119, 181);\" target=\"_blank\">籌碼五燈獎</a>&nbsp;的股票</p>\n\n<p>就是 技術面 與 籌碼面 皆優的股票，自然勝率較高。</p>\n\n<p>以這天 9/2 日為例，盤中 3% 跳出訊號的個股，如果加入</p>\n\n<p>籌碼五燈獎四季紅 的進階篩選，22 檔中就有 7 檔是亮燈漲停！</p>\n\n<p><img alt=\"\" height=\"388\" src=\"http://www.cmoney.tw/notes/cmstatic/notes/capture/257475/20151122163719167.Jpeg\" width=\"820\" /><img alt=\"\" height=\"15\" src=\"data:image/gif;base64,R0lGODlhAQABAPABAP///wAAACH5BAEKAAAALAAAAAABAAEAAAICRAEAOw%3D%3D\" width=\"15\" /></p>\n\n<p>&nbsp;</p>\n\n<h2>上班族不看盤投資術，你也該試試</h2>\n\n<p>找到一個適合自己的選股方法或工具，</p>\n\n<p>再找出一個簡單且固定的進出場依據，</p>\n\n<p>最後將自己的資金部位做比例上的安排，</p>\n\n<p>這就是上班族相當適合的不看盤投資術。</p>\n\n<p>不帶感情的操作，將可以帶來穩定的績效！</p>\n\n<p>這名戰友的波段單如下（全部現股、沒有融資與權證）</p>\n\n<p>這樣的方法讓他往隨心所欲的目標又邁進了一大步！</p>\n\n<p><img alt=\"\" height=\"708\" src=\"http://www.cmoney.tw/notes/cmstatic/notes/capture/257475/20151122164104709.Jpeg\" width=\"800\" /><img alt=\"\" height=\"15\" src=\"data:image/gif;base64,R0lGODlhAQABAPABAP///wAAACH5BAEKAAAALAAAAAABAAEAAAICRAEAOw%3D%3D\" width=\"15\" /></p>\n\n<p>&nbsp;</p>\n\n<h2>無聊詹提供<u><strong>專屬四大服務</strong></u></h2>\n\n<h2>還沒加入的你，還不加入嗎？</h2>\n\n<h3>►<a href=\"http://cmy.tw/005k7N\" style=\"outline-style: initial; outline-width: 0px; text-decoration-line: underline; position: relative;\" target=\"_blank\">點此加入粉絲團</a></h3>\n\n<h3>►<a href=\"http://cmy.tw/005SY0\" style=\"outline-style: initial; outline-width: 0px; text-decoration-line: underline; position: relative;\" target=\"_blank\">點此加入社團</a></h3>\n\n<p><img alt=\"\" height=\"360\" src=\"https://fsv.cmoney.tw/cmstatic/notes/capture/713026/20170915103056745.jpg\" width=\"820\" /></p>\n\n<h2>馬上報名 &gt;&gt;<a href=\"http://cmy.tw/005VFa\" style=\"outline-style: initial; outline-width: 0px; text-decoration-line: underline; color: rgb(0, 119, 181); position: relative;\" target=\"_blank\">&nbsp;</a><a href=\"http://cmy.tw/005hCD\" style=\"outline-style: initial; outline-width: 0px; text-decoration-line: underline; color: rgb(0, 119, 181); position: relative;\" target=\"_blank\">無聊詹(最新課程)-多空選股班&nbsp;</a>(提供限量早鳥價)</h2>\n\n<h2>馬上試用 &gt;&gt;<a href=\"http://cmy.tw/005hPx\">&nbsp;</a><a href=\"http://cmy.tw/005hPx\" style=\"outline-style: initial; outline-width: 0px; text-decoration-line: underline; color: rgb(0, 119, 181); position: relative;\" target=\"_blank\">盤中警報器</a><a href=\"http://cmy.tw/005hPx\">&nbsp;</a>抓飆股，就是這麼簡單！</h2>\n",
        "ViewCount": "7507",
        "IsReference": false,
        "ReferenceList": null,
        "OgImgURL": "http://www.cmoney.tw/notes/cmstatic/notes/capture/257475/20151122163242159.jpg"
    },
    "badges": [],
    "isTreeCompleted": false,
    "nextCourse": null
}