{
    "courseDetail": {
        "CourseId": 2429,
        "CourseContent": "<h1>快來看看 權證小哥 的自我介紹吧！</h1>\n\n<p><iframe allowfullscreen=\"\" frameborder=\"0\" height=\"360\" src=\"//www.youtube.com/embed/T7BnX8y4OC8\" width=\"640\"></iframe></p>\n\n<p>&nbsp;</p>\n\n<hr />\n<p>&nbsp;</p>\n\n<h1>權證小哥近期講座，<strong>名額有限！</strong></h1>\n\n<h1>「早鳥價優惠」 ►►&nbsp;<u><a href=\"http://cmy.tw/005PGe\">馬上點我報名！</a></u></h1>\n\n<h2>來上課，還可以加入小哥的line群組【預言教室】 唷！</h2>\n\n<p>&nbsp;</p>\n",
        "ViewCount": "22113",
        "IsReference": false,
        "ReferenceList": null,
        "OgImgURL": ""
    },
    "badges": [],
    "isTreeCompleted": false,
    "nextCourse": null
}