{
    "courseDetail": {
        "CourseId": 2428,
        "CourseContent": "<h1>馬上來看看 無聊詹 的故事吧... &darr; &darr;&nbsp;&darr;</h1>\n\n<p><iframe allowfullscreen=\"\" frameborder=\"0\" height=\"462\" scrolling=\"no\" src=\"//www.youtube.com/embed/opPCAROK_IU?rel=0\" width=\"820\"></iframe></p>\n\n<p>&nbsp;</p>\n",
        "ViewCount": "31118",
        "IsReference": false,
        "ReferenceList": null,
        "OgImgURL": ""
    },
    "badges": [],
    "isTreeCompleted": false,
    "nextCourse": null
}