{
    "courseDetail": {
        "CourseId": 2434,
        "CourseContent": "<h1>快來看看 蔡司 的自我介紹吧！</h1>\n\n<p><iframe allowfullscreen=\"\" frameborder=\"0\" height=\"360\" src=\"//www.youtube.com/embed/XI5UTwnR5vM\" width=\"640\"></iframe></p>\n\n<h1>【免費試用 籌碼K線】</h1>\n\n<h2>&rarr;&rarr;<a href=\"http://cmy.tw/005jDZ\">《 點我點我！》</a>&larr;&larr;</h2>\n\n<p>&nbsp;</p>\n\n<h2>想知道更多籌碼達人的秘訣嗎？</h2>\n\n<h3>快點擊下方加入我們的LINE@ 和 祕密社團</h3>\n\n<h3><a href=\"http://cmy.tw/005XVT\" target=\"_blank\"><img alt=\"\" height=\"85\" src=\"http://www.cmoney.tw/notes/cmstatic/notes/capture/467194/20180108115331599.gif\" width=\"266\" /></a>&nbsp; &nbsp; &nbsp;&nbsp;<a href=\"http://cmy.tw/005o96\"><img alt=\"\" height=\"89\" src=\"http://www.cmoney.tw/notes/cmstatic/notes/capture/467194/20180108115413395.gif\" width=\"272\" /></a></h3>\n\n<p>&nbsp;</p>\n\n<p>&nbsp;</p>\n",
        "ViewCount": "30964",
        "IsReference": false,
        "ReferenceList": null,
        "OgImgURL": "http://www.cmoney.tw/notes/cmstatic/notes/capture/467194/20180108115331599.gif"
    },
    "badges": [],
    "isTreeCompleted": false,
    "nextCourse": null
}