{
    "courseDetail": {
        "CourseId": 2457,
        "CourseContent": "<p>&nbsp;</p>\n\n<p><img alt=\"\" height=\"462\" src=\"http://www.cmoney.tw/notes/cmstatic/notes/capture/289830/20170111112218852.png\" width=\"820\" />​</p>\n\n<p>(圖片來源：券商軟體)</p>\n\n<p>&nbsp;</p>\n\n<h1>股票這麼多檔，該怎麼選？</h1>\n\n<p>許多剛進入股市的投資人</p>\n\n<p>最頭痛的就是「該如何選對股票」</p>\n\n<p>畢竟看盤軟體一打開</p>\n\n<p>密密麻麻的股票看到就暈了！</p>\n\n<p>&nbsp;</p>\n\n<p>還記得剛步入職場那年</p>\n\n<p>許多同事因為「薪水低」而開始學投資</p>\n\n<p>從什麼都不懂</p>\n\n<p>到現在竟能穩定獲利、大賺小賠....</p>\n\n<p>&nbsp;</p>\n\n<h1>穩定獲利的第一步！</h1>\n\n<h1>多利用「選股軟體」</h1>\n\n<p>選股軟體雖然不是 100%獲利</p>\n\n<p>但至少能讓投資人在茫茫股海中</p>\n\n<p>更精準的挑出對的股票</p>\n\n<p>&nbsp;</p>\n\n<p>尤其是剛進入股市的朋友</p>\n\n<p>選股軟體會是你的好夥伴</p>\n\n<p>只要累積夠多股市的實戰經驗</p>\n\n<p>有一天，也能靠自己選出「飆股」</p>\n\n<p>&nbsp;</p>\n\n<p>今天，跟大家介紹</p>\n\n<p>同事群看稱「最有勝率」的選股軟體</p>\n\n<h1><a href=\"http://cmy.tw/005E7t\" style=\"color: rgb(0, 119, 181);\" target=\"_blank\">盤中警報器</a>&nbsp;- 教你找到「突破飆股」</h1>\n\n<h2>使用方法：</h2>\n\n<h2>1. 勾選突破 + 籌碼五燈獎</h2>\n\n<h2>2. 是否符合追漲 6 心法&nbsp;</h2>\n\n<p>(六心法教學連結：<a href=\"http://goo.gl/GTyF8W\" rel=\"nofollow nofollow\" style=\"color: rgb(0, 119, 181);\" target=\"_blank\">http://goo.gl/GTyF8W</a>)</p>\n\n<p><img alt=\"\" height=\"235\" src=\"http://www.cmoney.tw/notes/cmstatic/notes/capture/289830/20170111104827650.png\" width=\"820\" /></p>\n\n<p>(資料來源：<a href=\"http://cmy.tw/005E7t\" style=\"color: rgb(0, 119, 181);\" target=\"_blank\">盤中警報器</a>)</p>\n\n<p>&nbsp;</p>\n\n<p><a href=\"http://cmy.tw/005E7t\" style=\"color: rgb(0, 119, 181);\" target=\"_blank\">盤中警報器</a>&nbsp;的「突破 + 籌碼五燈獎」是好物大家都知道</p>\n\n<p>原因是當一檔個股盤整突破第一根</p>\n\n<p>且過去有一段時間都有主力在收貨</p>\n\n<p>代表這主力比較有機會是波段操作的主力</p>\n\n<p>個股自然持續上漲的機率會比較高</p>\n\n<p>（當然，這也沒有百分百的）</p>\n\n<p>　</p>\n\n<p>但經常有戰友會問</p>\n\n<p>那如果好幾隻都是五燈獎該怎麼挑？</p>\n\n<p>當然最重要的是要用六心法去篩選</p>\n\n<p><strong>符合六心法最重要</strong><br />\n<a href=\"http://cmy.tw/005NuZ\" style=\"color: rgb(0, 119, 181);\" target=\"_blank\"><img alt=\"\" height=\"15\" src=\"data:image/gif;base64,R0lGODlhAQABAPABAP///wAAACH5BAEKAAAALAAAAAABAAEAAAICRAEAOw%3D%3D\" width=\"15\" /></a><br />\n因為籌碼好也要看它好的位置在哪裡</p>\n\n<p>技術面處在不同的位置</p>\n\n<p>其籌碼所代表的意義也會不太一樣　<br />\n<br />\n　<br />\n那如果篩選完之後還是有剩下幾隻</p>\n\n<p>那又該怎麼再去蕪存菁呢？</p>\n\n<p>Boring 分享一個不錯的方法供大家參考<br />\n<br />\n　　</p>\n\n<h1>2017/1/3</h1>\n\n<h1>利用<a href=\"http://cmy.tw/005E7t\" style=\"color: rgb(0, 119, 181);\" target=\"_blank\">盤中警報器</a>挑出 榮成(1909)</h1>\n\n<h2>1. 使用突破 + 籌碼五燈獎選出</h2>\n\n<h2>2. 符合追漲六心法</h2>\n\n<h2>3. 符合準創高型態</h2>\n\n<p>在 1/3 日的盤中</p>\n\n<p>警報器跳出了 榮成(1909)這檔標的</p>\n\n<p>本身符合籌碼五燈獎</p>\n\n<p>而且又符合六心法</p>\n\n<p>不但如此，它還屬於準創高型態</p>\n\n<p>　<br />\n準創高型態是警報器中新加入的技術面篩選</p>\n\n<p>其代表意義是指 K 棒即將或者剛創半年高的型態</p>\n\n<p>相關的介紹可以參考下面連結</p>\n\n<p>(準創高型態介紹：<a href=\"https://l.facebook.com/l.php?u=https%3A%2F%2Fgoo.gl%2Fd4L7U9&amp;h=bAQF_JyLQ&amp;enc=AZP6ljlTWEkhcpbaHSx3ysBA6cw1PqU1z04UYdau4r8ol_yUbh5Ks8yyTrfi29BLDMYUIilONsS4_-Cb1Gt3oI58Y2YMDf4skl_ZlwKc81UEFN3_AU9o-MTSnNUetSuBcTQYDqpWuknoK7rxFaPApeIQ&amp;s=1\" rel=\"nofollow nofollow\" style=\"color: rgb(0, 119, 181);\" target=\"_blank\">https://goo.gl/d4L7U9</a>)<br />\n<br />\n　<br />\n以六心法來說</p>\n\n<p>當下其實已經是一個非常漂亮可以操作的標的了</p>\n\n<p>但如果我們更細心些，會發現一個更有趣的現象...</p>\n\n<p><br />\n前一天的榮成，收了一根短紅 K</p>\n\n<p>成交量約莫 4800 張左右</p>\n\n<p>量能還沒有放大，但是主力籌碼的集中度卻高達 41.5%</p>\n\n<p>這表示在還沒有太多人關注的情況下</p>\n\n<p>主力當天就收了近一半的籌碼</p>\n\n<p><br />\n是甚麼原因讓主力在這一天收的那麼急？</p>\n\n<p>隔天的帶量長紅棒就告訴我們答案了</p>\n\n<p><strong>而利用警報器，你可以在「盤中」，馬上看出這個現象！</strong></p>\n\n<p><br />\n<img alt=\"\" height=\"516\" src=\"http://www.cmoney.tw/notes/cmstatic/notes/capture/289830/20170111111025482.png\" width=\"918\" /><img alt=\"\" height=\"15\" src=\"data:image/gif;base64,R0lGODlhAQABAPABAP///wAAACH5BAEKAAAALAAAAAABAAEAAAICRAEAOw%3D%3D\" width=\"15\" /></p>\n\n<p>為什麼籌碼這麼重要</p>\n\n<p>因為很多事情總是有人「早知道」</p>\n\n<p>身為散戶的我們沒有這樣的人脈與關係</p>\n\n<p>但利用軟體，我們可以在這些主力進場之後</p>\n\n<p>在最短的時間內，馬上「發現」到它</p>\n\n<p>　<br />\n而它就藏在警報器中的「主力籌碼過濾系統」裡</p>\n\n<p>這就是警報器好用的地方了</p>\n\n<p>&nbsp;</p>\n\n<h1>新手投資，5 天報酬 34.55%！</h1>\n\n<p><img alt=\"\" height=\"390\" src=\"http://www.cmoney.tw/notes/cmstatic/notes/capture/289830/20170111112040688.png\" width=\"820\" /><img alt=\"\" height=\"15\" src=\"data:image/gif;base64,R0lGODlhAQABAPABAP///wAAACH5BAEKAAAALAAAAAABAAEAAAICRAEAOw%3D%3D\" width=\"15\" /></p>\n\n<h2>無聊詹提供<u><strong>專屬四大服務</strong></u></h2>\n\n<h2>還沒加入的你，還不加入嗎？</h2>\n\n<h3>►<a href=\"http://cmy.tw/005k7N\" style=\"outline-style: initial; outline-width: 0px; text-decoration-line: underline; position: relative;\" target=\"_blank\">點此加入粉絲團</a></h3>\n\n<h3>►<a href=\"http://cmy.tw/005SY0\" style=\"outline-style: initial; outline-width: 0px; text-decoration-line: underline; position: relative;\" target=\"_blank\">點此加入社團</a></h3>\n\n<p><img alt=\"\" height=\"360\" src=\"https://fsv.cmoney.tw/cmstatic/notes/capture/713026/20170915103056745.jpg\" width=\"820\" /></p>\n\n<h2>馬上報名 &gt;&gt;<a href=\"http://cmy.tw/005VFa\" style=\"outline-style: initial; outline-width: 0px; text-decoration-line: underline; color: rgb(0, 119, 181); position: relative;\" target=\"_blank\">&nbsp;</a><a href=\"http://cmy.tw/005hCD\" style=\"outline-style: initial; outline-width: 0px; text-decoration-line: underline; color: rgb(0, 119, 181); position: relative;\" target=\"_blank\">無聊詹(最新課程)-多空選股班&nbsp;</a>(提供限量早鳥價)</h2>\n\n<h2>馬上試用 &gt;&gt;<a href=\"http://cmy.tw/005hPx\">&nbsp;</a><a href=\"http://cmy.tw/005hPx\" style=\"outline-style: initial; outline-width: 0px; text-decoration-line: underline; color: rgb(0, 119, 181); position: relative;\" target=\"_blank\">盤中警報器</a><a href=\"http://cmy.tw/005hPx\">&nbsp;</a>抓飆股，就是這麼簡單！</h2>\n\n<h2>&nbsp;</h2>\n",
        "ViewCount": "4063",
        "IsReference": false,
        "ReferenceList": null,
        "OgImgURL": "http://www.cmoney.tw/notes/cmstatic/notes/capture/289830/20170111112218852.png"
    },
    "badges": [],
    "isTreeCompleted": false,
    "nextCourse": null
}