{
    "courseDetail": {
        "CourseId": 2479,
        "CourseContent": "<p><img alt=\"\" src=\"http://www.cmoney.tw/notes/cmstatic/notes/capture/289830/20170203113412575.png\" /></p>\n\n<p>​</p>\n\n<p>&nbsp;</p>\n\n<h1>投資方法百百種&nbsp;</h1>\n\n<h1>只要能獲利，就是好方法！</h1>\n\n<p>市場中有很多不同風格的投資方式與商品</p>\n\n<p>舉凡當沖、隔日沖、短波段</p>\n\n<p>長波段、存股、現股、權證、股期等等</p>\n\n<p>不管你是偏好哪一種</p>\n\n<p>只要能從中獲利，都是好的方法！<br />\n　</p>\n\n<p>當然，不管最後</p>\n\n<p>你決定走哪一種交易風格或者是哪一種商品</p>\n\n<p>基礎的「選股」功力都是必備的！<br />\n<br />\n由於大部分投資人多數還是上班族</p>\n\n<p>今天 無聊詹 的教學文，就以「波段為例」</p>\n\n<p>&nbsp;</p>\n\n<p>其實...</p>\n\n<h2>一檔會走 波段的個股</h2>\n\n<h2>大概會具備「 3 大特色」..</h2>\n\n<p>&nbsp;</p>\n\n<p>繼續看下去...</p>\n\n<p>&nbsp;</p>\n\n<p>(贊助商連結)</p>\n\n<p><googleadsense height=\"600px\" type=\"4\" width=\"300px\"></googleadsense></p>\n\n<p>&nbsp;</p>\n\n<p>&nbsp;</p>\n\n<h1>波段股會具備哪 3 大特點？</h1>\n\n<h2>1. 籌碼：</h2>\n\n<p>一檔會走波段走勢的個股</p>\n\n<p>基本上都會有波段主力在裡面</p>\n\n<p>這個可以從<a href=\"http://cmy.tw/005LXN\" style=\"color: rgb(0, 119, 181);\" target=\"_blank\">警報器</a>中的「籌碼五燈獎」</p>\n\n<p>或者是「外資」、「投信」是否有進場來做判斷</p>\n\n<p>&nbsp;</p>\n\n<h2>2. 基本：</h2>\n\n<p>個股能走出一大波段，</p>\n\n<p>題材的利多、營收的成長是相當重要的</p>\n\n<p>如果沒有好的基本面</p>\n\n<p>就不容易吸引市場的買盤，尤其是法人的青睞</p>\n\n<h2>　<br />\n3. 技術：</h2>\n\n<p>常聽人家說多頭排列</p>\n\n<p>所謂的多頭排列就是短、中、長期均線依序排列且往上</p>\n\n<p>一檔波段走勢的個股</p>\n\n<p>K 線圖幾乎已經醞釀一段時間</p>\n\n<p>K 棒勢必得站穩所有長均線之上才發動攻勢<br />\n&nbsp;</p>\n\n<h1>如何選出符合的波段股？</h1>\n\n<h2>「籌碼 + 基本 + 技術」</h2>\n\n<h2>盤中警報器&nbsp;幫你一次挑出！(附實際案例)</h2>\n\n<p>以這檔 精星(8183) 為例</p>\n\n<p>在 11/14 盤中&nbsp;盤中警報器&nbsp;跳出這檔個股</p>\n\n<p>當天已經突破前面的盤整區間</p>\n\n<p>並且收一根實紅漲停</p>\n\n<p>基本上這檔個股若以六心法來判斷</p>\n\n<p>當天是絕對符合的</p>\n\n<p>(六心法教學連結：<a href=\"https://l.facebook.com/l.php?u=http%3A%2F%2Fgoo.gl%2FGTyF8W&amp;h=ATPPF00yPiVWnnSRL_NfhRhH1XMojOrFIMvHsr9FL1LC8P-JU5En381qKzehOOWb6MrNTFPBPeVfhnNjs_ZfJYrRZLmtmB1mOnWeadcjcsJzV6GiA1Um51F8kD3guTAynBiaGA&amp;enc=AZMLi_MlPe1WD-xZAPCbjfOdbmbRxGS-_UwSDPjoHlJS1RNlDuBC5jtfAu2n3DH89q1jD2RqPzMYeiq7tm6IZWABI-2BuE4JIAG_Pf9nKETrmJyylJNIcei-U7943RGsus957Hm365SKC5lNfmPqoiRR&amp;s=1\" rel=\"nofollow noopener nofollow\" style=\"color: rgb(0, 119, 181);\" target=\"_blank\">http://goo.gl/GTyF8W</a>)<br />\n<img alt=\"\" height=\"330\" src=\"http://www.cmoney.tw/notes/cmstatic/notes/capture/289830/20170203120144410.png\" width=\"820\" /><img alt=\"\" height=\"15\" src=\"data:image/gif;base64,R0lGODlhAQABAPABAP///wAAACH5BAEKAAAALAAAAAABAAEAAAICRAEAOw%3D%3D\" width=\"15\" /></p>\n\n<p><a href=\"http://cmy.tw/005LXN\" style=\"color: rgb(0, 119, 181);\" target=\"_blank\">(免費試用：盤中警報器)</a></p>\n\n<p><br />\n那麼我們再來看看</p>\n\n<p>這檔個股是否符合有機會走波段的 3 個條件...</p>\n\n<h1><br />\n用<a href=\"http://cmy.tw/005LXN\" style=\"color: rgb(0, 119, 181);\" target=\"_blank\">盤中警報器</a>&nbsp;選中精星...</h1>\n\n<h1>基本、籌碼、技術面 皆好！</h1>\n\n<p>從軟體中的營收 YoY 來看</p>\n\n<p>精星(8183)的營收比去年成長了 40% 左右</p>\n\n<p><img alt=\"\" height=\"151\" src=\"http://www.cmoney.tw/notes/cmstatic/notes/capture/289830/20170203120223707.png\" width=\"432\" /><img alt=\"\" height=\"15\" src=\"data:image/gif;base64,R0lGODlhAQABAPABAP///wAAACH5BAEKAAAALAAAAAABAAEAAAICRAEAOw%3D%3D\" width=\"15\" /></p>\n\n<p><a href=\"http://cmy.tw/005LXN\" style=\"color: rgb(0, 119, 181);\" target=\"_blank\">(免費試用：盤中警報器)</a></p>\n\n<p>&nbsp;</p>\n\n<p>K 棒也穩穩站在季線、半年線、年線之上</p>\n\n<p>過去整理過程的籌碼更是呈現「<a href=\"http://cmy.tw/005GPS\" style=\"color: rgb(0, 119, 181);\" target=\"_blank\">五燈獎</a>」的狀態</p>\n\n<p>所以是符合波段走勢的條件</p>\n\n<p><br />\n　<br />\n當六心法符合，也覺得這檔個股是有機會走波段的個股之後</p>\n\n<p>自然可以設好停損，安心下單。</p>\n\n<p>從事後來看，它也確實走了一段<br />\n<br />\n&nbsp;</p>\n\n<h1><a href=\"http://cmy.tw/005LXN\" style=\"color: rgb(0, 119, 181);\" target=\"_blank\">盤中警報器</a>&nbsp;挑出波段股</h1>\n\n<h1>一進場大賺 78%！上班族不二選擇</h1>\n\n<p><img alt=\"\" height=\"422\" src=\"http://www.cmoney.tw/notes/cmstatic/notes/capture/289830/20170202163547207.png\" width=\"820\" /><img alt=\"\" height=\"15\" src=\"data:image/gif;base64,R0lGODlhAQABAPABAP///wAAACH5BAEKAAAALAAAAAABAAEAAAICRAEAOw%3D%3D\" width=\"15\" /></p>\n\n<p>&nbsp;</p>\n\n<p>如果本身還沒有一個穩定獲利的方法或商品</p>\n\n<p>在尋找自我定位的過程中</p>\n\n<p>記得仔細思考哪一種比較適合自己<br />\n<br />\n舉例來說</p>\n\n<p>如果你是一個可以經常盯盤又不是很有耐心的戰友</p>\n\n<p>或許當沖隔日沖適合你</p>\n\n<p>如果你是平常上班比較忙的戰友</p>\n\n<p>可能波段操作比較是你該走的路</p>\n\n<p>&nbsp;</p>\n\n<p>簡單說，不論你是短線還是波段</p>\n\n<p>是交易權證還是現股</p>\n\n<p>挑到會漲的股是最重要的</p>\n\n<p>這個部分，就可以靠一套好的軟體或方法來輔助囉！</p>\n\n<h2>無聊詹提供<u><strong>專屬四大服務</strong></u></h2>\n\n<h2>還沒加入的你，還不加入嗎？</h2>\n\n<h3>►<a href=\"http://cmy.tw/005k7N\" style=\"outline-style: initial; outline-width: 0px; text-decoration-line: underline; position: relative;\" target=\"_blank\">點此加入粉絲團</a></h3>\n\n<h3>►<a href=\"http://cmy.tw/005SY0\" style=\"outline-style: initial; outline-width: 0px; text-decoration-line: underline; position: relative;\" target=\"_blank\">點此加入社團</a></h3>\n\n<p><img alt=\"\" height=\"360\" src=\"https://fsv.cmoney.tw/cmstatic/notes/capture/713026/20170915103056745.jpg\" width=\"820\" /></p>\n\n<h2>馬上報名 &gt;&gt;<a href=\"http://cmy.tw/005VFa\" style=\"outline-style: initial; outline-width: 0px; text-decoration-line: underline; color: rgb(0, 119, 181); position: relative;\" target=\"_blank\">&nbsp;</a><a href=\"http://cmy.tw/005hCD\" style=\"outline-style: initial; outline-width: 0px; text-decoration-line: underline; color: rgb(0, 119, 181); position: relative;\" target=\"_blank\">無聊詹(最新課程)-多空選股班&nbsp;</a>(提供限量早鳥價)</h2>\n\n<h2>馬上試用 &gt;&gt;<a href=\"http://cmy.tw/005hPx\">&nbsp;</a><a href=\"http://cmy.tw/005hPx\" style=\"outline-style: initial; outline-width: 0px; text-decoration-line: underline; color: rgb(0, 119, 181); position: relative;\" target=\"_blank\">盤中警報器</a><a href=\"http://cmy.tw/005hPx\">&nbsp;</a>抓飆股，就是這麼簡單！</h2>\n",
        "ViewCount": "7916",
        "IsReference": false,
        "ReferenceList": null,
        "OgImgURL": "http://www.cmoney.tw/notes/cmstatic/notes/capture/289830/20170203113412575.png"
    },
    "badges": [],
    "isTreeCompleted": false,
    "nextCourse": null
}