{
    "courseDetail": {
        "CourseId": 2480,
        "CourseContent": "<p>&nbsp;</p>\n\n<p><img alt=\"\" height=\"461\" src=\"http://www.cmoney.tw/notes/cmstatic/notes/capture/289830/20170216162546662.png\" width=\"820\" /></p>\n\n<h1>&nbsp;</h1>\n\n<h1>股票明明突破了</h1>\n\n<h1>為什麼卻不漲？</h1>\n\n<p>很多時候</p>\n\n<p>突破的個股未必會直接走出一段漲勢</p>\n\n<p>因為出量長紅之後，</p>\n\n<p>通常會遇到以下幾種狀況：</p>\n\n<h2>1. 過去的解套賣壓</h2>\n\n<h2>2. 長線獲利了結的出場</h2>\n\n<h2>3. 當沖、隔日沖等短線客</h2>\n\n<h2>4. 抱不住的散戶投資人　</h2>\n\n<p>所以有時突破之後會做出短線的量縮回檔</p>\n\n<p>把上述的籌碼洗乾淨之後</p>\n\n<p>波段主力才會再次進場拉抬</p>\n\n<p>這時候籌碼的方向會趨於一致，往上也會更為輕鬆</p>\n\n<p>&nbsp;</p>\n\n<h1>2 步驟找出「飆股」！成功避開假突破</h1>\n\n<h2>1. 用「盤中警報器」找突破股</h2>\n\n<h2>2. 靠 N 型走法滾獲利</h2>\n\n<p>&nbsp;</p>\n\n<p><span style=\"font-size:26px\"><strong><span style=\"background-color:rgb(255, 255, 255); color:rgb(68, 68, 68); font-family:verdana,arial,sans-serif\">➨</span>真實案例</strong></span></p>\n\n<h1><a href=\"http://cmy.tw/005FJ9\" style=\"color: rgb(0, 119, 181);\" target=\"_blank\">盤中警報器</a>&nbsp;1/6 跳出 亞光(3019)...</h1>\n\n<p><img alt=\"\" height=\"294\" src=\"http://www.cmoney.tw/notes/cmstatic/notes/capture/289830/20170216110117751.png\" width=\"820\" /></p>\n\n<p><a href=\"http://cmy.tw/005FJ9\" style=\"color: rgb(0, 119, 181);\" target=\"_blank\">(免費試用：盤中警報器)</a></p>\n\n<p>&nbsp;</p>\n\n<p>以 3019 亞光為例</p>\n\n<p><a href=\"http://cmy.tw/005FJ9\" style=\"color: rgb(0, 119, 181);\" target=\"_blank\">盤中警報器</a>&nbsp;第一次跳出訊號的時候，是在 1/6 日</p>\n\n<p>當天也是屬於籌碼五燈獎的型態</p>\n\n<p>整體來說也有符合六心法</p>\n\n<p>還不懂六心法的戰友，記得先看教學文哦！</p>\n\n<p>(六心法教學連結：<a href=\"https://l.facebook.com/l.php?u=http%3A%2F%2Fgoo.gl%2FGTyF8W&amp;h=ATPSbPUebplzGzfq5EaZV1D4m2H86ELo1eNMpvgd7JiTq3MQIvi0Bb7oc55dXYTWRM_ZrwA7YZwUCotePPJvKLD9-R-NWL2eF1dwbaUc6gnvsG6yWDqBmqIGoKbjPluZ2bLT_A&amp;enc=AZPf2JP1FE6nqEeCmOZn4Q15iccyegUaNEfyhNKzNIwEKw5BYzH9pvS_NzKmPKXldzTgMMhesisFKLp8bBKTn6feaeqz2u1eI48Pfc-YFlwFFT_It8P9bwGaom6t7N2BuJYL0CTRuBDxmgBvAy2y1o3f&amp;s=1\" rel=\"nofollow noopener nofollow\" style=\"color: rgb(0, 119, 181);\" target=\"_blank\">http://goo.gl/GTyF8W</a>)</p>\n\n<p>&nbsp;</p>\n\n<h1>隔天沒漲反跌別怕！</h1>\n\n<h1>它是「健康的洗盤」</h1>\n\n<p>接下來這檔個股卻沒有如預期往上漲，</p>\n\n<p>反而是往下跌，</p>\n\n<p>但這樣的下跌卻是健康的洗盤，原因有二：<br />\n<strong>1. 下跌都是量縮</strong></p>\n\n<p><strong>2. 下跌不破帶量長紅的低點</strong></p>\n\n<p>&nbsp;</p>\n\n<h1><a href=\"http://cmy.tw/005FJ9\" style=\"color: rgb(0, 119, 181);\" target=\"_blank\">盤中警報器</a>&nbsp;1/16 再度跳出&nbsp;亞光(3019)</h1>\n\n<h2>籌碼乾淨 + 再次突破</h2>\n\n<h2>N 型走法，亞光連漲 3 天！</h2>\n\n<p><img alt=\"\" height=\"200\" src=\"http://www.cmoney.tw/notes/cmstatic/notes/capture/289830/20170216111409190.png\" width=\"820\" /></p>\n\n<p><a href=\"http://cmy.tw/005FJ9\" style=\"color: rgb(0, 119, 181);\" target=\"_blank\">(免費試用：盤中警報器)</a></p>\n\n<p>&nbsp;</p>\n\n<p>把籌碼洗乾淨之後，1/16 日又再次突破</p>\n\n<p>當然警報器也再次的跳出</p>\n\n<p>這次就毫無懸念的連續上漲的三根長紅棒</p>\n\n<p><img alt=\"\" height=\"304\" src=\"http://www.cmoney.tw/notes/cmstatic/notes/capture/289830/20170216111919557.png\" width=\"820\" /></p>\n\n<p>&nbsp;</p>\n\n<h2>什麼是 N 行走法？</h2>\n\n<h2>突破&rarr;回檔&rarr;再突破</h2>\n\n<p>這樣的突破、回檔、再次突破的型態</p>\n\n<p>就稱之為 N 型走法，要注意的重點有幾個：<br />\n<strong>　<br />\n1. 籌碼一定要好，如果突破的時候主力出貨</strong></p>\n\n<p><strong>回檔的時候也在出貨，那麼再次噴出的時候也未必能走得遠。</strong></p>\n\n<p><br />\n<strong>2. 回檔必須量縮不破，量不能比第一根長紅的量大，</strong></p>\n\n<p><strong>回檔也不能跌破第一根長紅的低點</strong></p>\n\n<p><strong>就算跌破也只能跌破一天，第二天一定要站回</strong></p>\n\n<p><strong>表示主力堅守關鍵價的決心</strong><br />\n　<br />\n<strong>3. 再次突破需要確認</strong></p>\n\n<p><strong>一定要突破第一根長紅的最高點才算數，</strong></p>\n\n<p><strong>有時候看到短紅 K 就急著進場，</strong></p>\n\n<p><strong>雖然有機會搶到先機，</strong></p>\n\n<p><strong>但也可能買在尚未發動時候．</strong><strong>徒增時間成本與風險</strong></p>\n\n<p>&nbsp;</p>\n\n<p><strong><img alt=\"\" height=\"413\" src=\"http://www.cmoney.tw/notes/cmstatic/notes/capture/289830/20170216112722480.png\" width=\"820\" /></strong></p>\n\n<p><strong>　</strong></p>\n\n<h2>無聊詹提供<u><strong>專屬四大服務</strong></u></h2>\n\n<h2>還沒加入的你，還不加入嗎？</h2>\n\n<h3>►<a href=\"http://cmy.tw/005k7N\" style=\"outline-style: initial; outline-width: 0px; text-decoration-line: underline; position: relative;\" target=\"_blank\">點此加入粉絲團</a></h3>\n\n<h3>►<a href=\"http://cmy.tw/005SY0\" style=\"outline-style: initial; outline-width: 0px; text-decoration-line: underline; position: relative;\" target=\"_blank\">點此加入社團</a></h3>\n\n<p><img alt=\"\" height=\"360\" src=\"https://fsv.cmoney.tw/cmstatic/notes/capture/713026/20170915103056745.jpg\" width=\"820\" /></p>\n\n<h2>馬上報名 &gt;&gt;<a href=\"http://cmy.tw/005VFa\" style=\"outline-style: initial; outline-width: 0px; text-decoration-line: underline; color: rgb(0, 119, 181); position: relative;\" target=\"_blank\">&nbsp;</a><a href=\"http://cmy.tw/005hCD\" style=\"outline-style: initial; outline-width: 0px; text-decoration-line: underline; color: rgb(0, 119, 181); position: relative;\" target=\"_blank\">無聊詹(最新課程)-多空選股班&nbsp;</a>(提供限量早鳥價)</h2>\n\n<h2>馬上試用 &gt;&gt;<a href=\"http://cmy.tw/005hPx\">&nbsp;</a><a href=\"http://cmy.tw/005hPx\" style=\"outline-style: initial; outline-width: 0px; text-decoration-line: underline; color: rgb(0, 119, 181); position: relative;\" target=\"_blank\">盤中警報器</a><a href=\"http://cmy.tw/005hPx\">&nbsp;</a>抓飆股，就是這麼簡單！</h2>\n",
        "ViewCount": "9944",
        "IsReference": false,
        "ReferenceList": null,
        "OgImgURL": "http://www.cmoney.tw/notes/cmstatic/notes/capture/289830/20170216162546662.png"
    },
    "badges": [],
    "isTreeCompleted": false,
    "nextCourse": null
}