{
    "courseDetail": {
        "CourseId": 2496,
        "CourseContent": "<p><img alt=\"\" height=\"460\" src=\"http://www.cmoney.tw/learn/cmstatic/learn/189/20170419100420099.jpg\" width=\"820\" /></p>\n\n<p>&nbsp;</p>\n\n<h1>均線是怎麼算的？</h1>\n\n<p>要懂均線，首先要知道均線的算法：</p>\n\n<p><strong><span style=\"color:#000000\"><span style=\"background-color:#FFFF00\">以 5 日均線來說</span></span></strong></p>\n\n<p><strong><span style=\"color:#000000\"><span style=\"background-color:#FFFF00\">就是從 今天 + 往前推算 4 天的「收盤價」</span></span></strong></p>\n\n<p><strong><span style=\"color:#000000\"><span style=\"background-color:#FFFF00\">加總起來除以 5 即得</span></span></strong></p>\n\n<p>所以在盤中</p>\n\n<p>你會發現均線的數字會有微幅變化</p>\n\n<p>就是因為盤中的時候，價格依然在跳動</p>\n\n<p>因為「今天」的價格</p>\n\n<p>影響了均線計算出來的數據所導致</p>\n\n<p>　<br />\n舉例：今日與前四日收盤價分別是，11、12、13、14、15</p>\n\n<p>那麼 5 日均線的數據就是 (11 + 12 + 13 + 14 + 15) / 5 = 13</p>\n\n<p>　</p>\n\n<h2>均線 = 投資人這段時間的平均成本？</h2>\n\n<h1>大錯特錯！</h1>\n\n<p>再來，要提出一個八成以上的戰友都可能出現的錯誤迷思</p>\n\n<p>就是當你 google 均線的時候</p>\n\n<p>你會發現絕大多數的文章都告訴你......</p>\n\n<p>「均線 = 投資人這段時間的平均成本」</p>\n\n<p>它會形成支撐與壓力</p>\n\n<p>　<br />\n我想，應該很少人會跟你說，其實這是錯的</p>\n\n<p>　<br />\n然而只要我們回頭看一下公式</p>\n\n<p>就會明白為什麼這句話是錯的</p>\n\n<p>因為它公式裡面代入的是「收盤價」</p>\n\n<p>　<br />\n舉一個簡單例子，有一檔個股今天 100 元</p>\n\n<p>沿路往上漲，這中間有 100 張的買單</p>\n\n<p>當拉到快要漲停的時候買單減少</p>\n\n<p>只有 1 張買單在 110。</p>\n\n<p>　<br />\n如果用均線的「收盤價」來計算</p>\n\n<p>大家當日的平均成本是 110 元</p>\n\n<p>親愛的戰友，有沒有發現這中間出了甚麼問題？</p>\n\n<p>當日這 101 張買單的平均成本真的在 110 嗎？</p>\n\n<p>如果不是</p>\n\n<p>那憑甚麼說「均線 = 投資人這段時間的平均成本」？</p>\n\n<p>　<br />\n既然均線不是一段時間所有人的平均成本</p>\n\n<p>那它又是甚麼呢？</p>\n\n<p>它真的有形成支撐與壓力的作用嗎？</p>\n\n<p>還是時而有用、時而無用的假道學？</p>\n\n<p>＜繼續看下去....均線第二集：關於支撐壓力的迷思＞</p>\n",
        "ViewCount": "9900",
        "IsReference": false,
        "ReferenceList": null,
        "OgImgURL": "http://www.cmoney.tw/learn/cmstatic/learn/189/20170419100420099.jpg"
    },
    "badges": [],
    "isTreeCompleted": false,
    "nextCourse": null
}