{
    "courseDetail": {
        "CourseId": 2608,
        "CourseContent": "<p>&nbsp;</p>\n\n<p><img alt=\"\" height=\"461\" src=\"http://www.cmoney.tw/notes/cmstatic/notes/capture/471936/20170518134824360.jpg\" width=\"819\" /><img alt=\"\" height=\"15\" src=\"data:image/gif;base64,R0lGODlhAQABAPABAP///wAAACH5BAEKAAAALAAAAAABAAEAAAICRAEAOw%3D%3D\" width=\"15\" /></p>\n\n<p><span style=\"background-color:rgb(255, 255, 255); font-size:16px\">(照片拍攝自 小哥看盤室)</span></p>\n\n<p>&nbsp;</p>\n\n<h2>OTC市場，終於一吐怨氣了</h2>\n\n<p>5/23 這天，OTC指數終於站上 4/14 長黑K高點，</p>\n\n<p>短線上擺脫空軍兄弟的打壓，終於一吐怨氣，</p>\n\n<p>OTC市場的扛霸子：精測(6510) ，</p>\n\n<p>也在今天亮燈 10% 漲停版宣示主權。</p>\n\n<p>&nbsp;</p>\n\n<p>在一開盤 9:02 時，</p>\n\n<p>就看見精測有大戶「現股進場大買」的訊號，</p>\n\n<p>就在現股大單買完一秒之後，</p>\n\n<p>權證大戶也馬上進場一起掃貨，</p>\n\n<p>短短 40 分內，這股強勢的買盤就將股價攻上漲停板鎖死！</p>\n\n<p>&nbsp;</p>\n\n<p>若你有跟著權證大單進場，</p>\n\n<p>這中間的價差高達 &nbsp;80,000 元呢！</p>\n\n<p>&nbsp;</p>\n\n<p><strong><span style=\"font-size:18px\">那麼要怎麼做，才能獲利？</span></strong></p>\n\n<p><span style=\"font-size:18px\"><strong>以下有幾個步驟 .. &nbsp;請繼續看下去！</strong></span></p>\n\n<p>&nbsp;</p>\n\n<p><span style=\"color:rgb(128, 128, 128)\"><span style=\"font-size:12px\">(贊助商連結)</span></span></p>\n\n<p><googleadsense height=\"600px\" type=\"4\" width=\"300px\"></googleadsense></p>\n\n<p>&nbsp;</p>\n\n<h1>小哥必備的操盤工具</h1>\n\n<h1><a href=\"http://cmy.tw/005PSW\" target=\"_blank\">全方位獨門監控（立刻點擊免費試用</a><a href=\"http://cmy.tw/005q1k\"><span style=\"color:rgb(255, 0, 0)\"><span style=\"font-size:18px\">☚</span></span></a><a href=\"http://cmy.tw/005PSW\" target=\"_blank\">）</a></h1>\n\n<p>&nbsp;</p>\n\n<p>在一開盤 9:02 時，</p>\n\n<p>就利用全方位看見精測(6510) 有大戶「現股進場大買」的訊號，</p>\n\n<p>(圖中標示「股買」的位置)</p>\n\n<p><img alt=\"\" height=\"92\" src=\"http://www.cmoney.tw/notes/cmstatic/notes/capture/471936/20170523105446290.PNG\" width=\"377\" /><img alt=\"\" height=\"15\" src=\"data:image/gif;base64,R0lGODlhAQABAPABAP///wAAACH5BAEKAAAALAAAAAABAAEAAAICRAEAOw%3D%3D\" width=\"15\" /></p>\n\n<p>(圖片來自:<a href=\"http://cmy.tw/005q1k\" target=\"_blank\">全方位獨門監控</a>)</p>\n\n<p>&nbsp;</p>\n\n<p>就在現股大單買完一秒之後，</p>\n\n<p>權證大戶也馬上進場一起掃貨，</p>\n\n<p>在 9:03:49 ~ 9:03:50 這 2 秒中，</p>\n\n<p>就買了 168 萬的認購權證。</p>\n\n<p>(圖中標示「買購」的位置)</p>\n\n<p><img alt=\"\" height=\"445\" src=\"http://www.cmoney.tw/notes/cmstatic/notes/capture/471936/20170523105517524.PNG\" width=\"387\" /><img alt=\"\" height=\"15\" src=\"data:image/gif;base64,R0lGODlhAQABAPABAP///wAAACH5BAEKAAAALAAAAAABAAEAAAICRAEAOw%3D%3D\" width=\"15\" /></p>\n\n<p>(圖片來自:<a href=\"http://cmy.tw/005q1k\" target=\"_blank\">全方位獨門監控</a>)</p>\n\n<p>&nbsp;</p>\n\n<p>在 9:32:19 時，</p>\n\n<p>當時股價是 1,220 元，</p>\n\n<p>又有權證大單 在一秒鐘內買了累計共 388 萬的權證，</p>\n\n<p>再次將股價點火，引發一堆買盤進駐。</p>\n\n<p><img alt=\"\" height=\"781\" src=\"http://www.cmoney.tw/notes/cmstatic/notes/capture/471936/20170523105942851.PNG\" width=\"389\" /><img alt=\"\" height=\"15\" src=\"data:image/gif;base64,R0lGODlhAQABAPABAP///wAAACH5BAEKAAAALAAAAAABAAEAAAICRAEAOw%3D%3D\" width=\"15\" /></p>\n\n<p>(圖片來自:<a href=\"http://cmy.tw/005q1k\" target=\"_blank\">全方位獨門監控</a>)</p>\n\n<p>&nbsp;</p>\n\n<p>短短 40 分內，</p>\n\n<p>這股強勢的買盤就將股價攻上漲停板鎖死！</p>\n\n<p>當沖操作，是不是很簡單？</p>\n\n<p><img alt=\"\" height=\"407\" src=\"http://www.cmoney.tw/notes/cmstatic/notes/capture/471936/20170523105654417.Jpeg\" width=\"500\" /><img alt=\"\" height=\"15\" src=\"data:image/gif;base64,R0lGODlhAQABAPABAP///wAAACH5BAEKAAAALAAAAAABAAEAAAICRAEAOw%3D%3D\" width=\"15\" /></p>\n\n<p>&nbsp;</p>\n\n<h1>更多操作細節，</h1>\n\n<h1>直播中小哥會詳細教你怎麼做</h1>\n\n<p>想知道在茫茫股海中如何挑出 精測(6510) 嗎?</p>\n\n<p>想知道怎麼樣才能當沖日賺 8 萬元嗎 ?</p>\n\n<p>直播中將會給你釣竿、還教你釣魚，</p>\n\n<p>至於釣到秋刀魚還是大白鯊，就看個人功夫囉！</p>\n\n<p>&nbsp;</p>\n\n<h1>買盤湧入：大單進場點火，40 分鐘猛賺漲停 80,000 塊！</h1>\n\n<p><iframe allowfullscreen=\"\" frameborder=\"0\" height=\"360\" src=\"//www.youtube.com/embed/g-ubHX6ODS8\" width=\"640\"></iframe></p>\n\n<p>&nbsp;</p>\n\n<hr />\n<p>&nbsp;</p>\n\n<p><a href=\"http://cmy.tw/005EUL\"><img alt=\"\" height=\"53\" src=\"http://www.cmoney.tw/learn/cmstatic/learn/38/20170630114001388.png\" width=\"415\" /><img alt=\"\" height=\"15\" src=\"data:image/gif;base64,R0lGODlhAQABAPABAP///wAAACH5BAEKAAAALAAAAAABAAEAAAICRAEAOw%3D%3D\" width=\"15\" /></a></p>\n\n<p>&nbsp;</p>\n\n<p>提醒：本文僅為心得分享，並非任何投資建議與參考&nbsp;</p>\n\n<p>&nbsp; &nbsp; &nbsp; &nbsp; &nbsp; &nbsp;若有提及案例僅為教學範例，請自行判斷謹慎評估風險。</p>\n\n<p>&nbsp;</p>\n\n<p>&nbsp;</p>\n\n<p>&nbsp;</p>\n",
        "ViewCount": "3412",
        "IsReference": false,
        "ReferenceList": null,
        "OgImgURL": "http://www.cmoney.tw/notes/cmstatic/notes/capture/471936/20170518134824360.jpg"
    },
    "badges": [],
    "isTreeCompleted": false,
    "nextCourse": null
}