{
    "courseDetail": {
        "CourseId": 2613,
        "CourseContent": "<h2>&nbsp;</h2>\n\n<p>【以下為權證小哥學員投稿課後心得，CMoney編輯 kevin 撰寫】</p>\n\n<p>&nbsp;</p>\n\n<h2>老師聽明牌進場</h2>\n\n<h2>兩個月慘賠 21 萬</h2>\n\n<p>我是一名高中理化老師</p>\n\n<p>過去我總覺得老師是鐵飯碗的保證</p>\n\n<p>但是在政府政策更改下，老師這份保證頓時生鏽又不堪耐用</p>\n\n<p>所以開始學習投資，想藉由投資讓自己財富能增長快一點</p>\n\n<p>必竟靠政府不如靠自己！</p>\n\n<p>&nbsp;</p>\n\n<p>在去年的 12 月踏入這如深似海的股票市場</p>\n\n<p>一開始因為什麼都不懂</p>\n\n<p>都是看新聞去跟牌，總認為財經新聞的資訊總不會錯吧！</p>\n\n<p>新聞說哪個產業好，我就跟進場</p>\n\n<p>沒想到短短兩個月就讓我大賠了 210,000 元</p>\n\n<p>那時候我常常每天睡不好</p>\n\n<p>這個慘痛的經驗，嚇得我以後再也不敢亂聽新聞了...</p>\n\n<p>&nbsp;</p>\n\n<p>請繼續看下去...</p>\n\n<p>&nbsp;</p>\n\n<p>&nbsp;</p>\n\n<h2>向小哥學習投資</h2>\n\n<h2>四個月..幫自己賺回 30 萬！</h2>\n\n<p>在賠了兩個月的錢之後，</p>\n\n<p>我開始用心的下功夫去學習，從失敗中記取教訓，</p>\n\n<p>畢竟我不想讓放棄，在學習過程中我看了很多書，</p>\n\n<p>也在網路上看很多老師的教學視頻。</p>\n\n<p>&nbsp;</p>\n\n<p>有次，我在 youtube 看教學的時候，</p>\n\n<p>看到了權證小哥的直播影片</p>\n\n<p>便開始對他的操作方法產生了興趣，</p>\n\n<p>就把小哥之前寫的教學文章和影片找出來看，</p>\n\n<p>發現還方法挺好懂得，也非常好上手</p>\n\n<p>之後也有去上小哥專門開的課程去做學習</p>\n\n<p>&nbsp;</p>\n\n<p>過去，我都不知道一檔股票上漲下跌有那麼多原因</p>\n\n<p>盲目亂買的結果就是慘賠出場</p>\n\n<p>小哥充滿邏輯性的講解</p>\n\n<p>你頓時對股票會有新一層的領悟！</p>\n\n<p>以下是我整理的作法</p>\n\n<p>更詳細的內容一定要去上小哥的課囉</p>\n\n<p>&nbsp;</p>\n\n<h2>打開全方位監控前</h2>\n\n<h2>要先知道操作SOP</h2>\n\n<h3>提供<a href=\"http://cmy.tw/005dnn\" target=\"_blank\">小哥分享</a>的做法給大家</h3>\n\n<p>這是我自己做的重點筆記</p>\n\n<p>再操作前我會先讀個幾次，讓自己遵守紀律操作再進場！</p>\n\n<p>&nbsp;</p>\n\n<p><img alt=\"\" height=\"367\" src=\"http://www.cmoney.tw/notes/cmstatic/notes/capture/817865/20171107155010781.png\" width=\"489\" /></p>\n\n<p>&nbsp;</p>\n\n<h2>熟讀SOP之後</h2>\n\n<h2>打開<a href=\"http://cmy.tw/005TDD\" target=\"_blank\">全方位監控</a>來看看吧！</h2>\n\n<h3>✎第一步、判斷大盤（10:30後判斷強弱）</h3>\n\n<p>開啟全方位監控後</p>\n\n<p>在右下方我們可以看到今日大盤走勢圖</p>\n\n<p>然後我發現近期大盤都是開高走低一路下殺</p>\n\n<p>可是再106.11.07大盤下跌卻產生支撐，並沒有跌破最低點</p>\n\n<p>大體上在10:30分我們可以研判今日為多方格局，就可以來找尋標的做研判</p>\n\n<p><img alt=\"\" height=\"365\" src=\"http://www.cmoney.tw/notes/cmstatic/notes/capture/817865/20171108115411036.Jpeg\" width=\"419\" /></p>\n\n<p><a href=\"http://cmy.tw/005TDD\" target=\"_blank\">(圖片來源:全方位獨門監控)</a></p>\n\n<p>&nbsp;</p>\n\n<h3>✎第二步、開始用作多 15 找尋進場機會</h3>\n\n<p>大盤研判完之後</p>\n\n<p>開始找尋作多的前 15 名，找出有沒有可以進場操作的機會</p>\n\n<p>在東翻西找後我找到旺宏(2337)這檔股票</p>\n\n<p><img alt=\"\" height=\"235\" src=\"http://www.cmoney.tw/notes/cmstatic/notes/capture/817865/20171107183919929.png\" width=\"403\" /></p>\n\n<p><a href=\"http://cmy.tw/005dnn\" target=\"_blank\">(圖片來源:</a><a href=\"http://cmy.tw/005TDD\">全方位獨門監控)</a></p>\n\n<p>&nbsp;</p>\n\n<p>觀察權證大單情況，我看到旺宏在 9:19分時出現一波攻勢</p>\n\n<p>敲了1,400多萬的權證大單，股價瞬間拉抬</p>\n\n<p>基本上可以認定這是主力在注意的標的！</p>\n\n<p>&nbsp;</p>\n\n<p><img alt=\"\" height=\"425\" src=\"http://www.cmoney.tw/notes/cmstatic/notes/capture/817865/20171107183953078.png\" width=\"254\" /></p>\n\n<p><a href=\"http://cmy.tw/005TDD\" target=\"_blank\">(圖片來源:全方位獨門監控)</a></p>\n\n<p>&nbsp;</p>\n\n<h3>✎第三步、三大標準做進場判斷</h3>\n\n<p>通常一檔標的如果持續出現這規律</p>\n\n<p><strong>買購&rarr;股買&rarr;創高&rarr;買購&rarr;創高</strong></p>\n\n<p>可以更確定為強勢標的！</p>\n\n<p>&nbsp;</p>\n\n<p>在配合這三個重點，勝率會大幅提高</p>\n\n<p>1. 股價當天跳空開高，全方位出現認購進場大買</p>\n\n<p>2. 主力數字 ≧ 5（代表5日籌碼集中）</p>\n\n<p>3. 注意布林軌道位置</p>\n\n<p>&nbsp;</p>\n\n<p>詳細用法，大家可以來上小哥的課程</p>\n\n<p>會有詳細解說！</p>\n\n<p>&nbsp;</p>\n\n<h3>✎第四步、量縮拉回在進場</h3>\n\n<p>當我們確定完大盤強屬於強勢、標的權證大單熱絡、三大標準也都符合時</p>\n\n<p>最後要做進場操作，最好找到量縮拉回的進場點</p>\n\n<p>&nbsp;</p>\n\n<p>那這天有兩波攻擊訊號</p>\n\n<p>第一波 9:19 分出現攻擊，雖然拉回量縮盤整一段時間</p>\n\n<p>但是是一個很好的進場點！</p>\n\n<p>&nbsp;</p>\n\n<p><img alt=\"\" height=\"339\" src=\"http://www.cmoney.tw/notes/cmstatic/notes/capture/817865/20171107182624395.png\" width=\"392\" /></p>\n\n<p><a href=\"http://cmy.tw/005dnn\" target=\"_blank\">(圖片來源:全方位獨門監控)</a></p>\n\n<p>&nbsp;</p>\n\n<h2>快速結論</h2>\n\n<h3>打開<a href=\"http://cmy.tw/005TDD\" target=\"_blank\">全方位獨門監控</a></h3>\n\n<h3>1.10:30分前判斷大盤強弱</h3>\n\n<h3>2.利用做多 15 名找進場機會</h3>\n\n<h3>3.三大標準去判斷</h3>\n\n<h3>4.量縮拉回在進場</h3>\n\n<p>&nbsp;</p>\n\n<p>絕對要遵守上面四大紀律</p>\n\n<p>才會有最安全的操作和獲利</p>\n\n<p>以上分享給大家</p>\n\n<p><img alt=\"\" height=\"190\" src=\"http://www.cmoney.tw/notes/cmstatic/notes/capture/817865/20171108143951329.png\" width=\"495\" /></p>\n\n<p><a href=\"http://cmy.tw/005dnn\" target=\"_blank\">(圖片來源:全方位獨門監控)</a></p>\n\n<p>&nbsp;</p>\n\n<hr />\n<p>&nbsp;</p>\n\n<h2>權證小哥的&nbsp;<u>專屬好友圈</u></h2>\n\n<h2>已經超過七萬人按讚，你還沒加入嗎？</h2>\n\n<h3><a href=\"http://cmy.tw/005kmj\"><img alt=\"\" height=\"131\" src=\"http://www.cmoney.tw/learn/cmstatic/learn/38/20180209151038786.gif\" width=\"400\" /></a></h3>\n\n<p><a href=\"http://cmy.tw/005i1E\"><img alt=\"\" height=\"128\" src=\"http://www.cmoney.tw/learn/cmstatic/learn/38/20180209151051826.gif\" width=\"400\" /></a></p>\n\n<h2><a href=\"http://cmy.tw/005kmj\"><img alt=\"\" height=\"514\" src=\"http://www.cmoney.tw/learn/cmstatic/learn/38/20180209150855288.png\" width=\"445\" /></a></h2>\n\n<p>&nbsp;</p>\n\n<p>&nbsp;</p>\n\n<h2>一起找找這兩天主力吧</h2>\n\n<h2><strong>&darr;&darr;&darr;&darr; &nbsp;</strong>快打開免費試用 &nbsp;<strong>&darr;&darr;&darr;&darr;</strong></h2>\n\n<h3><a href=\"http://cmy.tw/005TDD\" target=\"_blank\">全方位獨門監控</a></h3>\n",
        "ViewCount": "5215",
        "IsReference": false,
        "ReferenceList": null,
        "OgImgURL": "http://www.cmoney.tw/notes/cmstatic/notes/capture/817865/20171107155010781.png"
    },
    "badges": [],
    "isTreeCompleted": false,
    "nextCourse": null
}