{
    "courseDetail": {
        "CourseId": 2643,
        "CourseContent": "<p>&nbsp;</p>\n\n<p>4/12 (三) 早上十點，</p>\n\n<p>到公司開完早會以後，</p>\n\n<p>坐在位置上，偷偷的打開&nbsp;<a href=\"http://cmy.tw/005Xsb\" target=\"_blank\">挑選股期小幫手</a>，</p>\n\n<p>看看今天有沒有適合當沖的股票。</p>\n\n<p>&nbsp;</p>\n\n<p>想著昨天收盤後做的功課，</p>\n\n<p>在今天一定能夠派上用場，</p>\n\n<p>一打開&nbsp;<strong>&nbsp;</strong><a href=\"http://cmy.tw/005Xsb\" target=\"_blank\">挑選股期小幫手</a>&nbsp;，</p>\n\n<p>就跳出昨晚看到的標的，</p>\n\n<p>馬上進行操作，讓我在 15 分鐘內 賺進 900 元！</p>\n\n<p>&nbsp;</p>\n\n<p>繼續看下去...</p>\n\n<p>&nbsp;</p>\n\n<p><span style=\"color:rgb(211, 211, 211)\"><span style=\"font-size:12px\">(贊助商連結...)</span></span></p>\n\n<p>&nbsp;</p>\n\n<p>&nbsp;</p>\n\n<p>&nbsp;</p>\n\n<h1>每天盤後打開&nbsp;<a href=\"http://cmy.tw/005Xsb\" target=\"_blank\">挑選股期小幫手</a></h1>\n\n<h2>利用「主 1」 排序挑選籌碼渙散的個股</h2>\n\n<p>使用這項功能，讓我在挑選標的時間上大幅縮減，</p>\n\n<p>每天只要花少少的時間，就能馬上挑出適合方空的標的。</p>\n\n<p>( 註: 「主 1」為近 1 日籌碼集中度 )</p>\n\n<p><img alt=\"\" height=\"462\" src=\"http://www.cmoney.tw/notes/cmstatic/notes/capture/585831/20170412151952961.jpg\" width=\"820\" /><img alt=\"\" height=\"15\" src=\"data:image/gif;base64,R0lGODlhAQABAPABAP///wAAACH5BAEKAAAALAAAAAABAAEAAAICRAEAOw%3D%3D\" width=\"15\" /></p>\n\n<p>&nbsp;</p>\n\n<h1>利用&nbsp;<a href=\"http://cmy.tw/005Xsb\" target=\"_blank\">挑選股期小幫手</a></h1>\n\n<h1>找到籌碼渙散的股票</h1>\n\n<h2>利用股期短線操作，小賺便當錢！</h2>\n\n<p><span style=\"font-size:18px\"><strong>打開 挑選股期小幫手，</strong></span></p>\n\n<p><span style=\"font-size:18px\"><strong>選擇「波段空」＋「有發行股票期貨標的」</strong></span></p>\n\n<p><img alt=\"\" height=\"259\" src=\"http://www.cmoney.tw/notes/cmstatic/notes/capture/585831/20170412113831494.jpg\" width=\"820\" /><img alt=\"\" height=\"15\" src=\"data:image/gif;base64,R0lGODlhAQABAPABAP///wAAACH5BAEKAAAALAAAAAABAAEAAAICRAEAOw%3D%3D\" width=\"15\" /></p>\n\n<p>&nbsp;</p>\n\n<h2>找近 1、3、5 日 籌碼渙散標的</h2>\n\n<p>從主力買賣超中可以看出，</p>\n\n<p><a href=\"http://www.cmoney.tw/follow/channel/stock-2377?chart=r\" target=\"_blank\">微星( 2377 )</a>&nbsp;近 1、3、5 日的籌碼相當渙散，</p>\n\n<p>且比例分別高達 -32%、-29%、-26%。</p>\n\n<p><img alt=\"\" height=\"224\" src=\"http://www.cmoney.tw/notes/cmstatic/notes/capture/585831/20170412154305620.jpg\" width=\"820\" /><img alt=\"\" height=\"15\" src=\"data:image/gif;base64,R0lGODlhAQABAPABAP///wAAACH5BAEKAAAALAAAAAABAAEAAAICRAEAOw%3D%3D\" width=\"15\" /></p>\n\n<p>&nbsp;</p>\n\n<h2>不只短線籌碼渙散、長線走勢也相當疲弱</h2>\n\n<h2>且發現有「主力」在高檔大量出貨的現象</h2>\n\n<p>在之前在&nbsp;<a href=\"http://cmy.tw/005PXx\" target=\"_blank\">小哥的講座中</a>&nbsp;有聽小哥提到，</p>\n\n<p>他自己近期發現的一家「主力券商」 第一金 - 大稻埕</p>\n\n<p>因為法人的資金較為龐大，操作上股票上比較不固定，</p>\n\n<p>可能買個幾天，又賣個幾天，不易追蹤籌碼動向。</p>\n\n<p>&nbsp;</p>\n\n<p>但在追蹤本土券商的籌碼時，</p>\n\n<p>如果有「特定主力券商」大買或是大賣，</p>\n\n<p>對於股價更有影響力！</p>\n\n<p>&nbsp;</p>\n\n<p>「第一金 - 大稻埕」在高點賣出後，</p>\n\n<p>股價就一路下跌，真是一間相當厲害的券商！</p>\n\n<p>&nbsp;</p>\n\n<p><img alt=\"\" height=\"463\" src=\"http://www.cmoney.tw/notes/cmstatic/notes/capture/585831/20170412112322491.jpg\" width=\"820\" /><img alt=\"\" height=\"15\" src=\"data:image/gif;base64,R0lGODlhAQABAPABAP///wAAACH5BAEKAAAALAAAAAABAAEAAAICRAEAOw%3D%3D\" width=\"15\" /></p>\n\n<p><span style=\"font-size:12px\"><a href=\"http://www.chinatimes.com/realtimenews/20170330006360-260410\" target=\"_blank\"><span style=\"color:rgb(211, 211, 211)\">圖片擷取自中時電子報)</span></a></span></p>\n\n<p>&nbsp;</p>\n\n<p>&nbsp;</p>\n\n<p>&nbsp;</p>\n\n<h1>根據 3 個條件</h1>\n\n<h1>進場 15 分鐘獲利 900 元！</h1>\n\n<h2>1. 短線籌碼換上</h2>\n\n<h2>2. 長線走勢疲弱</h2>\n\n<h2>3. 高檔有主力大量出貨</h2>\n\n<p><img alt=\"\" height=\"463\" src=\"http://www.cmoney.tw/notes/cmstatic/notes/capture/585831/20170412153417589.jpg\" width=\"820\" /><img alt=\"\" height=\"15\" src=\"data:image/gif;base64,R0lGODlhAQABAPABAP///wAAACH5BAEKAAAALAAAAAABAAEAAAICRAEAOw%3D%3D\" width=\"15\" /></p>\n\n<p>&nbsp;</p>\n\n<h1>結論：</h1>\n\n<p><span style=\"font-size:18px\"><strong>利用&nbsp;</strong><strong><a href=\"http://cmy.tw/005GNj\" target=\"_blank\">挑選股期小幫手</a><a href=\"http://cmy.tw/005Xsb\">&nbsp;</a>觀察當日主力買賣超情況，</strong></span></p>\n\n<p><span style=\"font-size:18px\"><strong>挑出近期籌碼渙散的股票，進行期貨的短線操作，</strong></span></p>\n\n<p><span style=\"font-size:18px\"><strong>並且在當日沖銷，獲利入袋！</strong></span></p>\n\n<p><img alt=\"\" height=\"114\" src=\"http://www.cmoney.tw/notes/cmstatic/notes/capture/585831/20170412153504278.jpg\" width=\"820\" /><img alt=\"\" height=\"15\" src=\"data:image/gif;base64,R0lGODlhAQABAPABAP///wAAACH5BAEKAAAALAAAAAABAAEAAAICRAEAOw%3D%3D\" width=\"15\" /></p>\n\n<p>&nbsp;</p>\n\n<h1>免費試用，找出短線籌碼渙散的股票：</h1>\n\n<h1><a href=\"http://cmy.tw/005Xsb\" target=\"_blank\">挑選股期小幫手</a></h1>\n\n<p>&nbsp;</p>\n\n<hr />\n<p><br />\n<a href=\"http://cmy.tw/005PZO\"><img alt=\"\" height=\"56\" src=\"http://www.cmoney.tw/learn/cmstatic/learn/38/20170630114025343.png\" width=\"415\" /></a></p>\n\n<p><a href=\"http://cmy.tw/005EUL\"><img alt=\"\" height=\"53\" src=\"http://www.cmoney.tw/learn/cmstatic/learn/38/20170630114001388.png\" width=\"415\" /></a></p>\n\n<p>&nbsp;</p>\n\n<p>提醒：本文僅為心得分享，並非任何投資建議與參考&nbsp;</p>\n\n<p>&nbsp; &nbsp; &nbsp; &nbsp; &nbsp; &nbsp;若有提及案例僅為教學範例，請自行判斷謹慎評估風險。</p>\n\n<p>&nbsp;</p>\n",
        "ViewCount": "3756",
        "IsReference": false,
        "ReferenceList": null,
        "OgImgURL": "http://www.cmoney.tw/notes/cmstatic/notes/capture/585831/20170412151952961.jpg"
    },
    "badges": [],
    "isTreeCompleted": false,
    "nextCourse": null
}