{
    "courseDetail": {
        "CourseId": 2655,
        "CourseContent": "<p>&nbsp;</p>\n\n<h1>想要年年出國玩，</h1>\n\n<h1>你必須學會聰明投資！</h1>\n\n<p>平常工作已經非常疲累，</p>\n\n<p>相信大多數人的即使知道投資的重要性，</p>\n\n<p>也無法抽出太多時間研究。</p>\n\n<p>況且，如果抽出太多時間，</p>\n\n<p>反而會影響工作的表現，和家人相處的時間。</p>\n\n<p>這就不是我們投資的初衷了。</p>\n\n<p>因此，學會聰明投資，就是我們要努力的....</p>\n\n<p>&nbsp;</p>\n\n<p>( 贊助商連結...)</p>\n\n<p><googleadsense height=\"600px\" type=\"4\" width=\"300px\"></googleadsense></p>\n\n<p>&nbsp;</p>\n\n<p>&nbsp;</p>\n\n<h1>聰明又有效率的投資：</h1>\n\n<h1>每年只在「特定時間」進場</h1>\n\n<p>通常股價每年 70%的時間都不會有大變動。</p>\n\n<p>主要的漲跌，都在剩下的 30%之中。</p>\n\n<p>因此只要我們抓緊這 30%，</p>\n\n<p>就可以享受到「快速獲利」</p>\n\n<p>&nbsp;</p>\n\n<h1>法說會、股東會、除息日</h1>\n\n<h1>是股價波動最大的時候！</h1>\n\n<p><a href=\"http://cmy.tw/004hf6\">個股事件行情大解密</a>中，</p>\n\n<p>分別幫大家匯整了「法說會」、</p>\n\n<p>「股東會」、「除權息日」重大行事曆，</p>\n\n<p>其中我們還將<a href=\"http://cmy.tw/004XTi\" style=\"color: rgb(0, 119, 181);\" target=\"_blank\">除權息</a>拆解為除權和除息。</p>\n\n<p>並統計分析個股歷年來，</p>\n\n<p>在三大重要日的前後三天股價變化，</p>\n\n<p>包括上漲機率、平均報酬率等等&hellip;</p>\n\n<p>&nbsp;</p>\n\n<h1><a href=\"http://www.cmoney.tw/follow/channel/stock-5531?chart=info\">鄉林(5531)</a>&nbsp;除權息當天</h1>\n\n<h1>90%機率上漲 4 %</h1>\n\n<h1>以本金 10萬來說，</h1>\n\n<h1>一天就可獲利 4000 元！</h1>\n\n<p><img alt=\"\" height=\"496\" src=\"http://www.cmoney.tw/learn/cmstatic/learn/76/20160315172406544.png\" width=\"820\" /><img alt=\"\" height=\"15\" src=\"data:image/gif;base64,R0lGODlhAQABAPABAP///wAAACH5BAEKAAAALAAAAAABAAEAAAICRAEAOw%3D%3D\" width=\"15\" /></p>\n\n<p>( 資料來源：<a href=\"http://cmy.tw/004hf6\">個股事件行情大解密</a><a href=\"http://cmy.tw/005pzs\">)</a></p>\n\n<p>&nbsp;</p>\n\n<p>&nbsp;</p>\n\n<h1>挑到容易飆漲的股票時</h1>\n\n<h1>再透過權證獲取翻倍利潤！</h1>\n\n<p>可於<a href=\"http://cmy.tw/004Vxw\" style=\"color: rgb(0, 119, 181);\" target=\"_blank\">鄉林(5531)</a>除權息前一天收盤，</p>\n\n<p>直接買進<a href=\"http://cmy.tw/004Vxw\" style=\"color: rgb(0, 119, 181);\" target=\"_blank\">鄉林(5531)</a>的股票，</p>\n\n<p>或是透過<a href=\"http://cmy.tw/005pzs\" style=\"color: rgb(0, 119, 181);\" target=\"_blank\">權證小幫手</a>，</p>\n\n<p>挑選<a href=\"http://cmy.tw/004Vxw\" style=\"color: rgb(0, 119, 181);\" target=\"_blank\">鄉林(5531)</a>的權證，</p>\n\n<p>透過以小博大，獲取翻倍利潤！</p>\n\n<p>&nbsp;</p>\n\n<h2>點選：<a href=\"http://cmy.tw/005pzs\">個股事件大解密</a></h2>\n\n<h2>3 秒就找出個股最佳出手時機！</h2>\n\n<h2>再利用「權證」以小博大，</h2>\n\n<h2>年年出國玩！</h2>\n\n<h2>現在就來試試看吧！</h2>\n\n<p>&nbsp;</p>\n\n<hr />\n<p><br />\n<a href=\"http://cmy.tw/005PZO\"><img alt=\"\" height=\"56\" src=\"http://www.cmoney.tw/learn/cmstatic/learn/38/20170630114025343.png\" width=\"415\" /><img alt=\"\" height=\"15\" src=\"data:image/gif;base64,R0lGODlhAQABAPABAP///wAAACH5BAEKAAAALAAAAAABAAEAAAICRAEAOw%3D%3D\" width=\"15\" /></a></p>\n\n<p><a href=\"http://cmy.tw/005EUL\"><img alt=\"\" height=\"53\" src=\"http://www.cmoney.tw/learn/cmstatic/learn/38/20170630114001388.png\" width=\"415\" /><img alt=\"\" height=\"15\" src=\"data:image/gif;base64,R0lGODlhAQABAPABAP///wAAACH5BAEKAAAALAAAAAABAAEAAAICRAEAOw%3D%3D\" width=\"15\" /></a></p>\n\n<p>&nbsp;</p>\n\n<p>提醒：本文僅為心得分享，並非任何投資建議與參考&nbsp;</p>\n\n<p>&nbsp; &nbsp; &nbsp; &nbsp; &nbsp; &nbsp;若有提及案例僅為教學範例，請自行判斷謹慎評估風險。</p>\n\n<p>&nbsp;</p>\n",
        "ViewCount": "1295",
        "IsReference": false,
        "ReferenceList": null,
        "OgImgURL": "http://www.cmoney.tw/learn/cmstatic/learn/76/20160315172406544.png"
    },
    "badges": [],
    "isTreeCompleted": false,
    "nextCourse": null
}