{
    "courseDetail": {
        "CourseId": 2669,
        "CourseContent": "<p>&nbsp;</p>\n\n<p><span style=\"font-size:12px\">【以下為 學員分享的實際操作狀況，由 cmoney 改編】</span></p>\n\n<h1>買到會漲的股票</h1>\n\n<h1>真的有這麼簡單嗎？</h1>\n\n<p>前幾天同學 A 這麼問我</p>\n\n<p>他說：每篇看 XX 財經新聞、XX周刊</p>\n\n<p>但為什麼我買的股票，一買進</p>\n\n<p>就開始跌呢？</p>\n\n<p>後來同學 B 後來加入討論</p>\n\n<p>B 這麼說：工作忙得要命，薪水也不多</p>\n\n<p>就不投資 一個月只能存一點錢</p>\n\n<p>但我也知道，如果亂投資，反而虧更大</p>\n\n<p>&nbsp;</p>\n\n<p>讓我不禁想到 我遇到阿水前的</p>\n\n<p><strong><span style=\"color:#006400\">『投資窘境』</span></strong></p>\n\n<p>會計系出身的我 除了財報外對投資其他面向一竅不通</p>\n\n<p>看到某老師方法不錯就學一點 某某老師不錯又學一點</p>\n\n<p>亂槍打鳥的結果</p>\n\n<p>就是讓我的帳戶餘額 不停往下掉.....</p>\n\n<p>直到遇到阿水後 才有一個嚴謹卻又簡單的好方法</p>\n\n<p>&nbsp;</p>\n\n<p>繼續看下去吧~~</p>\n\n<p>&nbsp;</p>\n\n<p><span style=\"font-size:12px\"><span style=\"color:#A9A9A9\">(贊助商連結)</span></span></p>\n\n<p>&nbsp;</p>\n\n<p>&nbsp;</p>\n\n<p>&nbsp;</p>\n\n<h1>股市阿水的飆股戰法</h1>\n\n<p>水哥的投資方法很簡單</p>\n\n<p>以他修改過的布林通道為基礎</p>\n\n<p>以 20 MA 為中心 上下 2.1個標準差組成的軌道為主軸</p>\n\n<p>股價帶量突破上軌就買進</p>\n\n<p>跌破 20MA 賣出 (如下圖)</p>\n\n<p>對，就是這麼簡單！</p>\n\n<p>&nbsp;</p>\n\n<p><img alt=\"\" height=\"341\" src=\"http://www.cmoney.tw/notes/cmstatic/notes/capture/534428/20170518112057976.Jpeg\" width=\"562\" /></p>\n\n<p>&nbsp;</p>\n\n<h2>3/20 打開系統後</h2>\n\n<h1>Step 1.點選&nbsp;<strong><a href=\"http://cmy.tw/006OK7\" style=\"font-size: 22px; font-weight: normal; outline-style: initial; outline-width: 0px; position: relative; text-decoration-line: underline;\" target=\"_blank\">阿水一式-多方策略</a></strong></h1>\n\n<p><a href=\"http://cmy.tw/005Bro\" style=\"outline-style: initial; outline-width: 0px; position: relative; text-decoration-line: underline;\" target=\"_blank\"><img alt=\"\" height=\"58\" src=\"http://fsv.money01.com.tw/cmstatic/notes/capture/289830/20170217182520654.png\" width=\"545\" /></a></p>\n\n<p><a href=\"http://cmy.tw/005K10\" target=\"_blank\"><span style=\"color:rgb(211, 211, 211)\"><span style=\"font-size:12px\">(圖片來源:</span></span></a><a href=\"http://cmy.tw/005K10\" target=\"_blank\"><span style=\"color:rgb(211, 211, 211)\">阿水-布林通道盤中飆股監控</span></a><a href=\"http://cmy.tw/005K10\" target=\"_blank\"><span style=\"color:rgb(211, 211, 211)\"><span style=\"font-size:12px\">)</span></span></a></p>\n\n<h2>&nbsp;</h2>\n\n<h2>Step 2.可自由點選 (勾越多，越嚴格)</h2>\n\n<p><span style=\"color:rgb(255, 0, 0)\"><strong>必選主要策略《站上通道》</strong></span></p>\n\n<p><strong><span style=\"color:rgb(255, 0, 0)\">技術面篩選《多頭排列且20MA翻揚》、《創 20 日新高》</span></strong></p>\n\n<p>如果大盤正在 &quot;綠燈&quot; (多頭行情)</p>\n\n<p>挑出的股票太多&nbsp;</p>\n\n<p>想要更嚴格者，也可以再從進階篩選裡勾選</p>\n\n<p>《第1日站上布林》&amp;《布林通道壓縮》</p>\n\n<p>或者報名<a href=\"http://cmy.tw/005ABf\" style=\"outline-style: initial; outline-width: 0px; position: relative; text-decoration-line: underline;\" target=\"_blank\">阿水一式初階班</a><a href=\"http://cmy.tw/005Qms\">&nbsp;</a>課程</p>\n\n<p>阿水會在課程中分享更多的選股技法跟飆股實戰案例</p>\n\n<p><a href=\"http://cmy.tw/005RJj\" style=\"outline-style: initial; outline-width: 0px; position: relative; text-decoration-line: underline;\" target=\"_blank\"><img alt=\"\" height=\"178\" src=\"http://fsv.money01.com.tw/cmstatic/notes/capture/289830/20170220094019276.png\" width=\"478\" /></a></p>\n\n<p><a href=\"http://cmy.tw/005Qms\"><span style=\"color:rgb(211, 211, 211)\"><span style=\"font-size:12px\">(圖片來源:</span></span></a><a href=\"http://cmy.tw/005Qms\"><span style=\"color:rgb(211, 211, 211)\">阿水-布林通道盤中飆股監控</span></a><a href=\"http://cmy.tw/005Qms\"><span style=\"color:rgb(211, 211, 211)\"><span style=\"font-size:12px\">)</span></span></a></p>\n\n<p>就會跑出的清單</p>\n\n<p>&nbsp;</p>\n\n<p><img alt=\"\" height=\"421\" src=\"http://www.cmoney.tw/notes/cmstatic/notes/capture/534428/20170518134851266.JPG\" width=\"706\" /></p>\n\n<p><a href=\"http://cmy.tw/005Qms\"><span style=\"color:rgb(211, 211, 211)\"><span style=\"font-size:12px\">(圖片來源:</span></span></a><a href=\"http://cmy.tw/005pTp\"><span style=\"color:rgb(211, 211, 211)\">阿水-布林通道盤中飆股監控</span></a><a href=\"http://cmy.tw/005Qms\"><span style=\"color:rgb(211, 211, 211)\"><span style=\"font-size:12px\">)</span></span></a></p>\n\n<p>&nbsp;</p>\n\n<p>&nbsp;</p>\n\n<h1><a href=\"https://www.cmoney.tw/follow/channel/stock-2344?chart=d\" target=\"_blank\">選出華邦電 (2344)</a></h1>\n\n<h2>1. 壓縮帶後帶量突破上軌且 20MA 上彎</h2>\n\n<p>強勢帶量紅 K 站上 20 日均線</p>\n\n<p>代表&ldquo;可能&rdquo; 是轉強的訊號，這時把這檔股票記入清單</p>\n\n<h2>2. 當天成交量 135226 &gt; 5 日均量 (53860) 兩倍以上</h2>\n\n<h2>3. 最近消息面不錯：DRAM旺季漸至，並拿下三星最新訂單</h2>\n\n<h2><span style=\"color:rgb(0, 0, 255)\"><strong>4. 直到 4/20 跌破 20MA賣出 已經獲利超過 35%了！！</strong>！</span></h2>\n\n<p>&nbsp;</p>\n\n<p>&nbsp;</p>\n\n<p><img alt=\"\" height=\"543\" src=\"http://www.cmoney.tw/notes/cmstatic/notes/capture/534428/20170518114151480.Jpeg\" width=\"682\" /></p>\n\n<p>&nbsp;</p>\n\n<p>&nbsp;</p>\n\n<p>&nbsp;</p>\n\n<h1>想要更了解阿水「布林通道」</h1>\n\n<h1>替自己多一份不錯的收入嗎？</h1>\n\n<h2>&darr;&darr;立即加入股市<a href=\"http://cmy.tw/006BR0\">阿水FB社團</a>&darr;&darr;</h2>\n\n<p><a href=\"http://cmy.tw/006BR0\" style=\"color: rgb(0, 119, 181);\" target=\"_blank\"><strong><span style=\"font-size:larger\"><img alt=\"\" height=\"131\" src=\"http://www.cmoney.tw/notes/cmstatic/notes/capture/29464/20180127141507464.gif\" width=\"400\" /></span></strong></a></p>\n\n<p><strong><span style=\"font-size:larger\"><a href=\"http://cmy.tw/006BR0\"><img alt=\"\" height=\"479\" src=\"http://www.cmoney.tw/notes/cmstatic/notes/capture/29464/20180127141538894.Jpeg\" width=\"408\" /></a><img alt=\"\" height=\"15\" src=\"data:image/gif;base64,R0lGODlhAQABAPABAP///wAAACH5BAEKAAAALAAAAAABAAEAAAICRAEAOw%3D%3D\" width=\"15\" /></span></strong></p>\n\n<p>&nbsp;</p>\n\n<h2>免費試用➤&nbsp;<a href=\"http://cmy.tw/006OK7\" style=\"outline-style: initial; outline-width: 0px; text-decoration-line: underline; color: rgb(0, 119, 181); position: relative;\">布林通道盤中飆股監控</a></h2>\n\n<h1>股市阿水最新課程 ➤<a href=\"http://cmy.tw/005USS\" style=\"color: rgb(0, 119, 181);\" target=\"_blank\">點</a><a href=\"http://cmy.tw/005USS\">我</a></h1>\n\n<p>&nbsp;</p>\n",
        "ViewCount": "4937",
        "IsReference": true,
        "ReferenceList": [
            {
                "ReferenceId": 31664,
                "Description": "布林通道盤中飆股監控",
                "ReferenceUrl": "",
                "ReferenceImage": "",
                "ViewCount": 0
            }
        ],
        "OgImgURL": "http://www.cmoney.tw/notes/cmstatic/notes/capture/534428/20170518112057976.Jpeg"
    },
    "badges": [],
    "isTreeCompleted": false,
    "nextCourse": null
}