{
    "courseDetail": {
        "CourseId": 2664,
        "CourseContent": "<p>&nbsp;</p>\n\n<p>&nbsp;</p>\n\n<h1>找出券商買超最多的標的</h1>\n\n<p>我們需要幾個步驟：</p>\n\n<p><strong>1.找出今天市場上火力 單一券商 火力集中買超最多的標的。</strong></p>\n\n<p><strong>2.辨別波段主力 或隔日沖大戶。選擇波段主力追蹤。</strong></p>\n\n<p><strong>3.觀察波段主力，最近數日內買超數量。</strong></p>\n\n<p>&nbsp;</p>\n\n<h2>火力集中 可能是主力控盤 或掌握未公開資訊&nbsp;</h2>\n\n<p>不同於主畫面的資料，找出整個市場買超最多權證的標的。</p>\n\n<p>因為如果市場上某檔股票的認購權證，被買超最多，</p>\n\n<p>可能是許多不同的人買的，甚至有可能是很多散戶一起買。</p>\n\n<p>火力不集中，股票怎麼漲得動或跌得動？</p>\n\n<p>&nbsp;</p>\n\n<p>然而如果某間券商，今天在市場上火力集中，</p>\n\n<p>買超某檔股票的權證非常多，</p>\n\n<p>代表市場上有人非常看好這檔股票。</p>\n\n<p>可能是接下來有人會介入控盤，</p>\n\n<p>也有可能是他掌握某個公司未公開的資訊。</p>\n\n<p>&nbsp;</p>\n\n<h1>利用單日券商進出明細</h1>\n\n<h1>找出火力集中的標的</h1>\n\n<p>在個股選擇欄位的下方有一個「單日券商進出明細」按鈕，</p>\n\n<p>在這裡會特別統計今天單一一天的主力進出金額，</p>\n\n<p>我們可以觀察進出金額比較大的分點到底都是在買哪些股票，</p>\n\n<p>並依此來判斷要不要跟主力一起進場。</p>\n\n<p><img alt=\"\" height=\"271\" src=\"http://www.cmoney.tw/learn/cmstatic/learn/65/20140811173942676.jpg\" width=\"500\" /><img alt=\"\" height=\"15\" src=\"data:image/gif;base64,R0lGODlhAQABAPABAP///wAAACH5BAEKAAAALAAAAAABAAEAAAICRAEAOw%3D%3D\" width=\"15\" /></p>\n\n<p>&nbsp;</p>\n\n<h2>8/12為例，</h2>\n\n<h2>群益鑫鼎-上新莊 買超大立光、TPK、友達 最多</h2>\n\n<p>點開「單日券商進出明細」之後，</p>\n\n<p>可以看到各家券商今天在每檔股票的進出金額統計，</p>\n\n<p>以 8/12 號為例，</p>\n\n<p>我們可以看到這天主要進出的券商是「群益金鼎-上新莊」，</p>\n\n<p>購買的標的有大立光、F-TPK、友達、寶滬深以及群創，</p>\n\n<p>買賣金額都超過 1 千萬，十分大手筆!</p>\n\n<p><img alt=\"\" height=\"554\" src=\"http://www.cmoney.tw/learn/cmstatic/learn/65/20160311114459421.png\" width=\"820\" /><img alt=\"\" height=\"15\" src=\"data:image/gif;base64,R0lGODlhAQABAPABAP///wAAACH5BAEKAAAALAAAAAABAAEAAAICRAEAOw%3D%3D\" width=\"15\" /></p>\n\n<p>(資料來源:<a href=\"http://cmy.tw/005oVv\" target=\"_blank\">玩家大戶大蒐秘</a>)</p>\n\n<p>&nbsp;</p>\n\n<p>點開股票代號或是券商名稱會進入原本的主畫面，</p>\n\n<p>在這裡可以細部觀察券商進出的走勢。</p>\n\n<p>&nbsp;</p>\n\n<h1>注意主力走勢，</h1>\n\n<h1>判斷波段主力 和隔日沖主力</h1>\n\n<h2>如果以前買不多，</h2>\n\n<h2>今天突然買很多，就值得注意</h2>\n\n<p>如果發現有「之前買賣金額不大，</p>\n\n<p>結果今天或最近突然大買」這樣的趨勢，</p>\n\n<p>就很有可能是波段主力，</p>\n\n<p>那這檔股票以及相關的權證就值得注意了。</p>\n\n<p>像是這樣：</p>\n\n<p><img alt=\"\" height=\"245\" src=\"http://www.cmoney.tw/learn/cmstatic/learn/65/20160311112948113.png\" width=\"820\" /><img alt=\"\" height=\"15\" src=\"data:image/gif;base64,R0lGODlhAQABAPABAP///wAAACH5BAEKAAAALAAAAAABAAEAAAICRAEAOw%3D%3D\" width=\"15\" /></p>\n\n<p>&nbsp;</p>\n\n<h2>如果過去時常今天買明天賣，</h2>\n\n<h2>代表遇到隔日沖主力。</h2>\n\n<p>我們會發現前面幾筆「群益金鼎-上新莊」的買賣進出都非常頻繁，</p>\n\n<p>甚至都是今天買隔天就賣了，</p>\n\n<p>這種類型的券商主力就叫做「隔日沖券商」，</p>\n\n<p>像下圖所示：</p>\n\n<p><img alt=\"\" height=\"276\" src=\"http://www.cmoney.tw/learn/cmstatic/learn/65/20160311112719671.png\" width=\"820\" /><img alt=\"\" height=\"15\" src=\"data:image/gif;base64,R0lGODlhAQABAPABAP///wAAACH5BAEKAAAALAAAAAABAAEAAAICRAEAOw%3D%3D\" width=\"15\" /></p>\n\n<p>(資料來源：<a href=\"http://www.cmoney.tw/app/ItemContent.aspx?id=1746\" target=\"_blank\">玩家大戶大蒐秘</a><a href=\"http://cmy.tw/005oVv\">)</a></p>\n\n<p>(<a href=\"http://www.cmoney.tw/learn/course/yrwarrantbro/topic/912\" target=\"_blank\">想知道更多主力進出的知識，請點我!</a>)</p>\n\n<p>&nbsp;</p>\n\n<h2>觀察波段主力近數天內 總買超量</h2>\n\n<p>以剛剛看到的「日盛-雙和」買超<a href=\"http://www.cmoney.tw/finance/f00025.aspx?m=3&amp;s=6279\" target=\"_blank\">胡連(6279)</a>&nbsp;最多 為例。</p>\n\n<p>在這個券商買賣金額頁面裡，</p>\n\n<p>我們可以再調整統計的天數，</p>\n\n<p>例如，我們看日盛-雙和 差不多買了15天，</p>\n\n<p>我們就在統計天數裡面輸入15，</p>\n\n<p>就可以知道日盛雙和，</p>\n\n<p>近15天內在這波進出中總共花了約 1600 多萬。</p>\n\n<p><img alt=\"\" height=\"329\" src=\"http://www.cmoney.tw/learn/cmstatic/learn/65/20140812141330735.jpg\" width=\"320\" /><img alt=\"\" height=\"15\" src=\"data:image/gif;base64,R0lGODlhAQABAPABAP///wAAACH5BAEKAAAALAAAAAABAAEAAAICRAEAOw%3D%3D\" width=\"15\" /></p>\n\n<p>&nbsp;</p>\n\n<p>從上一篇，市場上被買賣最多的權證；</p>\n\n<p>到這一篇，單一券商買賣最多的權證，</p>\n\n<p>幫大家從每一個角度掌握籌碼。</p>\n\n<p>善用這2種工具，相信大家都能成為主力追蹤高手哦！</p>\n\n<p>&nbsp;</p>\n\n<h2>買權證前，先「挑到會飆的好股」就成功 50%了！</h2>\n\n<h2>權證小哥 親自示範，如何能效率幫你整理出清單？</h2>\n\n<h2>剛學權證，也能 輕易上手哦~</h2>\n\n<p>&nbsp;</p>\n\n<hr />\n<p><br />\n<a href=\"http://cmy.tw/005PZO\"><img alt=\"\" height=\"56\" src=\"http://www.cmoney.tw/learn/cmstatic/learn/38/20170630114025343.png\" width=\"415\" /></a></p>\n\n<p><a href=\"http://cmy.tw/005EUL\"><img alt=\"\" height=\"53\" src=\"http://www.cmoney.tw/learn/cmstatic/learn/38/20170630114001388.png\" width=\"415\" /></a></p>\n\n<p>&nbsp;</p>\n\n<p>提醒：本文僅為心得分享，並非任何投資建議與參考&nbsp;</p>\n\n<p>&nbsp; &nbsp; &nbsp; &nbsp; &nbsp; &nbsp;若有提及案例僅為教學範例，請自行判斷謹慎評估風險。</p>\n",
        "ViewCount": "4158",
        "IsReference": false,
        "ReferenceList": null,
        "OgImgURL": "http://www.cmoney.tw/learn/cmstatic/learn/65/20140811173942676.jpg"
    },
    "badges": [],
    "isTreeCompleted": false,
    "nextCourse": null
}