{
    "courseDetail": {
        "CourseId": 2752,
        "CourseContent": "<p>&nbsp;</p>\n\n<p>&nbsp;</p>\n\n<h1>你的股票是來『賺錢』還是『討債』的？</h1>\n\n<p>台股攻上萬點，買股更要小心！</p>\n\n<p>買錯，你欲哭無目屎 ... இдஇ</p>\n\n<p>&nbsp;</p>\n\n<h2>今天要教你用『一目均衡表』</h2>\n\n<h2>直接替 手中持股 做健檢</h2>\n\n<p>&nbsp;</p>\n\n<p>我們繼續看下去 ...</p>\n\n<p>&nbsp;</p>\n\n<p><span style=\"color:#696969\"><span style=\"font-size:12px\">(贊助商連結)</span></span></p>\n\n<p><googleadsense height=\"600px\" type=\"4\" width=\"300px\"></googleadsense></p>\n\n<p>&nbsp;</p>\n\n<p>&nbsp;</p>\n\n<h1>(中期) 一目均衡表</h1>\n\n<h2>2 條相同均線計算，不同天期運用－黃金交叉</h2>\n\n<p>發揮均線黃金交叉向上運行穩定特性</p>\n\n<p>用一目均衡表辨識股價「中期」波段噴出力</p>\n\n<p>以下是一目均衡表的 5 個組成因子</p>\n\n<p>&nbsp;</p>\n\n<p><img alt=\"\" height=\"343\" src=\"http://fsv.cmoney.tw/cmstatic/notes/capture/478294/20170505155829695.Jpeg\" width=\"820\" /></p>\n\n<p>&nbsp;</p>\n\n<p>那我們該如何運用一目均衡表？</p>\n\n<p><strong><span style=\"background-color:rgb(255, 255, 0)\">告訴你 3 秘訣 ...</span></strong></p>\n\n<p>1. K線&gt;轉換線：短線多方具向上攻擊特性</p>\n\n<p>2. 轉換線&gt;樞紐線：二線黃金交叉，多方向上運行穩定</p>\n\n<p>3. 雲帶向上不變色：先行時間(1)&gt;先行時間(2)</p>\n\n<p>&nbsp;</p>\n\n<p>以下圖為例，波段噴出要訣就是：</p>\n\n<p><strong><span style=\"background-color:rgb(255, 255, 0)\">K線&gt;轉換線&gt;樞紐線&gt;EMA50&gt;先行時間(1)&gt;先行時間(2)</span></strong></p>\n\n<p>&nbsp;</p>\n\n<p><img alt=\"\" height=\"223\" src=\"http://fsv.cmoney.tw/cmstatic/notes/capture/478294/20170505160109133.Jpeg\" width=\"820\" /></p>\n\n<p><u><span style=\"font-size:12px\"><a href=\"http://cmy.tw/0053ar\" style=\"outline-style: initial; outline-width: 0px; position: relative; color: rgb(0, 119, 181);\" target=\"_blank\"><span style=\"color:rgb(105, 105, 105)\">(圖片擷取至 海撈神器)</span></a></span></u></p>\n\n<p>&nbsp;</p>\n\n<p>&nbsp;</p>\n\n<h1>接著要教你用「這張」圖</h1>\n\n<h1>判斷股票是 噴出/整理 趨勢</h1>\n\n<h2>一目均衡表看出波段行情</h2>\n\n<p>一目均衡表是由以下 5 條線組合而成</p>\n\n<p><strong>1. 轉換線：9 日多空均衡線</strong></p>\n\n<p><strong>2. 樞紐線：26 日多空均衡線</strong></p>\n\n<p><strong>3. 後行時間</strong></p>\n\n<p><strong>4. 先行時間(1)</strong></p>\n\n<p><strong>5. 先行時間(2)：52 日多空均衡線</strong></p>\n\n<p>&nbsp;</p>\n\n<p><img alt=\"\" height=\"211\" src=\"http://fsv.cmoney.tw/cmstatic/notes/capture/478294/20170321164358037.PNG\" width=\"820\" /></p>\n\n<h1>&nbsp;</h1>\n\n<h1>股價突破整理區間</h1>\n\n<h1>抱緊波段行情的發動點</h1>\n\n<p><strong>下降雲的 低點(綠圈) 和 上升雲的 高點(紅圈)</strong></p>\n\n<p><strong>將這 2 點連起來畫出雲箱，即是</strong><strong>&nbsp;整理區間</strong></p>\n\n<p>股價在雲箱中，表示該股在整理趨勢</p>\n\n<p>&nbsp;</p>\n\n<h2>一旦股價突破雲箱高點</h2>\n\n<h2>表示波段行情發動！</h2>\n\n<p>&nbsp;</p>\n\n<p><img alt=\"\" height=\"384\" src=\"https://fsv.cmoney.tw/cmstatic/notes/capture/322701/20160426150401200.jpg\" width=\"820\" /></p>\n\n<p>&nbsp;</p>\n\n<h1>文末來看影音教學</h1>\n\n<h2><u><a href=\"https://www.youtube.com/watch?v=_M7eYJeeu2E\" style=\"outline-style: initial; outline-width: 0px; position: relative; color: rgb(0, 119, 181);\" target=\"_blank\">一目均衡表之雲帶動態整理箱</a></u></h2>\n\n<p>記得用「一目均衡表」檢視手中持股</p>\n\n<p>突破雲箱的 ... 表示中期上漲行情啟動！</p>\n\n<p>&nbsp;</p>\n\n<p><iframe allowfullscreen=\"\" frameborder=\"0\" height=\"360\" src=\"http://www.youtube.com/embed/_M7eYJeeu2E?rel=0\" style=\"outline-style: initial; outline-width: 0px; position: relative;\" width=\"640\"></iframe></p>\n\n<p>&nbsp;</p>\n",
        "ViewCount": "7159",
        "IsReference": false,
        "ReferenceList": null,
        "OgImgURL": "http://fsv.cmoney.tw/cmstatic/notes/capture/478294/20170505155829695.Jpeg"
    },
    "badges": [],
    "isTreeCompleted": false,
    "nextCourse": null
}