{
    "courseDetail": {
        "CourseId": 2761,
        "CourseContent": "<h1>噴出之後~等背離</h1>\n\n<p>那噴出之後應該在什麼時候出場勒？</p>\n\n<p>這時就「等背離」，</p>\n\n<p>也就是老師常在影片中所提到的</p>\n\n<p>「噴出～等背離～」</p>\n\n<p>&nbsp;</p>\n\n<p>這邊的背離指 %B 的有效性背離</p>\n\n<p>定義有 2 種：</p>\n\n<h2>1.紅吃紅觸上軌</h2>\n\n<p>股價創新高，指標卻沒創新高</p>\n\n<h2>2.紅吃紅不觸上軌</h2>\n\n<p>股價創新高，但 %B 在100以下(不觸上軌)</p>\n\n<p>&nbsp;</p>\n\n<h1>海撈神器全新改版</h1>\n\n<h1><u><a href=\"http://www.cmoney.tw/app/ItemContent.aspx?id=2311\">》點我免費試用</a></u></h1>\n\n<p><img alt=\"\" height=\"201\" src=\"http://www.cmoney.tw/learn/cmstatic/learn/193/20170717153743514.png\" width=\"201\" /></p>\n\n<p>&nbsp;</p>\n\n<h2>背離出現之後會有 3 個結果：</h2>\n\n<h2>1. 再漲有限後回檔</h2>\n\n<h2>2. 不創高的高檔震盪後回檔</h2>\n\n<h2>3. 馬上回檔</h2>\n\n<p>&nbsp;</p>\n\n<p>現在我們來檢視這次的主角&nbsp;<a href=\"http://www.cmoney.tw/follow/channel/stock-1227?chart=d\" target=\"_blank\">佳格(1227)</a>是否背離</p>\n\n<p>&nbsp;</p>\n\n<p><img alt=\"\" height=\"450\" src=\"http://www.cmoney.tw/notes/cmstatic/notes/capture/322701/20160113002130736.jpg\" width=\"1000\" /></p>\n\n<p>(資料來源：<a href=\"https://www.youtube.com/watch?v=4W3yD4bXRnM\" style=\"line-height: 25.5px;\" target=\"_blank\">黃綠紅短期指標 布林軌道線之整理箱與%b</a>)</p>\n\n<p>&nbsp;</p>\n\n<p><strong>在股價紅圈處，</strong></p>\n\n<p><strong>出現「紅吃紅不觸上軌」的 %B 有效性背離，</strong></p>\n\n<p>這時候出現的下一根即是再漲有限，</p>\n\n<p>後續就得特別注意才行。</p>\n\n<p>&nbsp;</p>\n\n<p>&nbsp;</p>\n\n<h1>背離1 %b 噴出的背離</h1>\n\n<p><iframe allowfullscreen=\"\" frameborder=\"0\" height=\"360\" src=\"//www.youtube.com/embed/aKSkxUm48dg?rel=0\" width=\"640\"></iframe></p>\n\n<p>&nbsp;</p>\n\n<p>&nbsp;</p>\n\n<p><googleadsense type=\"2\"></googleadsense></p>\n\n<p>&nbsp;</p>\n\n<p>==============================<br />\n愛學習：<a href=\"https://shopee.tw/jack600416\">黃綠紅海撈操作法影音講義書</a></p>\n\n<p>愛試用：<a href=\"http://goo.gl/uFnkN0\">黃綠紅海撈神器</a></p>\n\n<p>愛認真：<a href=\"http://www.cmoney.tw/notes/?aid=212\">黃綠紅教學文章</a></p>\n\n<p>愛直播：<a href=\"https://www.facebook.com/wen.ygr.family/\">黃綠紅粉絲團</a></p>\n\n<p>愛討論：<a href=\"https://www.facebook.com/groups/1400356326951665/\">黃綠紅漲不停社團</a></p>\n\n<p><span style=\"background-color:rgb(255, 255, 255); color:rgb(29, 33, 41); font-family:helvetica,arial,sans-serif\">============================</span></p>\n\n<p>&nbsp;</p>\n",
        "ViewCount": "1934",
        "IsReference": false,
        "ReferenceList": null,
        "OgImgURL": "http://www.cmoney.tw/learn/cmstatic/learn/193/20170717153743514.png"
    },
    "badges": [],
    "isTreeCompleted": false,
    "nextCourse": null
}