{
    "courseDetail": {
        "CourseId": 2782,
        "CourseContent": "<h1>兩大籌碼K線社團，限時加入</h1>\n\n<h1>超過 20 位籌碼達人替你解惑</h1>\n\n<p><a href=\"http://cmy.tw/005Vxg\"><img alt=\"\" height=\"196\" src=\"http://www.cmoney.tw/learn/cmstatic/learn/27/20170818102433583.png\" width=\"820\" /></a></p>\n\n<p><a href=\"http://cmy.tw/005rtk\"><img alt=\"\" height=\"205\" src=\"http://www.cmoney.tw/learn/cmstatic/learn/27/20170818102455759.png\" width=\"820\" /></a></p>\n\n<p>&nbsp;</p>\n\n<p><img alt=\"\" height=\"600\" src=\"http://www.cmoney.tw/learn/cmstatic/learn/27/20170817152941425.JPG\" width=\"600\" /></p>\n\n<p><img alt=\"\" height=\"600\" src=\"http://www.cmoney.tw/learn/cmstatic/learn/27/20170818095503482.JPG\" width=\"600\" /></p>\n\n<p><img alt=\"\" height=\"600\" src=\"http://www.cmoney.tw/learn/cmstatic/learn/27/20170818095516669.JPG\" width=\"600\" /></p>\n\n<p><img alt=\"\" height=\"600\" src=\"http://www.cmoney.tw/learn/cmstatic/learn/27/20170818095527702.JPG\" width=\"600\" /></p>\n\n<p><img alt=\"\" height=\"600\" src=\"http://www.cmoney.tw/learn/cmstatic/learn/27/20170818095536801.JPG\" width=\"600\" /></p>\n\n<p><img alt=\"\" height=\"600\" src=\"http://www.cmoney.tw/learn/cmstatic/learn/27/20170818095556417.JPG\" width=\"600\" /></p>\n\n<p><img alt=\"\" height=\"600\" src=\"http://www.cmoney.tw/learn/cmstatic/learn/27/20170818095622990.JPG\" width=\"600\" /></p>\n\n<p><img alt=\"\" height=\"600\" src=\"http://www.cmoney.tw/learn/cmstatic/learn/27/20170818095635996.JPG\" width=\"600\" /></p>\n\n<p><img alt=\"\" height=\"600\" src=\"http://www.cmoney.tw/learn/cmstatic/learn/27/20170818095630080.JPG\" width=\"600\" /></p>\n\n<p><img alt=\"\" height=\"600\" src=\"http://www.cmoney.tw/learn/cmstatic/learn/27/20170818095640084.JPG\" width=\"600\" /></p>\n\n<p><img alt=\"\" height=\"600\" src=\"http://www.cmoney.tw/learn/cmstatic/learn/27/20170818095648542.JPG\" width=\"600\" /></p>\n\n<p><img alt=\"\" height=\"600\" src=\"http://www.cmoney.tw/learn/cmstatic/learn/27/20170818095657987.JPG\" width=\"600\" /></p>\n\n<p><img alt=\"\" height=\"600\" src=\"http://www.cmoney.tw/learn/cmstatic/learn/27/20170818095722297.JPG\" width=\"600\" /></p>\n\n<p>&nbsp;</p>\n\n<h1>若喜歡此懶人包，歡迎多多分享！^_^</h1>\n\n<p>&nbsp;</p>\n\n<h1>【免費試用 籌碼K線】</h1>\n\n<h2>&rarr;&rarr;<a href=\"http://cmy.tw/005jDZ\">《 點我點我！》</a>&larr;&larr;</h2>\n\n<p>&nbsp;</p>\n\n<h2>想知道更多籌碼達人的秘訣嗎？</h2>\n\n<h3>快點擊下方加入我們的LINE@ 和 祕密社團</h3>\n\n<h3><a href=\"http://cmy.tw/005XVT\" target=\"_blank\"><img alt=\"\" height=\"85\" src=\"http://www.cmoney.tw/notes/cmstatic/notes/capture/467194/20180108115331599.gif\" width=\"266\" /></a>&nbsp; &nbsp; &nbsp;&nbsp;<a href=\"http://cmy.tw/005o96\"><img alt=\"\" height=\"89\" src=\"http://www.cmoney.tw/notes/cmstatic/notes/capture/467194/20180108115413395.gif\" width=\"272\" /></a></h3>\n\n<p>&nbsp;</p>\n\n<p>&nbsp;</p>\n",
        "ViewCount": "23026",
        "IsReference": false,
        "ReferenceList": null,
        "OgImgURL": "http://www.cmoney.tw/learn/cmstatic/learn/27/20170818102433583.png"
    },
    "badges": [],
    "isTreeCompleted": false,
    "nextCourse": null
}