{
    "courseDetail": {
        "CourseId": 2825,
        "CourseContent": "<p><img alt=\"\" height=\"461\" src=\"http://www.cmoney.tw/learn/cmstatic/learn/46/20190418155452149.jpg\" width=\"820\" /></p>\n\n<p>上班族每天朝九晚五，如果還要加班，</p>\n\n<p>回到家可能都11點了，</p>\n\n<p>難怪會嚷著沒有多餘的時間投資理財。</p>\n\n<p>除了時間不夠，</p>\n\n<p>上班族還面臨了工作與股市開盤時間重疊的問題。</p>\n\n<p>&nbsp;</p>\n\n<p>不過「上班忙碌不能看盤」這點也有好處，</p>\n\n<p>許多散戶在買進股票後，容易受盤中跳動的價格影響，</p>\n\n<p>一看到持股股價下殺，就開始忐忑不安，</p>\n\n<p>最初設定的交易策略及進出場原則都在剎那間忘記，</p>\n\n<p>一不小心就誤殺了手中的金雞母。</p>\n\n<p>&nbsp;</p>\n\n<p><img alt=\"\" height=\"461\" src=\"http://www.cmoney.tw/learn/cmstatic/learn/46/20190418155541497.jpg\" width=\"820\" /></p>\n\n<p>林恩如的超簡單投資法正好適合上班族，</p>\n\n<p>這套15分鐘就能完成的選股法有3個特點：</p>\n\n<h2><strong>①</strong><strong>省時</strong></h2>\n\n<p>只須運用每周五或是假日幾分鐘的時間，</p>\n\n<p>從台股上市櫃的1,600多檔股票中</p>\n\n<p>快速篩選當週強勢股。</p>\n\n<p>&nbsp;</p>\n\n<h2><strong>②</strong><strong>省力</strong></h2>\n\n<p>不用大量蒐集新聞、財報等資訊，</p>\n\n<p>只須運用「長線聚寶盆」及四大法寶就能選股。</p>\n\n<p>&nbsp;</p>\n\n<h2><strong>③</strong><strong>風險</strong></h2>\n\n<p>投資沒有穩賺不賠，進場前要先評估最大風險，</p>\n\n<p>是否在自己的能力範圍內。</p>\n\n<p>&nbsp;</p>\n\n<p><img alt=\"\" height=\"461\" src=\"http://www.cmoney.tw/learn/cmstatic/learn/46/20190418155904267.jpg\" width=\"820\" /></p>\n\n<p><span style=\"font-size:18px\"><strong><span style=\"color:#0000FF\"><span style=\"background-color:#FFFF00\">快速把範圍縮小，提升選股勝率</span></span></strong></span></p>\n\n<p>步驟１：下載「<a href=\"https://www.cmoney.tw/app/download/\">Cmoney理財寶閱讀器</a>」打開「<a href=\"https://www.cmoney.tw/app/ItemContent.aspx?id=1514\">長線聚寶盆</a>」</p>\n\n<p>步驟２：勾選選股條件（如上圖）</p>\n\n<p>&nbsp;</p>\n\n<p><img alt=\"\" height=\"461\" src=\"http://www.cmoney.tw/learn/cmstatic/learn/46/20190418155916078.jpg\" width=\"820\" /></p>\n\n<p><span style=\"font-size:18px\"><strong><span style=\"color:#0000FF\"><span style=\"background-color:#FFFF00\">使用四大法寶進一步選股</span></span></strong></span></p>\n\n<p>步驟１：確認是否符合Ｗ型態</p>\n\n<p>步驟２：畫趨勢線，確認股價是否突破</p>\n\n<p>&nbsp;</p>\n\n<p><img alt=\"\" height=\"461\" src=\"http://www.cmoney.tw/learn/cmstatic/learn/46/20190418155926930.jpg\" width=\"820\" /></p>\n\n<p><span style=\"font-size:18px\"><strong><span style=\"color:#0000FF\"><span style=\"background-color:#FFFF00\">評估風險，進場等待獲利</span></span></strong></span></p>\n\n<p>步驟１：評估最大損失是否能接受</p>\n\n<p>步驟２：進場 或是 換下一檔標的(如果風險無法接受)</p>\n\n<p>步驟３：跌破週20MA即停損 / 停利</p>\n\n<p>&nbsp;</p>\n\n<p>&nbsp;</p>\n\n<h2>►<u><a href=\"http://cmy.tw/00586E\" style=\"outline-style: initial; outline-width: 0px; position: relative;\" target=\"_blank\">按讚追蹤 林恩如粉絲團</a></u></h2>\n\n<h2>►<a href=\"http://cmy.tw/005M5N\" style=\"outline-style: initial; outline-width: 0px; position: relative; text-decoration-line: underline;\" target=\"_blank\">加入社團學更多</a></h2>\n\n<p><img alt=\"\" height=\"615\" src=\"http://www.cmoney.tw/learn/cmstatic/learn/46/20170921103342302.jpg\" width=\"820\" /></p>\n\n<h1><span style=\"color:#B22222\"><span style=\"background-color:rgb(255, 255, 255); font-family:helvetica,arial,sans-serif\">更多林恩如 6 大 免費學習投資服務</span><br />\n<span style=\"background-color:rgb(255, 255, 255); font-family:helvetica,arial,sans-serif\">請參考 &gt;&gt;&gt;&nbsp;</span></span><a href=\"http://cmy.tw/005VlR\" rel=\"noopener\" style=\"color: rgb(54, 88, 153); cursor: pointer; font-family: Helvetica, Arial, sans-serif; background-color: rgb(255, 255, 255);\" target=\"_blank\"><span style=\"color:#B22222\">http://cmy.tw/005VlR</span></a></h1>\n\n<p>&nbsp;</p>\n\n<h1>免費試用 ►►&nbsp;<a href=\"http://cmy.tw/0053aY\" style=\"outline-style: initial; outline-width: 0px; position: relative; text-decoration-line: underline;\"><u>強棒旺旺來</u></a>、<u><a href=\"http://cmy.tw/005Qlu\" style=\"outline-style: initial; outline-width: 0px; position: relative;\" target=\"_blank\">長線聚寶盆</a></u></h1>\n\n<h1>點我了解 ►►&nbsp;<a href=\"http://cmy.tw/0055St\" style=\"outline-style: initial; outline-width: 0px; position: relative; text-decoration-line: underline;\"><u>林恩如最新課程</u></a></h1>\n\n<h2>簡單的方法，不簡單的報酬率，等你來驗證！<a href=\"http://www.cmoney.tw/app/ItemContent.aspx?id=1514\" style=\"outline-style: initial; outline-width: 0px; position: relative; text-decoration-line: underline;\" target=\"_blank\">​</a></h2>\n\n<p>&nbsp;</p>\n\n<p>&nbsp;</p>\n\n<p>&nbsp;</p>\n\n<p>&nbsp;</p>\n",
        "ViewCount": "14164",
        "IsReference": false,
        "ReferenceList": null,
        "OgImgURL": "http://www.cmoney.tw/learn/cmstatic/learn/46/20190418155452149.jpg"
    },
    "badges": [],
    "isTreeCompleted": false,
    "nextCourse": null
}