{
    "courseDetail": {
        "CourseId": 2844,
        "CourseContent": "<p>&nbsp;</p>\n\n<p>&nbsp;</p>\n\n<p>我是一位住在外島投資人</p>\n\n<p>過去投資的方法就是買股票</p>\n\n<p>偏向聽電視推薦等等</p>\n\n<p>自己並沒有深入研究</p>\n\n<p>長期下來累積了大賠小賺的成績</p>\n\n<p>我自己也知道聽信明牌不是好事</p>\n\n<p>所以一直嘗試新的方法</p>\n\n<p>也就走上了當沖之路...</p>\n\n<p>&nbsp;</p>\n\n<p>當天如果當沖有賺錢心情會很好</p>\n\n<p>但如果賠錢... 一天就這樣浪費掉了</p>\n\n<p>容易受盤勢影響的我</p>\n\n<p>常讓自己活在緊張的世界</p>\n\n<p>總覺得當沖的市場並不適合我...</p>\n\n<p>&nbsp;</p>\n\n<p>繼續看下去...</p>\n\n<p>&nbsp;</p>\n\n<p><span style=\"font-size:12px\">(贊助商連結)</span></p>\n\n<p>&nbsp;</p>\n\n<h2>&nbsp;</h2>\n\n<h2>只有一個目的 -&nbsp;</h2>\n\n<h2>為自己的人生做一次決定</h2>\n\n<p>我從不懂到懂</p>\n\n<p>花上了一些時間...</p>\n\n<p>為了擺脫聽信明牌的生活</p>\n\n<p>為了不要再過著緊張的日子</p>\n\n<p>為了不要在賠的悽慘的當沖市場上花了更多的精神</p>\n\n<p>&nbsp;</p>\n\n<h3>今年，我才開始有了正確的投資觀念</h3>\n\n<p>直到有一天</p>\n\n<p>在臉書上看無聊詹的直播</p>\n\n<p>記得那部影片是在講上班族的盤後投資&nbsp;</p>\n\n<p><u><a href=\"https://www.youtube.com/watch?v=EOPbormOCHE&amp;t=8s\" target=\"_blank\">&gt;&gt; (點這邊學更多) 上班族投資法 - 完整影片&nbsp;</a></u></p>\n\n<p>這是我第一次接觸比較專業的方法</p>\n\n<p>一開始是不太明白的...</p>\n\n<p>&nbsp;</p>\n\n<p>我開始試著接受更多訊息</p>\n\n<p>看更多的教學文章、影片等等</p>\n\n<p>邊用軟體印證過去獲利</p>\n\n<p>心癢癢的我...就這樣購買了</p>\n\n<p>&nbsp;</p>\n\n<h2>我利用<a href=\"http://cmy.tw/005hPx\" style=\"outline-style: initial; outline-width: 0px; position: relative; text-decoration-line: underline;\" target=\"_blank\">【盤中警報器】</a>挑選標的</h2>\n\n<h3>&gt;&gt; 設定條件「葛蘭碧突破+籌碼五燈獎」</h3>\n\n<p>在 5/18 開盤時</p>\n\n<p>我打開<a href=\"http://cmy.tw/005hPx\" target=\"_blank\">盤中警報器</a></p>\n\n<p>設定上述條件之後，</p>\n\n<p>挑出&nbsp;<a href=\"https://www.cmoney.tw/follow/channel/stock-1597?chart=d\" target=\"_blank\">直得(1597)</a></p>\n\n<p>&nbsp;</p>\n\n<p><img alt=\"\" height=\"192\" src=\"http://www.cmoney.tw/notes/cmstatic/notes/capture/713026/20170914144815175.jpg\" width=\"450\" /></p>\n\n<p>&nbsp;</p>\n\n<h2>我為什麼挑&nbsp;<a href=\"https://www.cmoney.tw/follow/channel/stock-1597?chart=d\" target=\"_blank\">直得(1597)&nbsp;</a>呢？</h2>\n\n<h2>因為符合 【追漲六心法】！</h2>\n\n<h3>【檢視六心法】</h3>\n\n<p><strong>1. 集中：短、中、長天期籌碼集中</strong></p>\n\n<p><strong>2. 糾結：均線糾結準備翻揚向上</strong></p>\n\n<p><strong>3. 壓縮：價平穩、量窒息一段時間</strong></p>\n\n<p><strong>4. 突破：完整突破切線或突破頸線</strong></p>\n\n<p><strong>5. 帶量：量能倍增（非爆增），量價齊揚</strong></p>\n\n<p><strong>6. 實紅：實體長紅，上影線不能長</strong></p>\n\n<p>&nbsp;</p>\n\n<p><img alt=\"\" height=\"168\" src=\"http://www.cmoney.tw/notes/cmstatic/notes/capture/713026/20170914145246401.jpg\" width=\"820\" /></p>\n\n<p><span style=\"font-size:12px\"><a href=\"http://cmy.tw/005hPx\" target=\"_blank\">(圖片來源:盤中警報器)</a></span></p>\n\n<p>&nbsp;</p>\n\n<h3>盤中跳出強勢訊號</h3>\n\n<h3>讓你買在起漲點，賺到漲停板！</h3>\n\n<p>5/18 9點22分時<a href=\"http://cmy.tw/005hPx\"> </a><a href=\"http://cmy.tw/005je2\" target=\"_blank\">盤中警報器</a><a href=\"http://cmy.tw/005hPx\"> </a>跳出強勢訊號</p>\n\n<p>發現符合「追漲六心法」，隨後以 41.65 進場</p>\n\n<p><strong><u><span style=\"font-size:larger\">結果收盤真的漲停！</span></u></strong></p>\n\n<p>&nbsp;</p>\n\n<p><img alt=\"\" height=\"334\" src=\"http://www.cmoney.tw/notes/cmstatic/notes/capture/713026/20170914143813497.jpg\" width=\"492\" /></p>\n\n<p><span style=\"font-size:12px\"><a href=\"http://cmy.tw/005hPx\" target=\"_blank\">(圖片來源:盤中警報器)</a></span></p>\n\n<p>&nbsp;</p>\n\n<p>選出標的之後再對照無聊詹的追漲 6 心法</p>\n\n<p><a href=\"https://www.cmoney.tw/follow/channel/stock-1597?chart=d\" target=\"_blank\">直得(1597) </a>在挑出時</p>\n\n<p>可以在上圖發現籌碼相當集中</p>\n\n<p>&nbsp;</p>\n\n<p>接下來看到K線圖</p>\n\n<p>從下方圖片可以看出</p>\n\n<p>當日 5/18 <a href=\"https://www.cmoney.tw/follow/channel/stock-1597?chart=d\" target=\"_blank\">直得(1597)&nbsp;</a>突破切線</p>\n\n<p>並且符合六心法中的均線糾結、</p>\n\n<p>價格變化平穩且量縮</p>\n\n<p>當日進場前為實體紅 K</p>\n\n<p>以上皆符合我的選股條件</p>\n\n<p>所以選擇進場</p>\n\n<p>&nbsp;</p>\n\n<p><img alt=\"\" height=\"246\" src=\"http://www.cmoney.tw/notes/cmstatic/notes/capture/713026/20170915172644784.jpg\" width=\"820\" /></p>\n\n<p>&nbsp;</p>\n\n<h2><a href=\"http://cmy.tw/005hPx\" target=\"_blank\">【盤中警報器】</a>讓我第一次選股就獲利</h2>\n\n<h3>不到一個月，<a href=\"https://www.cmoney.tw/follow/channel/stock-1597?chart=d\" target=\"_blank\">直得(1597)</a>漲幅超過 42%！</h3>\n\n<p>在 5/18 發現突破切線且符合六大心法&nbsp;</p>\n\n<p>故買進</p>\n\n<p>一直持股續抱到了 6/12</p>\n\n<p>當天是一根黑 K&nbsp;</p>\n\n<p>不過因尚未跌破 5 日線故繼續持有</p>\n\n<p>到了隔天 6/13 跌破 5 日均線</p>\n\n<p>所以將手中持有之部位賣出</p>\n\n<p>&nbsp;</p>\n\n<h3>在這個不到一個月的期間</h3>\n\n<h3>我的報酬超過 42 %！</h3>\n\n<p>附上對帳單</p>\n\n<p><img alt=\"\" height=\"330\" src=\"http://www.cmoney.tw/notes/cmstatic/notes/capture/713026/20170914153132884.jpg\" width=\"820\" /></p>\n\n<p><img alt=\"\" height=\"318\" src=\"http://www.cmoney.tw/notes/cmstatic/notes/capture/713026/20170914153749725.jpg\" width=\"820\" /></p>\n\n<p>&nbsp;</p>\n\n<h2>無聊詹提供<u><strong>專屬四大服務</strong></u></h2>\n\n<h2>還沒加入的你，還不加入嗎？</h2>\n\n<h3>►<a href=\"http://cmy.tw/005k7N\" style=\"outline-style: initial; outline-width: 0px; text-decoration-line: underline; position: relative;\" target=\"_blank\">點此加入粉絲團</a></h3>\n\n<h3>►<a href=\"http://cmy.tw/005SY0\" style=\"outline-style: initial; outline-width: 0px; text-decoration-line: underline; position: relative;\" target=\"_blank\">點此加入社團</a></h3>\n\n<p><img alt=\"\" height=\"360\" src=\"https://fsv.cmoney.tw/cmstatic/notes/capture/713026/20170915103056745.jpg\" width=\"820\" /></p>\n\n<h2>馬上報名 &gt;&gt;<a href=\"http://cmy.tw/005VFa\" style=\"outline-style: initial; outline-width: 0px; text-decoration-line: underline; color: rgb(0, 119, 181); position: relative;\" target=\"_blank\">&nbsp;</a><a href=\"http://cmy.tw/005hCD\" style=\"outline-style: initial; outline-width: 0px; text-decoration-line: underline; color: rgb(0, 119, 181); position: relative;\" target=\"_blank\">無聊詹(最新課程)-多空選股班&nbsp;</a>(提供限量早鳥價)</h2>\n\n<h2>馬上試用 &gt;&gt;<a href=\"http://cmy.tw/005hPx\">&nbsp;</a><a href=\"http://cmy.tw/005hPx\" style=\"outline-style: initial; outline-width: 0px; text-decoration-line: underline; color: rgb(0, 119, 181); position: relative;\" target=\"_blank\">盤中警報器</a><a href=\"http://cmy.tw/005hPx\">&nbsp;</a>抓飆股，就是這麼簡單！</h2>\n\n<p>&nbsp;</p>\n",
        "ViewCount": "2197",
        "IsReference": false,
        "ReferenceList": null,
        "OgImgURL": "http://www.cmoney.tw/notes/cmstatic/notes/capture/713026/20170914144815175.jpg"
    },
    "badges": [],
    "isTreeCompleted": false,
    "nextCourse": null
}