{
    "courseDetail": {
        "CourseId": 2854,
        "CourseContent": "<h2><img alt=\"\" height=\"432\" src=\"http://www.cmoney.tw/notes/cmstatic/notes/capture/817865/20171018162951008.png\" width=\"767\" /></h2>\n\n<p><a href=\"http://cmy.tw/005hPx\" target=\"_blank\">(圖片來源:盤中警報器)</a></p>\n\n<p>&nbsp;</p>\n\n<h2>飆股起漲前有徵兆?</h2>\n\n<p>每個人都想買到股票「起漲點」</p>\n\n<p>畢竟獲利空間最大，損失又是最小</p>\n\n<p>但是當你沒有建立一套系統</p>\n\n<p>胡亂進場追漲，反而容易被套到最高點...</p>\n\n<p>進而慘賠出場</p>\n\n<p>&nbsp;</p>\n\n<h3>其實有一個方法</h3>\n\n<h3>可以提高你獲利機率...</h3>\n\n<p>用這個方法</p>\n\n<p>除了找到主力偷偷布局的標的</p>\n\n<p>也能找出背後大靠山的動向</p>\n\n<p>再配合正確心法提高獲利機會</p>\n\n<p>那怎麼用這個方法呢？</p>\n\n<p>&nbsp;</p>\n\n<p>讓我們繼續看下去....</p>\n\n<p>&nbsp;</p>\n\n<h2>&nbsp;</h2>\n\n<h2>篩選兼具「籌碼、技術面」的潛力股！</h2>\n\n<h2>利用<a href=\"http://cmy.tw/005hPx\" style=\"outline-style: initial; outline-width: 0px; position: relative; text-decoration-line: underline;\" target=\"_blank\">盤中警報器</a>+追漲六心法 = 高勝率選股</h2>\n\n<h3>何謂<a href=\"http://cmy.tw/005hPx\" target=\"_blank\">盤中警報器</a>？</h3>\n\n<p><a href=\"http://cmy.tw/005hPx\" target=\"_blank\">盤中警報器</a>利用葛蘭碧法則和主力籌碼過濾系統</p>\n\n<p>快速篩選出技術、籌碼面皆優秀的個股</p>\n\n<p>除了節省選股時間外</p>\n\n<p>也幫助投資人大幅提高勝率！</p>\n\n<p>&nbsp;</p>\n\n<h3>追漲六心法介紹</h3>\n\n<p>由無聊詹自創</p>\n\n<p>從他多年的交易經驗，發現飆股都有這六大特性</p>\n\n<p>搭配盤中警報器選股，再掌握這六點</p>\n\n<p>勝率會大幅增加！</p>\n\n<p><strong>1</strong><strong>. 集中：短、中、長天期籌碼集中</strong></p>\n\n<p><strong>2. 糾結：均線糾結準備翻揚向上</strong></p>\n\n<p><strong>3. 壓縮：價平穩、量窒息一段時間</strong></p>\n\n<p><strong>4. 突破：完整突破切線或突破頸線</strong></p>\n\n<p><strong>5. 帶量：量能倍增（非爆增），量價齊揚</strong></p>\n\n<p><strong>6. 實紅：實體長紅，上影線不能長</strong></p>\n\n<p>&nbsp;</p>\n\n<p>&nbsp;</p>\n\n<p>&nbsp;</p>\n\n<h2>概念都清楚了</h2>\n\n<h2>我們來實際案例說明</h2>\n\n<h2>106.8.24 良維(6290)</h2>\n\n<h3>第一步、<u><a href=\"http://cmy.tw/005hPx\" target=\"_blank\">打開盤中警報器</a></u></h3>\n\n<h3>勾選突破＋法人大買超</h3>\n\n<p><img alt=\"\" height=\"252\" src=\"http://www.cmoney.tw/notes/cmstatic/notes/capture/817865/20171018182412702.JPG\" width=\"540\" /></p>\n\n<p><a href=\"http://cmy.tw/005Sor\" target=\"_blank\">(圖片來源:盤中警報器)</a></p>\n\n<p>利用這兩條件篩選</p>\n\n<p>在 8/24 選出這 23 檔股票</p>\n\n<p><img alt=\"\" height=\"380\" src=\"http://www.cmoney.tw/notes/cmstatic/notes/capture/817865/20171017155129824.Jpeg\" width=\"291\" /></p>\n\n<p><a href=\"http://cmy.tw/005hPx\" target=\"_blank\">(圖片來源:盤中警報器)</a></p>\n\n<h3>&nbsp;</h3>\n\n<h3>第二步、是否符合追漲六心法？</h3>\n\n<p>成功挑選出 23 檔股票</p>\n\n<p>我們要在精挑細選出可進場股票</p>\n\n<p>這時候要用<strong>追漲六心法</strong>做最後檢視！</p>\n\n<p>&nbsp;</p>\n\n<p>以下我用<a href=\"https://www.cmoney.tw/follow/channel/stock-6290?chart=d\"><strong>良維(6290)</strong></a>檢視</p>\n\n<p><a href=\"https://www.cmoney.tw/follow/channel/stock-6290?chart=d\">良維(6290)</a>是一檔非常符合六心法的標的</p>\n\n<p>籌碼在近 1 日、5 日、10 日、20 日、60 日，籌碼都非常集中！</p>\n\n<p>在 8/24 號這天有一根帶量實紅出現</p>\n\n<p>突破切線外還站上均線</p>\n\n<p>而均線糾結約兩個月左右，並且量縮</p>\n\n<p><img alt=\"\" height=\"67\" src=\"http://www.cmoney.tw/notes/cmstatic/notes/capture/817865/20171018182827440.Jpeg\" width=\"820\" /></p>\n\n<p>&nbsp;</p>\n\n<p><img alt=\"\" height=\"339\" src=\"http://www.cmoney.tw/notes/cmstatic/notes/capture/817865/20171018182902484.png\" width=\"820\" /></p>\n\n<p><a href=\"http://cmy.tw/005hPx\" target=\"_blank\">(圖片來源:盤中警報器)</a></p>\n\n<p>&nbsp;</p>\n\n<h2>利用<a href=\"http://cmy.tw/005hPx\" target=\"_blank\">盤中警報器</a>，飆股自己找！</h2>\n\n<h2>法人持續買，安心大賺 51 %</h2>\n\n<h3>當找出法人持續買標的</h3>\n\n<h3>一定要再用六心法在檢視一次！</h3>\n\n<p>是不是有法人買的股票</p>\n\n<p>心裡安心了不少？</p>\n\n<p>你只要多利用<a href=\"http://cmy.tw/005hPx\" target=\"_blank\">盤中警報器</a>篩選標的</p>\n\n<p>並且符合追漲六心法條件</p>\n\n<p>你也能找到自己的飆股</p>\n\n<p><img alt=\"\" height=\"388\" src=\"http://www.cmoney.tw/notes/cmstatic/notes/capture/817865/20171018154427278.png\" width=\"565\" /></p>\n\n<p><a href=\"http://cmy.tw/005hPx\" target=\"_blank\">(圖片來源:盤中警報器)</a></p>\n\n<p>&nbsp;</p>\n\n<h3>附上 10 月 17 日突破+法人買超清單</h3>\n\n<h3>大家照上述步驟做看看吧</h3>\n\n<p>幫大家利用盤中警報器整理出的清單</p>\n\n<p>利用六心法試試看找出潛力股吧！</p>\n\n<p><img alt=\"\" height=\"354\" src=\"http://www.cmoney.tw/notes/cmstatic/notes/capture/817865/20171017191459673.Jpeg\" width=\"304\" /></p>\n\n<p>&nbsp;</p>\n\n<h2>無聊詹提供<u><strong>專屬四大服務</strong></u></h2>\n\n<h2>還沒加入的你，還不加入嗎？</h2>\n\n<h3>►<a href=\"http://cmy.tw/005k7N\" style=\"outline-style: initial; outline-width: 0px; text-decoration-line: underline; position: relative;\" target=\"_blank\">點此加入粉絲團</a></h3>\n\n<h3>►<a href=\"http://cmy.tw/005SY0\" style=\"outline-style: initial; outline-width: 0px; text-decoration-line: underline; position: relative;\" target=\"_blank\">點此加入社團</a></h3>\n\n<p><img alt=\"\" height=\"360\" src=\"https://fsv.cmoney.tw/cmstatic/notes/capture/713026/20170915103056745.jpg\" width=\"820\" /></p>\n\n<h2>馬上報名 &gt;&gt;<a href=\"http://cmy.tw/005VFa\" style=\"outline-style: initial; outline-width: 0px; text-decoration-line: underline; color: rgb(0, 119, 181); position: relative;\" target=\"_blank\">&nbsp;</a><a href=\"http://cmy.tw/005hCD\" style=\"outline-style: initial; outline-width: 0px; text-decoration-line: underline; color: rgb(0, 119, 181); position: relative;\" target=\"_blank\">無聊詹(最新課程)-多空選股班&nbsp;</a>(提供限量早鳥價)</h2>\n\n<h2>馬上試用 &gt;&gt;<a href=\"http://cmy.tw/005hPx\">&nbsp;</a><a href=\"http://cmy.tw/005hPx\" style=\"outline-style: initial; outline-width: 0px; text-decoration-line: underline; color: rgb(0, 119, 181); position: relative;\" target=\"_blank\">盤中警報器</a><a href=\"http://cmy.tw/005hPx\">&nbsp;</a>抓飆股，就是這麼簡單！</h2>\n",
        "ViewCount": "6006",
        "IsReference": false,
        "ReferenceList": null,
        "OgImgURL": "http://www.cmoney.tw/notes/cmstatic/notes/capture/817865/20171018162951008.png"
    },
    "badges": [],
    "isTreeCompleted": false,
    "nextCourse": null
}