{
    "courseDetail": {
        "CourseId": 2857,
        "CourseContent": "<p><img alt=\"\" height=\"462\" src=\"http://www.cmoney.tw/learn/cmstatic/learn/338/20180116175410462.png\" width=\"820\" /></p>\n\n<p><span style=\"font-size:12px\"><span style=\"color:#D3D3D3\"><span style=\"background-color:rgb(255, 255, 255)\">(</span></span><u><a href=\"http://www.mason-arts.com/n_viewpoint/default_detail.asp?art_id=39&amp;cat_id=1#.VdakULKqpBc\" style=\"outline-style: initial; outline-width: 0px; position: relative; color: rgb(0, 119, 181);\" target=\"_blank\"><span style=\"color:#D3D3D3\">圖片來源</span></a></u><span style=\"color:#D3D3D3\"><span style=\"background-color:rgb(255, 255, 255)\">)</span></span></span></p>\n\n<p>&nbsp;</p>\n\n<h1>美琪瑪 1 個月飆漲 3 倍！</h1>\n\n<h1>是價值被低估？還是炒作？</h1>\n\n<p>股神巴菲特曾說：他可以只用基本分析來做為其投資判斷，</p>\n\n<p>今天就來為大家解析 2017 下半年飆股之一美琪瑪(4721)</p>\n\n<p>是股價被低估市場還他公道？</p>\n\n<p>還是只是投機題材，基本面根本沒轉好呢？</p>\n\n<p>&nbsp;</p>\n\n<p>趕緊看下去...</p>\n\n<p>&nbsp;</p>\n\n<p><span style=\"color:#D3D3D3\"><span style=\"font-size:12px\">(贊助商連結...)</span></span></p>\n\n<p><googleadsense height=\"600px\" type=\"4\" width=\"300px\"></googleadsense></p>\n\n<p>&nbsp;</p>\n\n<p>&nbsp;</p>\n\n<h1>審視財報，</h1>\n\n<h1>解析美琪瑪(4721)獲利來源！</h1>\n\n<p>基本面的變動會反應在股價上，</p>\n\n<p>所以我們可以透過財報，</p>\n\n<p>看看美琪瑪(4721)股價為何而漲？</p>\n\n<p>適不適合買進長期持有？</p>\n\n<p><iframe allowfullscreen=\"\" frameborder=\"0\" height=\"360\" src=\"//www.youtube-nocookie.com/embed/PsRJdt4LYyQ?rel=0\" width=\"640\"></iframe></p>\n\n<p>&nbsp;</p>\n\n<h1>趕快加入價值投資社團</h1>\n\n<h1>一起創造被動收入吧！</h1>\n\n<p><a href=\"http://cmy.tw/005mx1\"><img alt=\"\" height=\"131\" src=\"http://www.cmoney.tw/learn/cmstatic/learn/338/20180115172546535.gif\" width=\"400\" /></a></p>\n\n<p><a href=\"https://goo.gl/PdiBqU\"><img alt=\"\" height=\"128\" src=\"http://www.cmoney.tw/learn/cmstatic/learn/338/20180115172556774.gif\" width=\"400\" /></a></p>\n\n<p><a href=\"http://cmy.tw/005mx1\"><img alt=\"\" height=\"391\" src=\"http://fsv.cmoney.tw/cmstatic/notes/capture/585833/20171110155956078.png\" width=\"820\" /></a></p>\n\n<h2>◎◎ 馬上報名&nbsp;◎◎</h2>\n\n<h3>►<a href=\"http://cmy.tw/005ewF\" style=\"outline-style: initial; outline-width: 0px; text-decoration-line: underline; color: rgb(0, 119, 181); position: relative;\" target=\"_blank\"><u>算利教官-楊禮軒(最新課程) 價值投資選股班</u></a>(限量優惠價)</h3>\n\n<p>&nbsp;</p>\n",
        "ViewCount": "1163",
        "IsReference": false,
        "ReferenceList": null,
        "OgImgURL": "http://www.cmoney.tw/learn/cmstatic/learn/338/20180116175410462.png"
    },
    "badges": [],
    "isTreeCompleted": false,
    "nextCourse": null
}