{
    "courseDetail": {
        "CourseId": 2916,
        "CourseContent": "<p><img alt=\"\" height=\"466\" src=\"http://www.cmoney.tw/learn/cmstatic/learn/338/20180116174238922.png\" width=\"820\" /></p>\n\n<p><span style=\"font-size:12px\"><a href=\"https://tech.everyeye.it/notizie/tsmc-via-test-per-processori-mobili-7nm-275103.html\"><span style=\"color:#D3D3D3\">(圖片來源:</span></a><a href=\"https://tech.everyeye.it/notizie/tsmc-via-test-per-processori-mobili-7nm-275103.html\" rel=\"noopener\" tabindex=\"0\" target=\"_blank\"><span style=\"color:#D3D3D3\">Everyeye Tech</span></a><a href=\"https://tech.everyeye.it/notizie/tsmc-via-test-per-processori-mobili-7nm-275103.html\"><span style=\"color:#D3D3D3\">)</span></a></span></p>\n\n<p>&nbsp;</p>\n\n<h1>定存股要挑對，買中鋼已經落伍！</h1>\n\n<p>近年來全球一直處於低利率環境，</p>\n\n<p>不少投資人為了追求穩定且高於銀行定存利率的報酬，</p>\n\n<p>紛紛把股市資金轉向定存概念股，</p>\n\n<p>也就是買進配息優的高殖利率股，</p>\n\n<p>每年賺取穩健的被動收入。</p>\n\n<p>然而，投資人心中難免有疑問，</p>\n\n<p>同樣是存<a href=\"http://money01.com.tw/follow/channel/stock-2412?chart=r\" style=\"outline-style: initial; outline-width: 0px; position: relative; text-decoration-line: underline; color: rgb(0, 119, 181);\" target=\"_blank\">中華電（2412）</a>、<a href=\"http://money01.com.tw/follow/channel/stock-2002?chart=r\" style=\"outline-style: initial; outline-width: 0px; position: relative; text-decoration-line: underline; color: rgb(0, 119, 181);\" target=\"_blank\">中鋼（2002）</a>&nbsp;這類產業龍頭股，</p>\n\n<p>為何結果卻是兩樣情？到底什麼股票才算好的定存股？</p>\n\n<p>過去被視為定存股資優生的中鋼光環不再，</p>\n\n<p>有沒有新的定存股可以選擇，讓投資人抱得牢、又抱得久？</p>\n\n<p>&nbsp;</p>\n\n<p>讓我們一起來看看...</p>\n\n<p>&nbsp;</p>\n\n<h1>趕快加入價值投資社團</h1>\n\n<h1>一起創造被動收入吧！</h1>\n\n<p><a href=\"http://cmy.tw/005mx1\"><img alt=\"\" height=\"101\" src=\"http://www.cmoney.tw/learn/cmstatic/learn/338/20180115172546535.gif\" width=\"308\" /></a></p>\n\n<p><a href=\"https://goo.gl/PdiBqU\"><img alt=\"\" height=\"97\" src=\"http://www.cmoney.tw/learn/cmstatic/learn/338/20180115172556774.gif\" width=\"303\" /></a></p>\n\n<p><a href=\"http://cmy.tw/005cMY\"><img alt=\"\" height=\"250\" src=\"http://www.cmoney.tw/learn/cmstatic/learn/338/20180207183610160.jpg\" width=\"300\" /></a></p>\n\n<p>&nbsp;</p>\n\n<h1>建立正確存股觀念</h1>\n\n<h1>才能打造自動賺錢機</h1>\n\n<p>舉例來說，假設投資人在 2011 年買進中鋼並參加除權息，</p>\n\n<p>以當年度均價約 32 元、現金股利 1.99 元計算，</p>\n\n<p>股息殖利率超過 6%，不過，之後全球原物料市況轉差，</p>\n\n<p>中鋼獲利也受到影響，股息開始下滑，</p>\n\n<p>2016 年中鋼僅配息 0.5 元，</p>\n\n<p>對當年買在 32 元相對高價的投資人來說，現金殖利率剩不到 2% ！</p>\n\n<p>&nbsp;</p>\n\n<h1>定存股「賺了股息、賠了價差」？</h1>\n\n<p>其次，投資人也常抱怨手中存股雖然幾年下來配了不少現金股利，</p>\n\n<p>但是股價不但沒有填息，還呈現一路走低的空頭格局，</p>\n\n<p>結果面臨「賺了股息、賠了價差」的慘況。</p>\n\n<p><strong>其實這種殖利率與股價均會大幅波動的股票，</strong></p>\n\n<p><strong>根本不能算是「定存股」。</strong></p>\n\n<p>因為定存股除了要能夠每年穩定配息外，股價波動也不能太大，</p>\n\n<p>這樣的企業可以年年穩健配發股息並填息，</p>\n\n<p>在不讓投資人本金受傷的情況下，打造穩定現金流，</p>\n\n<p>讓資產逐年長大，這才是存股的精神所在。</p>\n\n<p>&nbsp;</p>\n\n<h1>用 2 個指標</h1>\n\n<h1>簡單挑出績優股</h1>\n\n<p>算利教官-楊禮軒表示，</p>\n\n<p>他的投資有很大的資金比重放在核心持股，</p>\n\n<p>「<a href=\"http://money01.com.tw/follow/channel/stock-6184?chart=r\" target=\"_blank\">大豐電（6184）</a>我已經投資 9 年，</p>\n\n<p>如果沒有深入研究，怎麼會一直抱著？」</p>\n\n<p>正因為研究透徹，所以在有線電線殺價競爭、</p>\n\n<p>大豐電轉盈為虧的利空衝擊下，2016 年他還敢逢低進場加碼。</p>\n\n<p>楊禮軒認為，經過一段時間殺價搶市，</p>\n\n<p>有線電視在 2016 年的年中已經悄悄取消殺價競爭，</p>\n\n<p>這些合約通常是 1 年，所以 2017 年 6 月以後獲利會回穩。</p>\n\n<p>此外，因為買進價位低，又是長期投資，</p>\n\n<p>他的平均持有成本已低於 30 元，因而能立於不敗之地。</p>\n\n<p>「我把自己放在經營者角色，花很多時間研究，不只是單純買股票。」</p>\n\n<p>&nbsp;</p>\n\n<h2>加入社團跟著算利教官學習創造被動收入！</h2>\n\n<p><a href=\"http://cmy.tw/005mx1\"><img alt=\"\" height=\"108\" src=\"http://www.cmoney.tw/learn/cmstatic/learn/338/20180115172546535.gif\" width=\"330\" /></a></p>\n\n<p><a href=\"https://goo.gl/PdiBqU\"><img alt=\"\" height=\"106\" src=\"http://www.cmoney.tw/learn/cmstatic/learn/338/20180115172556774.gif\" width=\"331\" /></a></p>\n\n<p><a href=\"http://cmy.tw/005cMY\"><img alt=\"\" height=\"250\" src=\"http://www.cmoney.tw/learn/cmstatic/learn/338/20180207183610160.jpg\" width=\"300\" /></a></p>\n\n<p>&nbsp;</p>\n\n<h1>要觀察長期趨勢</h1>\n\n<h3>比較「5 年平均 EPS」和「本益比」</h3>\n\n<p>對於沒時間研究的投資人，</p>\n\n<p>算利教官-楊禮軒建議，</p>\n\n<p>產業競爭變化快速，</p>\n\n<p>一般人不可能時時刻刻都掌握動態，想挑出好的定存股名單，</p>\n\n<p>直接觀察長期經營趨勢即可，千萬別只看一時營收、獲利好，</p>\n\n<p>就跳進去搶股票。想知道一家公司的長期經營趨勢是否向上，</p>\n\n<p>楊禮軒會以至少 5 年的平均 EPS（每股盈餘）來評估，</p>\n\n<p>並以市場合理本益比（PE）約 15 倍為標準，回推合理價格，</p>\n\n<p>當然公司本身必須體質好，獲利有成長更好。</p>\n\n<p>&nbsp;</p>\n\n<p>此外，他還會用該公司 2015 年 8 月股災以來的股票均價計算，</p>\n\n<p>低於均價 1 個標準差以下，再下跌的機率通常不到 2 成，</p>\n\n<p>是不錯的買點。</p>\n\n<p>楊禮軒提醒，股票的波動本來就不小，</p>\n\n<p>而景氣循環股的波動更大，要判斷一家公司受景氣影響的程度，</p>\n\n<p>最好的方法就是回頭看該公司在金融海嘯那段時間的「獲利」，</p>\n\n<p>而非「股價」表現，因為當時市場所有股票的股價是全面下挫，</p>\n\n<p>但個別公司的獲利受影響程度則不一樣。</p>\n\n<p>獲利受影響較大的就是景氣循環股，</p>\n\n<p>影響較小的代表獲利相對穩健，</p>\n\n<p>像是保全、油氣業等，幾乎不受景氣影響。</p>\n\n<p>&nbsp;</p>\n\n<p>&nbsp;</p>\n\n<h1>【新春大禮包】</h1>\n\n<h1>選股軟體+私人教學影音，只要 $3,888</h1>\n\n<h1>錯過等明年！！ &rarr;<a href=\"http://cmy.tw/005cMY\"><u>《 點我搶購！》</u></a></h1>\n\n<p><a href=\"http://cmy.tw/005cMY\"><img alt=\"\" height=\"336\" src=\"http://fsv.cmoney.tw/cmstatic/notes/capture/585833/20180208101932511.png\" width=\"500\" /></a></p>\n\n<p>&nbsp;</p>\n\n<h1>趕快加入價值投資社團</h1>\n\n<h1>一起創造被動收入吧！</h1>\n\n<p><a href=\"http://cmy.tw/005mx1\"><img alt=\"\" height=\"131\" src=\"http://www.cmoney.tw/learn/cmstatic/learn/338/20180115172546535.gif\" width=\"400\" /></a></p>\n\n<p><a href=\"https://goo.gl/PdiBqU\"><img alt=\"\" height=\"128\" src=\"http://www.cmoney.tw/learn/cmstatic/learn/338/20180115172556774.gif\" width=\"400\" /></a></p>\n\n<p><a href=\"http://cmy.tw/005mx1\"><img alt=\"\" height=\"391\" src=\"http://fsv.cmoney.tw/cmstatic/notes/capture/585833/20171110155956078.png\" width=\"820\" /></a></p>\n\n<h2>◎◎ 馬上報名&nbsp;◎◎</h2>\n\n<h3>►<a href=\"http://cmy.tw/005ewF\" style=\"outline-style: initial; outline-width: 0px; text-decoration-line: underline; color: rgb(0, 119, 181); position: relative;\" target=\"_blank\"><u>算利教官-楊禮軒(最新課程) 價值投資選股班</u></a>(限量優惠價)</h3>\n\n<p>&nbsp;</p>\n",
        "ViewCount": "5338",
        "IsReference": false,
        "ReferenceList": null,
        "OgImgURL": "http://www.cmoney.tw/learn/cmstatic/learn/338/20180116174238922.png"
    },
    "badges": [],
    "isTreeCompleted": false,
    "nextCourse": null
}