{
    "courseDetail": {
        "CourseId": 2927,
        "CourseContent": "<p><img alt=\"\" height=\"462\" src=\"http://www.cmoney.tw/learn/cmstatic/learn/38/20180126174416058.jpg\" width=\"820\" /></p>\n\n<p><img alt=\"\" height=\"615\" src=\"http://www.cmoney.tw/learn/cmstatic/learn/38/20180126174433722.png\" width=\"820\" /></p>\n\n<p><img alt=\"\" height=\"615\" src=\"http://www.cmoney.tw/learn/cmstatic/learn/38/20180126174442594.png\" width=\"820\" /></p>\n\n<p><img alt=\"\" height=\"615\" src=\"http://www.cmoney.tw/learn/cmstatic/learn/38/20180126174450102.png\" width=\"820\" /></p>\n\n<p><img alt=\"\" height=\"615\" src=\"http://www.cmoney.tw/learn/cmstatic/learn/38/20180126174456343.png\" width=\"820\" /></p>\n\n<p><img alt=\"\" height=\"620\" src=\"http://www.cmoney.tw/learn/cmstatic/learn/38/20180126174511709.png\" width=\"820\" /></p>\n\n<p>&nbsp;</p>\n\n<h2>有沒有對權證更加了解呢？</h2>\n\n<h2>下一章教你</h2>\n\n<h2>如何挑到優質權證！</h2>\n\n<p>&nbsp;</p>\n",
        "ViewCount": "3367",
        "IsReference": false,
        "ReferenceList": null,
        "OgImgURL": "http://www.cmoney.tw/learn/cmstatic/learn/38/20180126174416058.jpg"
    },
    "badges": [],
    "isTreeCompleted": false,
    "nextCourse": null
}