{
    "courseDetail": {
        "CourseId": 2926,
        "CourseContent": "<p>&nbsp;</p>\n\n<p><img alt=\"\" height=\"462\" src=\"http://www.cmoney.tw/learn/cmstatic/learn/38/20180126173158245.jpg\" width=\"820\" /></p>\n\n<p><img alt=\"\" height=\"598\" src=\"http://www.cmoney.tw/learn/cmstatic/learn/38/20180126173314093.png\" width=\"820\" /></p>\n\n<p><img alt=\"\" height=\"613\" src=\"http://www.cmoney.tw/learn/cmstatic/learn/38/20180126173326820.png\" width=\"820\" /></p>\n\n<p><img alt=\"\" height=\"615\" src=\"http://www.cmoney.tw/learn/cmstatic/learn/38/20180126173414468.png\" width=\"820\" /></p>\n\n<p><img alt=\"\" height=\"615\" src=\"http://www.cmoney.tw/learn/cmstatic/learn/38/20180126173426463.png\" width=\"820\" /></p>\n\n<p><img alt=\"\" height=\"615\" src=\"http://www.cmoney.tw/learn/cmstatic/learn/38/20180126173439359.png\" width=\"820\" /></p>\n\n<p><img alt=\"\" height=\"612\" src=\"http://www.cmoney.tw/learn/cmstatic/learn/38/20180126173519158.png\" width=\"820\" /></p>\n\n<p><img alt=\"\" height=\"615\" src=\"http://www.cmoney.tw/learn/cmstatic/learn/38/20180126173534625.png\" width=\"820\" /></p>\n\n<p><strong><span style=\"font-size:16px\">下次遇到大事件時，</span></strong></p>\n\n<p><strong><span style=\"font-size:16px\">記得要用 <a href=\"http://cmy.tw/005W4l\"><span style=\"background-color:#FFFF00\">挑選權證小幫手</span></a>，</span></strong></p>\n\n<p><strong><span style=\"font-size:16px\">並利用 「3 口訣」挑出好權證喔！</span></strong></p>\n\n<p>&nbsp;</p>\n",
        "ViewCount": "3258",
        "IsReference": false,
        "ReferenceList": null,
        "OgImgURL": "http://www.cmoney.tw/learn/cmstatic/learn/38/20180126173158245.jpg"
    },
    "badges": [],
    "isTreeCompleted": false,
    "nextCourse": null
}