{
    "courseDetail": {
        "CourseId": 2921,
        "CourseContent": "<p><img alt=\"\" height=\"462\" src=\"http://fsv.cmoney.tw/cmstatic/notes/capture/585833/20171021180649028.png\" width=\"820\" /></p>\n\n<p><a href=\"https://www.youtube.com/watch?v=2hXIlaWHY-4\" style=\"outline-style: initial; outline-width: 0px; position: relative; text-decoration-line: underline; color: rgb(0, 119, 181);\" target=\"_blank\"><span style=\"font-size:12px\">(圖片來源:鏡傳媒影音)</span></a></p>\n\n<p>&nbsp;</p>\n\n<p>「算利教官」楊禮軒，原本是一位上班族，</p>\n\n<p>當大多數人 41 歲時，還在煩惱生活開銷，</p>\n\n<p>他卻選擇退休，每天陪 2 個女兒學習成長，</p>\n\n<p>他為什麼辦得到？</p>\n\n<p>因為他努力鑽研投資，</p>\n\n<p>現在每年都有 200 萬被動收入進帳！</p>\n\n<p>今天他將無私分享，</p>\n\n<p>如何手握 50 檔個股，還能輕鬆管理，</p>\n\n<p>讓錢自動落袋！</p>\n\n<p>&nbsp;</p>\n\n<p>繼續看下去...</p>\n\n<p>&nbsp;</p>\n\n<p><span style=\"font-size:12px\">(贊助商連結...)</span></p>\n\n<p><iframe frameborder=\"0\" height=\"600\" id=\"google_ads_iframe_/169690494/Cmoney_電腦版_網誌(文中)_300*600_0\" marginheight=\"0\" marginwidth=\"0\" name=\"google_ads_iframe_/169690494/Cmoney_電腦版_網誌(文中)_300*600_0\" scrolling=\"no\" style=\"outline-style: initial; outline-width: 0px; position: relative; border-width: 0px; border-style: initial; vertical-align: bottom;\" title=\"3rd party ad content\" width=\"300\"></iframe></p>\n\n<p>&nbsp;</p>\n\n<p>&nbsp;</p>\n\n<h1>分散持股的 3 大好處！</h1>\n\n<p>隨著投資規模不斷的擴大，</p>\n\n<p>目前我持有超過 50 檔以的個股，</p>\n\n<p>很多朋友會認為，</p>\n\n<p>管理這麼多的股票不是很辛苦嗎？</p>\n\n<p>其實我反倒很喜歡這樣的投資方式。</p>\n\n<p>基於以下原因，我建議各位，</p>\n\n<p>可以適當地將持股分散在 20 檔：</p>\n\n<p><strong>1. 分散風險</strong></p>\n\n<p><strong>2.&nbsp;依據基本面選股，進可攻退可守</strong></p>\n\n<p><strong>3.&nbsp;提升整體殖利率</strong></p>\n\n<p>&nbsp;</p>\n\n<h1>買進「定存股」5 個進場條件！</h1>\n\n<h2>1 年為期：個股股價價差 3 成以上</h2>\n\n<p>我發現個股在以 1 年為期的區間內，</p>\n\n<p>股價高低價差普遍存在 3 成以上的差距，</p>\n\n<p>以 2015 年 8 月 24 日股災最低點</p>\n\n<p>迄今年 11 月 11 日上市收盤個股股價來看，</p>\n\n<p>仍然可以找到 61 檔個股收盤價格低於期間平均價格，</p>\n\n<p>但這 61 檔 EPS 與前 10 月累計營收</p>\n\n<p>都較去年同期成長，</p>\n\n<p>於是在看過財報並且剔除一次性收益後</p>\n\n<p>&nbsp;</p>\n\n<h3>我會依據以下準則買進個股：</h3>\n\n<p>1. 本益比 15 倍以下</p>\n\n<p>2. 殖利率 5% 以上</p>\n\n<p>3. 股價低於近 5 年平均股息 20 倍以下</p>\n\n<p>4. 股價區間變異數低於 10</p>\n\n<p>5. 股價低於期間平均價格</p>\n\n<p>低於平均價減 1 個標準差更好</p>\n\n<p>這是屬於進可攻（有成長性）</p>\n\n<p>退可守（有最低報酬）的做法</p>\n\n<p>&nbsp;</p>\n\n<h2>加入社團跟著算利教官學習創造被動收入！</h2>\n\n<p><a href=\"http://cmy.tw/005mx1\"><img alt=\"\" height=\"111\" src=\"http://www.cmoney.tw/learn/cmstatic/learn/338/20180115172546535.gif\" width=\"339\" /></a></p>\n\n<p><a href=\"https://goo.gl/PdiBqU\"><img alt=\"\" height=\"108\" src=\"http://www.cmoney.tw/learn/cmstatic/learn/338/20180115172556774.gif\" width=\"338\" /></a></p>\n\n<h2><span style=\"color:rgb(255, 102, 0); font-size:22px\">「定存股」獲利、配息穩健重要，</span></h2>\n\n<h2>買進時機更重要！</h2>\n\n<p>定存股應以獲利、配息穩健的公司為首選，</p>\n\n<p>可以降低股價波動、穩健收息，</p>\n\n<p><strong>如果打算以少部分資金嘗試景氣循環股，</strong></p>\n\n<p><strong>建議選在低基期、沒人關注時進場，</strong></p>\n\n<p><strong>投資人可以觀察個別公司的長期獲利</strong></p>\n\n<p><strong>至少 5 年的平均每股盈餘，</strong></p>\n\n<p><strong>以市場合理本益比約 15 倍為標準，回推合理價格。</strong></p>\n\n<p>當然，公司本身必須體質好，且獲利有成長更佳。</p>\n\n<p>此外，可用 2015 年 8 月股災以來的股票均價計算，</p>\n\n<p>低於均價 1 個標準差以下，再下跌的機率通常不到 2 成，</p>\n\n<p>以此當做不錯的買點。</p>\n\n<p>&nbsp;</p>\n\n<h2>可用分批買進、定期定額降低持股成本</h2>\n\n<p>在越低的股價位置進場，就可以占據越好的獲利位置。</p>\n\n<p>不過要買到最低點、賣在最高點幾乎是不可能的任務，</p>\n\n<p>加上部分個股可能長時間不曾來到「相對低點」，</p>\n\n<p><strong>較佳的替代方式是，將手上資金分批買進，</strong></p>\n\n<p><strong>或是採取定期定額方式布局，中長期可以降低買進平均成本，</strong></p>\n\n<p><strong>同樣可以提高投資報酬率。</strong></p>\n\n<p>&nbsp;</p>\n\n<h1>趕快加入價值投資社團</h1>\n\n<h1>一起創造被動收入吧！</h1>\n\n<p><a href=\"http://cmy.tw/005mx1\"><img alt=\"\" height=\"131\" src=\"http://www.cmoney.tw/learn/cmstatic/learn/338/20180115172546535.gif\" width=\"400\" /></a></p>\n\n<p><a href=\"https://goo.gl/PdiBqU\"><img alt=\"\" height=\"128\" src=\"http://www.cmoney.tw/learn/cmstatic/learn/338/20180115172556774.gif\" width=\"400\" /></a></p>\n\n<p><a href=\"http://cmy.tw/005mx1\"><img alt=\"\" height=\"391\" src=\"http://fsv.cmoney.tw/cmstatic/notes/capture/585833/20171110155956078.png\" width=\"820\" /></a></p>\n\n<h2>◎◎ 馬上報名&nbsp;◎◎</h2>\n\n<h3>►<a href=\"http://cmy.tw/005ewF\" style=\"outline-style: initial; outline-width: 0px; text-decoration-line: underline; color: rgb(0, 119, 181); position: relative;\" target=\"_blank\"><u>算利教官-楊禮軒(最新課程) 價值投資選股班</u></a>(限量優惠價)</h3>\n\n<p>&nbsp;</p>\n\n<p>&nbsp;</p>\n",
        "ViewCount": "1936",
        "IsReference": false,
        "ReferenceList": null,
        "OgImgURL": "http://fsv.cmoney.tw/cmstatic/notes/capture/585833/20171021180649028.png"
    },
    "badges": [],
    "isTreeCompleted": false,
    "nextCourse": null
}