{
    "courseDetail": {
        "CourseId": 2920,
        "CourseContent": "<p><iframe allowfullscreen=\"\" frameborder=\"0\" height=\"360\" src=\"//www.youtube.com/embed/VgoopANyi78\" width=\"640\"></iframe></p>\n\n<p>&nbsp;</p>\n\n<h1>趕快加入 <u><a href=\"http://cmy.tw/005mx1\">價值投資社團</a></u></h1>\n\n<h1>一起創造被動收入吧！</h1>\n\n<p><a href=\"http://cmy.tw/005mx1\"><img alt=\"\" height=\"105\" src=\"http://www.cmoney.tw/learn/cmstatic/learn/338/20180115172546535.gif\" width=\"321\" /></a></p>\n\n<p><a href=\"https://goo.gl/PdiBqU\"><img alt=\"\" height=\"101\" src=\"http://www.cmoney.tw/learn/cmstatic/learn/338/20180115172556774.gif\" width=\"316\" /></a></p>\n\n<p><a href=\"http://cmy.tw/005mx1\"><img alt=\"\" height=\"391\" src=\"http://fsv.cmoney.tw/cmstatic/notes/capture/585833/20171110155956078.png\" width=\"820\" /></a></p>\n\n<h2><span style=\"color:rgb(255, 102, 0); font-size:22px\">◎◎ 馬上報名&nbsp;◎◎</span></h2>\n\n<h3>►<a href=\"http://cmy.tw/005ewF\" style=\"outline-style: initial; outline-width: 0px; text-decoration-line: underline; color: rgb(0, 119, 181); position: relative;\" target=\"_blank\"><u>算利教官-楊禮軒(最新課程) 價值投資選股班</u></a>(限量優惠價)</h3>\n\n<p>&nbsp;</p>\n",
        "ViewCount": "4965",
        "IsReference": false,
        "ReferenceList": null,
        "OgImgURL": "http://www.cmoney.tw/learn/cmstatic/learn/338/20180115172546535.gif"
    },
    "badges": [],
    "isTreeCompleted": false,
    "nextCourse": null
}