{
    "courseDetail": {
        "CourseId": 2930,
        "CourseContent": "<p><img alt=\"\" height=\"462\" src=\"http://www.cmoney.tw/learn/cmstatic/learn/38/20180129112152974.jpg\" width=\"820\" /></p>\n\n<p><img alt=\"\" height=\"621\" src=\"http://www.cmoney.tw/learn/cmstatic/learn/38/20180129112332686.png\" width=\"820\" /></p>\n\n<p><img alt=\"\" height=\"611\" src=\"http://www.cmoney.tw/learn/cmstatic/learn/38/20180129112205604.PNG\" width=\"820\" /></p>\n\n<p><img alt=\"\" height=\"615\" src=\"http://www.cmoney.tw/learn/cmstatic/learn/38/20180129112346347.PNG\" width=\"820\" /></p>\n\n<p><img alt=\"\" height=\"606\" src=\"http://www.cmoney.tw/learn/cmstatic/learn/38/20180129112354463.PNG\" width=\"820\" /></p>\n\n<p><img alt=\"\" height=\"603\" src=\"http://www.cmoney.tw/learn/cmstatic/learn/38/20180129112404115.PNG\" width=\"820\" /></p>\n\n<p><img alt=\"\" height=\"612\" src=\"http://www.cmoney.tw/learn/cmstatic/learn/38/20180129112415981.PNG\" width=\"820\" /></p>\n\n<p><img alt=\"\" height=\"610\" src=\"http://www.cmoney.tw/learn/cmstatic/learn/38/20180129112425205.PNG\" width=\"820\" /></p>\n\n<p><img alt=\"\" height=\"613\" src=\"http://www.cmoney.tw/learn/cmstatic/learn/38/20180129112434245.PNG\" width=\"820\" /></p>\n\n<p><img alt=\"\" height=\"613\" src=\"http://www.cmoney.tw/learn/cmstatic/learn/38/20180129112442835.PNG\" width=\"820\" /></p>\n\n<p><img alt=\"\" height=\"612\" src=\"http://www.cmoney.tw/learn/cmstatic/learn/38/20180129112451474.PNG\" width=\"820\" /></p>\n\n<p><img alt=\"\" height=\"607\" src=\"http://www.cmoney.tw/learn/cmstatic/learn/38/20180129112459570.PNG\" width=\"820\" /></p>\n\n<p><img alt=\"\" height=\"608\" src=\"http://www.cmoney.tw/learn/cmstatic/learn/38/20180129112508480.PNG\" width=\"820\" /></p>\n\n<p>&nbsp;</p>\n\n<p><img alt=\"\" height=\"613\" src=\"http://www.cmoney.tw/learn/cmstatic/learn/38/20180129112523564.PNG\" width=\"820\" /></p>\n\n<h1>【免費試用 地板天花板反轉價位監控表】</h1>\n\n<h2>&rarr;&rarr;<a href=\"http://cmy.tw/005ZXh\" style=\"outline-style: initial; outline-width: 0px; position: relative; text-decoration-line: underline;\">《 點我點我！》</a>&larr;&larr;</h2>\n\n<p>&nbsp;</p>\n\n<h1>&nbsp;</h1>\n\n<h3>想學更多小哥的操作訣竅嗎？</h3>\n\n<h3>完整教學都在 ➤&nbsp;<a href=\"http://cmy.tw/005ihk\" style=\"color: rgb(0, 119, 181);\">權證小哥秘密社團 (點我加入)</a></h3>\n\n<p><a href=\"http://cmy.tw/005ihk\"><img alt=\"\" height=\"131\" src=\"http://www.cmoney.tw/learn/cmstatic/learn/38/20180129102639079.gif\" width=\"400\" /></a></p>\n\n<p><a href=\"http://cmy.tw/005omJ\"><img alt=\"\" height=\"128\" src=\"http://www.cmoney.tw/learn/cmstatic/learn/38/20180129102652193.gif\" width=\"400\" /></a></p>\n\n<h3><a href=\"http://cmy.tw/005jsN\"><img alt=\"\" height=\"463\" src=\"http://www.cmoney.tw/learn/cmstatic/learn/38/20180129102545507.png\" width=\"401\" /></a></h3>\n\n<p>&nbsp;</p>\n",
        "ViewCount": "3658",
        "IsReference": false,
        "ReferenceList": null,
        "OgImgURL": "http://www.cmoney.tw/learn/cmstatic/learn/38/20180129112152974.jpg"
    },
    "badges": [],
    "isTreeCompleted": false,
    "nextCourse": null
}