{
    "courseDetail": {
        "CourseId": 3331,
        "CourseContent": "<p>各位進到金融市場裡</p>\n\n<p>我想不會純粹只是好玩而已</p>\n\n<p>一定都是為賺錢而來的</p>\n\n<p>&nbsp;</p>\n\n<p>透過金融市場賺錢的方法</p>\n\n<p>大致上能分成 3 種</p>\n\n<p>1. 投資</p>\n\n<p>2. 投機</p>\n\n<p>3. 賭博</p>\n\n<p>&nbsp;</p>\n\n<p>各位如果想知道自己是哪一種</p>\n\n<p>在進場之前可以先釐清一下出發心</p>\n\n<p>以及進場當下的準備狀況</p>\n\n<p>即可分辨出自己</p>\n\n<p>到底是在「投資」、「投機」抑或是「賭博」</p>\n\n<p>&nbsp;</p>\n\n<p>先講投資和投機</p>\n\n<p>想做好這 2 種操作方式都是需要花費一番心力來準備的</p>\n\n<p>進場前先進行一輪分析、評估最大風險</p>\n\n<p>再做出適合當下情況的動作</p>\n\n<p>期望以能用可承受的風險去換取潛在的報酬與機會</p>\n\n<p>&nbsp;</p>\n\n<p>而賭博就不是了</p>\n\n<p>往往尚未評估風險就先進場</p>\n\n<p>並且進場完全只透過運氣</p>\n\n<p>卻期望達到獲利</p>\n\n<p>因此，賭博的人常常會埋怨幸運女神不在身旁。</p>\n\n<p>&nbsp;</p>\n\n<p>&nbsp;</p>\n\n<p>至於投資跟投機，要怎麼分辨呢？</p>\n\n<p>比較簡單的辨別方式如下：</p>\n\n<p>&nbsp;</p>\n\n<p><strong><span style=\"background-color:#FFFF00\">＃投資：</span></strong></p>\n\n<p>獲利源自於投入本金後</p>\n\n<p>因為買進的股票公司營運有獲利進而發放股利</p>\n\n<p>而非因價格波動，短期造成本金價值變動的差額利潤。</p>\n\n<p>&nbsp;</p>\n\n<p>白話一點</p>\n\n<p>就是自己就是公司的股東</p>\n\n<p>只要公司賺錢就能照比例跟著分錢的概念</p>\n\n<p>&nbsp;</p>\n\n<p><strong><span style=\"background-color:#FFFF00\">＃投機：</span></strong></p>\n\n<p>獲利源自於投入本金後</p>\n\n<p>因市場價格產生了不尋常的波動</p>\n\n<p>進而造成本金的價值變動，從中獲取報酬</p>\n\n<p><br />\n白話一點</p>\n\n<p>投機就是不斷尋找「低買高賣」的價差機會</p>\n\n<p>透過投入這些機會，達到獲利累積的目的。</p>\n\n<p>&nbsp;</p>\n\n<p>&nbsp;</p>\n\n<p>而我的個性適合甚麼？</p>\n\n<p>到底適合投資或投機？</p>\n\n<p>這因人而異，需要透過大家對自我的認知而定。</p>\n\n<p>&nbsp;</p>\n\n<p>值得注意的是</p>\n\n<p>很多人開始只想透過「賺價差」投機</p>\n\n<p>但進場後面臨套牢，無法果斷停損</p>\n\n<p>於是就會說服自己轉換成長期抱股（套牢）的「投資」</p>\n\n<p>&nbsp;</p>\n\n<p>這樣失敗大賠的例子在市場上常常見到</p>\n\n<p>因為就算自我催眠是投資</p>\n\n<p>其實打從心裡對於未來完全無計畫</p>\n\n<p>只是一廂情願的相信自己資產價值會回升</p>\n\n<p>這其實就是一種賭博。</p>\n\n<p>&nbsp;</p>\n\n<p>這樣的狀況容易讓自己損失大量的財富</p>\n\n<p>各位在金融市場裡不可不慎</p>\n\n<p>請一定要小心！</p>\n",
        "ViewCount": "2009",
        "IsReference": false,
        "ReferenceList": null,
        "OgImgURL": ""
    },
    "badges": [],
    "isTreeCompleted": false,
    "nextCourse": null
}