{
    "courseDetail": {
        "CourseId": 3337,
        "CourseContent": "<p>停損點（金額）決定了</p>\n\n<p>是否就一定值得進場了呢？</p>\n\n<p>其實也並不然，有個關鍵因素</p>\n\n<p>就是這筆交易會有多少的預期獲利？</p>\n\n<p>&nbsp;</p>\n\n<p>一段行情走勢，總會有個暫時的休息點</p>\n\n<p>稍作休息繼續往前走</p>\n\n<p>但一定會有盡頭不會永無止境！</p>\n\n<p>（除非往下走，走到商品下市）</p>\n\n<p>&nbsp;</p>\n\n<p>既然這樣</p>\n\n<p>每次的走勢必然有所謂的目標</p>\n\n<p>目標達到了就暫時休息</p>\n\n<p>休息完了，就再往下個目標邁進</p>\n\n<p>而這個目標，就是我們所謂的「預期報酬」。</p>\n\n<p>&nbsp;</p>\n\n<p>當「停損金額」設定後</p>\n\n<p>可以跟「預期報酬」做個比對</p>\n\n<p>評估「獲利/虧損」的比例，稱作「盈虧比」</p>\n\n<p>&nbsp;</p>\n\n<p>如果賺錢可能賺10元，賠錢卻要賠100元</p>\n\n<p>盈虧比10 / 100 = 0.1，就很不划算。</p>\n\n<p>如果賺錢可能賺100元，賠錢卻只賠10元</p>\n\n<p>盈虧比100 / 10 = 10，就很划算。</p>\n\n<p>&nbsp;</p>\n\n<p>交易切記要評估盈虧比</p>\n\n<p>切忌做出「只賺一隻雞，卻賠一頭牛」，很不划算！</p>\n",
        "ViewCount": "874",
        "IsReference": false,
        "ReferenceList": null,
        "OgImgURL": ""
    },
    "badges": [],
    "isTreeCompleted": false,
    "nextCourse": null
}