{
    "courseDetail": {
        "CourseId": 3356,
        "CourseContent": "<p><img alt=\"\" height=\"589\" src=\"http://www.cmoney.tw/learn/cmstatic/learn/46/20190425151536332.jpg\" width=\"703\" /></p>\n\n<p>很多新手剛學習股票，在看選股軟體時，</p>\n\n<p>常常看到會有標的「反白」呈現，</p>\n\n<p>這時候就會有人問：</p>\n\n<p>「老師這到底是什麼意思？叫我買這檔嗎？」</p>\n\n<p>&nbsp;</p>\n\n<p>其實這「反白」的狀況，</p>\n\n<p>就是常聽到的「漲停板」（或是跌停板）</p>\n\n<p>&nbsp;</p>\n\n<h1>漲跌停板</h1>\n\n<h1>代表股票單日的最大漲跌幅</h1>\n\n<p>台灣證券交易所於104年6月1日起，</p>\n\n<p>將漲跌幅度，由 7% 放寬至 10%。</p>\n\n<p>&nbsp;</p>\n\n<p>老師幫大家再翻更白話一點，</p>\n\n<p>那就是你的股票，</p>\n\n<p>最多一天只能漲 10%</p>\n\n<p>或是，最多一天能跌 10%&nbsp;</p>\n\n<p>&nbsp;</p>\n\n<h1>我的持股「跌停」了</h1>\n\n<h1>該怎麼辦呢？</h1>\n\n<p>造成股價「漲停」、「跌停」的因素很多</p>\n\n<p>長週期向上成長的股票，</p>\n\n<p>中間也有可能會遇到「跌停」</p>\n\n<p>所以即使持股出現跌停板，</p>\n\n<p>其實也不用太擔心！</p>\n\n<p>&nbsp;</p>\n\n<p>主要還是根據你的「交易策略」去進出，</p>\n\n<p>舉例來說，我們「超簡單投資法」</p>\n\n<p>最常見的出場方式「20週均線進出」</p>\n\n<p>在還沒跌破以前，你都不需要過度操心！</p>\n\n<p>&nbsp;</p>\n\n<p>後續再繼續和大家介紹</p>\n\n<p>我們的「超簡單投資法」！</p>\n\n<p>&nbsp;</p>\n\n<h1>自動幫你監控持股的App</h1>\n\n<p><img alt=\"\" height=\"837\" src=\"http://www.cmoney.tw/learn/cmstatic/learn/46/20190425160230850.jpg\" width=\"820\" /></p>\n\n<p><img alt=\"\" height=\"837\" src=\"http://www.cmoney.tw/learn/cmstatic/learn/46/20190425160242529.jpg\" width=\"820\" /></p>\n\n<p>&nbsp;</p>\n\n<p><img alt=\"\" height=\"837\" src=\"http://www.cmoney.tw/learn/cmstatic/learn/46/20190425160343262.jpg\" width=\"820\" /><img alt=\"\" height=\"837\" src=\"http://www.cmoney.tw/learn/cmstatic/learn/46/20190425160301266.jpg\" width=\"820\" /></p>\n\n<p><img alt=\"\" height=\"837\" src=\"http://www.cmoney.tw/learn/cmstatic/learn/46/20190425160308202.jpg\" width=\"820\" /></p>\n\n<p><img alt=\"\" height=\"837\" src=\"http://www.cmoney.tw/learn/cmstatic/learn/46/20190425160427325.jpg\" width=\"820\" /></p>\n\n<p><img alt=\"\" height=\"837\" src=\"http://www.cmoney.tw/learn/cmstatic/learn/46/20190425160435518.jpg\" width=\"820\" /></p>\n\n<p><img alt=\"\" height=\"837\" src=\"http://www.cmoney.tw/learn/cmstatic/learn/46/20190425160505005.jpg\" width=\"820\" /></p>\n\n<p><img alt=\"\" height=\"837\" src=\"http://www.cmoney.tw/learn/cmstatic/learn/46/20190425160516042.jpg\" width=\"820\" /></p>\n\n<h2>現在馬上下載！</h2>\n\n<h2>讓「手機」幫你監控持股！</h2>\n\n<h2><span style=\"font-size:18px\"><span style=\"background-color:rgb(255, 255, 255); color:rgb(29, 33, 41); font-family:helvetica,arial,sans-serif\">Iphone 下載連結：&nbsp;</span><a href=\"http://cmy.tw/006Pir\"><span style=\"font-family:times new roman\">http://cmy.tw/006Pir</span></a><br />\n<span style=\"background-color:rgb(255, 255, 255); color:rgb(29, 33, 41); font-family:helvetica,arial,sans-serif\">Android 下載連結：&nbsp;</span><span style=\"font-family:times new roman\"><a href=\"http://cmy.tw/006L3K\">http://cmy.tw/006L3K</a></span></span></h2>\n",
        "ViewCount": "59720",
        "IsReference": false,
        "ReferenceList": null,
        "OgImgURL": "http://www.cmoney.tw/learn/cmstatic/learn/46/20190425151536332.jpg"
    },
    "badges": [],
    "isTreeCompleted": false,
    "nextCourse": null
}