{
    "courseDetail": {
        "CourseId": 3378,
        "CourseContent": "<h1>【主流股操盤法－第二集】挑主流飆股３部曲</h1>\n\n<h2>✎什麼叫主流？</h2>\n\n<p>台股在一個多頭趨勢當中</p>\n\n<p>各產業、各類股會以「輪動」方式去上漲</p>\n\n<p>我以塑膠、鋼鐵、金融、航運、食品這些類股做舉例</p>\n\n<p>可能第一波漲塑膠；接著開始漲鋼鐵</p>\n\n<p>鋼鐵漲完漲金融；金融漲完漲航運</p>\n\n<p>航運漲完漲食品，這就叫做「類股輪動」</p>\n\n<p>而這波漲塑膠，我們就會稱現在主流族群是塑膠族群</p>\n\n<p>這波漲鋼鐵，我們就會稱現在主流族群是鋼鐵族群</p>\n\n<p>&nbsp;</p>\n\n<h2>✎為什麼要挑主流族群？</h2>\n\n<p>挑主流族群的主流股去買的話</p>\n\n<p>操作勝率會比一般股票高</p>\n\n<p>因為主流族群會有一個「齊漲齊跌」的特性</p>\n\n<p>要拉抬一整個族群不容易</p>\n\n<p>背後絕對是有資金雄厚的主力在撐腰</p>\n\n<p>而不是地方的小主力所為</p>\n\n<p>&nbsp;</p>\n\n<h1>３步驟挑出主流飆股：</h1>\n\n<h2>一、選股條件：</h2>\n\n<p><span style=\"font-size:18px\"><strong>運用「丹尼爾－波段主流股盤中監控」</strong></span></p>\n\n<p><span style=\"font-size:18px\"><strong>勾選５、７、８、１０、２０、６０</strong></span></p>\n\n<p>第一步：先點選篩選設定</p>\n\n<p>第二步：勾選圖上的「５、７、８、１０、２０、６０」的條件</p>\n\n<p>第三步：最後點確認即可</p>\n\n<p><a href=\"https://lihi1.com/KPQ7c\"><img alt=\"\" height=\"470\" src=\"http://www.cmoney.tw/notes/cmstatic/notes/capture/876526/20190509120925101.png\" width=\"820\" /></a></p>\n\n<p>&nbsp;</p>\n\n<p>這選股條件可以挑出均線糾結且當天為主流領漲股</p>\n\n<p>再搭配軟體內建漲幅３％的條件</p>\n\n<p>就很容易挑到第一根起漲的主流飆股！</p>\n\n<p>&nbsp;</p>\n\n<h2>二、週線基期、位階：</h2>\n\n<p><strong><span style=\"font-size:larger\">方法：股價需在週２４ＭＡ或週４８ＭＡ附近起漲</span></strong></p>\n\n<p>週２４ＭＡ又稱半年線；週４８ＭＡ又稱年線</p>\n\n<p>基本上，股價在半年線或年線附近就叫做「週線基期低」</p>\n\n<p><a href=\"https://lihi1.com/KPQ7c\"><img alt=\"\" height=\"464\" src=\"http://www.cmoney.tw/notes/cmstatic/notes/capture/876526/20190509145135392.png\" width=\"820\" /></a></p>\n\n<p>&nbsp;</p>\n\n<p>股票有個特性：</p>\n\n<p>會從基期低的地方漲到基期高的位置</p>\n\n<p>再從基期高的位置跌到基期低的地方</p>\n\n<p>像是物極必反的不變定律！</p>\n\n<p>所以，買股盡量找週線基期低的股票</p>\n\n<p>才不會常常買了就被套在最高點。</p>\n\n<p>&nbsp;</p>\n\n<p>另外，並不是找週線基期低的地方</p>\n\n<p>就可以直接進場買</p>\n\n<p>還要搭配第三點：<strong>「</strong>日線突破<strong>」</strong>才行</p>\n\n<p>&nbsp;</p>\n\n<h2>三、日線突破：</h2>\n\n<p><span style=\"font-size:18px\"><strong>日線型態須符合「上漲、盤整、突破、量大」</strong></span></p>\n\n<p><strong><span style=\"font-size:larger\">這四個主流股的關鍵因子</span></strong></p>\n\n<p>上漲：股價有一段上漲的波段</p>\n\n<p>盤整：當這個波段結束之後，股價會進入箱型整理</p>\n\n<p>突破：最後，股價長紅突破此箱型整理</p>\n\n<p>量大：長紅突破當天需成交量放大</p>\n\n<p><a href=\"https://lihi1.com/KPQ7c\"><img alt=\"\" height=\"466\" src=\"http://www.cmoney.tw/notes/cmstatic/notes/capture/876526/20190509151331148.png\" width=\"820\" /></a></p>\n\n<p>&nbsp;</p>\n\n<p>以廣隆(1537)為例，股價在先前有一段上漲的波段</p>\n\n<p>接著，股價開始呈現箱型整理</p>\n\n<p>最後，長紅突破此箱型整理，而且是帶量突破</p>\n\n<p>當天漲３％時，「丹尼爾－波段主流股盤中監控」會及時跳出</p>\n\n<p>盤中軟體就是有這個好處、優點</p>\n\n<p>才不會活生生錯過一個好買點！</p>\n\n<p><a href=\"https://lihi1.com/KPQ7c\"><img alt=\"\" height=\"466\" src=\"http://www.cmoney.tw/notes/cmstatic/notes/capture/876526/20190509151940753.png\" width=\"820\" /></a></p>\n\n<p>&nbsp;</p>\n\n<p>以泰鼎-KY(4927)為例</p>\n\n<p>一樣股價在先前有一段上漲的波段</p>\n\n<p>接著，股價開始呈現箱型整理</p>\n\n<p>最後，長紅突破此箱型整理，而且是帶量突破</p>\n\n<p>同學可以發現，股價在飆漲前的過程</p>\n\n<p>很像一個階梯式的形狀</p>\n\n<p>這就是飆股的型態之一</p>\n\n<p>&nbsp;</p>\n\n<p>以上就是如何挑出「主流飆股」的方法</p>\n\n<p>&nbsp;</p>\n\n<p><a href=\"https://goo.gl/CQnxRt\" style=\"outline-style: initial; outline-width: 0px; color: rgb(49, 137, 200); position: relative;\" target=\"_blank\"><img alt=\"\" height=\"132\" src=\"http://www.cmoney.tw/app/cmstatic/app/images/img/6313fd97-cc22-4dee-bf37-02f8f3c842f9636556073742140494.gif\" width=\"400\" /></a></p>\n\n<p>&nbsp;</p>\n\n<p><strong><span style=\"font-size:larger\">還想學更多的話，請點以下按鈕開始下一課！！</span></strong></p>\n",
        "ViewCount": "1939",
        "IsReference": false,
        "ReferenceList": null,
        "OgImgURL": "http://www.cmoney.tw/notes/cmstatic/notes/capture/876526/20190509120925101.png"
    },
    "badges": [],
    "isTreeCompleted": false,
    "nextCourse": null
}