{
    "courseDetail": {
        "CourseId": 3388,
        "CourseContent": "<h1>【主流股做空操盤法－第五集】上班族做空操作法</h1>\n\n<h2>✎上班族做空操作法</h2>\n\n<p>因為上班族基本上無法盯盤</p>\n\n<p>加上可能無法開啟軟體去做使用</p>\n\n<p>想要在盤中就挑到可以作空的股票</p>\n\n<p>可說是難上加難！</p>\n\n<p>這集就來教同學上班族如何去不盯盤</p>\n\n<p>又可以參與到空頭行情</p>\n\n<p>以下就來跟各位同學講解上班族如何作空！</p>\n\n<p>&nbsp;</p>\n\n<h2>一、加入手機自選股：</h2>\n\n<p><span style=\"font-size:18px\"><strong>要先確定是否有長黑跌破平切</strong></span></p>\n\n<p>這是前幾集的課程內容教的</p>\n\n<p>這邊我就不再贅述！</p>\n\n<p>就是去尋找破季線之後盤整２０天以上</p>\n\n<p>然後長黑跌破初跌段低點的股票</p>\n\n<p>上班族可以在收盤後，晚上做功課</p>\n\n<p>將這些符合條件的股票加入手機自選股中</p>\n\n<p>&nbsp;</p>\n\n<h2>二、量縮反彈至５ＭＡ附近：</h2>\n\n<p>將符合條件的股票加入手機自選股之後</p>\n\n<p>等待這些股票是否有反彈到５ＭＡ附近</p>\n\n<p>而且記得當天一定要量縮</p>\n\n<p>量縮我會建議要在長黑跌破那天成交量的１／２之下</p>\n\n<p>才能確定這個反彈的力道是不夠的！</p>\n\n<p>&nbsp;</p>\n\n<p><a href=\"http://lihi1.com/KPQ7c\"><img alt=\"\" height=\"384\" src=\"http://www.cmoney.tw/notes/cmstatic/notes/capture/876526/20190516151332545.png\" width=\"820\" /></a></p>\n\n<p>&nbsp;</p>\n\n<h2>三、收盤前再做空：</h2>\n\n<p>收盤前大約１３：１５～１３：２５間才出手</p>\n\n<p>原因是因為上班族大部分只能躲廁所稍微看一下</p>\n\n<p>這個方法不用花到３分鐘的時間</p>\n\n<p>對於上班族作空是很適合的操作方法</p>\n\n<p>而且收盤前才出手的話</p>\n\n<p>更可以避開盤中的股價波動雜訊</p>\n\n<p><a href=\"http://lihi1.com/KPQ7c\"><img alt=\"\" height=\"395\" src=\"http://www.cmoney.tw/notes/cmstatic/notes/capture/876526/20190516152309306.png\" width=\"820\" /></a></p>\n\n<p>&nbsp;</p>\n\n<p>以台半(5425)為例</p>\n\n<p>在尾盤約１３：１５～１３：２５之間出手</p>\n\n<p>就可以避開盤中股價的波動</p>\n\n<p>身為上班族的你，只要晚上做好功課</p>\n\n<p>將符合條件的股票加進手機自選股</p>\n\n<p>在中午接近尾盤時間</p>\n\n<p>去蹲一下廁所偷看一下股票</p>\n\n<p>不花你３分鐘的時間</p>\n\n<p>就能輕鬆做到這個操作方法</p>\n\n<p>而且主管問起，你也可以說你午餐吃壞肚子</p>\n\n<p>只是主管會好奇為什麼你每天都吃壞肚子ＸＤ</p>\n\n<p>這招又稱為「上班族蹲廁所操盤法」！</p>\n\n<p>&nbsp;</p>\n\n<p>以上就是「上班族做空操作法」的使用教學</p>\n\n<p><a href=\"https://goo.gl/CQnxRt\" style=\"outline-style: initial; outline-width: 0px; color: rgb(49, 137, 200); position: relative;\" target=\"_blank\"><img alt=\"\" height=\"132\" src=\"http://www.cmoney.tw/app/cmstatic/app/images/img/6313fd97-cc22-4dee-bf37-02f8f3c842f9636556073742140494.gif\" width=\"400\" /></a></p>\n\n<p>&nbsp;</p>\n\n<p><strong><span style=\"font-size:larger\">還想學更多的話，請點以下按鈕開始下一課！！</span></strong></p>\n",
        "ViewCount": "501",
        "IsReference": false,
        "ReferenceList": null,
        "OgImgURL": "http://www.cmoney.tw/notes/cmstatic/notes/capture/876526/20190516151332545.png"
    },
    "badges": [],
    "isTreeCompleted": false,
    "nextCourse": null
}