{
    "courseDetail": {
        "CourseId": 3382,
        "CourseContent": "<h1>【主流股操盤法－第六集】上班族做多買股法</h1>\n\n<h2>✎不能盯盤的人、上班族必學!!</h2>\n\n<p>前面幾堂課程都是教同學如何追突破</p>\n\n<p>一般來說，能盯盤的人才有辦法追突破</p>\n\n<p>不能盯盤的人要追突破的話</p>\n\n<p>通常會追到太高的價位，反而變成過度追高</p>\n\n<p>而這次來教各位同學「上班族必學買股法」</p>\n\n<p>就是針對不太能盯盤的上班族</p>\n\n<p>既不用追高，又也可以參與到主升段飆漲行情</p>\n\n<p>&nbsp;</p>\n\n<h2>✎上班族必學３招</h2>\n\n<p><strong><span style=\"font-size:larger\">1.從軟體挑出長紅突破平切的股票</span></strong></p>\n\n<p>首先，股價站上季線且MACD站上０軸走初升段</p>\n\n<p>接著，MACD由紅轉綠，盤整超過２０天</p>\n\n<p>從初升段最高點畫一條平切</p>\n\n<p>最後，帶量長紅突破平切</p>\n\n<p><a href=\"https://lihi1.com/KPQ7c\"><img alt=\"\" height=\"275\" src=\"http://www.cmoney.tw/notes/cmstatic/notes/capture/876526/20190512145548689.png\" width=\"820\" /></a></p>\n\n<p><a href=\"https://lihi1.com/KPQ7c\"><img alt=\"\" height=\"453\" src=\"http://www.cmoney.tw/notes/cmstatic/notes/capture/876526/20190512143010678.png\" width=\"820\" /></a></p>\n\n<p>&nbsp;</p>\n\n<p><strong><span style=\"font-size:larger\">2.突破後，量縮拉回５ＭＡ附近</span></strong></p>\n\n<p>確認長紅突破平切之後</p>\n\n<p>上班族若不能盯盤追不到突破點的話</p>\n\n<p>就只能運用現在教的「量縮拉回５ＭＡ」買法</p>\n\n<p>有不少股票在突破之後容易拉回５ＭＡ附近</p>\n\n<p>但須注意的是當天需要量縮近期最大量的１／２之下</p>\n\n<p>才能確保這拉回下跌的籌碼是穩定的</p>\n\n<p><a href=\"https://lihi1.com/KPQ7c\"><img alt=\"\" height=\"390\" src=\"http://www.cmoney.tw/notes/cmstatic/notes/capture/876526/20190512145127808.png\" width=\"820\" /></a></p>\n\n<p>&nbsp;</p>\n\n<p><strong><span style=\"font-size:larger\">3.量縮拉回當天收盤前買進</span></strong></p>\n\n<p>拉回５ＭＡ的當天除了要注意量縮至１／２之下以外</p>\n\n<p>還需另外注意盡量收盤前再買進</p>\n\n<p>大概是１３：１５～１３：２５左右</p>\n\n<p>收盤前買進的好處是因為股價已經不太動了</p>\n\n<p>所以不會受到盤中的波動風險</p>\n\n<p>而且對於上班族來說，快收盤的時候</p>\n\n<p>可以在公司廁所邊上廁所邊看一下股票</p>\n\n<p>一天只要花２～３分鐘就可以輕鬆買股</p>\n\n<p>這就是「上班族必學買股法」！</p>\n\n<p><a href=\"https://lihi1.com/KPQ7c\"><img alt=\"\" height=\"627\" src=\"http://www.cmoney.tw/notes/cmstatic/notes/capture/876526/20190512151328228.png\" width=\"819\" /></a></p>\n\n<p>&nbsp;</p>\n\n<p>以上就是本章節：上班族必學買股法</p>\n\n<p>同學可以自己從軟體歷史回測功能</p>\n\n<p>挑出符合長紅突破平切的主流股</p>\n\n<p>再搭配我教的「上班族必學買股法」去操作</p>\n\n<p>我想，這對上班族來說是一大福音！</p>\n\n<p>&nbsp; &nbsp; &nbsp; &nbsp;</p>\n\n<p><a href=\"https://goo.gl/CQnxRt\" style=\"outline-style: initial; outline-width: 0px; color: rgb(49, 137, 200); position: relative;\" target=\"_blank\"><img alt=\"\" height=\"132\" src=\"http://www.cmoney.tw/app/cmstatic/app/images/img/6313fd97-cc22-4dee-bf37-02f8f3c842f9636556073742140494.gif\" width=\"400\" /></a></p>\n\n<p>&nbsp;</p>\n\n<p><strong><span style=\"font-size:larger\">還想學更多的話，請點以下按鈕開始下一課！！</span></strong></p>\n",
        "ViewCount": "1020",
        "IsReference": false,
        "ReferenceList": null,
        "OgImgURL": "http://www.cmoney.tw/notes/cmstatic/notes/capture/876526/20190512145548689.png"
    },
    "badges": [],
    "isTreeCompleted": false,
    "nextCourse": null
}