{
    "courseDetail": {
        "CourseId": 3389,
        "CourseContent": "<h1>【主流股做空操盤法－第六集】做空下單教學</h1>\n\n<h2>✎基礎認知</h2>\n\n<p>因為有些同學對於「做空」會怕怕的</p>\n\n<p>原因第一是對作空的下單操作不熟</p>\n\n<p>第二是沒操作過會不敢作空</p>\n\n<p>這集課程就是教同學做空要如何下單實作</p>\n\n<p>以及如何一秒變作空大師！</p>\n\n<p>&nbsp;</p>\n\n<h2>一、下單做空的基礎操作：</h2>\n\n<p><span style=\"font-size:larger\"><strong>1.當天回補：「融券賣出，融資買進」</strong></span></p>\n\n<p><strong><span style=\"font-size:larger\">口訣&rarr;券賣資買</span></strong></p>\n\n<p>作空的話要先按賣出，回補的話就要按買進</p>\n\n<p>只是融資和融券要分清楚</p>\n\n<p>若是當天作空、當天就回補的話</p>\n\n<p>下單作空時候就是按「融券賣出」</p>\n\n<p>回補的時候按「融資買進」</p>\n\n<p>&nbsp;</p>\n\n<p><a href=\"http://lihi1.com/KPQ7c\"><img alt=\"\" height=\"642\" src=\"http://www.cmoney.tw/notes/cmstatic/notes/capture/876526/20190516154434173.png\" width=\"540\" /></a></p>\n\n<p>&nbsp;</p>\n\n<p><a href=\"http://lihi1.com/KPQ7c\"><img alt=\"\" height=\"645\" src=\"http://www.cmoney.tw/notes/cmstatic/notes/capture/876526/20190516154528337.png\" width=\"531\" /></a></p>\n\n<p>&nbsp;</p>\n\n<p><span style=\"font-size:larger\"><strong>2.非當天回補：「融券賣出，融券買進」</strong></span></p>\n\n<p><span style=\"font-size:18px\"><strong>口訣&rarr;券賣券買</strong></span></p>\n\n<p>非當天的意思就是例如今天作空，隔天回補</p>\n\n<p>或是今天作空，未來的某一天回補</p>\n\n<p>只要作空和回補不在同一天的話</p>\n\n<p>就叫做非當天回補</p>\n\n<p>若是非當天回補的話</p>\n\n<p>下單作空時要按「融券賣出」</p>\n\n<p>回補的時候按「融券買進」</p>\n\n<p>&nbsp;</p>\n\n<p><a href=\"http://lihi1.com/KPQ7c\"><img alt=\"\" height=\"612\" src=\"http://www.cmoney.tw/notes/cmstatic/notes/capture/876526/20190516154930855.png\" width=\"532\" /></a></p>\n\n<p>&nbsp;</p>\n\n<p><a href=\"http://lihi1.com/KPQ7c\"><img alt=\"\" height=\"625\" src=\"http://www.cmoney.tw/notes/cmstatic/notes/capture/876526/20190516154943600.png\" width=\"510\" /></a></p>\n\n<p>&nbsp;</p>\n\n<h2>二、一秒變做空大師：</h2>\n\n<p><strong><span style=\"font-size:larger\">方法：使用軟體空方反轉圖，將線圖翻轉１８０度</span></strong></p>\n\n<p>一般來說，大部分同學都是習慣做多的</p>\n\n<p>所以線型看往上的比較看得懂</p>\n\n<p>作空往下的線圖反而不是那麼好看的出來</p>\n\n<p>有眼尖的同學應該有發現</p>\n\n<p>其實，做多和做空很類似</p>\n\n<p>像是反過來看而已</p>\n\n<p>確實，做多和做空是剛好將線圖反過來看</p>\n\n<p>所以只要將線圖翻轉１８０度，就看得懂了！</p>\n\n<p>&nbsp;</p>\n\n<p><a href=\"http://lihi1.com/KPQ7c\"><img alt=\"\" height=\"410\" src=\"http://www.cmoney.tw/notes/cmstatic/notes/capture/876526/20190516162416190.png\" width=\"820\" /></a></p>\n\n<p>&nbsp;</p>\n\n<p>例如像上面這張圖，若看不太出來</p>\n\n<p>哪裡是初跌段，哪裡是初跌段低點</p>\n\n<p>哪裡畫平切，哪裡是長黑跌破的話</p>\n\n<p>只要將上圖翻轉１８０度之後</p>\n\n<p>你就會發現不一樣了！好像看得懂了～～</p>\n\n<p>&nbsp;</p>\n\n<p><a href=\"http://lihi1.com/KPQ7c\"><img alt=\"\" height=\"411\" src=\"http://www.cmoney.tw/notes/cmstatic/notes/capture/876526/20190516162905260.png\" width=\"820\" /></a></p>\n\n<p>&nbsp;</p>\n\n<p>咦！這不是就最常看到的標準送分題嗎？</p>\n\n<p>股價站上季線而且MACD站上０軸走初升段</p>\n\n<p>然後盤整超過２０天之後</p>\n\n<p>從初升段最高點畫一條平切</p>\n\n<p>之後長紅突破平切位置就是追突破的精準買點！</p>\n\n<p>突然發現，好像全部看懂了</p>\n\n<p>做空不就跟做多一樣，只是翻轉過來而已</p>\n\n<p>沒錯！你說對了～～～</p>\n\n<p>&nbsp;</p>\n\n<h2>三、丹尼爾－空方反轉圖：</h2>\n\n<p>若要將線圖翻轉１８０度的話</p>\n\n<p>基本上，只能用小畫家將線圖轉過來</p>\n\n<p>但「丹尼爾－波段主流股盤中監控」有內建翻轉功能</p>\n\n<p>只要你一鍵按下去，就可以翻轉１８０度</p>\n\n<p>更可以幫你將紅Ｋ棒變綠Ｋ棒</p>\n\n<p>MACD技術指標也會紅翻綠、綠翻紅。</p>\n\n<p>&nbsp;</p>\n\n<p><a href=\"http://lihi1.com/KPQ7c\"><img alt=\"\" height=\"551\" src=\"http://www.cmoney.tw/notes/cmstatic/notes/capture/876526/20190516163838672.png\" width=\"820\" /></a></p>\n\n<p>&nbsp;</p>\n\n<p>以上就是這集「做空操作基礎介紹」的課程內容</p>\n\n<p><a href=\"https://goo.gl/CQnxRt\" style=\"outline-style: initial; outline-width: 0px; color: rgb(49, 137, 200); position: relative;\" target=\"_blank\"><img alt=\"\" height=\"132\" src=\"http://www.cmoney.tw/app/cmstatic/app/images/img/6313fd97-cc22-4dee-bf37-02f8f3c842f9636556073742140494.gif\" width=\"400\" /></a></p>\n\n<p>&nbsp;</p>\n\n<p><strong><span style=\"font-size:larger\">還想學更多的話，請點以下按鈕開始下一課！！</span></strong></p>\n",
        "ViewCount": "6673",
        "IsReference": false,
        "ReferenceList": null,
        "OgImgURL": "http://www.cmoney.tw/notes/cmstatic/notes/capture/876526/20190516154434173.png"
    },
    "badges": [],
    "isTreeCompleted": false,
    "nextCourse": null
}