{
    "courseDetail": {
        "CourseId": 3385,
        "CourseContent": "<h1>【主流股做空操盤法－第二集】抓跌破做空３部曲</h1>\n\n<h2>✎精準的作空點位</h2>\n\n<p>上一個課程是教同學一個標準的作空型態</p>\n\n<p>但要怎麼抓一個精準的作空點位</p>\n\n<p>精準的買賣點位對於交易來說是很關鍵的一環</p>\n\n<p>買的好，就不太會被洗出場</p>\n\n<p>進而提高操作勝率</p>\n\n<p>換句話說就是買的好，要賠到錢不容易</p>\n\n<p>而接下來的課程就是要和各位教學</p>\n\n<p>如何判斷一個精準的作空點位</p>\n\n<p>請看我在以下一一講解！！</p>\n\n<p>&nbsp;</p>\n\n<h1>作空口訣：破季線、進盤整、向下破平切</h1>\n\n<h2>一、破季線：</h2>\n\n<p>上一個課程有提到要一個下跌段</p>\n\n<p>而下跌要如何作一個精確的定義</p>\n\n<p>這邊就來跟同學作講解</p>\n\n<p>這個下跌的波段有一個關鍵點</p>\n\n<p>就是要跌破季線</p>\n\n<p>沒有跌破季線的就是一個不ＯＫ的下跌段</p>\n\n<p>基本上，季線為一個多空的分界線</p>\n\n<p>當跌破季線就代表股價已經轉空</p>\n\n<p><a href=\"https://lihi1.com/KPQ7c\"><img alt=\"\" height=\"415\" src=\"http://www.cmoney.tw/notes/cmstatic/notes/capture/876526/20190515151641951.png\" width=\"820\" /></a></p>\n\n<p>&nbsp;</p>\n\n<p>由上圖做舉例，股價在跌破季線時</p>\n\n<p>你須找出一個確定跌破的關鍵黑Ｋ棒</p>\n\n<p>然後，通常會有一個輔助判斷的現象</p>\n\n<p>就是MACD會跌破０軸</p>\n\n<p>這時候可以知道股價在走初跌段</p>\n\n<p>但此時還不適合作空。</p>\n\n<p>&nbsp;</p>\n\n<h2>二、進盤整：</h2>\n\n<p>當股價走完初跌段之後，會開始進入盤整區間</p>\n\n<p>這個初跌段會走多長多遠，不曉得</p>\n\n<p>所以才不適合在這邊直接做空</p>\n\n<p>因為可能會常常遇到一日行情</p>\n\n<p>要先等盤整超過２０天之後</p>\n\n<p>就可以確認初跌段低點在哪裡</p>\n\n<p>從初跌段低點畫出一條平切線</p>\n\n<p>這條平切線跟做多一樣</p>\n\n<p>是判斷是否跌破的關鍵趨勢線。</p>\n\n<p><a href=\"https://lihi1.com/KPQ7c\"><img alt=\"\" height=\"415\" src=\"http://www.cmoney.tw/notes/cmstatic/notes/capture/876526/20190515152547379.png\" width=\"820\" /></a></p>\n\n<p>&nbsp;</p>\n\n<h2>三、向下破平切：</h2>\n\n<p>最後，股價需一根長黑跌破此平切</p>\n\n<p>而這邊跟做多不一樣的地方在於</p>\n\n<p>長黑不需要成交量放大</p>\n\n<p>有的話不錯，但沒有的話也沒關係</p>\n\n<p>只要價格有跌破就是一個不錯的做空點</p>\n\n<p><a href=\"https://lihi1.com/KPQ7c\"><img alt=\"\" height=\"415\" src=\"http://www.cmoney.tw/notes/cmstatic/notes/capture/876526/20190515153354734.png\" width=\"820\" /></a></p>\n\n<p>&nbsp;</p>\n\n<p>當長黑摜破此條平切就是一個不錯的做空點</p>\n\n<p>而當天跌３％時，「丹尼爾－波段主流股盤中監控」會立刻跳出</p>\n\n<p>運用軟體及時進場，才有辦法作空在一個不錯的價位</p>\n\n<p>作空點的成本高低影響這筆交易賺錢與否的關鍵</p>\n\n<p>空的愈低，賺錢的機率就愈低</p>\n\n<p>若不用軟體即時監控台股１６００多檔股票的話</p>\n\n<p>光找到台半(5425)這檔</p>\n\n<p>再加上檢查符不符合作空條件的時候</p>\n\n<p>好的時機點都過了</p>\n\n<p>更不用說前提是要先能在盤中找到台半</p>\n\n<p>股票是一個時機財，錯過好的時機就要再等！</p>\n\n<p>軟體的優點就是可以全面監控、即時訊號提醒！</p>\n\n<p>&nbsp;</p>\n\n<p>以上就是「抓跌破做空３部曲」的方法</p>\n\n<p><a href=\"https://goo.gl/CQnxRt\" style=\"outline-style: initial; outline-width: 0px; color: rgb(49, 137, 200); position: relative;\" target=\"_blank\"><img alt=\"\" height=\"132\" src=\"http://www.cmoney.tw/app/cmstatic/app/images/img/6313fd97-cc22-4dee-bf37-02f8f3c842f9636556073742140494.gif\" width=\"400\" /></a></p>\n\n<p><strong><span style=\"font-size:larger\">還想學更多的話，請點以下按鈕開始下一課！！</span></strong></p>\n",
        "ViewCount": "690",
        "IsReference": false,
        "ReferenceList": null,
        "OgImgURL": "http://www.cmoney.tw/notes/cmstatic/notes/capture/876526/20190515151641951.png"
    },
    "badges": [],
    "isTreeCompleted": false,
    "nextCourse": null
}