{
    "courseDetail": {
        "CourseId": 3415,
        "CourseContent": "<h1>手機隨身操盤法-第五集-檢查突破</h1>\n\n<h2>看完基期，回到日K，檢查突破四要素​</h2>\n\n<p><img alt=\"\" height=\"407\" src=\"http://www.cmoney.tw/learn/cmstatic/learn/341/20200110151633074.jpg\" width=\"400\" /></p>\n\n<p>確認完基期後，就可以回到日K。</p>\n\n<p>&nbsp;</p>\n\n<p>檢查突破有四個階段，</p>\n\n<h1>第一階段是股價必須曾經上漲過一段，也就是初升段，</h1>\n\n<h2>初升段是什麼呢？</h2>\n\n<p>初升段就是「股價站上季線」且「MACD要上０軸」的個股。</p>\n\n<p>因為我們要抓住的是初升段之後飆的最快的主升段，</p>\n\n<p>所以要找尋已經經歷過初升段的個股！</p>\n\n<p><img alt=\"\" height=\"278\" src=\"http://www.cmoney.tw/learn/cmstatic/learn/341/20200110154926992.jpg\" width=\"400\" /></p>\n\n<p>&nbsp;</p>\n\n<h1>第二階段是停止上漲，進入盤整區波動，</h1>\n\n<h2>盤整區是什麼呢？</h2>\n\n<p>盤整區就是從「初升段高點到長紅突破」的這個區間。</p>\n\n<p>股價上上下下，漲不起來，卻也沒有下跌，</p>\n\n<p>盡量找盤整２０天以上，勝率會比較高喔！</p>\n\n<p>對了，盤整區有個特性：ＭＡＣＤ會由紅轉綠喔。</p>\n\n<p><img alt=\"\" height=\"292\" src=\"http://www.cmoney.tw/learn/cmstatic/learn/341/20200110154948616.jpg\" width=\"400\" /></p>\n\n<p>&nbsp;</p>\n\n<h1>第三階段也就是突破！突破了盤整區的價格，</h1>\n\n<h2>那要以什麼價格為突破的標準呢？</h2>\n\n<p>丹尼爾告訴你，用初升段的最高價價格畫一條平切線就可以啦！</p>\n\n<p>記得點選左下角成交量，查看量的變化。</p>\n\n<p>正確的突破，</p>\n\n<p>不只在收盤時留下實紅K棒，並且當天有出現明顯的成交量變很大，</p>\n\n<p>才會有更高的勝率喔！</p>\n\n<p><img alt=\"\" height=\"285\" src=\"http://www.cmoney.tw/learn/cmstatic/learn/341/20200110162514988.jpg\" width=\"400\" /></p>\n\n<p><strong><span style=\"font-size:larger\">還想學更多的話，馬上開始讀下一課吧！！</span></strong></p>\n",
        "ViewCount": "641",
        "IsReference": false,
        "ReferenceList": null,
        "OgImgURL": "http://www.cmoney.tw/learn/cmstatic/learn/341/20200110151633074.jpg"
    },
    "badges": [],
    "isTreeCompleted": false,
    "nextCourse": null
}