{
    "courseDetail": {
        "CourseId": 3449,
        "CourseContent": "<h1><strong>台指當沖交易技巧</strong></h1>\n\n<p>在大波動出現時，顏色操作法非常實用，</p>\n\n<p>搭配台指多空指南針，與期貨商所提供的觸價停損單，</p>\n\n<p>讓台指當沖交易變得更簡單！</p>\n\n<p>這裡自由人分享自己的當沖交易經驗，給各位參考！</p>\n\n<p>&nbsp;</p>\n\n<h2>做多的範例</h2>\n\n<p><span style=\"font-size:18px\"><span style=\"color:#0000FF\">1.多頭趨勢的第二隻腳(正N)</span></span></p>\n\n<p>如果錯過了第一段的多頭行情，你可以耐心等待下一次的多單進場機會。</p>\n\n<p><img alt=\"\" height=\"469\" src=\"http://www.cmoney.tw/learn/cmstatic/learn/10369/20200120170253773.jpg\" width=\"682\" /></p>\n\n<p style=\"margin-left:14.25pt\">範例:<strong>2018</strong><strong>年7月27日</strong></p>\n\n<p><img alt=\"\" height=\"405\" src=\"http://www.cmoney.tw/learn/cmstatic/learn/10369/20200120170308662.jpg\" width=\"820\" /></p>\n\n<p>&nbsp;</p>\n\n<p><span style=\"font-size:18px\"><span style=\"color:#0000FF\">2.站穩關卡價打V轉</span></span></p>\n\n<p><img alt=\"\" height=\"462\" src=\"http://www.cmoney.tw/learn/cmstatic/learn/10369/20200120170457128.jpg\" width=\"577\" /></p>\n\n<p>範例:<strong>2018</strong><strong>年7月24日</strong></p>\n\n<p><img alt=\"\" height=\"402\" src=\"http://www.cmoney.tw/learn/cmstatic/learn/10369/20200120170506081.jpg\" width=\"820\" /></p>\n\n<p>&nbsp;</p>\n\n<p><span style=\"font-size:18px\"><span style=\"color:#0000FF\">3.抄底(逆勢單)</span></span></p>\n\n<h2><strong>天才操盤手的名言：「今低的時候，要想著今高會來！」</strong></h2>\n\n<p>範例:<strong>2018年7月23日</strong></p>\n\n<p><img alt=\"\" height=\"403\" src=\"http://www.cmoney.tw/learn/cmstatic/learn/10369/20200120160243815.jpg\" width=\"820\" /></p>\n\n<h2>&nbsp;</h2>\n\n<h2>&nbsp;</h2>\n\n<h2>&nbsp;</h2>\n\n<h2>做空的範例</h2>\n\n<p><span style=\"color:#0000FF\"><span style=\"font-size:18px\">1.空頭趨勢的第二隻腳(倒N)</span></span></p>\n\n<p><img alt=\"\" height=\"469\" src=\"http://www.cmoney.tw/learn/cmstatic/learn/10369/20200120160835189.jpg\" width=\"682\" /></p>\n\n<p>範例:<strong>2018</strong><strong>年7月3日</strong></p>\n\n<p><img alt=\"\" height=\"487\" src=\"http://www.cmoney.tw/learn/cmstatic/learn/10369/20200120161641144.jpg\" width=\"820\" /></p>\n\n<p>&nbsp;</p>\n\n<p><span style=\"color:#0000FF\"><span style=\"font-size:18px\">2.關卡價不破打A轉</span></span></p>\n\n<p><img alt=\"\" height=\"487\" src=\"http://www.cmoney.tw/learn/cmstatic/learn/10369/20200120161719926.jpg\" width=\"820\" /></p>\n\n<p>範例:<strong>2018</strong><strong>年7月3日</strong></p>\n\n<p><strong><img alt=\"\" height=\"487\" src=\"http://www.cmoney.tw/learn/cmstatic/learn/10369/20200120170724103.jpg\" width=\"820\" /></strong></p>\n\n<p>&nbsp;</p>\n\n<p>3.摸頭(逆勢單)</p>\n\n<p><br />\n範例:<strong>2018</strong><strong>年7月6日</strong><img alt=\"\" height=\"406\" src=\"http://www.cmoney.tw/learn/cmstatic/learn/10369/20200120162313324.jpg\" width=\"820\" /></p>\n\n<p>&nbsp;</p>\n",
        "ViewCount": "1294",
        "IsReference": false,
        "ReferenceList": null,
        "OgImgURL": "http://www.cmoney.tw/learn/cmstatic/learn/10369/20200120170253773.jpg"
    },
    "badges": [],
    "isTreeCompleted": false,
    "nextCourse": null
}