{
    "courseDetail": {
        "CourseId": 3444,
        "CourseContent": "<h1><strong>交易的期望值：</strong></h1>\n\n<p><span style=\"color:rgb(0, 0, 205)\"><strong>公式:&nbsp; E=W*P-L*(1-P)-A</strong></span></p>\n\n<p>W&nbsp;&nbsp; ：每筆交易獲利的點數<br />\nL&nbsp;&nbsp; ：每筆交易虧損的點數<br />\nP&nbsp;&nbsp; ：交易的勝率<br />\n（1－P）：交易的失敗率<br />\nA&nbsp;&nbsp; ：交易成本</p>\n\n<p>&nbsp;</p>\n\n<p>存活在交易市場的關鍵，就是找出期望值大於零<strong>（E&gt;0）</strong>的方法。</p>\n\n<ol>\n\t<li>提高交易的勝率<strong>P</strong><strong>&uarr;</strong></li>\n\t<li>降低交易的失敗率<strong>（1-P）&darr;</strong></li>\n\t<li>增加每筆交易的獲利點數<strong>W</strong><strong>&uarr;</strong></li>\n\t<li>控制每筆交易的虧損點數<strong>L</strong><strong>&darr;</strong></li>\n\t<li>降低交易成本<strong>A</strong><strong>&darr;</strong></li>\n\t<li>Tick Trader與高頻交易的誕生<strong>L</strong><strong>&rarr;0</strong></li>\n</ol>\n",
        "ViewCount": "1228",
        "IsReference": false,
        "ReferenceList": null,
        "OgImgURL": ""
    },
    "badges": [],
    "isTreeCompleted": false,
    "nextCourse": null
}