{
    "courseDetail": {
        "CourseId": 3448,
        "CourseContent": "<h1>每筆交易的獲利及虧損</h1>\n\n<h1>　</h1>\n\n<h2>增加每筆交易的獲利點數</h2>\n\n<p>當沖交易者要增加每筆交易的獲利點數的作法，</p>\n\n<p>就是在勝率極高的情境下，瞬間加碼，</p>\n\n<p>利用在這個交易時點，只有一個方向時，來放大獲利的點數，</p>\n\n<p>此外，策略交易者可以經由統計分析的方式，</p>\n\n<p>在勝率高的交易機會中，</p>\n\n<p>放大交易規模，來增加獲利！</p>\n\n<p>　</p>\n\n<h2><strong>控制每筆交易的虧損點數</strong></h2>\n\n<p>當沖要獲利一定要控制虧損，</p>\n\n<p>偏偏停損這件事卻是違反人性，</p>\n\n<p>需要否定自己先前的交易決策。</p>\n\n<p>當沖之所以難往往是交易者做錯時不願意立即停損，</p>\n\n<p>而放任虧損不斷地擴大，直到自己受不了時才停損。</p>\n\n<p>　</p>\n\n<p>自由人部落格的名稱叫做「不輸+時間=一定贏」，</p>\n\n<p>這句話的關鍵在於「不輸」。</p>\n\n<p>制定一個不輸的交易策略，</p>\n\n<p>關係到交易者是否能長期存活在交易市場中，</p>\n\n<p>而控制這筆交易策略的虧損，是交易中的精隨！</p>\n\n<p>　</p>\n\n<p>要控制每筆交易虧損的點數，</p>\n\n<p>首先你必須要了解自己的資金狀況、部位規模與交易策略，</p>\n\n<p>&nbsp;</p>\n\n<h2>以自由人為例：10口大台做當沖</h2>\n\n<p>※每日平均獲利為1.1萬</p>\n\n<p>※曾出現最大虧損為11萬</p>\n\n<p>根據這兩個數據便可以擬定每筆當沖交易的虧損金額與當日最大虧損金額。</p>\n\n<p>　</p>\n\n<p><span style=\"color:#0000FF\">(1) 當日停單虧損金額的範圍</span></p>\n\n<p>　自由人以每周結束時，損益必須為正數的原則，</p>\n\n<p>　我將當日虧損控制在每日平均獲利的4倍，</p>\n\n<p>　意即4.4萬，抓個整數就是5萬。</p>\n\n<p>　當日虧損若是來到5萬左右，</p>\n\n<p>　我會看當下的行情決定是否停單，</p>\n\n<p>　有機會再交易看看，沒機會今天就認輸。</p>\n\n<p>　此外，若是情緒失控，出現虧損超過11萬，絕對停單！</p>\n\n<p>&nbsp;</p>\n\n<p><span style=\"color:#0000FF\">(2)每筆當沖交易最大虧損</span></p>\n\n<p>　每筆當沖交易最大虧損我會抓1~2個每日平均獲利，</p>\n\n<p>　也就是1.1~2.2萬之間，自從高頻交易出現之後，</p>\n\n<p>　極短線交易的手法已經失效，自由人便轉作短波段當沖交易，</p>\n\n<p>　既然是短波段，它的持倉時間一定變長，</p>\n\n<p>　變數也增加，風險相對提高，</p>\n\n<p>　這時一定要放大停損金額，才能抱著部位。</p>\n\n<p>　</p>\n\n<p>雖然自由人提出自己控制交易虧損的方式，</p>\n\n<p>相信各位也有自己的一套停損規則，</p>\n\n<p>重點還是在於你自己是否確實去執行，</p>\n\n<p>如果做不到，那就得想想，你是否適合走交易這條路？</p>\n",
        "ViewCount": "1095",
        "IsReference": false,
        "ReferenceList": null,
        "OgImgURL": ""
    },
    "badges": [],
    "isTreeCompleted": false,
    "nextCourse": null
}