{
    "courseDetail": {
        "CourseId": 3445,
        "CourseContent": "<h1>提高交易的勝率</h1>\n\n<p>根據自由人20年的交易經驗，</p>\n\n<p>在不同的時空背景選擇勝率高的商品與交易策略，</p>\n\n<p>其交易的獲利與穩定度遠比永遠只交易一種商品來的好。</p>\n\n<p>&nbsp;</p>\n\n<h2>怎麼做呢?</h2>\n\n<p>(1) 在加權指數出現大波動時，做台指當沖與周OP買方策略。</p>\n\n<p>(2) 在多頭環境下，做現股當沖與隔日沖，甚至抱3~5天的小波段。</p>\n\n<p>(3) 在空頭的環境下，做空股期與做多波動率，還有崩盤策略。</p>\n\n<p>(4) 根據不同事件發展，找出高勝率的現股當沖與波段交易策略。</p>\n\n<p>(5) 在多頭的環境下，加權指數會常態性出現日振幅壓縮的狀況，這時候我們可以加入月選賣方的交易策略。</p>\n",
        "ViewCount": "1057",
        "IsReference": false,
        "ReferenceList": null,
        "OgImgURL": ""
    },
    "badges": [],
    "isTreeCompleted": false,
    "nextCourse": null
}