{
    "courseDetail": {
        "CourseId": 3453,
        "CourseContent": "<p><span style=\"font-size:36px\"><span style=\"color:#FF0000\"><span style=\"font-family:comic sans ms,cursive\">多空指南針</span></span></span></p>\n\n<p><span style=\"color:#FF8C00\"><span style=\"font-family:comic sans ms,cursive\"><span style=\"font-size:24px\">是自由人老師花費一年時間</span></span></span></p>\n\n<p><span style=\"color:#FF8C00\"><span style=\"font-family:comic sans ms,cursive\"><span style=\"font-size:24px\">把自己19年獲利的交易策略</span></span></span></p>\n\n<p><span style=\"color:#FF8C00\"><span style=\"font-family:comic sans ms,cursive\"><span style=\"font-size:24px\">轉化成能夠有效學習的程式策略</span></span></span></p>\n\n<p>&nbsp;</p>\n\n<p><img alt=\"\" height=\"1262\" src=\"http://www.cmoney.tw/learn/cmstatic/learn/10369/20200414180936208.png\" width=\"559\" /></p>\n\n<p><img alt=\"\" height=\"1212\" src=\"http://www.cmoney.tw/learn/cmstatic/learn/10369/20200414180945410.png\" width=\"561\" /></p>\n\n<p><img alt=\"\" height=\"1185\" src=\"http://www.cmoney.tw/learn/cmstatic/learn/10369/20200414180954947.png\" width=\"551\" /></p>\n\n<p><img alt=\"\" height=\"1188\" src=\"http://www.cmoney.tw/learn/cmstatic/learn/10369/20200414181005307.png\" width=\"549\" /></p>\n\n<p><img alt=\"\" height=\"1201\" src=\"http://www.cmoney.tw/learn/cmstatic/learn/10369/20200414181013701.png\" width=\"550\" /></p>\n\n<p><img alt=\"\" height=\"1204\" src=\"http://www.cmoney.tw/learn/cmstatic/learn/10369/20200414181022617.png\" width=\"545\" /></p>\n",
        "ViewCount": "2429",
        "IsReference": false,
        "ReferenceList": null,
        "OgImgURL": "http://www.cmoney.tw/learn/cmstatic/learn/10369/20200414180936208.png"
    },
    "badges": [],
    "isTreeCompleted": false,
    "nextCourse": null
}