{
    "courseDetail": {
        "CourseId": 365,
        "CourseContent": "<p>&nbsp;</p>\n\n<p><span style=\"color:rgb(204, 0, 0); font-size:26px\">誰會在公司附近的券商進行股票交易？</span></p>\n\n<h2>1.公司附近的居民</h2>\n\n<p>如果你是公司附近的居民，</p>\n\n<p>你看到這間公司的貨運量比平常多一倍或是連晚上都燈火通明，</p>\n\n<p>你是不是會考慮買進這間公司的股票？</p>\n\n<p>&nbsp;</p>\n\n<h2>2.公司的員工</h2>\n\n<p>如果你是這間公司的員工，</p>\n\n<p>你每天被要求加班或是知道到公司已經接獲大訂單，</p>\n\n<p>你是不是會考慮買進這間公司的股票？</p>\n\n<p>&nbsp;</p>\n\n<h2>3.公司本身</h2>\n\n<p>如果你是這間公司的負責人或大股東，</p>\n\n<p>當外人受到股市行情影響錯殺你們家的股票，你會不會考慮逢低承接？</p>\n\n<p>&nbsp;</p>\n\n<p>上述3個問題的答案都 是相當清楚明確的。</p>\n\n<p>絕大部分的人都會進行買進的動作！</p>\n\n<p>因此當你看到公司附近的券商買進這間公司的股票，</p>\n\n<p>都要想到可能是這三種人再向你洩漏情報喔！</p>\n\n<p>&nbsp;</p>\n\n<h1>「地緣券商」的定義：</h1>\n\n<p>1.距離公司在3公里以內且「有交易」的券商</p>\n\n<p>2.如果上述券商超過30家，則統計距離縮短為1公里</p>\n\n<p>3.如果距離公司3公里以內沒有任何一家券商，則統計範圍改為10公里</p>\n\n<p>&nbsp;</p>\n\n<p>我們可以在籌碼K線中快速查看「地緣券商」的交易！</p>\n\n<p><img alt=\"\" height=\"433\" src=\"http://www.cmoney.tw/learn/cmstatic/learn/27/20140627233646182.png\" width=\"600\" /></p>\n\n<p>（資料來源：<a href=\"http://www.cmoney.tw/app/ItemContent.aspx?id=1812\" style=\"margin: 0px; padding: 0px; outline: none; position: relative; color: rgb(0, 119, 181);\" target=\"_blank\">籌碼K線</a>）</p>\n\n<p>&nbsp;</p>\n\n<p>「地緣券商」絕對值得留意，但也不會天天有精彩的故事！</p>\n\n<p>&nbsp;</p>\n\n<p>當您查詢「地緣券商」時，很有可能出來的結果是一片空白！</p>\n\n<p>這表示沒有任何一家地緣券商有交易這檔股票。</p>\n\n<p>&nbsp;</p>\n\n<p>當「地緣券商」在進行交易，也別高興太早，</p>\n\n<p>交易結果要符合下列任一情況，才比較值得關注：</p>\n\n<h2>1.平常沒交易，突然出現單筆異常的大單！</h2>\n\n<h2>2.平常沒交易，突然出現連續幾日的買進！</h2>\n\n<p>&nbsp;</p>\n\n<p>有「地緣券商」交易的股票，根據過去的經驗，通常不會立刻出現行情。</p>\n\n<p>因此您必須將這檔股票加入您的自選股密切觀察！</p>\n\n<p>幸運的話，在三個月就有機會看到行情！</p>\n\n<p><strong>當公司的地址登記在台北市，</strong></p>\n\n<p><strong>我們不建議參考「地緣券商」的統計結果。</strong></p>\n\n<p><br />\n台北市是外資券商、券商總公司的大本營，而且券商密集度最高。</p>\n\n<p>因此根本無法臆測買賣的交易動機！</p>\n\n<p>&nbsp;</p>\n\n<h1>以尚立(3360)為例，統一-內湖3個月淨賺800萬</h1>\n\n<p>我們在 買方TOP15 的「快選」裡選「地緣券商」</p>\n\n<p><img alt=\"\" height=\"146\" src=\"http://www.cmoney.tw/notes/cmstatic/notes/capture/115152/20140730151205631.png\" width=\"410\" /></p>\n\n<p>&nbsp;</p>\n\n<p>&nbsp;</p>\n\n<p>雖然我們前面說過，在台北的公司不建議參考地緣券商，</p>\n\n<p>但看「主力地圖」可以發現兩家公司非常的近，</p>\n\n<p>根本就在隔壁條巷子！</p>\n\n<p><img alt=\"\" height=\"533\" src=\"http://www.cmoney.tw/notes/cmstatic/notes/capture/115152/20140730165943409.jpg\" width=\"553\" /></p>\n\n<p>&nbsp;</p>\n\n<p>&nbsp;</p>\n\n<p>我單獨勾選 統一-內湖 看看他的籌碼K線</p>\n\n<p>發現 統一-內湖過去並無交易紀錄，在2月到4月這三個月突然急買</p>\n\n<p><img alt=\"\" height=\"442\" src=\"http://www.cmoney.tw/notes/cmstatic/notes/capture/115152/20140730162438669.png\" width=\"680\" /></p>\n\n<p>&nbsp;</p>\n\n<p>&nbsp;</p>\n\n<p>統一-內湖會不會藉地利之便探聽到什麼內部消息呢？</p>\n\n<p>原來早在幾個月前，內部人可能早已得知公司的內線</p>\n\n<p>花了三個月的時間悄悄布局</p>\n\n<p><img alt=\"\" height=\"303\" src=\"http://www.cmoney.tw/notes/cmstatic/notes/capture/115152/20140730174556327.jpg\" width=\"680\" /></p>\n\n<p>&nbsp;</p>\n\n<p>在 統一-內湖 收貨三個月後，</p>\n\n<p>股價在3個月內從12塊來到29塊，翻漲超過一倍！</p>\n\n<p>到今天(7/30)為止，統一-內湖 淨賺800萬元！</p>\n\n<p><img alt=\"\" height=\"204\" src=\"http://www.cmoney.tw/notes/cmstatic/notes/capture/115152/20140730160130880.png\" width=\"680\" /></p>\n\n<p>&nbsp;</p>\n\n<p>&nbsp;</p>\n\n<p>買了不怕學不會！</p>\n\n<p>我們擁有超過 20 個籌碼達人的秘密社團</p>\n\n<p>趕緊加入一起學習投資吧</p>\n\n<p>&nbsp;</p>\n\n<h1>【免費試用 籌碼K線】</h1>\n\n<h2>&rarr;&rarr;<a href=\"http://cmy.tw/005jDZ\">《 點我點我！》</a>&larr;&larr;</h2>\n\n<p>&nbsp;</p>\n\n<h2>想知道更多籌碼達人的秘訣嗎？</h2>\n\n<h3>快點擊下方加入我們的LINE@ 和 祕密社團</h3>\n\n<h3><a href=\"http://cmy.tw/005XVT\" target=\"_blank\"><img alt=\"\" height=\"85\" src=\"http://www.cmoney.tw/notes/cmstatic/notes/capture/467194/20180108115331599.gif\" width=\"266\" /></a>&nbsp; &nbsp; &nbsp;&nbsp;<a href=\"http://cmy.tw/005o96\"><img alt=\"\" height=\"89\" src=\"http://www.cmoney.tw/notes/cmstatic/notes/capture/467194/20180108115413395.gif\" width=\"272\" /></a></h3>\n\n<p>&nbsp;</p>\n",
        "ViewCount": "16907",
        "IsReference": true,
        "ReferenceList": [
            {
                "ReferenceId": 33422,
                "Description": "內部人常見操盤行為",
                "ReferenceUrl": "http://www.cmoney.tw/learn/course/michelle/topic/667",
                "ReferenceImage": "http://www.cmoney.tw/learn/cmstatic/learn/48/20140820092804544.jpg",
                "ViewCount": 26
            },
            {
                "ReferenceId": 33423,
                "Description": "大戶炒股的3個步驟",
                "ReferenceUrl": "http://www.cmoney.tw/learn/course/michelle/topic/561",
                "ReferenceImage": "http://www.cmoney.tw/learn/cmstatic/learn/48/20140826144939414.jpg",
                "ViewCount": 102
            }
        ],
        "OgImgURL": "http://www.cmoney.tw/learn/cmstatic/learn/27/20140627233646182.png"
    },
    "badges": [],
    "isTreeCompleted": false,
    "nextCourse": null
}