{
    "courseDetail": {
        "CourseId": 381,
        "CourseContent": "<p><span style=\"color:rgb(204, 0, 0); font-size:26px\">用＂大單劵商＂，主力每天的動作，一清二楚</span></p>\n\n<p>籌碼K線-&quot;大單券商&quot;這個功能，</p>\n\n<p>可以幫我們看到 某支股票、某一天，所有券商分點的進出狀況。</p>\n\n<p><img alt=\"\" height=\"137\" src=\"http://www.cmoney.tw/learn/cmstatic/learn/27/20170608172446906.JPG\" width=\"700\" /></p>\n\n<p>以下是影片教學(0:00~3:58)：(內有隱藏功能)</p>\n\n<p><iframe allowfullscreen=\"\" frameborder=\"0\" height=\"360\" src=\"http://www.youtube.com/embed/Uk_d7iLE7dA\" style=\"margin: 0px; padding: 0px; outline: none; position: relative; max-width: 100%;\" width=\"640\"></iframe></p>\n\n<p>&nbsp;</p>\n\n<p>&nbsp;</p>\n\n<h1>看到 長紅長黑爆大量 請先用&quot;大單券商&quot; 來檢查</h1>\n\n<p>當你看到你的股票某一天的走勢和成交量 很特別 (例如 長紅棒、長黑棒、爆大量)</p>\n\n<p>就可以看它當天的 <u><strong>泡泡圖</strong></u></p>\n\n<p>每個泡泡代表<strong>一家券商分點</strong>的<strong>一次交易</strong></p>\n\n<p><strong><span style=\"color:rgb(255, 0, 0)\">紅色</span></strong>泡泡代表<strong>買單</strong>，全部都在<strong>右半邊</strong></p>\n\n<p><strong><span style=\"color:rgb(0, 128, 0)\">綠色</span></strong>泡泡代表<strong>賣單</strong>，全部都在<strong>左半邊</strong></p>\n\n<p>&nbsp;</p>\n\n<p>泡泡愈大，代表成交量愈大，會在愈兩側</p>\n\n<p>(如果是紅色泡泡 就會在愈右邊，綠色泡泡 就會在愈左邊)</p>\n\n<p>泡泡愈小，代表成交量愈小，會在愈中間</p>\n\n<p>泡泡的高低，代表這個泡泡的成交價</p>\n\n<p>所以搭配當天的即時走勢圖(藍線)，我們就可以輕易看出 每個人成交在哪個價位</p>\n\n<p><img alt=\"\" height=\"459\" src=\"http://www.cmoney.tw/learn/cmstatic/learn/27/20170608172258696.JPG\" width=\"820\" /></p>\n\n<p>&nbsp;</p>\n\n<p>&nbsp;</p>\n\n<h1>例1：主力在尾盤 以兩家分點對敲701張 做出大量假象</h1>\n\n<p>下圖中，我們可以看到，</p>\n\n<p><a href=\"http://www.cmoney.tw/follow/channel/stock-2514\" style=\"margin: 0px; padding: 0px; outline: none; position: relative; color: rgb(0, 119, 181);\" target=\"_blank\">龍邦(2514)</a>這檔股票在 9月27日&nbsp;</p>\n\n<p>左右邊各有一個大的紅色泡泡 和 綠色泡泡</p>\n\n<p><strong>成交價都是22元，張數都是701張</strong></p>\n\n<p>&nbsp;</p>\n\n<p>我們可以確定 這是在尾盤買的</p>\n\n<p>(因為看即時走勢的藍色線 發現只有尾盤有22元這個成交價)</p>\n\n<p>而且，滑鼠移到泡泡上，</p>\n\n<p>會發現<span style=\"color:rgb(255, 0, 0)\">紅色</span>泡泡 是<strong>國泰--松江</strong>&nbsp;買的</p>\n\n<p><span style=\"color:rgb(0, 128, 0)\">綠色</span>泡泡 是<strong>凱基--松江</strong>&nbsp;賣的</p>\n\n<p><img alt=\"\" height=\"430\" src=\"http://www.cmoney.tw/notes/cmstatic/notes/capture/115152/20141002165514167.jpg\" width=\"700\" /></p>\n\n<p>&nbsp;</p>\n\n<h2>分點都在 松江路</h2>\n\n<h2>而且 一買一賣 都在同一時間、同一價位&nbsp;</h2>\n\n<p>這讓我們不禁懷疑：＂是不是同一個人在 左手換右手 做假量？＂</p>\n\n<p>當然 這不一定是事實，只是有嫌疑而已</p>\n\n<p>但是，看到這個現象，至少我們清楚</p>\n\n<p>這不是散戶大量追高，也不是某一主力大量買進</p>\n\n<p>而<strong>非常可能是同一個人 做出來的假量</strong></p>\n\n<p>當看到這種作假量的案例時，結果大概可分為3種可能</p>\n\n<p>1.為了將來能炒股票，先把量做出來</p>\n\n<p>2.單純把股票從一家券商搬到另一家</p>\n\n<p>3.股價即將有變動的前兆</p>\n\n<p>如果結果是1或3，善加利用籌碼K線的分析功能，或許你就可以在事情發生前取得先機喔!</p>\n\n<p>&nbsp;</p>\n\n<h1>例2：主力在盤中 一路把價格買上去</h1>\n\n<p><a href=\"http://www.cmoney.tw/follow/channel/stock-3406\" style=\"margin: 0px; padding: 0px; outline: none; position: relative; color: rgb(0, 119, 181);\" target=\"_blank\">玉晶光(3406)</a>在8/22的時候，新加坡商瑞銀大買420張，</p>\n\n<p>佔當天成交量的兩成，且當天股票漲了3.4%，</p>\n\n<p><span style=\"font-size:13px\"><img alt=\"\" height=\"433\" src=\"http://www.cmoney.tw/notes/cmstatic/notes/capture/115152/20140926164518352.png\" width=\"699\" /></span></p>\n\n<p>&nbsp;</p>\n\n<p>於是我打開泡泡圖，想看一下是怎麼回事</p>\n\n<p>發現新加坡商瑞銀在盤中一路把價格買上去，</p>\n\n<p><img alt=\"\" height=\"470\" src=\"http://www.cmoney.tw/notes/cmstatic/notes/capture/115152/20140926164626324.png\" width=\"700\" /></p>\n\n<p>&nbsp;</p>\n\n<p>那新加坡商瑞銀過去的交易紀錄如何？有沒有參考價值呢？</p>\n\n<p>從K線圖中可以看到每當新加坡商瑞銀買的時候，就是轉折點!</p>\n\n<p>而且從過去紀錄可知他會連買好幾天，拉出好幾根紅K的機率很高~</p>\n\n<p><img alt=\"\" height=\"507\" src=\"http://www.cmoney.tw/notes/cmstatic/notes/capture/115152/20140926155758094.png\" width=\"645\" /></p>\n\n<h1>&nbsp;</h1>\n\n<p>此外，像在&nbsp;<a href=\"http://cmy.tw/004Duu\" style=\"margin: 0px; padding: 0px; outline: none; position: relative; color: rgb(0, 119, 181);\" target=\"_blank\">一分鐘看懂主力：零壹科技實戰案例</a>&nbsp;這篇文章&nbsp;</p>\n\n<p>也用&quot;關鍵券商&quot; ，抓出某某嘉義幫 會不定期針對一些股票 瘋狂鎖漲停</p>\n\n<p>進而衍生出 隔天反向放空的策略</p>\n\n<p>&nbsp;</p>\n\n<p>這個泡泡圖很猛的！</p>\n\n<p>連你自己的交易都看得一清二楚</p>\n\n<p>就看大家怎麼去善用它囉！</p>\n\n<p>&nbsp;</p>\n\n<p>&nbsp;</p>\n\n<h1>【免費試用 籌碼K線】</h1>\n\n<h2>&rarr;&rarr;<a href=\"http://cmy.tw/005jDZ\">《 點我點我！》</a>&larr;&larr;</h2>\n\n<p>&nbsp;</p>\n\n<h2>想知道更多籌碼達人的秘訣嗎？</h2>\n\n<h3>快點擊下方加入我們的LINE@ 和 祕密社團</h3>\n\n<h3><a href=\"http://cmy.tw/005XVT\" target=\"_blank\"><img alt=\"\" height=\"85\" src=\"http://www.cmoney.tw/notes/cmstatic/notes/capture/467194/20180108115331599.gif\" width=\"266\" /></a>&nbsp; &nbsp; &nbsp;&nbsp;<a href=\"http://cmy.tw/005o96\"><img alt=\"\" height=\"89\" src=\"http://www.cmoney.tw/notes/cmstatic/notes/capture/467194/20180108115413395.gif\" width=\"272\" /></a></h3>\n\n<p>&nbsp;</p>\n",
        "ViewCount": "14219",
        "IsReference": true,
        "ReferenceList": [
            {
                "ReferenceId": 33406,
                "Description": "了解主力買賣超和有交易家數的功用",
                "ReferenceUrl": "http://www.cmoney.tw/learn/course/michelle/topic/676",
                "ReferenceImage": "http://www.cmoney.tw/learn/cmstatic/learn/48/20140829143833086.jpg",
                "ViewCount": 155
            },
            {
                "ReferenceId": 33407,
                "Description": "大戶炒股的3個步驟",
                "ReferenceUrl": "http://www.cmoney.tw/learn/course/michelle/topic/561",
                "ReferenceImage": "http://www.cmoney.tw/learn/cmstatic/learn/48/20140826144939414.jpg",
                "ViewCount": 172
            }
        ],
        "OgImgURL": "http://www.cmoney.tw/learn/cmstatic/learn/27/20170608172446906.JPG"
    },
    "badges": [],
    "isTreeCompleted": false,
    "nextCourse": null
}