{
    "courseDetail": {
        "CourseId": 384,
        "CourseContent": "<h1>&nbsp;</h1>\n\n<p><span style=\"color:rgb(204, 0, 0); font-size:26px\">分點找股-從關鍵券商去挑選好標的</span></p>\n\n<p>透過籌碼K線裡面的「分點找股」</p>\n\n<p>輸入關鍵券商的「券商名稱」及「統計天數」後，</p>\n\n<p>我可以快速找到這個券商過去一段時間，</p>\n\n<p>買超和賣超前15名的股票！</p>\n\n<p><img alt=\"\" height=\"457\" src=\"http://www.cmoney.tw/notes/cmstatic/notes/capture/115152/20141031121830651.jpg\" width=\"700\" /></p>\n\n<p>(資料來源:籌碼K線)</p>\n\n<p>我們學過了這麼多<a href=\"http://www.cmoney.tw/notes/?tag=3618\" style=\"margin: 0px; padding: 0px; outline: none; position: relative; color: rgb(0, 119, 181); line-height: 1.6;\" target=\"_blank\">籌碼分析</a>的方法，但問題是</p>\n\n<p>台灣有這麼多券商，有哪些是值得關注、跟隨的呢？</p>\n\n<p>&nbsp;</p>\n\n<h1>找出值得觀察的券商有3個方法</h1>\n\n<h2>1. 從<a href=\"http://www.cmoney.tw/app/ItemContent.aspx?id=1892\" style=\"margin: 0px; padding: 0px; outline: none; position: relative; color: rgb(0, 119, 181);\" target=\"_blank\">新贏家大戶報馬仔</a>挑選券商</h2>\n\n<p>這個理財寶可以幫我們挑選出 過去一段時間 最賺錢的50家券商</p>\n\n<p>或 最賺錢的前3家券商 共同買超的股票有哪些</p>\n\n<p>鎖定好券商後，就可以回到分點找股，從券商去找股票囉！</p>\n\n<p><img alt=\"\" height=\"622\" src=\"http://www.cmoney.tw/notes/cmstatic/notes/capture/115152/20141106154627282.jpg\" width=\"700\" /></p>\n\n<p>(資料來源:<a href=\"http://www.cmoney.tw/app/ItemContent.aspx?id=1892\" style=\"margin: 0px; padding: 0px; outline: none; position: relative; color: rgb(0, 119, 181);\" target=\"_blank\">新贏家大戶報馬仔</a>)</p>\n\n<p>&nbsp;</p>\n\n<h2>以<a href=\"http://www.cmoney.tw/follow/channel/stock-1729\" style=\"margin: 0px; padding: 0px; outline: none; position: relative; color: rgb(0, 119, 181);\" target=\"_blank\">必翔1729</a>&nbsp;統一-敦南為例</h2>\n\n<p>我在6/20&nbsp;<a href=\"http://www.cmoney.tw/app/ItemContent.aspx?id=1892\" style=\"margin: 0px; padding: 0px; outline: none; position: relative; color: rgb(0, 119, 181); line-height: 20.7999992370605px;\" target=\"_blank\">新贏家大戶報馬仔</a>&nbsp;前50家最賺錢券商找到 統一-敦南</p>\n\n<p><img alt=\"\" height=\"552\" src=\"http://www.cmoney.tw/notes/cmstatic/notes/capture/115152/20141106160709427.jpg\" width=\"700\" /></p>\n\n<p>在統一-敦南 買超前15名的股票中發現 必翔</p>\n\n<p><img alt=\"\" height=\"435\" src=\"http://www.cmoney.tw/notes/cmstatic/notes/capture/115152/20141106160928138.jpg\" width=\"411\" /></p>\n\n<p>(因為分點找股的K線圖比較小，所以我回到籌碼K線看得比較清楚)</p>\n\n<p>我發覺有個驚人的規律</p>\n\n<p>統一敦南會買幾天，接著馬上出貨</p>\n\n<p>如此反覆，的把股價買上去</p>\n\n<p>&nbsp;</p>\n\n<p><img alt=\"\" height=\"414\" src=\"http://www.cmoney.tw/notes/cmstatic/notes/capture/115152/20141031162702969.jpg\" width=\"680\" /></p>\n\n<p>八月後盤整了一段時間，最近統一-敦南又開始買了</p>\n\n<p>股價也有望突破壓力線，</p>\n\n<p>所以這代表著...? 結果就留給投資朋友檢視囉~</p>\n\n<p>&nbsp;</p>\n\n<h2>2. 從一檔股票中找過去一段時間最賺錢的券商</h2>\n\n<p>這點很直覺，如果我們已經在某一檔股票中發現這家賺錢的券商了，</p>\n\n<p>那我就會好奇，他有沒有投資其他家股票? 他的操作模式會不會都是一樣的?</p>\n\n<p>如果幸運地找到賺錢券商的操作邏輯，是不是就可以搭主力券商的順風車呢~</p>\n\n<p><img alt=\"\" height=\"470\" src=\"http://www.cmoney.tw/notes/cmstatic/notes/capture/115152/20141106153039625.jpg\" width=\"700\" /></p>\n\n<p>(資料來源:籌碼K線)</p>\n\n<p>投資朋友趕緊檢視手中的股票 贏家券商是誰</p>\n\n<p>再用 分點找股 檢視該券商手中其他的股票吧</p>\n\n<p>&nbsp;</p>\n\n<h2>3.&nbsp;特定操作行為的券商</h2>\n\n<p>這裡的特定行為是指隔日沖、當沖</p>\n\n<p>透過<a href=\"http://www.cmoney.tw/app/ItemContent.aspx?id=2009\" style=\"margin: 0px; padding: 0px; outline: none; position: relative; color: rgb(0, 119, 181);\" target=\"_blank\">隔日沖主力鎖股</a>可以找到習慣隔日沖的券商，</p>\n\n<p>例如:富邦-嘉義、統一-嘉義...更多</p>\n\n<p>就可以從分點找股，去找券商其他投資的股票，</p>\n\n<p>藉此觀察有沒有也是用隔日沖模式的股票喔</p>\n\n<p>&nbsp;</p>\n\n<p>知道這3個原則後，以後就知道該怎麼找值得觀察的券商了吧?</p>\n\n<p>&nbsp;</p>\n\n<h1>【免費試用 籌碼K線】</h1>\n\n<h2>&rarr;&rarr;<a href=\"http://cmy.tw/005UfE\">《 點我點我！》</a>&larr;&larr;</h2>\n\n<p>&nbsp;</p>\n\n<h2>想知道更多籌碼達人的秘訣嗎？</h2>\n\n<h3>快點擊下方加入我們的LINE@ 和 祕密社團</h3>\n\n<h3><a href=\"http://cmy.tw/005cHi\" target=\"_blank\"><img alt=\"\" height=\"85\" src=\"http://www.cmoney.tw/notes/cmstatic/notes/capture/467194/20180108115331599.gif\" width=\"266\" /></a>&nbsp; &nbsp; &nbsp;&nbsp;<a href=\"http://cmy.tw/005Xri\"><img alt=\"\" height=\"89\" src=\"http://www.cmoney.tw/notes/cmstatic/notes/capture/467194/20180108115413395.gif\" width=\"272\" /></a></h3>\n\n<p>&nbsp;</p>\n",
        "ViewCount": "18994",
        "IsReference": true,
        "ReferenceList": [
            {
                "ReferenceId": 33426,
                "Description": "逆勢指標-BIAS(乖離率)",
                "ReferenceUrl": "http://www.cmoney.tw/learn/course/cmoney/topic/140",
                "ReferenceImage": "http://www.cmoney.tw/notes/cmstatic/notes/capture/42798/20131011135422603.png",
                "ViewCount": 66
            },
            {
                "ReferenceId": 33427,
                "Description": "股東的動向-大股東",
                "ReferenceUrl": "http://www.cmoney.tw/learn/course/cmoney/topic/144",
                "ReferenceImage": "http://www.cmoney.tw/notes/cmstatic/notes/capture/29464/20131104153148308.png",
                "ViewCount": 24
            }
        ],
        "OgImgURL": "http://www.cmoney.tw/notes/cmstatic/notes/capture/115152/20141031121830651.jpg"
    },
    "badges": [],
    "isTreeCompleted": false,
    "nextCourse": null
}