{
    "courseDetail": {
        "CourseId": 390,
        "CourseContent": "<h1>一、自選股&nbsp;方便分類、集中、分析的必備小幫手</h1>\n\n<p>很多投資朋友常問我：我今天挑好的這些股票，我明天還要看，怎麼辦?</p>\n\n<p>簡單！就用 自選股。</p>\n\n<p>【自選股】在畫面的左方</p>\n\n<p><img alt=\"\" height=\"356\" src=\"http://www.cmoney.tw/notes/cmstatic/notes/capture/115152/20141128100247525.jpg\" width=\"500\" /></p>\n\n<h2>&nbsp;</h2>\n\n<h2>如何快速加入【自選股】？</h2>\n\n<p>分析個股後，如果想要儲存這檔股票以方便日後觀察，</p>\n\n<p>可以直接點選工具列上【股票代號輸入框】右側的【+】</p>\n\n<p><img alt=\"\" height=\"489\" src=\"http://www.cmoney.tw/notes/cmstatic/notes/capture/115152/20141128092959534.jpg\" width=\"500\" /></p>\n\n<h2>&nbsp;</h2>\n\n<p>&nbsp;</p>\n\n<h2>如何編輯自選股？</h2>\n\n<p>儲存這麼多自選股，當然要整理一下拉</p>\n\n<p>您可以點選自選股操作介面的【編輯自選股】，</p>\n\n<p>並在彈出的編輯視窗，選擇您所要執行的動作 :</p>\n\n<p>1. 【新增群組】</p>\n\n<p>2. 【修改內容】</p>\n\n<p>3. 【刪除群組】</p>\n\n<p>之後點選【確認】就可以完成了囉！</p>\n\n<p><img alt=\"\" height=\"574\" src=\"http://www.cmoney.tw/notes/cmstatic/notes/capture/115152/20141128093741520.jpg\" width=\"500\" /></p>\n\n<p>&nbsp;</p>\n\n<h1>【免費試用 籌碼K線】</h1>\n\n<h2>&rarr;&rarr;<a href=\"http://cmy.tw/005jDZ\">《 點我點我！》</a>&larr;&larr;</h2>\n\n<p>&nbsp;</p>\n\n<h2>想知道更多籌碼達人的秘訣嗎？</h2>\n\n<h3>快點擊下方加入我們的LINE@ 和 祕密社團</h3>\n\n<h3><a href=\"http://cmy.tw/005XVT\" target=\"_blank\"><img alt=\"\" height=\"85\" src=\"http://www.cmoney.tw/notes/cmstatic/notes/capture/467194/20180108115331599.gif\" width=\"266\" /></a>&nbsp; &nbsp; &nbsp;&nbsp;<a href=\"http://cmy.tw/005o96\"><img alt=\"\" height=\"89\" src=\"http://www.cmoney.tw/notes/cmstatic/notes/capture/467194/20180108115413395.gif\" width=\"272\" /></a></h3>\n\n<p>&nbsp;</p>\n\n<p>&nbsp;</p>\n\n<h1>&nbsp;</h1>\n\n<p>&nbsp;</p>\n",
        "ViewCount": "6276",
        "IsReference": true,
        "ReferenceList": [
            {
                "ReferenceId": 33428,
                "Description": "非常潛力股",
                "ReferenceUrl": "http://www.cmoney.tw/learn/course/michellebook/topic/1266",
                "ReferenceImage": "http://www.cmoney.tw/notes/cmstatic/notes/capture/142204/20140919154907231.png",
                "ViewCount": 25
            },
            {
                "ReferenceId": 33429,
                "Description": "技術分析有什麼用",
                "ReferenceUrl": "http://www.cmoney.tw/learn/course/technicals/topic/503",
                "ReferenceImage": "http://www.cmoney.tw/notes/cmstatic/notes/capture/114705/20140821175625071.jpg",
                "ViewCount": 14
            }
        ],
        "OgImgURL": "http://www.cmoney.tw/notes/cmstatic/notes/capture/115152/20141128100247525.jpg"
    },
    "badges": [],
    "isTreeCompleted": false,
    "nextCourse": null
}