{
    "courseDetail": {
        "CourseId": 391,
        "CourseContent": "<h1><span style=\"color:rgb(204, 0, 0); font-family:arial,微軟正黑體,細明體\">均線&nbsp;自訂均線讓分析更多元！</span></h1>\n\n<p><a href=\"http://www.cmoney.tw/learn/course/technicals/topic/485\" style=\"margin: 0px; padding: 0px; outline: none; position: relative; color: rgb(0, 119, 181);\" target=\"_blank\">均線</a>&nbsp;是技術分析中，大部份投資人判斷進出場時機的工具</p>\n\n<p>在畫面的右上角可以找到 【均線設定】 的按鈕</p>\n\n<p><img alt=\"\" height=\"183\" src=\"http://www.cmoney.tw/notes/cmstatic/notes/capture/115152/20141121161950447.jpg\" width=\"700\" /></p>\n\n<p>只要在均線上打勾，就可以叫出<a href=\"http://www.cmoney.tw/learn/course/technicals/topic/485\" style=\"margin: 0px; padding: 0px; outline: none; position: relative; color: rgb(0, 119, 181);\" target=\"_blank\">均線</a>、<a href=\"http://www.cmoney.tw/notes/note-detail.aspx?nid=16287\" style=\"margin: 0px; padding: 0px; outline: none; position: relative; color: rgb(0, 119, 181);\" target=\"_blank\">成本線</a></p>\n\n<p>此外，均線還能夠更改天數，自訂自己想要的均線喔！</p>\n\n<p><img alt=\"\" height=\"350\" src=\"http://www.cmoney.tw/notes/cmstatic/notes/capture/115152/20141121162110568.jpg\" width=\"210\" /></p>\n\n<p>&nbsp;</p>\n\n<p>&nbsp;</p>\n\n<h1>【免費試用 籌碼K線】</h1>\n\n<h2>&rarr;&rarr;<a href=\"http://cmy.tw/005jDZ\">《 點我點我！》</a>&larr;&larr;</h2>\n\n<p>&nbsp;</p>\n\n<h2>想知道更多籌碼達人的秘訣嗎？</h2>\n\n<h3>快點擊下方加入我們的LINE@ 和 祕密社團</h3>\n\n<h3><a href=\"http://cmy.tw/005XVT\" target=\"_blank\"><img alt=\"\" height=\"85\" src=\"http://www.cmoney.tw/notes/cmstatic/notes/capture/467194/20180108115331599.gif\" width=\"266\" /></a>&nbsp; &nbsp; &nbsp;&nbsp;<a href=\"http://cmy.tw/005o96\"><img alt=\"\" height=\"89\" src=\"http://www.cmoney.tw/notes/cmstatic/notes/capture/467194/20180108115413395.gif\" width=\"272\" /></a></h3>\n\n<p>&nbsp;</p>\n",
        "ViewCount": "4988",
        "IsReference": true,
        "ReferenceList": [
            {
                "ReferenceId": 33432,
                "Description": "布林通道",
                "ReferenceUrl": "http://www.cmoney.tw/learn/course/technicals/topic/1216",
                "ReferenceImage": "http://www.cmoney.tw/notes/cmstatic/notes/capture/114705/20140821162512621.jpg",
                "ViewCount": 56
            },
            {
                "ReferenceId": 33433,
                "Description": "彼得林區 征服股海",
                "ReferenceUrl": "http://www.cmoney.tw/learn/course/michellebook/topic/1283",
                "ReferenceImage": "http://www.cmoney.tw/notes/cmstatic/notes/capture/142204/20141031154859984.jpg",
                "ViewCount": 18
            }
        ],
        "OgImgURL": "http://www.cmoney.tw/notes/cmstatic/notes/capture/115152/20141121161950447.jpg"
    },
    "badges": [],
    "isTreeCompleted": false,
    "nextCourse": null
}