{
    "courseDetail": {
        "CourseId": 394,
        "CourseContent": "<p>&nbsp;</p>\n\n<p>&nbsp;</p>\n\n<p>&nbsp;</p>\n\n<h1>外資 &ne; 外資券商</h1>\n\n<p>很多投資人都誤以為「外資券商」就是「外資」！</p>\n\n<p>&nbsp;</p>\n\n<h2>海外來的投資人就是「外資」</h2>\n\n<h2>外國人來台灣開的券商，就是「外資券商」</h2>\n\n<p><img alt=\"\" height=\"318\" src=\"http://www.cmoney.tw/notes/cmstatic/notes/capture/115152/20140811162047451.png\" width=\"680\" /></p>\n\n<p>(分析工具：<a href=\"http://www.cmoney.tw/app/ItemContent.aspx?id=1812\" style=\"margin: 0px; padding: 0px; outline: none; position: relative; color: rgb(0, 119, 181); line-height: 20.79px;\" target=\"_blank\">籌碼K線</a>)</p>\n\n<p>券商 是一間公司，是投資人進行股票買賣的管道，但無法藉此判別投資人的身份。</p>\n\n<p>所以就算透過「外資券商」進行股票交易，也無法100％確認是「外資」或「內資」。</p>\n\n<p>&nbsp;</p>\n\n<p>一般情況下，</p>\n\n<h2>外資 會下單到 外資券商，</h2>\n\n<h2>內資 會下單到 內資券商，</h2>\n\n<p>此時，外資和外資券商的買賣紀錄就會一致，</p>\n\n<p>所以當您看到「外資」下單到「內資券商」，</p>\n\n<p>或「內資」下單到「外資券商」，</p>\n\n<p>這樣的情況，背後通常都有特殊的意義，值得密切關注！</p>\n\n<p>&nbsp;</p>\n\n<h1>特殊情況</h1>\n\n<h2>1.&nbsp;內資 下單到 外資券商</h2>\n\n<p>國內很多的基金公司因為想要 外資券商 詳盡的研究報告，</p>\n\n<p>最好的辦法就是成為外資券商的客戶，於是就到外資券商下單，</p>\n\n<p>這就是 內資 下單到 外資券商，</p>\n\n<p>這部分的買賣紀錄，會被紀錄到「外資券商」的分點資料上，</p>\n\n<p>但不會被紀錄到「外資」身份的買賣紀錄。</p>\n\n<p>&nbsp;</p>\n\n<h2>2.&nbsp;外資 下單到 內資券商</h2>\n\n<p>外國人因為文化、語言等差異，通常會下單在外資券商上，而不是台灣的本土券商，</p>\n\n<p>所以當 外資 下單到台灣的本土券商時，就很可能是台灣人去海外過水之後的 外資</p>\n\n<p>也就是為什麼我們可以在「外資」的紀錄可以看到進出紀錄，</p>\n\n<p>但卻找不到任一家「外資券商」有的原因。</p>\n\n<p>&nbsp;</p>\n\n<p>通常是 小公司 會利用這個手法，</p>\n\n<p>以創造「有外資在關注我們家股票」的假象！</p>\n\n<p>&nbsp;</p>\n\n<h2>以鑫創(3259)為例</h2>\n\n<p>在6/11的時候，我發現<a href=\"http://www.cmoney.tw/follow/channel/stock-3259\" style=\"margin: 0px; padding: 0px; outline: none; position: relative; color: rgb(0, 119, 181);\" target=\"_blank\">鑫創(3259)</a>有外資買超162張</p>\n\n<p>但是當天買超第一名居然只有10張</p>\n\n<p>真是太奇怪了</p>\n\n<p>&nbsp;</p>\n\n<p>&nbsp;</p>\n\n<p>(分析工具：<a href=\"http://www.cmoney.tw/app/ItemContent.aspx?id=1812\" style=\"margin: 0px; padding: 0px; outline: none; position: relative; color: rgb(0, 119, 181); line-height: 20.79px;\" target=\"_blank\">籌碼K線</a>)</p>\n\n<p>&nbsp;</p>\n\n<p>那外資到底在哪呢？</p>\n\n<p>透過「買賣合計」，</p>\n\n<p>我發現 統一-南京 買155張，賣155張</p>\n\n<p>這樣一來一往，難怪買賣超是0！</p>\n\n<p>於是我推斷 統一-南京是這買超162張的主要貢獻的券商</p>\n\n<p>喔~所以 統一-南京 屬於 外資 但不是 外資券商</p>\n\n<p><img alt=\"\" height=\"247\" src=\"http://www.cmoney.tw/notes/cmstatic/notes/capture/115152/20140811121406607.png\" width=\"456\" /></p>\n\n<p>(分析工具：<a href=\"http://www.cmoney.tw/app/ItemContent.aspx?id=1812\" style=\"margin: 0px; padding: 0px; outline: none; position: relative; color: rgb(0, 119, 181); line-height: 20.79px;\" target=\"_blank\">籌碼K線</a>)</p>\n\n<p>&nbsp;</p>\n\n<p>這就是有外資紀錄，卻沒有外資券商的狀況！</p>\n\n<p>投資朋友往後看到有 外資 的買賣紀錄，卻沒有 外資券商 進出那檔股票，</p>\n\n<p>就要多注意、多留心喔。</p>\n\n<p>&nbsp;</p>\n\n<h1>【免費試用 籌碼K線】</h1>\n\n<h2>&rarr;&rarr;<a href=\"http://cmy.tw/005jDZ\">《 點我點我！》</a>&larr;&larr;</h2>\n\n<p>&nbsp;</p>\n\n<h2>想知道更多籌碼達人的秘訣嗎？</h2>\n\n<h3>快點擊下方加入我們的LINE@ 和 祕密社團</h3>\n\n<h3><a href=\"http://cmy.tw/005XVT\" target=\"_blank\"><img alt=\"\" height=\"85\" src=\"http://www.cmoney.tw/notes/cmstatic/notes/capture/467194/20180108115331599.gif\" width=\"266\" /></a>&nbsp; &nbsp; &nbsp;&nbsp;<a href=\"http://cmy.tw/005o96\"><img alt=\"\" height=\"89\" src=\"http://www.cmoney.tw/notes/cmstatic/notes/capture/467194/20180108115413395.gif\" width=\"272\" /></a></h3>\n\n<p>&nbsp;</p>\n\n<p>&nbsp;</p>\n",
        "ViewCount": "16307",
        "IsReference": true,
        "ReferenceList": [
            {
                "ReferenceId": 31914,
                "Description": "年化報酬率-透視你的投資工具",
                "ReferenceUrl": "http://www.cmoney.tw/learn/course/cmoney/topic/99",
                "ReferenceImage": "http://www.cmoney.tw/learn/cmstatic/learn/1/20150127131953105.jpg",
                "ViewCount": 48
            },
            {
                "ReferenceId": 31915,
                "Description": "外資介紹與操盤特性",
                "ReferenceUrl": "http://www.cmoney.tw/learn/course/michelle/topic/665",
                "ReferenceImage": "http://www.cmoney.tw/learn/cmstatic/learn/48/20140819153547463.png",
                "ViewCount": 25
            }
        ],
        "OgImgURL": "http://www.cmoney.tw/notes/cmstatic/notes/capture/115152/20140811162047451.png"
    },
    "badges": [],
    "isTreeCompleted": false,
    "nextCourse": null
}