{
    "courseDetail": {
        "CourseId": 397,
        "CourseContent": "<p><span style=\"color:rgb(204, 0, 0); font-size:26px\">周轉率越高，股票越熱絡</span></p>\n\n<p>如果一檔股票<a href=\"http://www.cmoney.tw/notes/note-detail.aspx?cid=22814&amp;nid=6930\" style=\"margin: 0px; padding: 0px; outline: none; position: relative; color: rgb(0, 119, 181);\" target=\"_blank\">周轉率</a>高，</p>\n\n<p>表示該檔股票的流通性高，變現能力強，</p>\n\n<p>持有股票的人不用擔心賣不出去，</p>\n\n<p>所以說，成交量高會伴隨著高周轉率，股票交易熱絡。</p>\n\n<p>&nbsp;</p>\n\n<p>&nbsp;</p>\n\n<h1>當股價在低點，周轉率變高：可能是起漲點</h1>\n\n<p>如果這時股票在低點，平常都沒什麼交易量，</p>\n\n<p>突然間成交量變多，周轉率變高，</p>\n\n<p>表示這支股票的交易狀況變活絡了，</p>\n\n<p>很多時候是大戶正在收貨了，這時很可能是起漲點!!</p>\n\n<p>&nbsp;</p>\n\n<h2>以<a href=\"http://cmy.tw/004TUm\" style=\"margin: 0px; padding: 0px; outline: none; position: relative; color: rgb(0, 119, 181);\" target=\"_blank\">台半(5425)</a>為例</h2>\n\n<p><img alt=\"\" height=\"422\" src=\"http://www.cmoney.tw/notes/cmstatic/notes/capture/70544/20140828141544382.jpg\" width=\"695\" /></p>\n\n<p>&nbsp;</p>\n\n<p><img alt=\"\" height=\"420\" src=\"http://www.cmoney.tw/notes/cmstatic/notes/capture/70544/20140828144547740.jpg\" width=\"690\" /></p>\n\n<p>(分析工具：<a href=\"http://www.cmoney.tw/app/ItemContent.aspx?id=1812\" style=\"margin: 0px; padding: 0px; outline: none; position: relative; color: rgb(0, 119, 181); line-height: 20.79px;\" target=\"_blank\">籌碼K線</a>)</p>\n\n<p>&nbsp;</p>\n\n<h1>當股價漲了一段時間，周轉率過高：這檔股票過熱了</h1>\n\n<p>如果股價已經漲多，周轉率過高，可能就要小心，</p>\n\n<p>表示股票都在市場上交易，而不是在投資人手中</p>\n\n<p>&nbsp;</p>\n\n<p>那 是誰能丟出這麼多股票，讓周轉率突然變高呢？</p>\n\n<p>只有大戶才有這種能力。</p>\n\n<p>當大戶都把股票變現賣出了，這支股票就沒大人在照顧拉，</p>\n\n<p>所以當周轉率飆升，股票反轉下跌的機率就很高。</p>\n\n<p>&nbsp;</p>\n\n<p>通常用以界定周轉率 &quot;過高&quot; 的標準為</p>\n\n<h2>1. 60&nbsp; 日區間周轉率&gt;&nbsp;50%</h2>\n\n<h2>2. 240日區間周轉率&gt; 150%</h2>\n\n<p>&nbsp;</p>\n\n<h2>以<a href=\"http://www.cmoney.tw/follow/channel/stock-6215\" style=\"margin: 0px; padding: 0px; outline: none; position: relative; color: rgb(0, 119, 181);\" target=\"_blank\">和樁(6215)</a>為例</h2>\n\n<p><img alt=\"\" height=\"457\" src=\"http://www.cmoney.tw/notes/cmstatic/notes/capture/115152/20140822154706464.png\" width=\"670\" /></p>\n\n<p>(分析工具：<a href=\"http://www.cmoney.tw/app/ItemContent.aspx?id=1812\" style=\"margin: 0px; padding: 0px; outline: none; position: relative; color: rgb(0, 119, 181); line-height: 20.79px;\" target=\"_blank\">籌碼K線</a>)</p>\n\n<p>&nbsp;</p>\n\n<h2>10檔 今日(9/3)「周轉率高 反轉股」</h2>\n\n<p>這邊挑選的條件是</p>\n\n<p><span style=\"font-size:18px\"><strong>1.60天成交量周轉率&lt;50%</strong></span></p>\n\n<p><span style=\"font-size:18px\"><strong>2.均線糾結</strong></span></p>\n\n<p><img alt=\"\" height=\"319\" src=\"http://www.cmoney.tw/notes/cmstatic/notes/capture/70544/20140903152542955.jpg\" width=\"600\" /></p>\n\n<p>(分析工具：<a href=\"http://www.cmoney.tw/app/ItemContent.aspx?id=1812\" style=\"margin: 0px; padding: 0px; outline: none; position: relative; color: rgb(0, 119, 181); line-height: 20.79px;\" target=\"_blank\">籌碼K線</a>)</p>\n\n<p>&nbsp;</p>\n\n<p>總的來說，用周轉率配合股價就可以輕易看出反轉訊號，</p>\n\n<p>所以周轉率的重要性不言而喻，</p>\n\n<p>因此我特別找出幾篇重要的文章，看完讓你功力倍增喔~</p>\n\n<p><u><a href=\"http://www.cmoney.tw/notes/note-detail.aspx?nid=9936\" style=\"margin: 0px; padding: 0px; outline: none; position: relative; color: rgb(0, 119, 181);\" target=\"_blank\">整整三個月周轉率很低，今天卻突然爆量！？</a></u></p>\n\n<p>&nbsp;</p>\n\n<h1>【免費試用 籌碼K線】</h1>\n\n<h2>&rarr;&rarr;<a href=\"http://cmy.tw/005jDZ\">《 點我點我！》</a>&larr;&larr;</h2>\n\n<p>&nbsp;</p>\n\n<h2>想知道更多籌碼達人的秘訣嗎？</h2>\n\n<h3>快點擊下方加入我們的LINE@ 和 祕密社團</h3>\n\n<h3><a href=\"http://cmy.tw/005XVT\" target=\"_blank\"><img alt=\"\" height=\"85\" src=\"http://www.cmoney.tw/notes/cmstatic/notes/capture/467194/20180108115331599.gif\" width=\"266\" /></a>&nbsp; &nbsp; &nbsp;&nbsp;<a href=\"http://cmy.tw/005o96\"><img alt=\"\" height=\"89\" src=\"http://www.cmoney.tw/notes/cmstatic/notes/capture/467194/20180108115413395.gif\" width=\"272\" /></a></h3>\n\n<p>&nbsp;</p>\n",
        "ViewCount": "42245",
        "IsReference": true,
        "ReferenceList": [
            {
                "ReferenceId": 31730,
                "Description": "什麼是ETF",
                "ReferenceUrl": "http://www.cmoney.tw/learn/course/cmoney/topic/126",
                "ReferenceImage": "http://www.cmoney.tw/notes/cmstatic/notes/capture/29464/20131104161335378.png",
                "ViewCount": 34
            },
            {
                "ReferenceId": 31731,
                "Description": "內部人--監事、董事、經理人、大股東",
                "ReferenceUrl": "http://www.cmoney.tw/learn/course/michelle/topic/542",
                "ReferenceImage": "http://www.cmoney.tw/learn/cmstatic/learn/48/20140820091548124.jpg",
                "ViewCount": 47
            }
        ],
        "OgImgURL": "http://www.cmoney.tw/notes/cmstatic/notes/capture/70544/20140828141544382.jpg"
    },
    "badges": [],
    "isTreeCompleted": false,
    "nextCourse": null
}