{
    "courseDetail": {
        "CourseId": 398,
        "CourseContent": "<h1>截圖　Ctrl+F10</h1>\n\n<p>曾經有投資朋友問我說，</p>\n\n<p>籌碼Ｋ線上的 線段 不能儲存，但如果我想要保留我畫的趨勢線呢？</p>\n\n<p>就用籌碼Ｋ線的截圖吧！</p>\n\n<p>當你同時按住 Ctrl 和　F10，就會出現下面這個畫面</p>\n\n<p><img alt=\"\" height=\"501\" src=\"http://www.cmoney.tw/notes/cmstatic/notes/capture/115152/20141127151727483.jpg\" width=\"700\" /></p>\n\n<p>接著，只要把你想要截取的畫面框起來，</p>\n\n<p>假設我截取K線圖</p>\n\n<p>就會出現你截取的畫面，</p>\n\n<p>再來你還可以在上面做筆記、畫線等</p>\n\n<p>完成後還可以把圖存起來~</p>\n\n<p><img alt=\"\" height=\"493\" src=\"http://www.cmoney.tw/notes/cmstatic/notes/capture/115152/20141127152705045.jpg\" width=\"700\" /></p>\n\n<p>&nbsp;</p>\n\n<p>&nbsp;</p>\n\n<h1>【免費試用 籌碼K線】</h1>\n\n<h2>&rarr;&rarr;<a href=\"http://cmy.tw/005jDZ\">《 點我點我！》</a>&larr;&larr;</h2>\n\n<p>&nbsp;</p>\n\n<h2>想知道更多籌碼達人的秘訣嗎？</h2>\n\n<h3>快點擊下方加入我們的LINE@ 和 祕密社團</h3>\n\n<h3><a href=\"http://cmy.tw/005XVT\" target=\"_blank\"><img alt=\"\" height=\"85\" src=\"http://www.cmoney.tw/notes/cmstatic/notes/capture/467194/20180108115331599.gif\" width=\"266\" /></a>&nbsp; &nbsp; &nbsp;&nbsp;<a href=\"http://cmy.tw/005o96\"><img alt=\"\" height=\"89\" src=\"http://www.cmoney.tw/notes/cmstatic/notes/capture/467194/20180108115413395.gif\" width=\"272\" /></a></h3>\n\n<p>&nbsp;</p>\n",
        "ViewCount": "4202",
        "IsReference": true,
        "ReferenceList": [
            {
                "ReferenceId": 33436,
                "Description": "什麼是選擇權？",
                "ReferenceUrl": "http://www.cmoney.tw/learn/course/optionbasic/topic/572",
                "ReferenceImage": "http://www.cmoney.tw/learn/cmstatic/learn/42/20140818152015765.jpg",
                "ViewCount": 17
            },
            {
                "ReferenceId": 33437,
                "Description": "財務自由的講堂",
                "ReferenceUrl": "http://www.cmoney.tw/learn/course/michellebook/topic/1253",
                "ReferenceImage": "http://www.cmoney.tw/notes/cmstatic/notes/capture/77745/20140731142941105.jpg",
                "ViewCount": 14
            }
        ],
        "OgImgURL": "http://www.cmoney.tw/notes/cmstatic/notes/capture/115152/20141127151727483.jpg"
    },
    "badges": [],
    "isTreeCompleted": false,
    "nextCourse": null
}