{
    "courseDetail": {
        "CourseId": 399,
        "CourseContent": "<h1>追蹤 簡易版的<a href=\"http://www.cmoney.tw/notice/\" style=\"margin: 0px; padding: 0px; outline: none; position: relative; color: rgb(0, 119, 181);\" target=\"_blank\">雲端控股</a></h1>\n\n<p>當我們買進股票後，就利用軟體幫我們監控股票吧，省時省力~</p>\n\n<p>頁面中的追蹤條件 是籌碼K線統計最多人使用的條件喔</p>\n\n<p>&nbsp;</p>\n\n<p>當確定要追蹤某個條件時，就按【訂閱】</p>\n\n<p>按鈕就會變成【監控中】，</p>\n\n<p>取消的話也很簡單，再按一下按鈕就可以了</p>\n\n<p><img alt=\"\" height=\"398\" src=\"http://www.cmoney.tw/notes/cmstatic/notes/capture/115152/20141128101234664.jpg\" width=\"500\" /></p>\n\n<p>&nbsp;</p>\n\n<p>當設定好你的追蹤條件後，別忘了下載監控軟體喔</p>\n\n<p><img alt=\"\" height=\"324\" src=\"http://www.cmoney.tw/notes/cmstatic/notes/capture/115152/20141128101831615.jpg\" width=\"500\" /></p>\n\n<p>&nbsp;</p>\n\n<p>&nbsp;</p>\n\n<p>&nbsp;</p>\n\n<h1>【免費試用 籌碼K線】</h1>\n\n<h2>&rarr;&rarr;<a href=\"http://cmy.tw/005jDZ\">《 點我點我！》</a>&larr;&larr;</h2>\n\n<p>&nbsp;</p>\n\n<h2>想知道更多籌碼達人的秘訣嗎？</h2>\n\n<h3>快點擊下方加入我們的LINE@ 和 祕密社團</h3>\n\n<h3><a href=\"http://cmy.tw/005XVT\" target=\"_blank\"><img alt=\"\" height=\"85\" src=\"http://www.cmoney.tw/notes/cmstatic/notes/capture/467194/20180108115331599.gif\" width=\"266\" /></a>&nbsp; &nbsp; &nbsp;&nbsp;<a href=\"http://cmy.tw/005o96\"><img alt=\"\" height=\"89\" src=\"http://www.cmoney.tw/notes/cmstatic/notes/capture/467194/20180108115413395.gif\" width=\"272\" /></a></h3>\n\n<p>&nbsp;</p>\n",
        "ViewCount": "3909",
        "IsReference": true,
        "ReferenceList": [
            {
                "ReferenceId": 33438,
                "Description": "雲端控股 - 隨時隨地，股市操盤不求人",
                "ReferenceUrl": "http://www.cmoney.tw/learn/course/webguiding/topic/1182",
                "ReferenceImage": "http://www.cmoney.tw/learn/cmstatic/learn/70/20141111103100433.jpg",
                "ViewCount": 20
            },
            {
                "ReferenceId": 33439,
                "Description": "什麼是『MACD』指標",
                "ReferenceUrl": "http://www.cmoney.tw/learn/course/technicals/topic/750",
                "ReferenceImage": "http://www.cmoney.tw/notes/cmstatic/notes/capture/114705/20140821102431663.jpg",
                "ViewCount": 165
            }
        ],
        "OgImgURL": "http://www.cmoney.tw/notes/cmstatic/notes/capture/115152/20141128101234664.jpg"
    },
    "badges": [],
    "isTreeCompleted": false,
    "nextCourse": null
}