{
    "courseDetail": {
        "CourseId": 400,
        "CourseContent": "<h1>個股資訊 快速得到股票資訊</h1>\n\n<p>在籌碼K線畫面的上方有個 個股分析 的欄位</p>\n\n<p>點進去後會連結到 追訊</p>\n\n<p>就可以看到個股的新聞、個股資訊、個股評分等</p>\n\n<p>幫助投資朋友判斷這支股票的好壞喔</p>\n\n<p>&nbsp;</p>\n\n<p><img alt=\"\" height=\"611\" src=\"http://www.cmoney.tw/notes/cmstatic/notes/capture/115152/20141127160243593.jpg\" width=\"700\" /></p>\n\n<p>&nbsp;</p>\n\n<h1>【免費試用 籌碼K線】</h1>\n\n<h2>&rarr;&rarr;<a href=\"http://cmy.tw/005jDZ\">《 點我點我！》</a>&larr;&larr;</h2>\n\n<p>&nbsp;</p>\n\n<h2>想知道更多籌碼達人的秘訣嗎？</h2>\n\n<h3>快點擊下方加入我們的LINE@ 和 祕密社團</h3>\n\n<h3><a href=\"http://cmy.tw/005XVT\" target=\"_blank\"><img alt=\"\" height=\"85\" src=\"http://www.cmoney.tw/notes/cmstatic/notes/capture/467194/20180108115331599.gif\" width=\"266\" /></a>&nbsp; &nbsp; &nbsp;&nbsp;<a href=\"http://cmy.tw/005o96\"><img alt=\"\" height=\"89\" src=\"http://www.cmoney.tw/notes/cmstatic/notes/capture/467194/20180108115413395.gif\" width=\"272\" /></a></h3>\n\n<p>&nbsp;</p>\n",
        "ViewCount": "3818",
        "IsReference": true,
        "ReferenceList": [
            {
                "ReferenceId": 33440,
                "Description": "追訊 - 你的財金新聞管家",
                "ReferenceUrl": "http://www.cmoney.tw/learn/course/webguiding/topic/1176",
                "ReferenceImage": "http://www.cmoney.tw/learn/cmstatic/learn/70/20141002103725184.jpg",
                "ViewCount": 16
            },
            {
                "ReferenceId": 33441,
                "Description": "蘇黎士投資定律",
                "ReferenceUrl": "http://www.cmoney.tw/learn/course/michellebook/topic/1254",
                "ReferenceImage": "http://www.cmoney.tw/notes/cmstatic/notes/capture/114678/20140806154454627.jpg",
                "ViewCount": 18
            }
        ],
        "OgImgURL": "http://www.cmoney.tw/notes/cmstatic/notes/capture/115152/20141127160243593.jpg"
    },
    "badges": [],
    "isTreeCompleted": false,
    "nextCourse": null
}