{
    "courseDetail": {
        "CourseId": 401,
        "CourseContent": "<h1>筆記&nbsp;</h1>\n\n<p>筆記 的功能是儲存買進或放空個股時的資料，</p>\n\n<p>有了 筆記 投資朋友就不需要自己製作表格了~</p>\n\n<p>別忘了編輯之前要先按 編輯，才能開始編輯</p>\n\n<p>只要把目標價、停損價等等資料輸入欄位，按下 儲存 就完成囉</p>\n\n<p><img alt=\"\" height=\"601\" src=\"http://www.cmoney.tw/notes/cmstatic/notes/capture/115152/20141127162201644.jpg\" width=\"700\" /></p>\n\n<p>&nbsp;</p>\n\n<p>在畫面右上角的地方有個 設定&nbsp;裡面有個 個股筆記</p>\n\n<p>點下去會出現投資朋友所有的筆記喔</p>\n\n<p><img alt=\"\" height=\"111\" src=\"http://www.cmoney.tw/notes/cmstatic/notes/capture/115152/20141127163624110.jpg\" width=\"700\" /></p>\n\n<p><img alt=\"\" height=\"358\" src=\"http://www.cmoney.tw/notes/cmstatic/notes/capture/115152/20141127170156103.jpg\" width=\"700\" /></p>\n\n<p>&nbsp;</p>\n\n<p>&nbsp;</p>\n\n<h1>【免費試用 籌碼K線】</h1>\n\n<h2>&rarr;&rarr;<a href=\"http://cmy.tw/005jDZ\">《 點我點我！》</a>&larr;&larr;</h2>\n\n<p>&nbsp;</p>\n\n<h2>想知道更多籌碼達人的秘訣嗎？</h2>\n\n<h3>快點擊下方加入我們的LINE@ 和 祕密社團</h3>\n\n<h3><a href=\"http://cmy.tw/005XVT\" target=\"_blank\"><img alt=\"\" height=\"85\" src=\"http://www.cmoney.tw/notes/cmstatic/notes/capture/467194/20180108115331599.gif\" width=\"266\" /></a>&nbsp; &nbsp; &nbsp;&nbsp;<a href=\"http://cmy.tw/005o96\"><img alt=\"\" height=\"89\" src=\"http://www.cmoney.tw/notes/cmstatic/notes/capture/467194/20180108115413395.gif\" width=\"272\" /></a></h3>\n\n<p>&nbsp;</p>\n",
        "ViewCount": "3822",
        "IsReference": true,
        "ReferenceList": [
            {
                "ReferenceId": 33442,
                "Description": "股市 - 資料詳盡的股市資料庫",
                "ReferenceUrl": "http://www.cmoney.tw/learn/course/webguiding/topic/1180",
                "ReferenceImage": "http://www.cmoney.tw/learn/cmstatic/learn/70/20140925141232861.jpg",
                "ViewCount": 34
            },
            {
                "ReferenceId": 33443,
                "Description": "持續勝利，選股8大指標",
                "ReferenceUrl": "http://www.cmoney.tw/learn/course/michellebook/topic/1251",
                "ReferenceImage": "http://www.cmoney.tw/notes/cmstatic/notes/capture/142204/20141027155344937.jpg",
                "ViewCount": 28
            }
        ],
        "OgImgURL": "http://www.cmoney.tw/notes/cmstatic/notes/capture/115152/20141127162201644.jpg"
    },
    "badges": [],
    "isTreeCompleted": false,
    "nextCourse": null
}