{
    "courseDetail": {
        "CourseId": 475,
        "CourseContent": "<p><img alt=\"技術分析\" height=\"340\" src=\"http://www.cmoney.tw/learn/cmstatic/learn/44/20200821173654421.jpg\" width=\"650\" /></p>\n\n<p>&nbsp;</p>\n\n<h1>什麼是技術分析？</h1>\n\n<p><a href=\"https://zh.wikipedia.org/wiki/%E6%8A%80%E6%9C%AF%E5%88%86%E6%9E%90\" target=\"_blank\">維基百科</a>上的定義寫著：</p>\n\n<p>「技術分析，是指研究過去市場上的資訊，</p>\n\n<p>主要是使用圖表來觀察、預測未來價格的趨勢</p>\n\n<p>以及決定投資的策略應該怎麼執行比較妥當。」</p>\n\n<p>&nbsp;</p>\n\n<p>也就是說：技術分析 主要是</p>\n\n<p>研究市場<strong>過去的資料</strong>來<strong>預測未來</strong>的走向，</p>\n\n<p>這些過去的資料，就是價量走勢的圖表</p>\n\n<p>也就是技術分析的根本：<a href=\"http://cmy.tw/008wxA\" style=\"position: relative; text-decoration-line: underline; color: rgb(0, 119, 181);\" target=\"_blank\"><strong>成交量</strong></a>和<strong>股價</strong>，</p>\n\n<p>很多<a href=\"http://cmy.tw/007sxb\" style=\"position: relative; text-decoration-line: underline; color: rgb(0, 119, 181);\" target=\"_blank\">技術分析指標</a></p>\n\n<p>都是以這兩個為基礎發展而來的。</p>\n\n<p>&nbsp;</p>\n\n<p><dfp type=\"3\"></dfp></p>\n\n<p>&nbsp;</p>\n\n<h1><span style=\"font-size:26px\"><span style=\"color:#cc0000\">常用的技術分析指標</span></span></h1>\n\n<p>就像剛剛說的</p>\n\n<p>技術分析的根本，是「成交量」和「股價」</p>\n\n<p>所以市場上最常使用的技術分析</p>\n\n<p>像是 <a href=\"http://cmy.tw/009JQl\" target=\"_blank\">均線</a>、<a href=\"http://cmy.tw/007r6M\" target=\"_blank\">K線</a>、<a href=\"http://cmy.tw/009GeD\" target=\"_blank\">KD指標</a>、<a href=\"http://cmy.tw/009ueq\" target=\"_blank\">RSI指標</a>、<a href=\"http://cmy.tw/008dHX\" target=\"_blank\">MACD</a>...等</p>\n\n<p>都是以這 2 個內容作為計算基準</p>\n\n<p>這些技術分析的意義，</p>\n\n<p>在往後的教學才會提到本文先不提</p>\n\n<p>有興趣的人可以點擊連結往下學習</p>\n\n<p>&nbsp;</p>\n\n<p>但說到底，差別只是在於</p>\n\n<p><strong>每個技術分析的交易週期不同罷了</strong></p>\n\n<p>使用起來其實都是大同小異</p>\n\n<p>&nbsp;</p>\n\n<p>舉例來說，當股價大漲</p>\n\n<p>- <a href=\"http://cmy.tw/009JQl\">均線</a> 會開始上揚</p>\n\n<p>- <a href=\"http://cmy.tw/009Flb\">K棒</a> 會出現長紅K</p>\n\n<p>- <a href=\"http://cmy.tw/009EUr\">KD</a> 就會出現黃金交叉</p>\n\n<p>- <a href=\"http://cmy.tw/008F5Z\">RSI </a>會站上 50 黃金交叉</p>\n\n<p>- <a href=\"http://cmy.tw/009297\">MACD</a> 的柱狀體轉紅</p>\n\n<p>&nbsp;</p>\n\n<p><dfp type=\"2\"></dfp></p>\n\n<p>&nbsp;</p>\n\n<h1><span style=\"color:#cc0000\"><span style=\"font-size:26px\">技術分析是落後指標</span></span></h1>\n\n<p>技術分析至今已流傳了百年</p>\n\n<p>市場上幾乎人人都會使用</p>\n\n<p><strong>所以只要成交量越大、越多人參與的市場</strong></p>\n\n<p><strong>技術分析的準確度就會越高</strong></p>\n\n<p>&nbsp;</p>\n\n<p>但還有一個很重要的觀念</p>\n\n<p><strong>技術指標終究是落後指標</strong></p>\n\n<p>得等到股價出現之後才會變化</p>\n\n<p>所以像是 KD 黃金交叉出現後</p>\n\n<p>你還是會慢了一步...</p>\n\n<p>因此，想要在投資市場上提前別人一步</p>\n\n<p>你就要知道指標的訊號到底是怎麼來的</p>\n\n<p>用起來心裡也會比較踏實</p>\n\n<p>&nbsp;</p>\n\n<h1><span style=\"color:rgb(204, 0, 0)\"><span style=\"font-size:26px\">技術分析的3個信念</span></span></h1>\n\n<p>最後，幫各位整理技術分析的 3 個信念</p>\n\n<p>只要是相信技術分析，並使用技術分析的人</p>\n\n<p>都認為下面 3 件事是存在的，並且深信著</p>\n\n<p><strong>1. 市場的資訊，會直接反映在股價上</strong></p>\n\n<p><strong>2. 股價走勢容易有規律性，才可以預測未來走勢</strong></p>\n\n<p><strong>3. 人性導致歷史不斷重演，趨勢才會不斷循環</strong></p>\n\n<p>&nbsp;</p>\n\n<h1><span style=\"color:rgb(204, 0, 0)\"><span style=\"font-size:26px\">技術分析</span></span></h1>\n\n<h1><span style=\"color:rgb(204, 0, 0)\"><span style=\"font-size:26px\">需要大量統計資料驗證！</span></span></h1>\n\n<p>要提醒 CMoney 的各位讀者</p>\n\n<p>在使用技術分析之前</p>\n\n<p>要了解一個非常重要的前提：</p>\n\n<p><strong>技術分析之所以會有用</strong></p>\n\n<p><strong>不光光是使用者相信「歷史會不斷重演」</strong></p>\n\n<p><strong>還要經過「大量的統計資料」</strong></p>\n\n<p><strong>來驗證想法確實無誤</strong></p>\n\n<p><strong>此時用技術分析來預測未來的行情才比較妥當。</strong></p>\n\n<p>&nbsp;</p>\n\n<p>對於技術分析的基本教學</p>\n\n<p>這篇文章就講到這</p>\n\n<p>往後幾篇文章中</p>\n\n<p>會跟各位介紹更細的技術分析內容</p>\n\n<p>吸收一下這篇文章的內容</p>\n\n<p>如果沒問題，就繼續往下學習囉 ~&nbsp;&nbsp;</p>\n\n<p>&nbsp;</p>\n\n<p>&nbsp;</p>\n\n<p><span style=\"font-size:12px\">本文由 為CMoney編輯團隊撰寫<br />\n未經授權，請勿轉載！<br />\n（首圖來源／shutterstock）<br />\n（本文內容純屬參考，並非投資建議，投資前請謹慎為上）</span></p>\n\n<p><span style=\"font-size:12px\">責任編輯：Alodia；內文整理於 2020/08/21&nbsp;</span></p>\n\n<p>&nbsp;</p>\n\n<p><iframe allowfullscreen=\"\" frameborder=\"0\" height=\"360\" src=\"//www.youtube.com/embed/14Ra1CvXPYY?rel=0\" width=\"640\"></iframe></p>\n\n<p>&nbsp;</p>\n\n<p>&nbsp;</p>\n\n<p>&nbsp;</p>\n",
        "ViewCount": "273377",
        "IsReference": true,
        "ReferenceList": [
            {
                "ReferenceId": 35877,
                "Description": "技術分析的3大優點、2大缺點",
                "ReferenceUrl": "http://cmy.tw/009srx",
                "ReferenceImage": "http://www.cmoney.tw/learn/cmstatic/learn/44/20200825154919452.jpg",
                "ViewCount": 0
            },
            {
                "ReferenceId": 35878,
                "Description": "技術分析 - 指標法",
                "ReferenceUrl": "http://cmy.tw/008FRG",
                "ReferenceImage": "​//fsv.cmoney.tw/cmstatic/learn/44/learnImgA9D57092.jpg",
                "ViewCount": 0
            },
            {
                "ReferenceId": 35879,
                "Description": "技術分析 - 型態學",
                "ReferenceUrl": "http://cmy.tw/0094bt",
                "ReferenceImage": "http://www.cmoney.tw/learn/cmstatic/learn/44/20170628172018459.png",
                "ViewCount": 0
            }
        ],
        "OgImgURL": "http://www.cmoney.tw/learn/cmstatic/learn/44/20200821173654421.jpg"
    },
    "badges": [],
    "isTreeCompleted": false,
    "nextCourse": null
}