{
    "courseDetail": {
        "CourseId": 476,
        "CourseContent": "<p>&nbsp;</p>\n\n<p>&nbsp;</p>\n\n<p>&nbsp;</p>\n\n<p>市場上有不少的投資人</p>\n\n<p>常常過度迷信一個技術指標</p>\n\n<p>長期使用下來，不但無法穩定獲利</p>\n\n<p>還抱著散戶心態</p>\n\n<p>賠錢了不停損，賺到了就跑</p>\n\n<p>甚至堅信他的只看 <strong>技術指標</strong> 的買賣策略</p>\n\n<p>久而久之，就賠光了累積已久的操作資金</p>\n\n<p>&nbsp;</p>\n\n<p>大家不坊思考一下</p>\n\n<p>這些問題出在哪裡？</p>\n\n<p><strong>你是否掉進了技術分析的陷阱裡？</strong></p>\n\n<p>&nbsp;</p>\n\n<p>趕緊來好好檢討一下吧！</p>\n\n<p>&nbsp;</p>\n\n<p><span style=\"color:#808080\"><span style=\"font-size:12px\">（贊助商連結）</span></span></p>\n\n<p><googleadsense height=\"280px\" type=\"3\" width=\"336px\"></googleadsense></p>\n\n<p>&nbsp;</p>\n\n<p>&nbsp;</p>\n\n<h1>使用 技術分析 3 大注意事項</h1>\n\n<p>本章節要提醒投資人，</p>\n\n<p>沒有任何一種分析法 是絕對能預測未來的漲幅，</p>\n\n<p>但我們可以在使用 技術分析 前，</p>\n\n<p>注意 3 件事，</p>\n\n<p>讓你在投資時，做出正確的判斷喔！</p>\n\n<p>&nbsp;</p>\n\n<h2>1. 技術分析能判斷股價方向，不能反映真實價值</h2>\n\n<p>基本面分析看的是公司內部運作情形，以及產業動向，</p>\n\n<p>可評斷公司的真實價值。</p>\n\n<p>但技術面分析 完全不考慮這些！</p>\n\n<p>&nbsp;</p>\n\n<p>因為技術派認為，</p>\n\n<p>所有的資料訊息 都已經反應在股價上了，</p>\n\n<p>沒必要再去研究基本面。</p>\n\n<p>所以 技術分析 能判斷股價方向，不能反映真實價值。</p>\n\n<p>&nbsp;</p>\n\n<p>比如說，</p>\n\n<p>下圖明顯呈現&nbsp;上漲趨勢、未來股價上漲機率可能也大，</p>\n\n<p>在 7/10 的收盤價有 108.5 元 的 價格，</p>\n\n<p>但卻無法確定 股價是否真的有 108.5 元的 價值。</p>\n\n<p><img alt=\"\" height=\"409\" src=\"http://www.cmoney.tw/notes/cmstatic/notes/capture/114678/20141003102844399.jpg\" width=\"700\" /></p>\n\n<p>&nbsp;</p>\n\n<h2>2. 技術分析能提高勝率，但不是 100% 會成功</h2>\n\n<p>使用 技術分析 時，</p>\n\n<p>能判斷出 股價上漲 或 下跌 的可能性，</p>\n\n<p>但不是保證每次 都能完全預測未來價格走勢。</p>\n\n<p>&nbsp;</p>\n\n<p>像打棒球一樣，</p>\n\n<p>即使 球在一樣好的位置，</p>\n\n<p>可能打出安打，但不是每次都能打出全壘打。</p>\n\n<p>&nbsp;</p>\n\n<p>&nbsp;</p>\n\n<h2>3. 市場恐慌時，技術分析會失去判斷方向的能力</h2>\n\n<p>平常，大家會很理性 去計算股票真正值多少錢，</p>\n\n<p>太貴會被賣掉，太便宜會被買進，</p>\n\n<p>因此股票的所有資訊 會被反映在股價上。</p>\n\n<p>&nbsp;</p>\n\n<p>但在恐慌時，</p>\n\n<p>大家會有很多不理性的情緒，</p>\n\n<p>這時候 股價就不會隨時反映所有資訊。</p>\n\n<p>技術分析 假設所有市場的資訊 都會反映在價格上，</p>\n\n<p>所以 這時候會失效。</p>\n\n<p>&nbsp;</p>\n\n<p>舉例來說，</p>\n\n<p>台股在 2004 年發生 319 槍擊案，</p>\n\n<p>投資人恐慌 賣出股票，</p>\n\n<p>造成 大盤狂跌 2 天，</p>\n\n<p>在一週內 又回到原本價位，</p>\n\n<p>所以 這時的技術分析 是失效的！</p>\n\n<p>&nbsp;</p>\n\n<p>&nbsp;</p>\n\n<p>&nbsp;</p>\n\n<p>&nbsp;</p>\n\n<p>最後，做個總複習！</p>\n\n<p>&nbsp;</p>\n\n<p>&nbsp;</p>\n\n<h2>接下來即將介紹神秘的<span style=\"color:#0000FF\">道氏理論</span>！</h2>\n\n<h2>投資新手，一定要知道，快前往下一堂&darr;&darr;&darr;</h2>\n\n<p>&nbsp;</p>\n",
        "ViewCount": "51563",
        "IsReference": false,
        "ReferenceList": null,
        "OgImgURL": "http://www.cmoney.tw/notes/cmstatic/notes/capture/114678/20141003102844399.jpg"
    },
    "badges": [],
    "isTreeCompleted": false,
    "nextCourse": null
}