{
    "courseDetail": {
        "CourseId": 478,
        "CourseContent": "<p><img alt=\"技術分析 型態\" height=\"340\" src=\"http://www.cmoney.tw/learn/cmstatic/learn/44/20200825171707099.jpg\" width=\"650\" /></p>\n\n<p>&nbsp;</p>\n\n<h1><span style=\"font-size:26px\"><span style=\"color:rgb(204, 0, 0)\">指標法、型態學</span></span></h1>\n\n<p>如同之前說的</p>\n\n<p>技術分析裡常用數據、圖型分析</p>\n\n<p>來判斷未來股價走勢的工具</p>\n\n<p>之前我們已經學過</p>\n\n<p>技術分析的「<a href=\"http://cmy.tw/009hyH\">指標法</a>」</p>\n\n<p>現在我們來學學「型態學」吧！</p>\n\n<p>&nbsp;</p>\n\n<p><span style=\"color:rgb(128, 128, 128); font-size:12px\">（贊助商連結）</span></p>\n\n<p><span style=\"color:rgb(128, 128, 128); font-size:12px\"><dfp type=\"3\"></dfp></span></p>\n\n<p>&nbsp;</p>\n\n<p>股市千變萬化</p>\n\n<p>每一檔股票走勢不盡相同</p>\n\n<p>哪來什麼共通點？</p>\n\n<p>&nbsp;</p>\n\n<p>但如同<a href=\"http://cmy.tw/009kfW\">之前的文章</a>提到</p>\n\n<p>技術分析是經過大量統計彙整</p>\n\n<p>做出有效性的參考依據</p>\n\n<p>期待歷史再重新上演</p>\n\n<p>所以學者們將過去歷史的走勢圖大量統計</p>\n\n<p>發現許多股價在上漲或是下跌前</p>\n\n<p>會走出相像的走勢</p>\n\n<p>技術分析裡我們稱做它為「型態學」</p>\n\n<p>&nbsp;</p>\n\n<p>如果能看懂股市裡的型態學</p>\n\n<p>我們也能<strong>事先看出上漲和下跌的徵兆</strong>喔</p>\n\n<p>是不是相當有趣呢</p>\n\n<p>接下來就來跟大家介紹「型態學」的細節！</p>\n\n<p>&nbsp;</p>\n\n<p><dfp type=\"2\"></dfp></p>\n\n<p>&nbsp;</p>\n\n<h1><span style=\"font-size:26px\"><span style=\"color:#cc0000\">型態學：</span></span></h1>\n\n<h1><span style=\"font-size:26px\"><span style=\"color:#cc0000\">從過去走勢圖型中找出規律</span></span></h1>\n\n<p>型態學的圖型</p>\n\n<p>都是由股票走勢圖中去觀察</p>\n\n<p>市場的價格走勢，總有一些重複</p>\n\n<p>而且容易形成特別形狀的圖型</p>\n\n<p>所以，只要當價格走勢呈現出一種圖形</p>\n\n<p>這時候就可以將它稱為 型態</p>\n\n<p>&nbsp;</p>\n\n<p>型態學的判斷不需要數學的計算</p>\n\n<p>純粹用眼睛就能辨識價格走勢是屬於哪種圖型</p>\n\n<p>相對前一篇「指標法」就來得直覺、簡單的多</p>\n\n<p>&nbsp;</p>\n\n<h1><span style=\"color:#cc0000\"><span style=\"font-size:26px\">2 種常見型態</span></span></h1>\n\n<p>目前市場上比較常見的型態有 2 種：</p>\n\n<p><strong>1. 從一天走勢就能產生的型態</strong></p>\n\n<p>像是 長紅K、長黑K、十字線、墓碑線 .. 等</p>\n\n<p><strong>2. 從一週至一年才能形成的型態</strong></p>\n\n<p>像是 W 底、M 頭、頭肩底、頭肩頂 .. 等</p>\n\n<p>&nbsp;</p>\n\n<p>下面簡單舉幾個例子說明 型態學的圖型</p>\n\n<p>讓大家知道其實型態學</p>\n\n<p>真的可以單純用眼睛，不需要數學計算，</p>\n\n<p>就可以從 <a href=\"http://cmy.tw/007r6M\">K線圖</a>中 看出圖形喔！</p>\n\n<p>&nbsp;</p>\n\n<h1><span style=\"font-size:26px\"><span style=\"color:#cc0000\">一、W 底 M 頭 型態</span></span></h1>\n\n<h1><span style=\"font-size:26px\"><span style=\"color:#cc0000\">以鴻海 (<a href=\"https://www.cmoney.tw/follow/channel/stock-2317?chart=d&amp;type=Personal\">2317</a>) 為例</span></span></h1>\n\n<h2><span style=\"color:#ff6600\"><span style=\"font-size:20px\">1.W底：代表上漲機率較大</span></span></h2>\n\n<p>以 鴻海(2317) 2016 年的走勢為例</p>\n\n<p>價格走勢明顯出現 W 底的圖型</p>\n\n<p>W 底出現，表示股價通常上漲機率較大</p>\n\n<p><img alt=\"鴻海2317\" height=\"320\" src=\"http://www.cmoney.tw/learn/cmstatic/learn/44/20180928162247542.png\" width=\"600\" /></p>\n\n<p><span style=\"font-size:12px\">（圖片來自：<a href=\"https://www.cmoney.tw/app/ItemContent.aspx?id=1812\">籌碼K線</a>）</span></p>\n\n<p>&nbsp;</p>\n\n<h2><span style=\"color:#ff6600\"><span style=\"font-size:20px\">2.M頭：代表下跌機率較大</span></span></h2>\n\n<p>以 鴻海(2317) 2017 年的走勢為例</p>\n\n<p>價格走勢明顯出現 M 頭的圖型</p>\n\n<p>M 頭出現，表示股價通常下跌機率較大。</p>\n\n<p><img alt=\"鴻海2317\" height=\"440\" src=\"http://www.cmoney.tw/learn/cmstatic/learn/44/20180928161927690.png\" width=\"600\" /></p>\n\n<p><span style=\"font-size:12px\">（圖片來自：<a href=\"https://www.cmoney.tw/app/ItemContent.aspx?id=1812\">籌碼K線</a>）</span></p>\n\n<p>&nbsp;</p>\n\n<h1><span style=\"font-size:26px\"><span style=\"color:#cc0000\">二、頭肩頂 頭肩底 型態</span></span></h1>\n\n<h2>1.頭肩頂：表示下跌機會較大</h2>\n\n<p>以<a href=\"https://www.cmoney.tw/follow/channel/stock-0050?chart=d&amp;type=Personal\" target=\"_blank\">台灣50(0050)</a>為例，</p>\n\n<p>價格走勢呈現 頭肩頂的圖型，</p>\n\n<p>出現頭肩頂，表示股價下跌的機會較大。</p>\n\n<p><img alt=\"頭肩頂\" height=\"274\" src=\"http://www.cmoney.tw/learn/cmstatic/learn/44/20140729093827514.png\" width=\"500\" /></p>\n\n<p>&nbsp;</p>\n\n<h2><span style=\"color:#ff6600\"><span style=\"font-size:20px\">2.頭肩底：表示上漲機會較大</span></span></h2>\n\n<p>以<a href=\"http://www.cmoney.tw/follow/channel/stock-2489\" target=\"_blank\">瑞軒(2489)</a>為例，</p>\n\n<p>價格走勢呈現 頭肩底的圖型，</p>\n\n<p>出現頭肩底，表示股價上漲的機會較大。</p>\n\n<p><img alt=\"頭肩底\" height=\"202\" src=\"http://www.cmoney.tw/learn/cmstatic/learn/44/20140729100406030.png\" width=\"550\" /></p>\n\n<p>&nbsp;</p>\n\n<h1><span style=\"font-size:26px\"><span style=\"color:#cc0000\">觀察型態</span></span></h1>\n\n<h1><span style=\"font-size:26px\"><span style=\"color:#cc0000\">需固定走勢圖時間長度</span></span></h1>\n\n<p>使用型態上還需要特別注意一件事情</p>\n\n<p>每個人習慣看的走勢圖長度不一樣</p>\n\n<p>有些人會看 3 個月的走勢圖、</p>\n\n<p>有些人會看 1 年的走勢圖</p>\n\n<p>在這之中有大型態、小型態</p>\n\n<p>在解讀上難免會遇到互相矛盾的地方</p>\n\n<p>&nbsp;</p>\n\n<p>所以在使用上</p>\n\n<p>一定要固定一個習慣的時間長度</p>\n\n<p>否則今天看長、明天看短</p>\n\n<p>你會被自己搞混喔！</p>\n\n<p>&nbsp;</p>\n\n<p>我們會在之後的章節</p>\n\n<p>說明不同型態的圖形</p>\n\n<p>以及<a href=\"http://cmy.tw/009H58\" target=\"_blank\">W底、M頭</a>、<a href=\"http://cmy.tw/007uhl\" target=\"_blank\">頭肩頂、頭肩底</a></p>\n\n<p>各自的形成過程與操作方法</p>\n\n<p>&nbsp;</p>\n\n<p>&nbsp;</p>\n\n<p><span style=\"font-size:12px\">本文由 為CMoney編輯團隊撰寫<br />\n未經授權，請勿轉載！<br />\n（首圖來源／shutterstock）<br />\n（本文內容純屬參考，並非投資建議，投資前請謹慎為上）</span></p>\n\n<p><span style=\"font-size:12px\">責任編輯：Alodia；內文整理於 2020/08/25&nbsp;</span></p>\n\n<p>&nbsp;</p>\n<p>&nbsp;</p>\n\n<h1>16堂課學會小資薪水翻倍術！</h1>\n\n<p>現在開始 月存 5000 就能安心退休</p>\n\n<p>打造財富人生趁現在 &rarr;<strong>&nbsp;<span style=\"color:rgb(17, 85, 204); font-family:arial; font-size:10pt\"><a class=\"in-cell-link\" href=\"http://cmy.tw/009YkZ\" target=\"_blank\">http://cmy.tw/009YkZ</a></span></strong></p>\n\n<p><a href=\"http://cmy.tw/009YkZ\"><img alt=\"0050\" height=\"500\" src=\"http://www.cmoney.tw/learn/cmstatic/learn/44/20201006115205927.jpg\" width=\"250\" /></a></p>\n\n<p>&nbsp;</p>\n\n<p>&nbsp;</p>\n<p>&nbsp;</p>\n",
        "ViewCount": "154945",
        "IsReference": true,
        "ReferenceList": [
            {
                "ReferenceId": 35902,
                "Description": "底部型態學",
                "ReferenceUrl": "http://www.cmoney.tw/notes/note-detail.aspx?cid=22814&nid=10361",
                "ReferenceImage": "http://www.cmoney.tw/notes/cmstatic/notes/capture/29464/20140331161158811.png",
                "ViewCount": 11
            },
            {
                "ReferenceId": 35903,
                "Description": "「趨勢線」、「型態」這兩個大幅提高勝率的方法！",
                "ReferenceUrl": "http://www.cmoney.tw/learn/course/njulin/topic/588",
                "ReferenceImage": "http://www.cmoney.tw/learn/cmstatic/learn/46/20150601115708269.jpg",
                "ViewCount": 9
            },
            {
                "ReferenceId": 35904,
                "Description": "一分鐘學會 - 用「均線」看出趨勢！",
                "ReferenceUrl": "http://www.cmoney.tw/learn/course/njulin/topic/1343",
                "ReferenceImage": "http://www.cmoney.tw/learn/cmstatic/learn/46/20150601112924892.jpg",
                "ViewCount": 6
            }
        ],
        "OgImgURL": "http://www.cmoney.tw/learn/cmstatic/learn/44/20200825171707099.jpg"
    },
    "badges": [],
    "isTreeCompleted": false,
    "nextCourse": null
}