{
    "courseDetail": {
        "CourseId": 486,
        "CourseContent": "<p><img alt=\"\" height=\"366\" src=\"http://www.cmoney.tw/learn/cmstatic/learn/44/20200728104738488.jpg\" width=\"650\" /></p>\n\n<h1>W 和 M 到底是在畫什麼?&nbsp;</h1>\n\n<p>電視上的名師或是股市老手，</p>\n\n<p>常常在 K 線圖上畫的密密麻麻。</p>\n\n<p>投資人看的一蹋糊塗，</p>\n\n<p>究竟這些圖形存在什麼著意義？</p>\n\n<p>到底是在畫什麼？</p>\n\n<p>對於股價判斷有什麼幫助？</p>\n\n<p>&nbsp;</p>\n\n<p>這些是技術分析裡很重要的<strong>型態學</strong></p>\n\n<p>投資人必須好好做功課喔！</p>\n\n<p>&nbsp;</p>\n\n<p>趕緊來看看以下的介紹吧！</p>\n\n<p>&nbsp;</p>\n\n<blockquote>\n<p><span style=\"color:#808080\"><span style=\"font-size:12px\">(贊助商連結...)</span></span></p>\n</blockquote>\n\n<p><dfp type=\"3\"></dfp></p>\n\n<h1>型態學就是透過價格走勢圖形，</h1>\n\n<h1>推測未來的股價走勢</h1>\n\n<h2>頭部是賣出訊號；</h2>\n\n<h2>底部是買進訊號</h2>\n\n<p>在型態學中，有所謂的頭部跟底部。</p>\n\n<p><strong><span style=\"color:#008000\">頭部是在當價格連續下跌前</span></strong></p>\n\n<p><strong><span style=\"color:#008000\">形成的圖形，是賣出訊號。</span></strong></p>\n\n<p>&nbsp;</p>\n\n<p><strong><span style=\"color:#FF0000\">底部是價格連續上漲前</span></strong></p>\n\n<p><strong><span style=\"color:#FF0000\">形成的圖形，是買進訊號。</span></strong></p>\n\n<p>&nbsp;</p>\n\n<h2>頸線，是多空攻防</h2>\n\n<h2>的重要趨勢線</h2>\n\n<p>二個折返點所連結而成的線稱為「頸線」，</p>\n\n<p>在上升趨勢中，一旦價格跌破頸線，</p>\n\n<p>或在下降趨勢中，價格突破頸線，</p>\n\n<p>透過頸線，可以觀察到趨勢反轉訊號。</p>\n\n<p><img alt=\"\" height=\"306\" src=\"http://www.cmoney.tw/learn/cmstatic/learn/44/20140804162331807.jpg\" width=\"500\" /></p>\n\n<p>&nbsp;</p>\n\n<p><dfp type=\"2\"></dfp></p>\n\n<p>&nbsp;</p>\n\n<h1>一、頭部 - M 頭：賣出訊號</h1>\n\n<p>M 頭容易發生在股價波段的高檔，</p>\n\n<p>是由兩個高點與一個低點組成，</p>\n\n<p>不論是左肩較高、右肩較高</p>\n\n<p>或是左右肩同高，</p>\n\n<p>都是 M 頭型態的一種。</p>\n\n<p>&nbsp;</p>\n\n<p><img alt=\"\" height=\"294\" src=\"http://www.cmoney.tw/learn/cmstatic/learn/44/20140815110026048.jpg\" width=\"500\" /></p>\n\n<p>&nbsp;</p>\n\n<h2>M 頭的形成過程與操作方法</h2>\n\n<p><img alt=\"\" height=\"367\" src=\"http://www.cmoney.tw/learn/cmstatic/learn/44/20140815113755729.jpg\" width=\"500\" /></p>\n\n<p>&nbsp;</p>\n\n<h2>M 頭賣出訊號</h2>\n\n<h2>實際觀察與操作，以建漢(3062)為例</h2>\n\n<p>以&nbsp;<a href=\"http://www.cmoney.tw/follow/channel/stock-3062\" target=\"_blank\">建漢(3062)</a>&nbsp;在 2007 年 4 月到 11 月 為例，</p>\n\n<p>這是個標準的 M 頭，</p>\n\n<p>1. 左肩高於右肩。</p>\n\n<p>第 1 次高點出現，回檔卻後繼無力。</p>\n\n<p>&rarr;方向不明，按兵不動</p>\n\n<p>&nbsp;</p>\n\n<p>2. 第 2 次高點低於第 1 次。</p>\n\n<p>先跌破上升趨勢線，後跌破頸線。</p>\n\n<p>&rarr;潛在 M 頭型態，預作操作準備</p>\n\n<p>&nbsp;</p>\n\n<p>3. 觀察成交量：</p>\n\n<p>從股價第 1 次創新高後，成交量明顯縮小。</p>\n\n<p>&rarr;確定 M 頭型態，賣出股票或作空</p>\n\n<p>&nbsp;</p>\n\n<p><img alt=\"\" height=\"380\" src=\"http://www.cmoney.tw/learn/cmstatic/learn/44/20140805104227312.jpg\" width=\"500\" /></p>\n\n<p>&nbsp;</p>\n\n<p><a href=\"http://cmy.tw/008NnG\" target=\"_blank\"><img alt=\"\" height=\"250\" src=\"http://www.cmoney.tw/learn/cmstatic/learn/44/20200728104612984.jpg\" width=\"300\" /></a></p>\n\n<p>&nbsp;</p>\n\n<h1>二、底部 - W 底：買進訊號</h1>\n\n<p>把 M 頭翻過來，變成一個 W，</p>\n\n<p>W 底容易發生在股價波段的低檔，</p>\n\n<p>由兩個低點與一個高點組成，</p>\n\n<p>不論是左腳高、右腳高或左右兩腳同高，</p>\n\n<p>都是 W 底型態的一種。</p>\n\n<p>&nbsp;</p>\n\n<p><img alt=\"\" height=\"278\" src=\"http://www.cmoney.tw/learn/cmstatic/learn/44/20140815110043116.jpg\" width=\"450\" /></p>\n\n<p>&nbsp;</p>\n\n<h2>W 底的形成過程與操作方法</h2>\n\n<p><img alt=\"\" height=\"499\" src=\"http://www.cmoney.tw/learn/cmstatic/learn/44/20140815113816861.jpg\" width=\"600\" /></p>\n\n<p>&nbsp;</p>\n\n<h2>W 底買進訊號</h2>\n\n<h2>的觀察與操作，以建大(2106)為例</h2>\n\n<p>以&nbsp;<a href=\"http://www.cmoney.tw/follow/channel/stock-2106\" target=\"_blank\">建大(2106)</a>&nbsp;在</p>\n\n<p>2008 年 3 月到 2009 年 6月為例，</p>\n\n<p>1.右腳高於左腳。</p>\n\n<p>第 1 個谷底出現，低檔震盪。</p>\n\n<p>( &rarr; 方向不明，按兵不動 )</p>\n\n<p>&nbsp;</p>\n\n<p>2.第 2 個谷底高於第 1 個，</p>\n\n<p>上漲突破下降趨勢線，後突破頸線。</p>\n\n<p>(潛在 W 底型態&rarr;方向即將出現，預做操作準備)</p>\n\n<p>&nbsp;</p>\n\n<p>3. 觀察成交量：</p>\n\n<p>股價第 1 次創新低，成交量逐漸下降。</p>\n\n<p>第 2 個谷底後，成交量明顯放大。</p>\n\n<p>(確定 W 底型態 &rarr; 買進股票或進場作多)</p>\n\n<p><img alt=\"\" height=\"371\" src=\"http://www.cmoney.tw/learn/cmstatic/learn/44/20140805144756728.jpg\" width=\"650\" /></p>\n\n<p>當你學會如何判斷 W 底與 M 頭的型態後，</p>\n\n<p>最重要的就是從圖型的買賣訊號中，</p>\n\n<p>找到股票在哪個價格時，可以出手。</p>\n\n<p>&nbsp;</p>\n\n<p>不論是 W 底或 M 頭，</p>\n\n<p>衡量目標價的方式都是一樣的。</p>\n\n<p>&nbsp;</p>\n\n<p><dfp type=\"1\"></dfp></p>\n\n<p>&nbsp;</p>\n\n<h1>W 底、M 頭的最佳出手點</h1>\n\n<h1>與買賣目標價</h1>\n\n<h2>一、W 底的出手點</h2>\n\n<h2>與買進目標價</h2>\n\n<p>1. 股價突破頸線時，代表 W 底</p>\n\n<p>的型態完成，此為最佳出手點(最佳買點)！</p>\n\n<p>2. 若回測頸線位置，未突破頸線，</p>\n\n<p>此為最佳出手點二 (次佳買點)！</p>\n\n<p>3. 買進目標價：</p>\n\n<p>(1) 先計算底部與頸線的距離。</p>\n\n<p>(2) 找到突破頸線的點。</p>\n\n<p>(3) 以經驗法則來說，底部與頸部的距離</p>\n\n<p>跟頸線與目標價的距離會等長。</p>\n\n<p>因此，用底部與頸線的距離，</p>\n\n<p>從突破頸線的點算起，即可找到買進目標價。</p>\n\n<p>&nbsp;</p>\n\n<p>看下面右邊那張圖，</p>\n\n<p>假設底部 20 元，頸部 25 元，</p>\n\n<p>那目標價很可能是 30 元。</p>\n\n<p><img alt=\"\" height=\"251\" src=\"http://www.cmoney.tw/learn/cmstatic/learn/44/20140806141255372.jpg\" width=\"500\" /></p>\n\n<p>&nbsp;</p>\n\n<h2>二、M 頭的出手點</h2>\n\n<h2>與賣出目標價</h2>\n\n<p>1. 股價突破頸線，代表 M 頭型態完成，</p>\n\n<p>此為最佳出手點 (最佳賣點)！</p>\n\n<p>&nbsp;</p>\n\n<p>2. 若回測頸線位置，未突破頸線，</p>\n\n<p>此為最佳出手點二 (次佳賣點)！</p>\n\n<p>&nbsp;</p>\n\n<p>3. 賣出目標價：</p>\n\n<p>(1) 先計算頭部與頸線的距離。</p>\n\n<p>(2) 找到突破頸線的點。</p>\n\n<p>(3) 以經驗法則來說，頭部與頸部的距離</p>\n\n<p>和頸線與目標價的距離會等長。</p>\n\n<p>用頭部與頸線的距離，</p>\n\n<p>從突破頸線的點算起，就可找到賣出目標價。</p>\n\n<p>&nbsp;</p>\n\n<p>看下面右邊那張圖，例如：</p>\n\n<p>假設頭部 30 元，頸部 25 元，</p>\n\n<p>那目標價很可能是 20 元。</p>\n\n<p><img alt=\"\" height=\"254\" src=\"http://www.cmoney.tw/learn/cmstatic/learn/44/20140806141714903.jpg\" width=\"500\" /></p>\n\n<p>型態學中頭部</p>\n\n<p>與底部的圖形太多，</p>\n\n<p>無法一一介紹完，</p>\n\n<p>本章節就先介紹到</p>\n\n<p>最常聽到的 W 底與 M 頭圖型。</p>\n\n<p>&nbsp;</p>\n\n<p><a href=\"http://cmy.tw/009YkZ\" target=\"_blank\"><img alt=\"\" height=\"600\" src=\"http://www.cmoney.tw/learn/cmstatic/learn/44/20200728104528901.jpg\" width=\"300\" /></a></p>\n",
        "ViewCount": "374080",
        "IsReference": false,
        "ReferenceList": null,
        "OgImgURL": "http://www.cmoney.tw/learn/cmstatic/learn/44/20200728104738488.jpg"
    },
    "badges": [],
    "isTreeCompleted": false,
    "nextCourse": null
}