{
    "courseDetail": {
        "CourseId": 491,
        "CourseContent": "<p>&nbsp;</p>\n\n<p>&nbsp;</p>\n\n<p>我們常常在電視上看到投資老師說</p>\n\n<p>雖然這檔股票最近營收狀況不錯</p>\n\n<p><strong>「但是現在漲很多了」</strong>，建議不要追高</p>\n\n<p>或是說，某檔股票「<strong>跌深了</strong>」，最近應該會出現反彈</p>\n\n<p>&nbsp;</p>\n\n<p>讓投資人存在這各種不確定性...</p>\n\n<p>究竟有沒有一個可行的參考依據</p>\n\n<p>可以客觀地衡量</p>\n\n<p><strong>股票是真的漲多了？還是跌深了？</strong></p>\n\n<p>&nbsp;</p>\n\n<p>而不是盲目地聽從市場消息</p>\n\n<p>沒有可靠的依據進場</p>\n\n<p>反而吃了大虧.....</p>\n\n<p>&nbsp;</p>\n\n<p>在這裡介紹</p>\n\n<p>一個很簡單又很好用的方法</p>\n\n<h2><span style=\"font-size:22px\"><strong>就是 乖離率 ( Bias Rate )</strong></span></h2>\n\n<p>&nbsp;</p>\n\n<p>繼續看下去....</p>\n\n<p>&nbsp;</p>\n\n<p><span style=\"font-size:12px\"><span style=\"color:#808080\">（贊助商連結）</span></span></p>\n\n<p><googleadsense height=\"600px\" type=\"4\" width=\"300px\"></googleadsense></p>\n\n<p>&nbsp;</p>\n\n<h1>乖離率(BIAS)，可看出投資人近期的投資報酬率</h1>\n\n<p>之前的章節 &quot;&nbsp;<a href=\"http://www.cmoney.tw/learn/course/technicals/topic/485\" target=\"_blank\">4-1 什麼是均線</a>&nbsp;&quot;</p>\n\n<p>當中講到 <span style=\"font-size:18px\"><strong>移動平均線 是投資者的<u>平均成本</u></strong></span></p>\n\n<p>而 <span style=\"font-size:18px\"><strong>乖離率代表的 就是投資者的<u>平均報酬率</u></strong></span>。</p>\n\n<p>&nbsp;</p>\n\n<p>比方說台積電現在股價 110，月均線值是 100，</p>\n\n<p>就代表過去一個月 股民買進台積電的價格是 100，</p>\n\n<p>現在賣出的話投資報酬率就是 10%。</p>\n\n<p>&nbsp;</p>\n\n<p>當股價漲離平均成本很多的時候，</p>\n\n<p>就可能會有大的獲利賣壓出現，</p>\n\n<p>讓股價往均線跌回。</p>\n\n<p>&nbsp;</p>\n\n<p>當股價跌出平均成本太多的時候，</p>\n\n<p>攤平或逢低的買盤可能會進入，</p>\n\n<p>讓股價往均線漲回，</p>\n\n<p>這樣的狀況會使股價向平均成本靠近。</p>\n\n<p>&nbsp;</p>\n\n<p><img alt=\"\" height=\"246\" src=\"http://www.cmoney.tw/notes/cmstatic/notes/capture/114705/20140822114512367.jpg\" width=\"700\" /></p>\n\n<p>(資料來源:<a href=\"http://www.cmoney.tw/app/ItemContent.aspx?id=1812&amp;menuTab=2&amp;menuListItem=5&amp;menuSublistItem=503\" target=\"_blank\">籌碼K線</a>)</p>\n\n<p>&nbsp;</p>\n\n<h1>乖離率告訴我們 股票是不是漲太多了</h1>\n\n<p>用乖離率能夠客觀衡量</p>\n\n<p><strong>股票是漲多或是跌深，並找出好買或賣點</strong></p>\n\n<p>移動平均線是一條趨勢線，</p>\n\n<p>因此就趨勢而言，</p>\n\n<p>股價一定會 傾向靠近平均線 來移動。</p>\n\n<p>&nbsp;</p>\n\n<p>股價遠離 平均線 變遠的話，</p>\n\n<p>往平均線修正的機率就會上升，</p>\n\n<p>而且離得越遠，股價拉回的機會就越大，</p>\n\n<p>因此<strong>就算股票是在多頭的走勢</strong>中，</p>\n\n<p><strong>如果漲離均線太遠的話，短期下跌的機率反而是很大的</strong></p>\n\n<p>&nbsp;</p>\n\n<p>&nbsp;</p>\n\n<h1>為什麼可以說乖離率是報酬率呢?</h1>\n\n<p>乖離率計算公式如下:</p>\n\n<p>&nbsp;</p>\n\n<p><img alt=\"\" height=\"140\" src=\"http://www.cmoney.tw/notes/cmstatic/notes/capture/114705/20140821113630229.jpg\" width=\"600\" /></p>\n\n<p>&nbsp;</p>\n\n<p>前一篇<a href=\"http://www.cmoney.tw/notes/note-detail.aspx?nid=15485\" target=\"_blank\">均線</a>文章有提到移動平均線的值就是買進成本，</p>\n\n<p>你只要把移動平均價當成持股成本的話，</p>\n\n<p>這個公式就變成是在算報酬率了。</p>\n\n<p><img alt=\"\" height=\"150\" src=\"http://www.cmoney.tw/notes/cmstatic/notes/capture/114705/20140821113655104.jpg\" width=\"650\" /></p>\n\n<p>&nbsp;</p>\n\n<p>所以乖離率就是 衡量 <strong>目前股價與平均線距離的指標</strong>，</p>\n\n<p>也就是 <strong>目前股價偏離了平均線的百分比</strong>。</p>\n\n<p>研究偏離程度 <strong><span style=\"color:#FF0000\">有助於對股價行為做預測</span></strong>。</p>\n\n<p>&nbsp;</p>\n\n<h1>比較均線與乖離率，天數必須相同&nbsp;</h1>\n\n<p>如果是<strong> 5 日乖離率</strong>，就要用&nbsp;<strong>股價</strong>來和 <strong>5 日均線&nbsp;</strong>來比較；</p>\n\n<p>同樣的，如果是 <strong>60 日乖離率</strong> 那麼就是用 <strong>股價</strong> 來和<strong> 60 日均線</strong> 來比較了。</p>\n\n<p><strong>1.當 收盤價 大於 移動平均價時的乖離，稱為 正乖離。</strong></p>\n\n<p><strong>2.當 收盤價 小於 移動平均價時的乖離，稱為 負乖離。</strong></p>\n\n<p>&nbsp;</p>\n\n<p>&nbsp;</p>\n\n<h1>結合 均線與正負乖離，看出股價短期的波動訊號</h1>\n\n<p><strong>1.當股價觸碰到「正乖離線」，不要 追高買進，</strong></p>\n\n<p><strong>未來幾天可能會有一波 股價下跌的修正。</strong></p>\n\n<p>&nbsp;</p>\n\n<p><strong>2.當股價觸碰到「負乖離線」，不要 殺低賣出，</strong></p>\n\n<p><strong>未來幾天可能會有一波 股價上漲的反彈。</strong></p>\n\n<p>&nbsp;</p>\n\n<p>所以投資人，如果你想用乖離率看股價走勢，</p>\n\n<p>不用真的自己算乖離率，這樣太麻煩了！</p>\n\n<p>你可以直接用&nbsp;<a href=\"http://www.cmoney.tw/app/ItemContent.aspx?id=1545&amp;menuTab=1&amp;menuListItem=1&amp;menuSublistItem=\" target=\"_blank\">權證小哥-地板天花板反轉價位監控</a>&nbsp;來判斷 股價短期的波段喔。</p>\n\n<p>&nbsp;</p>\n\n<h1>投資人 使用乖離率 要注意</h1>\n\n<h2>對於股價長期處於 盤整 或 緩漲緩跌 的情況下</h2>\n\n<h2>乖離率無法發揮效果</h2>\n\n<p>&nbsp;</p>\n\n<p>最後 還是要提醒投資人，</p>\n\n<p>在使用技術指標時，</p>\n\n<p>要固定使用一種或幾種技術分析工具，</p>\n\n<p>並定期作調整修正，才能提高投資勝率喔！</p>\n\n<p>&nbsp;</p>\n\n<h2>接下來還有更多你不知道股市裡的秘密....</h2>\n\n<h2>趕快前往上下一堂課吧&darr;&darr;&darr;</h2>\n",
        "ViewCount": "191803",
        "IsReference": false,
        "ReferenceList": null,
        "OgImgURL": "http://www.cmoney.tw/notes/cmstatic/notes/capture/114705/20140822114512367.jpg"
    },
    "badges": [],
    "isTreeCompleted": false,
    "nextCourse": null
}