{
    "courseDetail": {
        "CourseId": 503,
        "CourseContent": "<p><img alt=\"技術分析\" height=\"340\" src=\"http://www.cmoney.tw/learn/cmstatic/learn/44/20200825154919452.jpg\" width=\"650\" /></p>\n\n<p>&nbsp;</p>\n\n<h1><span style=\"color:#cc0000\"><span style=\"font-size:26px\">為什麼要學技術分析？</span></span></h1>\n\n<p>必須學習技術分析的理由</p>\n\n<p>可以用一件日常中的事情來比喻</p>\n\n<p>如果想打好籃球</p>\n\n<p>我們必須先瞭解規則</p>\n\n<p>還要練好基本運球以及進攻防守技巧</p>\n\n<p>&nbsp;</p>\n\n<p>在股票市場也是如此</p>\n\n<p>想要做好投資</p>\n\n<p>先了解遊戲規則後</p>\n\n<p>還要知道怎樣才能在市場上進攻與防守</p>\n\n<p>而技術分析就是其中一種方式</p>\n\n<p>另外還有<a href=\"http://cmy.tw/009eja\">基本分析</a>、<a href=\"http://cmy.tw/009QLc\">籌碼分析</a>、<a href=\"http://cmy.tw/008RUn\">消息分析</a>等</p>\n\n<p>&nbsp;</p>\n\n<p>沒有 100%好的方法</p>\n\n<p>每種方法都有自己的優點跟缺點</p>\n\n<p>在使用前，務必確認自己已經通盤了解</p>\n\n<p>這樣投資時才不會忙腳亂、</p>\n\n<p>被別人牽著鼻子走唷！</p>\n\n<p>&nbsp;</p>\n\n<p>接下來就讓我們來了解</p>\n\n<ol>\n\t<li>技術分析３優點</li>\n\t<li>技術分析２缺點</li>\n</ol>\n\n<p>&nbsp;</p>\n\n<p>繼續往下看吧！</p>\n\n<p>&nbsp;</p>\n\n<p><dfp type=\"3\"></dfp></p>\n\n<p>&nbsp;</p>\n\n<h1><span style=\"color:#cc0000\"><span style=\"font-size:26px\">技術分析 3優點</span></span></h1>\n\n<h2><span style=\"color:#ff6600\"><span style=\"font-size:20px\">1.能客觀輔助判斷</span></span></h2>\n\n<p>我們若只用肉眼來判斷價格與成交量的變化</p>\n\n<p>其中有太多主觀意識</p>\n\n<p>技術分析能幫助投資人</p>\n\n<p>利用數據更客觀判斷當下情勢</p>\n\n<p>像是 <a href=\"http://cmy.tw/007r6M\">K線</a>、<a href=\"http://cmy.tw/009hyH\">指標</a>、<a href=\"http://cmy.tw/008InO\">型態</a>和<a href=\"http://cmy.tw/009JQl\">均線</a></p>\n\n<p>以此輔助，投資勝算能提高一些</p>\n\n<p>&nbsp;</p>\n\n<h2><span style=\"color:#ff6600\"><span style=\"font-size:20px\">2.可掌握股價規律</span></span></h2>\n\n<p>因為技術分析是透過研究過去的股價</p>\n\n<p>以得出一個規律</p>\n\n<p>就可以預測未來行情趨勢</p>\n\n<p>所以技術分析能提高投資勝率</p>\n\n<p>&nbsp;</p>\n\n<h2><span style=\"color:#ff6600\"><span style=\"font-size:20px\">3.輔助判斷買賣點</span></span></h2>\n\n<p>當你知道價格漲跌的規律後</p>\n\n<p>就可以從現今價格走勢中</p>\n\n<p>找到未來價格可能形成新行情的位置</p>\n\n<p>以此作為買賣股票時的進出場參考</p>\n\n<p>有憑有據的進出場</p>\n\n<p>後續才能回過頭來檢討自己的操作</p>\n\n<p>&nbsp;</p>\n\n<p><dfp type=\"2\"></dfp></p>\n\n<p>&nbsp;</p>\n\n<h1><span style=\"color:#cc0000\"><span style=\"font-size:26px\">技術分析 2缺點</span></span></h1>\n\n<h2><span style=\"color:#ff6600\"><span style=\"font-size:20px\">1.不會100%準確</span></span></h2>\n\n<p>各位讀者要知道</p>\n\n<p>一種分析方式只能掌握「部分」股價走勢</p>\n\n<p>即使技術分析背後的理論與觀點完全符合</p>\n\n<p>但還是會有出錯的時候</p>\n\n<p>這是機率的問題</p>\n\n<p>我們雖然站在勝算高的一方</p>\n\n<p>但不代表一定會對</p>\n\n<p>&nbsp;</p>\n\n<p>畢竟如果真的能確定未來股價是漲是跌</p>\n\n<p>那每個技術分析師可能早就身家上百億</p>\n\n<p>何苦要上電視當分析師賺通告費？</p>\n\n<p>&nbsp;</p>\n\n<h2><span style=\"color:#ff6600\"><span style=\"font-size:20px\">2.發生重大改變會失效</span></span></h2>\n\n<p>技術分析是建立在一個假設上－股價可以反映公司的價值</p>\n\n<p>但萬一市場失靈</p>\n\n<p>比方說成交量不足、遇上天災、總統遇害</p>\n\n<p>股價就沒辦法順利反映公司價值</p>\n\n<p>&nbsp;</p>\n\n<p>所以，過去發生幾件重大事件</p>\n\n<p>例如：阿扁 911 槍擊案、雷曼兄弟金融海嘯...</p>\n\n<p>歷史資料和市場現況就會脫鉤</p>\n\n<p>導致技術指標可能失靈或不適用</p>\n\n<p>&nbsp;</p>\n\n<h1><span style=\"color:#cc0000\"><span style=\"font-size:26px\">結論：自己看得懂才投資</span></span></h1>\n\n<p>技術分析最容易誤信別人道聽塗說</p>\n\n<p>聽別人說什麼有效就相信</p>\n\n<p>導致自己最後買賣股票都不知原因</p>\n\n<p>&nbsp;</p>\n\n<p>所以，在技術分析出現買賣訊號時</p>\n\n<p>背後最好有一個合理的邏輯能解釋</p>\n\n<p>像是公司確實出現利多、</p>\n\n<p>基本面績優、<a href=\"http://cmy.tw/008J9L\">籌碼集中</a> .. 等</p>\n\n<p>要自己看得懂才投資</p>\n\n<p>才不會被別人牽著鼻子走囉！</p>\n\n<p>&nbsp;</p>\n\n<p>&nbsp;</p>\n\n<p><span style=\"font-size:12px\">本文由 為CMoney編輯團隊撰寫<br />\n未經授權，請勿轉載！<br />\n（首圖來源／shutterstock）<br />\n（本文內容純屬參考，並非投資建議，投資前請謹慎為上）</span></p>\n\n<p><span style=\"font-size:12px\">責任編輯：Alodia；內文整理於 2020/08/25</span></p>\n\n<p>&nbsp;</p>\n",
        "ViewCount": "134305",
        "IsReference": true,
        "ReferenceList": [
            {
                "ReferenceId": 35739,
                "Description": "林恩如 分享 20週均線操作法 - 簡單的規則，卻有不簡單的報酬！",
                "ReferenceUrl": "http://www.cmoney.tw/learn/course/njulin/topic/523",
                "ReferenceImage": "http://www.cmoney.tw/learn/cmstatic/learn/46/20150528171519133.jpg",
                "ViewCount": 1
            },
            {
                "ReferenceId": 35740,
                "Description": "一分鐘學會 - 用「均線」看出趨勢！方法看似簡單，但99%的人都少做了「一件事」...",
                "ReferenceUrl": "http://www.cmoney.tw/learn/course/njulin/topic/1343",
                "ReferenceImage": "http://www.cmoney.tw/learn/cmstatic/learn/46/20150601112924892.jpg",
                "ViewCount": 0
            },
            {
                "ReferenceId": 35741,
                "Description": "智慧型股票投資人：就算股市崩盤也不怕",
                "ReferenceUrl": "http://www.cmoney.tw/learn/course/michellebook/topic/1282",
                "ReferenceImage": "http://www.cmoney.tw/notes/cmstatic/notes/capture/142204/20140923104440296.png",
                "ViewCount": 2
            }
        ],
        "OgImgURL": "http://www.cmoney.tw/learn/cmstatic/learn/44/20200825154919452.jpg"
    },
    "badges": [],
    "isTreeCompleted": false,
    "nextCourse": null
}