{
    "courseDetail": {
        "CourseId": 504,
        "CourseContent": "<p><img alt=\"技術分析 指標\" height=\"340\" src=\"http://www.cmoney.tw/learn/cmstatic/learn/44/20200825164212599.jpg\" width=\"650\" /></p>\n\n<p>&nbsp;</p>\n\n<h1><span style=\"font-size:26px\"><span style=\"color:#cc0000\">指標法、型態學</span></span></h1>\n\n<p>技術分析裡常用數據、圖型分析</p>\n\n<p>來判斷未來股價走勢的工具</p>\n\n<p>這些參考依據都是經過統計及彙整</p>\n\n<p>才衍生出來被市場上廣泛運用</p>\n\n<p>其中，指標法屬於 數值分析</p>\n\n<p><a href=\"http://cmy.tw/008InO\">型態學</a>屬於 圖型分析</p>\n\n<p>&nbsp;</p>\n\n<p>學會技術指標後</p>\n\n<p>只要你懂得如何運用</p>\n\n<p>能讓你的投資提高勝算</p>\n\n<p>並且讓你面對當下行情的思考更加清楚</p>\n\n<p>&nbsp;</p>\n\n<p>首先我們先從</p>\n\n<p>技術分析的<strong>「指標法」</strong>來開始看起吧！</p>\n\n<p>&nbsp;</p>\n\n<p><span style=\"color:#808080\"><span style=\"font-size:12px\">(贊助商連結)</span></span></p>\n\n<p><dfp type=\"3\"></dfp></p>\n\n<p>&nbsp;</p>\n\n<h1><span style=\"font-size:26px\"><span style=\"color:#cc0000\">技術分析指標 分類</span></span></h1>\n\n<p>是夠透過計算過去的歷史價格</p>\n\n<p>對未來走勢的數值判斷方式</p>\n\n<p>有些人會把指標法，簡單分成 2 類：</p>\n\n<ol>\n\t<li>順勢型指標</li>\n\t<li>逆勢型指標</li>\n</ol>\n\n<p>有些人會再把它細分成 4 類：</p>\n\n<ol>\n\t<li>判斷趨勢</li>\n\t<li>判斷震盪</li>\n\t<li>判斷波動</li>\n\t<li>判斷量能</li>\n</ol>\n\n<p>這些其實都對</p>\n\n<p>因為技術指標本身就是依照人的需求而創造的</p>\n\n<p>甚至你自己也可以把幾個市場動態混合</p>\n\n<p>創造屬於自己的一個指標</p>\n\n<p>&nbsp;</p>\n\n<p>總之各位運用技術分析的重點還是要放在</p>\n\n<p><strong>「這個指標出現後背後代表著什麼意義」</strong></p>\n\n<p>知道為什麼要使用後再用，才是正確的喔！</p>\n\n<p>&nbsp;</p>\n\n<p><dfp type=\"2\"></dfp></p>\n\n<p>&nbsp;</p>\n\n<h1><span style=\"font-size:26px\"><span style=\"color:#cc0000\">6個市場上常用的指標</span></span></h1>\n\n<p>以下挑出一般投資人最常使用的 6 個技術指標</p>\n\n<p>簡單介紹給各位認識</p>\n\n<p>後面的章節會再詳細介紹</p>\n\n<p>這 6 個常用技術指標如何判斷買賣的時機點</p>\n\n<p>&nbsp;</p>\n\n<h2><span style=\"color:#ff6600\"><span style=\"font-size:20px\">1. 移動平均線 ( MA )</span></span></h2>\n\n<p>這是最基礎、最普及的技術指標</p>\n\n<p>是指一段時間的平均價格</p>\n\n<p>例如 20MA，就代表著過去 20 天的平均價格</p>\n\n<p>在市場上有著一定的參考性</p>\n\n<blockquote>\n<p>【參考文章】<a href=\"http://cmy.tw/007t5I\">看懂趨勢 - 均線</a></p>\n</blockquote>\n\n<p>&nbsp;</p>\n\n<h2><span style=\"color:#ff6600\"><span style=\"font-size:20px\">2. KD 指標</span></span></h2>\n\n<p>中文名稱是 隨機震盪指標</p>\n\n<p>一般口語化都統稱為 KD</p>\n\n<p>是由 K 值與 D 值這兩個數值所組成</p>\n\n<p>&nbsp;</p>\n\n<p>在看盤軟體上 KD 指標會出現兩條線</p>\n\n<p>藉由兩條線交叉後的相對位置</p>\n\n<p>看出目前股價的相對高檔或相對低檔</p>\n\n<p>通常適用在「區間震盪行情」的操作上</p>\n\n<blockquote>\n<p>【參考文章】<a href=\"http://cmy.tw/009EUr\">什麼是「KD」？</a></p>\n</blockquote>\n\n<p>&nbsp;</p>\n\n<h2><span style=\"font-size:20px\"><span style=\"color:#ff6600\">3.RSI 指標</span></span></h2>\n\n<p>中文名稱是 相對強弱指標</p>\n\n<p>一般口語化都統稱為 RSI</p>\n\n<p>&nbsp;</p>\n\n<p>可藉此指標來判斷</p>\n\n<p>目前的價格是相對強、還是相對弱</p>\n\n<p>跟 KD 指標有一點像</p>\n\n<blockquote>\n<p>【參考文章】<a href=\"http://cmy.tw/008F5Z\">什麼是「RSI」?&nbsp;</a></p>\n</blockquote>\n\n<p>&nbsp;</p>\n\n<p><dfp type=\"1\"></dfp></p>\n\n<p>&nbsp;</p>\n\n<h2><span style=\"color:#ff6600\"><span style=\"font-size:20px\">4.MACD 指標</span></span></h2>\n\n<p>中文名稱是 指數平滑異同移動平均線</p>\n\n<p>一般口語化都統稱為 MACD 指標。</p>\n\n<p>&nbsp;</p>\n\n<p>是由均線理論 延伸而來</p>\n\n<p>結合了 均線具有趨勢性的特點</p>\n\n<p>並解決均線頻繁波動的缺陷</p>\n\n<p>最主要的功能是確立 中長期的波段走勢</p>\n\n<p>用來研判買賣股票的時機&nbsp;。</p>\n\n<blockquote>\n<p>【參考文章】<a href=\"http://cmy.tw/009297\">什麼是「MACD」？</a></p>\n</blockquote>\n\n<p>&nbsp;</p>\n\n<h2><span style=\"color:#ff6600\"><span style=\"font-size:20px\">5.乖離率(BIAS)</span></span></h2>\n\n<p>乖離率 ( Bias Rate )</p>\n\n<p>可看出投資人近期的投資報酬率</p>\n\n<p>&nbsp;</p>\n\n<p>均線代表投資者的平均成本</p>\n\n<p>乖離率代表的是投資者的平均報酬率</p>\n\n<p>能客觀衡量股票是漲多或是跌深</p>\n\n<p>並找出買、賣點</p>\n\n<blockquote>\n<p>【參考文章】<a href=\"http://cmy.tw/008ayM\">什麼是 乖離率(BIAS)</a></p>\n</blockquote>\n\n<p>&nbsp;</p>\n\n<h2><span style=\"color:#ff6600\"><span style=\"font-size:20px\">6.&nbsp;布林通道</span></span></h2>\n\n<p>Bollinger Bands 中文名稱是 布林通道</p>\n\n<p>一般口語化都統稱為 布林通道</p>\n\n<p>&nbsp;</p>\n\n<p>布林通道的操作理念類似<a href=\"http://cmy.tw/008WVR\">箱型操作</a></p>\n\n<p>不過它是以標準差的<a href=\"http://cmy.tw/0089jF\" style=\"outline-style: initial; outline-width: 0px; text-decoration-line: underline; position: relative;\" target=\"_blank\">常態分配</a>作為基礎的技術指標</p>\n\n<p>可協助投資人利用機率來思考作出判斷</p>\n\n<blockquote>\n<p>【參考文章】<a href=\"http://cmy.tw/008wrX\">什麼是布林通道？</a></p>\n</blockquote>\n\n<p>&nbsp;</p>\n\n<h1>用技術指標</h1>\n\n<h1>要注意適用時機及範圍</h1>\n\n<p>每種技術指標都有自己的適應範圍和環境</p>\n\n<p>有時技術指標的使用效果很差，有時效果很好</p>\n\n<p>畢竟每種技術指標都有自己的盲點</p>\n\n<p>也就是指標會有失效的時候</p>\n\n<p>&nbsp;</p>\n\n<p>每一種技術指標的存在都有其必要性</p>\n\n<p>在預測趨勢上，</p>\n\n<p>也有能力大小和準確程度的區別<br />\n&nbsp;</p>\n\n<p><strong>通常使用上，</strong></p>\n\n<p><strong>以一、二個技術指標為主，其他指標為輔</strong></p>\n\n<p>至於使用哪些技術指標呢 ?</p>\n\n<p>就由投資人自己決定</p>\n\n<p>因為每個人有自己的投資分析習慣</p>\n\n<p>但是，隨著實際股票交易效果的好壞</p>\n\n<p>這幾個指標應該不斷地進行變更</p>\n\n<p>&nbsp;</p>\n\n<p>&nbsp;</p>\n\n<p>&nbsp;</p>\n\n<p><span style=\"font-size:12px\">本文由 為CMoney編輯團隊撰寫<br />\n未經授權，請勿轉載！<br />\n（首圖來源／shutterstock）<br />\n（本文內容純屬參考，並非投資建議，投資前請謹慎為上）</span></p>\n\n<p><span style=\"font-size:12px\">責任編輯：Alodia；內文整理於 2020/08/25</span></p>\n\n<p>&nbsp;</p>\n\n<p>&nbsp;</p>\n\n<h1>16堂課學會小資薪水翻倍術！</h1>\n\n<p>現在開始 月存 5000 就能安心退休</p>\n\n<p>打造財富人生趁現在 &rarr;<strong>&nbsp;<span style=\"color:rgb(17, 85, 204); font-family:arial; font-size:10pt\"><a class=\"in-cell-link\" href=\"http://cmy.tw/009YkZ\" target=\"_blank\">http://cmy.tw/009YkZ</a></span></strong></p>\n\n<p><a href=\"http://cmy.tw/009YkZ\"><img alt=\"0050\" height=\"500\" src=\"http://www.cmoney.tw/learn/cmstatic/learn/44/20201006115205927.jpg\" width=\"250\" /></a></p>\n\n<p>&nbsp;</p>\n\n<p>&nbsp;</p>\n\n<p>&nbsp;</p>\n",
        "ViewCount": "158922",
        "IsReference": false,
        "ReferenceList": null,
        "OgImgURL": "http://www.cmoney.tw/learn/cmstatic/learn/44/20200825164212599.jpg"
    },
    "badges": [],
    "isTreeCompleted": false,
    "nextCourse": null
}