{
    "courseDetail": {
        "CourseId": 539,
        "CourseContent": "<p><img alt=\"\" height=\"339\" src=\"http://www.cmoney.tw/learn/cmstatic/learn/48/20200915151709400.jpg\" width=\"650\" /></p>\n\n<p>股市變化難以捉摸時漲時跌，</p>\n\n<p>如何可以抓住「大漲」、避開「下跌」呢？</p>\n\n<p>這裡有一個方法分享給各位投資人：</p>\n\n<p>&nbsp;</p>\n\n<p>趕快看下去吧...</p>\n\n<p>&nbsp;</p>\n\n<p><span style=\"color:rgb(128, 128, 128)\"><span style=\"font-size:12px\">(贊助商連結)</span></span></p>\n\n<p><dfp type=\"3\"></dfp></p>\n\n<h1>觀察「三大法人」</h1>\n\n<h1>讓你逢漲必買、遇跌先賣！</h1>\n\n<h2>這也是「籌碼面分析」的訣竅</h2>\n\n<p>股市中，有一群人</p>\n\n<p>掌握著股票漲跌的關鍵</p>\n\n<p>當他們開始買股、股票可能就要漲，</p>\n\n<p>當他們開始賣、股票可能就要跌。</p>\n\n<p>而觀察它們的動向，</p>\n\n<p>對散戶而言，預示著股市接下來變向，</p>\n\n<p>讓投資人可以抓住時機，</p>\n\n<p>實現「買低賣高」的投資！</p>\n\n<p>為什麼會這樣呢？首先，先得了解</p>\n\n<p><span style=\"color:#800080\"><span style=\"font-size:18px\"><strong>什麼是三大法人？</strong></span></span></p>\n\n<p>&nbsp;</p>\n\n<h1>「法人」就是指</h1>\n\n<h1>被法律承認的機構團體</h1>\n\n<p>跟法人相對的就是自然人，</p>\n\n<p>這兩種人都被法律認定為「人」，</p>\n\n<p>像你我這樣的個人，就是「自然人」。</p>\n\n<p>被欺負了法律會保護你，</p>\n\n<p>每個人都有自己的人格和人權，</p>\n\n<p>一群人組成的團體就是法人，</p>\n\n<p>例如：公司、營利組。</p>\n\n<p>而且同樣受法律保護，</p>\n\n<p>就像自然人一樣，</p>\n\n<p>可以獨立行事、受法律保護。</p>\n\n<p>因為「法人」就是被法律認可的團體，</p>\n\n<p>就會和自然人一樣，可以告別人也會被告。</p>\n\n<p>&nbsp;</p>\n\n<p><dfp type=\"2\"></dfp></p>\n\n<p>&nbsp;</p>\n\n<h1>「三大法人」是哪三大？</h1>\n\n<h2>1. 「外資」：</h2>\n\n<h2>泛指台灣以外的資金</h2>\n\n<h2>也就是外國機構投資者</h2>\n\n<p>從國外把錢換成台幣後，</p>\n\n<p>在台灣投資，</p>\n\n<p>政府的中央銀行會看緊那些人</p>\n\n<p>限制他們的投資金額，</p>\n\n<p>把投資的錢送進來</p>\n\n<p>和送出國也都需要政府同意。</p>\n\n<p>&nbsp;</p>\n\n<h2>2.「投信」：</h2>\n\n<h2>大眾口中的基金公司</h2>\n\n<h2>幫投資人買賣交易</h2>\n\n<p>投資信託公司的簡稱，</p>\n\n<p>蒐集你我平民老百姓的小錢，</p>\n\n<p>聚集成大錢(又稱共同基金)幫你投資。</p>\n\n<p>&nbsp;</p>\n\n<h2>3.「自營商」：</h2>\n\n<h2>用自己公司的錢投資</h2>\n\n<h2>不幫客戶買賣</h2>\n\n<p>&nbsp;</p>\n\n<p><a href=\"http://cmy.tw/008NnG\"><img alt=\"\" height=\"250\" src=\"http://www.cmoney.tw/learn/cmstatic/learn/48/20200914174311891.jpg\" width=\"300\" /></a></p>\n\n<p>&nbsp;</p>\n\n<h1>「三大法人」</h1>\n\n<h1>對股價的重大影響力：</h1>\n\n<p>三大法人的資金雄厚，</p>\n\n<p>只要開始買股票就可以把股價拉得很高；</p>\n\n<p>賣股票的時候，</p>\n\n<p>可能一次就把股價打得很低。</p>\n\n<p>這是三大法人對股市的直接影響。</p>\n\n<p>下面提供一個例子，</p>\n\n<p>可以看出法人出手，</p>\n\n<p>會對股價有重大影響：</p>\n\n<p><strong><a href=\"https://www.cmoney.tw/follow/channel/stock-2409?chart=d&amp;type=Personal\">友達 (2409)</a> 2012 年八月起遭外資大砍，</strong></p>\n\n<p><strong>股價跌到 8 元</strong></p>\n\n<p><img alt=\"\" height=\"270\" src=\"http://www.cmoney.tw/learn/cmstatic/learn/48/20160219181724965.jpg\" width=\"500\" /></p>\n\n<p>所以三大法人的買賣、持股狀況，</p>\n\n<p>成了籌碼分析的重要指標。</p>\n\n<p>&nbsp;</p>\n\n<p><dfp type=\"1\"></dfp></p>\n\n<p>&nbsp;</p>\n\n<h1>近 40%&nbsp;台股</h1>\n\n<h1>被這三大法人持有：</h1>\n\n<h1><img alt=\"\" height=\"400\" src=\"http://www.cmoney.tw/learn/cmstatic/learn/48/20141204110812620.png\" width=\"500\" /></h1>\n\n<p>&nbsp;</p>\n\n<h1>三大法人對台股</h1>\n\n<h1>影響非常重大</h1>\n\n<p>他們的錢非常多，</p>\n\n<p>只要開始買股票</p>\n\n<p>就可以把股價拉得很高。</p>\n\n<p>賣股票的時候，</p>\n\n<p>可能一次就把股價打得很低，</p>\n\n<p>這是三大法人對股市的直接影響。</p>\n\n<p>除此之外，間接影響也會常常出現，</p>\n\n<p>例如：外資買進某檔個股，</p>\n\n<p>就會吸引本土大戶、散戶投資人買進，</p>\n\n<p>所以三大法人的買賣、持股狀況，</p>\n\n<p>成了籌碼分析的重要指標。</p>\n\n<p>&nbsp;</p>\n\n<h1>三大法人買賣資料</h1>\n\n<h1>都是公開資訊！</h1>\n\n<p>證交所每天都會統計公布，</p>\n\n<p>台股大盤(所有股票)合計的三大法人買賣金額，</p>\n\n<p>以及公布個股個別的三大法人買賣金額。</p>\n\n<p>透過這些資料，就更能掌握大戶的動向了哦！</p>\n\n<h2><strong><a href=\"http://www.cmoney.tw/finance/f00011.aspx\" target=\"_blank\">查大盤(所有股票)法人動向</a></strong></h2>\n\n<h2><strong><a href=\"http://www.cmoney.tw/finance/f00036.aspx?m=3&amp;s=2330\" target=\"_blank\">查個股法人動向</a></strong></h2>\n\n<p><img alt=\"\" height=\"179\" src=\"http://www.cmoney.tw/learn/cmstatic/learn/48/20141109184926864.jpg\" width=\"500\" /></p>\n\n<p><strong><span style=\"font-size:18px\">原來這就是三大法人，</span></strong></p>\n\n<p><strong><span style=\"font-size:18px\">他們的行動對投資人而言，</span></strong></p>\n\n<p><strong><span style=\"font-size:18px\">是很重要的指標呢！</span></strong></p>\n\n<p>&nbsp;</p>\n\n<p><a href=\"http://cmy.tw/009YkZ\"><img alt=\"\" height=\"600\" src=\"http://www.cmoney.tw/learn/cmstatic/learn/48/20200914174227462.jpg\" width=\"300\" /></a></p>\n\n<p>&nbsp;</p>\n",
        "ViewCount": "145269",
        "IsReference": true,
        "ReferenceList": [
            {
                "ReferenceId": 35681,
                "Description": "6大指標 找出易漲難跌的 籌碼集中股",
                "ReferenceUrl": "http://www.cmoney.tw/notes/note-detail.aspx?nid=14531",
                "ReferenceImage": "http://www.cmoney.tw/notes/cmstatic/notes/capture/56958/20140724213949435.png",
                "ViewCount": 21
            },
            {
                "ReferenceId": 35682,
                "Description": "成本線 真實反應主力成本",
                "ReferenceUrl": "http://www.cmoney.tw/notes/note-detail.aspx?nid=16287",
                "ReferenceImage": "http://www.cmoney.tw/notes/cmstatic/notes/capture/115152/20140826171328237.png",
                "ViewCount": 5
            },
            {
                "ReferenceId": 35683,
                "Description": "找出誰在買-券商分點",
                "ReferenceUrl": "http://www.cmoney.tw/learn/course/cmoney/topic/145",
                "ReferenceImage": "http://www.cmoney.tw/learn/cmstatic/learn/1/20160328150444969.png",
                "ViewCount": 6
            }
        ],
        "OgImgURL": "http://www.cmoney.tw/learn/cmstatic/learn/48/20200915151709400.jpg"
    },
    "badges": [],
    "isTreeCompleted": false,
    "nextCourse": null
}