{
    "courseDetail": {
        "CourseId": 542,
        "CourseContent": "<p><img alt=\"\" height=\"365\" src=\"http://www.cmoney.tw/learn/cmstatic/learn/48/20200917100938758.jpg\" width=\"650\" /></p>\n\n<p><strong>內線交易...是甚麼？</strong></p>\n\n<p>常聽人說內線交易，</p>\n\n<p>到底...內線交易是甚麼呢？</p>\n\n<p>誰是內線？</p>\n\n<p>怎樣的交易屬於內線交易？</p>\n\n<p>別覺得自己跟這個沒關係，</p>\n\n<p>其實，這關係到各位投資人切身利益，</p>\n\n<p>如果你手中持股的公司犯了，</p>\n\n<p>可別迷迷糊糊搞不懂啊！</p>\n\n<p>你得先知道...</p>\n\n<p>內線交易是甚麼？</p>\n\n<p>&nbsp;</p>\n\n<p>繼續看下去&hellip;</p>\n\n<p>&nbsp;</p>\n\n<p><span style=\"color:#808080\"><span style=\"font-size:12px\">(贊助商連結)</span></span></p>\n\n<p><dfp type=\"3\"></dfp></p>\n\n<h1>為什麼會有內線交易？</h1>\n\n<h2><strong>公司的高層(內部人)</strong></h2>\n\n<h2><strong>透過</strong><strong>對公司的掌握，做出一些舉動</strong></h2>\n\n<p><strong>俗話說的好，</strong></p>\n\n<p><strong>千線萬線不如一條內線！</strong></p>\n\n<p>只有公司的內部人員，</p>\n\n<p>可以由內向外的看清楚公司全貌，</p>\n\n<p>但一間上市公司有那麼多員工，</p>\n\n<p>每個員工都只能看到公司的一小塊，</p>\n\n<p>所以，只聽員工看法是不夠全面的。</p>\n\n<p>真的要了解一間公司可能的未來動向，</p>\n\n<p>你應該觀察公司高層(內部人)的一舉一動，</p>\n\n<p>因為只有這些高層才是</p>\n\n<p>對公司財務和業務完全了解的人，</p>\n\n<p>老闆經理不會沒事會讓自己財產縮水，</p>\n\n<p>所以當他們大動作時，</p>\n\n<p>代表未來有事情要發生了。</p>\n\n<p>&nbsp;</p>\n\n<h1>有 4 種人被稱為內部人</h1>\n\n<h2>1.公司高層</h2>\n\n<p>包含董事、監事、經理人、大股東</p>\n\n<p><span style=\"font-size:18px\"><strong><span style=\"color:#800080\">a. 董事：</span></strong></span></p>\n\n<p>受股東大會的委任，</p>\n\n<p>負責指導和帶領公司事務，為股東賺錢。</p>\n\n<p>&nbsp;</p>\n\n<p><strong><span style=\"color:#800080\"><span style=\"font-size:18px\">b. 監事：</span></span></strong></p>\n\n<p>也稱為「監察人」，</p>\n\n<p>負責監督董事、經理等管理人員，</p>\n\n<p>有無違反法律及公司章程。</p>\n\n<p>&nbsp;</p>\n\n<p><span style=\"color:#800080\"><strong><span style=\"font-size:18px\">c. 經理人：</span></strong></span></p>\n\n<p>公司高層主管，</p>\n\n<p>包含總經理、副總經理、</p>\n\n<p>協理、部門主管&hellip;等。</p>\n\n<p>&nbsp;&nbsp;</p>\n\n<p><span style=\"color:#800080\"><span style=\"font-size:18px\"><strong>d. 大股東：</strong></span></span></p>\n\n<p>手上股票超過</p>\n\n<p>股份總額<strong>百分之十</strong>的人！</p>\n\n<p>但是要特別注意！</p>\n\n<p>任何人只要有公司 10% 股份都是大股東。</p>\n\n<p>&nbsp;</p>\n\n<p>另外董事也有可能兼任經理人，</p>\n\n<p>在台灣很常見 (例如:董事總經理)，</p>\n\n<p>所以實際上，</p>\n\n<p>四個職位不一定是四個人，</p>\n\n<p>有可能一人飾演多角。</p>\n\n<p>&nbsp;</p>\n\n<p><dfp type=\"2\"></dfp></p>\n\n<p>&nbsp;</p>\n\n<h2>2. 基於職業或關係</h2>\n\n<h2>獲知消息的人</h2>\n\n<p>公司內的資訊，不一定只有高層知道。</p>\n\n<p>訂單大增的時候，</p>\n\n<p>員工一定會發現怎麼每天都在加班！！</p>\n\n<p>這時候他們就是因為職業而獲知消息的人。</p>\n\n<p>或者下游廠商的，</p>\n\n<p>也是因為關係而獲知消息的人。</p>\n\n<p>所以可以用<a href=\"http://www.cmoney.tw/learn/course/k/topic/365\" target=\"_blank\">地緣券商</a>來推敲</p>\n\n<p>是不是有員工在買賣自家公司的股票。</p>\n\n<p>&nbsp;</p>\n\n<h2>3. 以上這兩種人</h2>\n\n<h2>喪失身分後未滿六個月</h2>\n\n<p>有時候公司的決策牽涉長期經營狀況，</p>\n\n<p>而且都不會公布。</p>\n\n<p>所以公司高層或員工離職</p>\n\n<p>或退休後仍擁有這些資訊，</p>\n\n<p>也算是內部人。</p>\n\n<p>&nbsp;</p>\n\n<h2>4. 從以上這三種人</h2>\n\n<h2>獲得資訊的人</h2>\n\n<p>這些資訊可能會「不小心」傳出來，</p>\n\n<p>這種資訊也算是內線消息。</p>\n\n<p>看看著名的<a href=\"http://zh.wikipedia.org/wiki/%E5%8F%B0%E7%81%A3%E5%9C%9F%E5%9C%B0%E9%96%8B%E7%99%BC%E5%85%AC%E5%8F%B8%E5%85%A7%E7%B7%9A%E4%BA%A4%E6%98%93%E6%A1%88\" target=\"_blank\">台開案</a>，</p>\n\n<p>就是外部人士得知內線消息，</p>\n\n<p>而進行內線交易的例子。</p>\n\n<p>&nbsp;</p>\n\n<p><dfp type=\"1\"></dfp></p>\n\n<p>&nbsp;</p>\n\n<h1>使用內線消息</h1>\n\n<h1>交易是違法的！</h1>\n\n<p>為維護證券市場交易秩序</p>\n\n<p>及交易之公平性，</p>\n\n<p>政府必須防範公司內部人</p>\n\n<p>炒作股票或內線交易，</p>\n\n<p>所以政府規定他們手中</p>\n\n<p>有多少股票都要讓大家知道。</p>\n\n<p>&nbsp;</p>\n\n<p>2013 年 11 月台灣<a href=\"http://www.cmoney.tw/follow/channel/stock-1234\" target=\"_blank\">黑松(1234)</a></p>\n\n<p>公司爆發內線交易弊案，</p>\n\n<p>黑松監察人張道榕與哥哥張道昇，</p>\n\n<p>知道公司準備買微風百貨公司旁的土地，</p>\n\n<p>將會有 40 億的利多，</p>\n\n<p>所以利用家人名義</p>\n\n<p>購買自家股票從中獲利六百萬元。</p>\n\n<p>(欲知更多:<a href=\"http://zh.wikipedia.org/wiki/%E5%85%A7%E7%B7%9A%E4%BA%A4%E6%98%93\" target=\"_blank\">請點</a>)</p>\n\n<p>內線交易需要負刑事責任，</p>\n\n<p>千萬不要以身試法！</p>\n\n<p>&nbsp;</p>\n\n<h2>用兒子女兒來買？</h2>\n\n<h2>不行！政府查得到</h2>\n\n<p>為了防止內部人</p>\n\n<p>透過用其他人的名義炒股票，</p>\n\n<p>又再規定他們的關係人</p>\n\n<p>(老婆老公和不到 20 歲的小孩)</p>\n\n<p>有多少股票也要公開！</p>\n\n<p>&nbsp;</p>\n\n<h1>查詢內部人轉讓資訊</h1>\n\n<p>透過<a href=\"http://www.cmoney.tw/finance/\" target=\"_blank\"> 理財寶股市-籌碼分析</a> 的部分，</p>\n\n<p>我們可以找到內部人轉讓的資訊，</p>\n\n<p>如果近日內董監事</p>\n\n<p>以一般交易的方式大量轉讓，</p>\n\n<p>可能背後有我們有著投資人不知道的消息，</p>\n\n<p>值得投資人多加留意。</p>\n\n<p>&nbsp;</p>\n\n<p><img alt=\"\" height=\"234\" src=\"http://www.cmoney.tw/learn/cmstatic/learn/48/20141106171408869.jpg\" width=\"500\" /></p>\n\n<p><span style=\"font-size:12px\">資料來源：<a href=\"http://www.cmoney.tw/finance/f00035.aspx?m=3&amp;s=2105\" target=\"_blank\">理財寶-個股籌碼面分析</a></span></p>\n\n<p>&nbsp;</p>\n\n<p><strong><span style=\"font-size:18px\">認識了關鍵內部人之後，</span></strong></p>\n\n<p><strong><span style=\"font-size:18px\">這些人會有哪些操盤特性呢？</span></strong></p>\n\n<p><strong><span style=\"font-size:18px\">快看看下一課吧！</span></strong></p>\n\n<p><a href=\"http://cmy.tw/009YkZ\"><img alt=\"\" height=\"600\" src=\"http://www.cmoney.tw/learn/cmstatic/learn/48/20200915170607567.jpg\" width=\"300\" /></a></p>\n\n<p>&nbsp;</p>\n",
        "ViewCount": "116651",
        "IsReference": true,
        "ReferenceList": [
            {
                "ReferenceId": 35727,
                "Description": "大家要了解的投資小知識 從內部人持股挑好股",
                "ReferenceUrl": "http://cmy.tw/004qF5",
                "ReferenceImage": "http://www.cmoney.tw/notes/cmstatic/notes/capture/29464/20140324094839623.png",
                "ViewCount": 0
            },
            {
                "ReferenceId": 35728,
                "Description": "一家公司的好壞，老闆和員工最知道！觀察內部人持股讓我提早掌握股價的動向",
                "ReferenceUrl": "http://cmy.tw/004y5i",
                "ReferenceImage": "http://www.cmoney.tw/notes/cmstatic/notes/capture/140276/20141001120319405.jpg",
                "ViewCount": 2
            },
            {
                "ReferenceId": 35729,
                "Description": "想跟內線？內部人持股報你知！",
                "ReferenceUrl": "http://cmy.tw/0051Nh",
                "ReferenceImage": "http://www.cmoney.tw/notes/cmstatic/notes/capture/29464/20140213140325756.png",
                "ViewCount": 3
            }
        ],
        "OgImgURL": "http://www.cmoney.tw/learn/cmstatic/learn/48/20200917100938758.jpg"
    },
    "badges": [],
    "isTreeCompleted": false,
    "nextCourse": null
}