{
    "courseDetail": {
        "CourseId": 543,
        "CourseContent": "<p><img alt=\"\" height=\"339\" src=\"http://www.cmoney.tw/learn/cmstatic/learn/48/20200819102751145.jpg\" width=\"650\" /></p>\n\n<p>想緊跟股票走勢做賣賣，</p>\n\n<p>掌握情報很重要，</p>\n\n<p>比別人先一步知道相關訊息</p>\n\n<p>就能多賺幾分、也少賠許多，</p>\n\n<p>但...情報從哪裡來？</p>\n\n<p>要怎麼知道這檔股票被大多數人，</p>\n\n<p>看漲還是看跌？</p>\n\n<p>下面介紹給各位散戶們</p>\n\n<p>觀察股市中散戶們</p>\n\n<p>2 個動向指標：</p>\n\n<p>&nbsp;</p>\n\n<p><span style=\"color:rgb(128, 128, 128); font-size:12px\">(贊助商連結...)</span></p>\n\n<p><dfp type=\"3\"></dfp></p>\n\n<h1>融資餘額、融券餘額</h1>\n\n<h1>是市場 2 個特殊的指標</h1>\n\n<h2>融券餘額異常增加，</h2>\n\n<h2>股價未來可能大跌!</h2>\n\n<p>以&nbsp;<a href=\"http://cmy.tw/004YJX\" style=\"line-height: 1.6;\" target=\"_blank\">再生</a><a href=\"http://cmy.tw/004YJX\">-KY</a><a href=\"http://cmy.tw/004YJX\" target=\"_blank\">(1337)</a><a href=\"http://cmy.tw/004YJX\">&nbsp;</a>為例，</p>\n\n<p>於 2014 / 4 / 24 遭美國研究機構，</p>\n\n<p>格勞克斯 (GLAUCUS)</p>\n\n<p>爆料財報做假，消息出來以後，</p>\n\n<p>股價連吞四根跌停板！</p>\n\n<p>(註 : 再生-KY 被攻擊專文，詳見 :</p>\n\n<p><a href=\"http://cmy.tw/004UGk\" target=\"_blank\">高明的炒股手法！往下炒！</a></p>\n\n<p><a href=\"http://cmy.tw/004UGk\" target=\"_blank\">如何避開打壓股價的禿鷹！以 再生-KY 為例</a>)</p>\n\n<p>&nbsp;</p>\n\n<p>我們驚訝的發現，在事件發生前，</p>\n\n<p>早就有人在股價還很高的時候，</p>\n\n<p>大量融券賣出。</p>\n\n<p>爆發後股價跌到谷底在融券補回，</p>\n\n<p>狠狠的賺了一筆，</p>\n\n<p>可見那個人有一些</p>\n\n<p>一般民眾不知道的消息。</p>\n\n<p>&nbsp;</p>\n\n<p><img alt=\"\" height=\"343\" src=\"http://www.cmoney.tw/notes/cmstatic/notes/capture/29464/20140520173534058.png\" width=\"500\" /></p>\n\n<p><span style=\"font-size:12px\"><span style=\"color:#696969\">(資料來源 :&nbsp;</span><a href=\"http://cmy.tw/004F2S\" target=\"_blank\"><span style=\"color:#696969\">籌碼K線</span></a><span style=\"color:#696969\">)</span></span></p>\n\n<p>&nbsp;</p>\n\n<h1>什麼是融資、融券餘額？</h1>\n\n<h2>1. 一檔股票融資張數的加總，</h2>\n\n<h2>就是「融資餘額」。</h2>\n\n<h2>2. 一檔股票融券張數的加總，</h2>\n\n<h2>就是「融券餘額」。</h2>\n\n<p>例如全台灣有 100 個人，</p>\n\n<p>每個人都融資買進 1 張<a href=\"http://www.cmoney.tw/follow/channel/stock-2330\" target=\"_blank\">台積電(2330)</a>，</p>\n\n<p>那融資餘額就是 100 張！</p>\n\n<p>&nbsp;</p>\n\n<p><dfp type=\"2\"></dfp></p>\n\n<p>&nbsp;</p>\n\n<h1>看融資和融券的餘額，</h1>\n\n<h1>就可以知道散戶的動向</h1>\n\n<h2>操作融資、融券的</h2>\n\n<h2>大部分都是散戶</h2>\n\n<p>相較之下，法人資本多，</p>\n\n<p>沒有需要借錢或借股票的煩惱，</p>\n\n<p>所以用融資融券的大部分都是散戶，</p>\n\n<p>而不是法人大戶喔！</p>\n\n<p>&nbsp;</p>\n\n<h2>1. 融資增加 或 融券減少</h2>\n\n<h2>►►代表散戶看多</h2>\n\n<h2>2. 融資減少 或 融券增加</h2>\n\n<h2>►►代表散戶看空</h2>\n\n<p>所以股價上漲，</p>\n\n<p>融資餘額減少和融券餘額增加，</p>\n\n<p>代表散戶不看好，</p>\n\n<p>但大戶覺得未來股價會漲。</p>\n\n<p>(散戶看空大戶看多)</p>\n\n<p>&nbsp;</p>\n\n<p>相反的，</p>\n\n<p>股價下跌，但融資餘額增加</p>\n\n<p>或融券餘額減少，</p>\n\n<p>代表散戶覺得</p>\n\n<p>未來會漲但大戶不看好它。</p>\n\n<p>(散戶看多大戶看空)</p>\n\n<p>&nbsp;</p>\n\n<p><img alt=\"\" height=\"236\" src=\"http://www.cmoney.tw/learn/cmstatic/learn/48/20140829101253626.jpg\" width=\"500\" /></p>\n\n<p>&nbsp;</p>\n\n<p><a href=\"http://cmy.tw/008NnG\"><img alt=\"\" height=\"250\" src=\"http://www.cmoney.tw/learn/cmstatic/learn/48/20200818115923454.jpg\" width=\"300\" /></a></p>\n\n<p>&nbsp;</p>\n\n<h1>用「券資比」推測未來走勢</h1>\n\n<h2>高券資越大，</h2>\n\n<h2>代表該股票被大量放空</h2>\n\n<p>券資比 = 融券餘額 / 融資餘額 X 100%</p>\n\n<p>券資比通常以 30% 作為一個分水嶺，</p>\n\n<p>券資比愈大代表該股票被大量放空，</p>\n\n<p>表示市場很多人以融券賣出此檔股票。</p>\n\n<p>&nbsp;</p>\n\n<h1>高券資比</h1>\n\n<h1>通常代表著 2 種意義：</h1>\n\n<h2>1. 該公司有重大利空，</h2>\n\n<h2>有消息者先行放空</h2>\n\n<p>該家公司可能會有重大利空出現，</p>\n\n<p>被得知內線消息的人先大量放空，</p>\n\n<p>等利空公佈股價下跌後獲利，</p>\n\n<p>近日 <a href=\"http://www.cmoney.tw/follow/channel/stock-2384\" target=\"_blank\">勝華(2384)</a> 就是最明顯的例子。</p>\n\n<p>(延伸閱讀：<a href=\"http://www.cmoney.tw/notes/note-detail.aspx?nid=17070\" target=\"_blank\">透過籌碼分析，避開地雷股</a>&nbsp;)</p>\n\n<p>&nbsp;</p>\n\n<h2>2. 券資比高，</h2>\n\n<h2>容易發生軋空行情</h2>\n\n<p>有時股票出現較大幅度的上漲，</p>\n\n<p>引誘散戶放空他此檔股票，</p>\n\n<p>此時主力大戶</p>\n\n<p>會先把融資買進的股票先行出脫，</p>\n\n<p>讓股價下跌造成假象。</p>\n\n<p>而這時券資比也會同時大幅升高，</p>\n\n<p>散戶也會加碼放空該股票，</p>\n\n<p>等到主力大戶認為</p>\n\n<p>券資比高到一個程度時，</p>\n\n<p>主力會開始大量買進該股票</p>\n\n<p>並同時放出該公司利多，</p>\n\n<p>直到散戶停損補回，</p>\n\n<p>這就是常見的軋空行情。</p>\n\n<p>&nbsp;</p>\n\n<p><dfp type=\"1\"></dfp></p>\n\n<p>&nbsp;</p>\n\n<h1>如何找出資券比</h1>\n\n<h1>增加的股票？</h1>\n\n<h2>啟用籌碼K線，</h2>\n\n<h2>先點擊「籌碼選股」，</h2>\n\n<h2>再點擊「高券資比的小型股」</h2>\n\n<p>那要如何提早揪出這類高券資比的股票？</p>\n\n<p>很簡單，啟用「<a href=\"http://cmy.tw/004Ln0\" style=\"position: relative; text-decoration: underline; color: rgb(0, 119, 181);\" target=\"_blank\">籌碼K線</a>」(<span style=\"color:rgb(255, 0, 0)\">免費下載</span>)</p>\n\n<p>先點擊「籌碼選股」，</p>\n\n<p>再點擊「高券資比的小型股」。</p>\n\n<p>&nbsp;</p>\n\n<h1>點擊藍色按鈕「篩選設定」，</h1>\n\n<h1>可自行更改券資比參數</h1>\n\n<p>這邊，可以進一步點擊藍色按鈕「篩選設定」，</p>\n\n<p>自行選擇券資比率以及市值高低。</p>\n\n<p>&nbsp;</p>\n\n<p>看完以上文章，是否受益良多呢？</p>\n\n<p>除了教導書上的知識，</p>\n\n<p>更是提供對的工具快速上手！</p>\n\n<p>如果覺得還不錯，</p>\n\n<p>快開始下一堂課吧！</p>\n\n<h2>每天觀察 3 分鐘，</h2>\n\n<h2>一旦指標有異常的動向...</h2>\n\n<h2>就是你賺錢的時機啦！</h2>\n\n<p><a href=\"http://cmy.tw/009YkZ\"><img alt=\"\" height=\"600\" src=\"http://www.cmoney.tw/learn/cmstatic/learn/48/20200818115758665.jpg\" width=\"300\" /></a></p>\n\n<p>&nbsp;</p>\n\n<p>&nbsp;</p>\n",
        "ViewCount": "472076",
        "IsReference": true,
        "ReferenceList": [
            {
                "ReferenceId": 35435,
                "Description": "籌碼持續沉澱！「融資餘額」正式跌破 1400 億，距離前次低點，只剩下...",
                "ReferenceUrl": "http://cmy.tw/00528A",
                "ReferenceImage": "http://www.cmoney.tw/notes/cmstatic/notes/capture/192737/20160113144823510.jpeg",
                "ViewCount": 137
            },
            {
                "ReferenceId": 35436,
                "Description": "千萬不要融資、借錢買股票！台股大漲出現融資大增，可能是反轉的跡象",
                "ReferenceUrl": " http://cmy.tw/004ops",
                "ReferenceImage": "http://www.cmoney.tw/notes/cmstatic/notes/capture/70544/20140925102337236.png",
                "ViewCount": 114
            },
            {
                "ReferenceId": 35437,
                "Description": "看準大咖的算盤！2個步驟，教你跟著「大戶」搶先布局！",
                "ReferenceUrl": "http://www.cmoney.tw/learn/course/michelle/topic/670",
                "ReferenceImage": "http://www.cmoney.tw/learn/cmstatic/learn/48/20160705140001022.jpg",
                "ViewCount": 52
            }
        ],
        "OgImgURL": "http://www.cmoney.tw/learn/cmstatic/learn/48/20200819102751145.jpg"
    },
    "badges": [],
    "isTreeCompleted": false,
    "nextCourse": null
}