{
    "courseDetail": {
        "CourseId": 561,
        "CourseContent": "<p>&nbsp;</p>\n\n<p>&nbsp;</p>\n\n<h1>主力炒股基本上分為3個步驟</h1>\n\n<p>&nbsp;</p>\n\n<h2>1.最開始低價時囤貨拉升股價</h2>\n\n<p>&nbsp;</p>\n\n<h2>2.一直到高檔出貨</h2>\n\n<p>&nbsp;</p>\n\n<h2>3.到最後作量偽裝，把股票成功在高價賣掉</h2>\n\n<p>&nbsp;</p>\n\n<p>以&nbsp;<a href=\"http://cmy.tw/004Cqi\" target=\"_blank\">得力(1464)</a>為例子，</p>\n\n<p>分為 3 個階段說明主力的操作手法</p>\n\n<p>他們如何在股價比較低的時候</p>\n\n<p>就能先囤積籌碼，然後一路拉升股價</p>\n\n<p>開始吸引散戶的目光</p>\n\n<p>吸引一般人在高價上接手他們賣出的股票</p>\n\n<p>完美買低賣高給廣大的市場散戶！</p>\n\n<h1><br />\nA. 囤貨拉升期：</h1>\n\n<p>股價在此階段，</p>\n\n<p>一開始處於相對量縮的低檔形態</p>\n\n<p>由圖可以看到有一個大戶</p>\n\n<p>在相對低檔開始買進股票之後</p>\n\n<p>當股價逐步的來回向上爬升時</p>\n\n<p>此大戶不受股價波動的影響持續的買入</p>\n\n<p>同時成交量也會緩步推升</p>\n\n<p>這就是他們的囤貨拉升期。</p>\n\n<p><img alt=\"\" height=\"377\" src=\"http://www.cmoney.tw/notes/cmstatic/notes/capture/57811/20140512180759220.png\" width=\"700\" /></p>\n\n<p><span style=\"font-size:12px\"><span style=\"color:#696969\">(資料來源：</span><a href=\"http://cmy.tw/004X0b\" target=\"_blank\"><span style=\"color:#696969\">廖兄Trendx 高手券商追蹤表</span></a><span style=\"color:#696969\">)</span></span></p>\n\n<p>&nbsp;</p>\n\n<p>&nbsp;</p>\n\n<h1>B.高檔出貨期</h1>\n\n<h2>股價先以跳空方式強勢上漲</h2>\n\n<p>之所紅 K 與紅 K 之間有一個跳空缺口，</p>\n\n<p>代表股價十分強勢</p>\n\n<p>(延伸閱讀：<a href=\"http://www.cmoney.tw/notes/note-detail.aspx?nid=17102\" target=\"_blank\">什麼是跳空缺口</a>)</p>\n\n<p>所以開盤前就有很多人</p>\n\n<p>掛單說我要買這檔股票</p>\n\n<p>甚至不惜用遠高於昨天收盤價的價格</p>\n\n<p>就是想要買這檔股票</p>\n\n<p>主力在高檔出貨前會以跳空的方式，</p>\n\n<p>吸引散戶對此檔股票的注目。</p>\n\n<h2>&nbsp;</h2>\n\n<h2>跳空上漲之後，</h2>\n\n<h2>股價卻遲遲不創新高</h2>\n\n<p>主力高檔出貨時，</p>\n\n<p>常常出現許多次的假突破，</p>\n\n<p>也就是創高後盤中</p>\n\n<p>或是隔日無法站穩此價位，</p>\n\n<p>過幾日便迅速下跌，</p>\n\n<p>此階段會在 K 線圖上</p>\n\n<p>留下許多常上引線以及綠色 K 棒。</p>\n\n<p>&nbsp;</p>\n\n<p><img alt=\"\" height=\"377\" src=\"http://www.cmoney.tw/notes/cmstatic/notes/capture/57811/20140512180659575.png\" width=\"700\" /></p>\n\n<p><span style=\"font-size:12px\"><span style=\"color:#696969\">(資料來源：</span><a href=\"http://cmy.tw/004X0b\" target=\"_blank\"><span style=\"color:#696969\">廖兄Trendx 高手券商追蹤表</span></a><span style=\"color:#696969\">)</span></span></p>\n\n<p>&nbsp;</p>\n\n<p>&nbsp;</p>\n\n<h2>高檔盤整期，</h2>\n\n<h2>將會多次回測跳空缺口，</h2>\n\n<h2>讓散戶誤以為有支撐，</h2>\n\n<h2>主力也趁機持續出貨</h2>\n\n<p>圖中很明顯的發現，高檔整理時，</p>\n\n<p>股價一直回測先前的跳空缺口，</p>\n\n<p>主力會將股價維持在此價位之上，</p>\n\n<p>讓散戶以為此股票</p>\n\n<p>未來還有上漲的可能。</p>\n\n<p>當主力股票賣得差不多時，</p>\n\n<p>股價就會跌破高檔整理期的頸線，</p>\n\n<p>成功的買低賣高</p>\n\n<p>讓散戶在高價接手，獲利了結。</p>\n\n<p>&nbsp;</p>\n\n<h1>C. 作量偽裝期(又稱左手換右手)</h1>\n\n<h1>作量就是指自己賣又買回，</h1>\n\n<h1>假裝成交量很多</h1>\n\n<h2>作量偽裝期分為兩個階段，分為：</h2>\n\n<h2>C1. 再度吸貨</h2>\n\n<h2>C2. 將吸到的貨，用於自買自賣作量</h2>\n\n<p>當主力在高檔出貨期已經賣出之前大部分的囤貨之後</p>\n\n<p>基本上主力想努力炒高價格的意願就降低許多</p>\n\n<p>但為了將剩下的股票順利通通賣出</p>\n\n<p>則需要最後手法：</p>\n\n<p><strong>作量偽裝期 來作最後的謝幕</strong></p>\n\n<p>&nbsp;</p>\n\n<p>如圖，可以看到主力在 C1 區，</p>\n\n<p>集中的買了幾天股票</p>\n\n<p>而在 C2 區，</p>\n\n<p>作一買一賣的假裝成交量很多</p>\n\n<p>這個大戶幾乎每天都是</p>\n\n<p>買 200 張賣 200 張的連續座高成交量</p>\n\n<p>這動作的目的，</p>\n\n<p>就是讓大家覺得這檔股票很熱門</p>\n\n<p>就能持續的吸引部份散戶進場交易，</p>\n\n<p>以便於主力未來將剩餘的股票順利出脫！</p>\n\n<p>&nbsp;</p>\n\n<p><img alt=\"\" height=\"367\" src=\"http://www.cmoney.tw/notes/cmstatic/notes/capture/57811/20140512180604905.png\" width=\"700\" /></p>\n\n<p><span style=\"font-size:12px\"><span style=\"color:#696969\">(資料來源：</span><a href=\"http://cmy.tw/004X0b\" target=\"_blank\"><span style=\"color:#696969\">廖兄Trendx 高手券商追蹤表</span></a><span style=\"color:#696969\">)</span></span></p>\n\n<p>&nbsp;</p>\n\n<p>&nbsp;</p>\n\n<p>&nbsp;</p>\n\n<h2><span style=\"color:#000000\">一檔股票若沒有主力在裡面運作，</span></h2>\n\n<h2><span style=\"color:#000000\">會使成交量大幅的萎縮</span></h2>\n\n<h2><span style=\"color:#000000\">散戶就不會來接大戶賣出的股票</span></h2>\n\n<p>這種萎縮現象 不會吸引太多散戶進來交易，</p>\n\n<p>更不利於主力最後的出貨</p>\n\n<p>&nbsp;</p>\n\n<h1>跟著買的時機：</h1>\n\n<h1>囤貨拉升期&nbsp;(大戶低檔吸籌碼)</h1>\n\n<p>股價在相對低檔，出現大量紅 K</p>\n\n<p>且有劵商大戶買進的籌碼現象</p>\n\n<p>有主力在低檔積極布局，</p>\n\n<p>且量價出現明顯放量紅 k 的形態</p>\n\n<p>&nbsp;</p>\n\n<h1>趕快賣的時機:</h1>\n\n<h1>1. 高檔出貨期(大戶高檔丟籌碼)</h1>\n\n<p>股價在相對高檔，出現大量黑K</p>\n\n<p>且有劵商大戶賣出的籌碼現象</p>\n\n<p>有主力在高檔積極丟籌碼，</p>\n\n<p>且量價出現明顯 放量黑k的形態</p>\n\n<p>&nbsp;</p>\n\n<h1>2. 作量偽裝期(大戶高檔吸籌碼)</h1>\n\n<p>股價在相對高檔，出現大量紅 K，</p>\n\n<p>且有劵商大戶大量買進的現象</p>\n\n<p>外表看似有利於多方的量價籌碼形態</p>\n\n<h2>但怎會有大戶願意在</h2>\n\n<h2>高檔才大量買進股票？</h2>\n\n<h2>必定有詐，別成為犧牲品</h2>\n\n<p>&nbsp;</p>\n\n<p>&nbsp;</p>\n\n<h1>怎樣才能找出被主力炒作的股票呢?</h1>\n\n<p>打開<a href=\"http://www.cmoney.tw/app/ItemContent.aspx?id=1793\" style=\"line-height: 20.7999992370605px;\" target=\"_blank\">Trendx軟體</a>，就可以用條件，</p>\n\n<p>找出被特定券商青睞的股票哦！</p>\n\n<p>例如:相同券商連三買、大戶低檔吸籌碼...</p>\n\n<p>操作方式也可以參考下面這篇文章哦！</p>\n\n<p><a href=\"http://cmy.tw/004X0b\" target=\"_blank\">Trendx高手券商追蹤表 可以免費開啟，自己找出主力炒作的股票</a></p>\n\n<p><img alt=\"\" height=\"180\" src=\"http://www.cmoney.tw/notes/cmstatic/notes/capture/57811/20140513104048928.png\" width=\"500\" /></p>\n\n<p>&nbsp;</p>\n\n<p>&nbsp;</p>\n\n<p>&nbsp;</p>\n\n<h1>&nbsp;</h1>\n",
        "ViewCount": "149700",
        "IsReference": false,
        "ReferenceList": null,
        "OgImgURL": "http://www.cmoney.tw/notes/cmstatic/notes/capture/57811/20140512180759220.png"
    },
    "badges": [],
    "isTreeCompleted": false,
    "nextCourse": null
}