{
    "courseDetail": {
        "CourseId": 572,
        "CourseContent": "<p>&nbsp;</p>\n\n<p>&nbsp;</p>\n\n<p>&nbsp;</p>\n\n<h1>低薪水、高房價、物價飛漲</h1>\n\n<h1>工作到 65 歲還沒辦法退休？</h1>\n\n<p>&nbsp;</p>\n\n<p>台灣經濟已長期無法大幅成長</p>\n\n<p>高房價又吃掉小資族的薪水</p>\n\n<p>去年( 2016 )民生物價又大漲 1 倍</p>\n\n<p>人民負擔實在太重</p>\n\n<p>更有學者提出 台灣可能會步入失落的 20 年</p>\n\n<p>&nbsp;</p>\n\n<p>在如此惡劣的環境中</p>\n\n<p>只有 投資 才能避免被社會淘汰</p>\n\n<p>&nbsp;</p>\n\n<p>現在 讓我告訴你 適合小資族的投資法</p>\n\n<p>每天只要花少少的 3 分鐘</p>\n\n<p>你就能替自己穩定加薪喔！</p>\n\n<p>&nbsp;</p>\n\n<p>趕快來看吧...</p>\n\n<p>&nbsp;</p>\n\n<p><span style=\"color:#D3D3D3\"><span style=\"font-size:12px\">(贊助商連結)</span></span></p>\n\n<p><googleadsense height=\"600px\" type=\"4\" width=\"300px\"></googleadsense></p>\n\n<p>&nbsp;</p>\n\n<h1>選擇權是一種契約</h1>\n\n<h1>是一種權利的交易</h1>\n\n<p>顧名思義</p>\n\n<p>你有權利決定是否要履行契約</p>\n\n<p>也可以選擇 &quot; 買 &quot; 這個權利</p>\n\n<p>或 &quot; 賣 &quot; 這個權利！</p>\n\n<p><strong><span style=\"background-color:rgb(255, 255, 0)\">買方，就是買進權利的角色</span></strong></p>\n\n<p><strong><span style=\"background-color:rgb(255, 255, 0)\">賣方，則是賣出權利的角色</span></strong></p>\n\n<p>&nbsp;</p>\n\n<h1><strong><span style=\"color:rgb(178, 34, 34)\">組成要件缺一不可</span></strong></h1>\n\n<p><img alt=\"\" height=\"430\" src=\"http://www.cmoney.tw/notes/cmstatic/notes/capture/114678/20140825113128203.jpg\" width=\"500\" /></p>\n\n<p>&nbsp;</p>\n\n<p>&nbsp;</p>\n\n<h1>買方承擔有限的風險</h1>\n\n<h1>賣方理論上須承擔無限的風險</h1>\n\n<h2><strong>選擇權是權利及義務的交易</strong></h2>\n\n<p>買方買進權利，不須承擔風險的義務</p>\n\n<p>賣方賣出權利，就有承擔風險的義務</p>\n\n<p>&nbsp;</p>\n\n<p>但買賣選擇權</p>\n\n<p>也是需要付出代價的</p>\n\n<p>為了取得交易的權利</p>\n\n<p>買方必須先支付權利金</p>\n\n<p><strong><span style=\"background-color:#FFFF00\">權利金就有像是我們買預售屋時</span></strong></p>\n\n<p><strong><span style=\"background-color:#FFFF00\">預先支付給賣方的訂金。</span></strong></p>\n\n<p>&nbsp;</p>\n\n<p>&nbsp;</p>\n\n<p>&nbsp;</p>\n\n<h2><strong>買方有權利決定</strong></h2>\n\n<h2><strong>是否履行契約！</strong></h2>\n\n<p>買方有權利決定</p>\n\n<p>要不要和對方交易</p>\n\n<p>選擇要不要在到期日內</p>\n\n<p>以固定的價格向賣方交易</p>\n\n<p>而交易內容</p>\n\n<p>是當初買賣方約定好數量的標的物</p>\n\n<p>&nbsp;</p>\n\n<h2>賣方有義務要履行契約！</h2>\n\n<p>若賣方滿意買賣雙方</p>\n\n<p>約定的履約價和權利金</p>\n\n<p>賣方便會向買方收取權利金</p>\n\n<p>履行契約義務</p>\n\n<p>但賣方也需要付出契約的保證金</p>\n\n<p>保證在風險發生時有正常履約的能力</p>\n\n<p>&nbsp;</p>\n\n<h2>選擇權分 2 種</h2>\n\n<h2>目前台灣是屬於「歐式選擇權」</h2>\n\n<p><img alt=\"\" height=\"144\" src=\"http://www.cmoney.tw/learn/cmstatic/learn/42/20140807145012215.jpg\" width=\"500\" /></p>\n\n<p>&nbsp;</p>\n\n<h1>還不是很懂什麼是選擇權嗎？</h1>\n\n<h1>我們用故事來說比較好理解！</h1>\n\n<p>&nbsp;</p>\n\n<p>&nbsp;</p>\n\n<p>&nbsp;</p>\n\n<p>阿瘋最喜歡吃阿雄家的蜂蜜</p>\n\n<p>但最近聽說接下來幾個月都會有颱風來襲</p>\n\n<p>阿瘋擔心之後蜂蜜會漲價</p>\n\n<p>要花更多錢才能吃到自己最喜歡的蜂蜜</p>\n\n<p>因此他跟阿雄簽下契約</p>\n\n<p>先支付 5000 元權利金</p>\n\n<p>約定半年後用 200 /斤的價格買入蜂蜜買權</p>\n\n<p>&nbsp;</p>\n\n<h2><strong>1. 當蜂蜜真的上漲</strong></h2>\n\n<h2><strong>漲到 500 /斤的價格時</strong></h2>\n\n<p>&nbsp;</p>\n\n<p>&nbsp;</p>\n\n<p>&nbsp;</p>\n\n<p>阿瘋可以開心的用 200 /斤的價格履約</p>\n\n<p>他就不用去市場上買 500 /斤的蜂蜜</p>\n\n<p>省下了一大筆的錢！</p>\n\n<p>&nbsp;</p>\n\n<h2><strong>2. 但若蜂蜜不漲反跌</strong></h2>\n\n<h2><strong>跌到 100 /斤的價格時</strong></h2>\n\n<p>&nbsp;</p>\n\n<p>&nbsp;</p>\n\n<p>&nbsp;</p>\n\n<p><strong>因為阿瘋是買方</strong></p>\n\n<p><strong>因此可以選擇要不要履行契約！</strong></p>\n\n<p>既然可以買到 100 /斤的蜂蜜</p>\n\n<p>阿瘋就不須履約</p>\n\n<p>僅付出一開始簽約的權利金 5000 元而已！</p>\n\n<p>&nbsp;</p>\n\n<p>過了一陣子</p>\n\n<p>阿瘋覺得蜂蜜價格</p>\n\n<p>可能不會像他想像的一樣會上漲</p>\n\n<p>蜂蜜價格波動不大</p>\n\n<p>於是他決定把手上的蜂蜜買權賣掉</p>\n\n<p>因此當阿瘋是賣方時...</p>\n\n<p>&nbsp;</p>\n\n<h2>3. 當蜂蜜價格不變或下跌</h2>\n\n<h2>阿瘋便可以賺取權利金</h2>\n\n<p>&nbsp;</p>\n\n<p>&nbsp;</p>\n\n<p>&nbsp;</p>\n\n<p>當價格不變或下跌時</p>\n\n<p>賣方獲利</p>\n\n<p>因為收取權利金。</p>\n\n<p>&nbsp;</p>\n\n<h2>4. 當蜂蜜價格短期開始上漲</h2>\n\n<h2>阿瘋要小心，因為賣方虧損無限大</h2>\n\n<p>&nbsp;</p>\n\n<p>&nbsp;</p>\n\n<p>&nbsp;</p>\n\n<p>價格漲幅超過賣方賺取的權利金時</p>\n\n<p>賣方就要開始小心</p>\n\n<p>因為賣方是有義務一定要履約的</p>\n\n<p>虧損可能很大且難以估計。</p>\n\n<p>&nbsp;</p>\n\n<h2>記得！</h2>\n\n<h2>賺的差額 要超過選擇權利金喔！</h2>\n\n<p>&nbsp;</p>\n\n<p><a href=\"http://cmy.tw/0055JU\"><img alt=\"\" height=\"47\" src=\"http://www.cmoney.tw/learn/cmstatic/learn/42/20170210163155514.png\" width=\"588\" /></a></p>\n\n<p>&nbsp;</p>\n\n<p><span style=\"font-family:arial,微軟正黑體,細明體; font-size:15px\">如果覺得這篇文章有幫助，先按個讚哦！</span></p>\n\n<p><iframe allowtransparency=\"true\" frameborder=\"0\" height=\"80\" scrolling=\"no\" src=\"https://www.facebook.com/plugins/like.php?href=https%3A%2F%2Fwww.facebook.com%2Fcmoneyapp%2F&amp;width=450&amp;layout=standard&amp;action=like&amp;size=large&amp;show_faces=true&amp;share=true&amp;height=80&amp;appId\" style=\"margin: 0px; padding: 0px; outline: 0px; position: relative; width: 879px; border-width: initial; border-style: none; overflow: hidden;\" width=\"450\"></iframe></p>\n\n<p>&nbsp;</p>\n",
        "ViewCount": "87624",
        "IsReference": false,
        "ReferenceList": null,
        "OgImgURL": "http://www.cmoney.tw/notes/cmstatic/notes/capture/114678/20140825113128203.jpg"
    },
    "badges": [],
    "isTreeCompleted": false,
    "nextCourse": null
}