{
    "courseDetail": {
        "CourseId": 588,
        "CourseContent": "<p><img alt=\"\" height=\"299\" src=\"http://www.cmoney.tw/learn/cmstatic/learn/46/20150601115708269.jpg\" width=\"500\" /></p>\n\n<p>&nbsp;</p>\n\n<p><a href=\"http://www.cmoney.tw/learn/course/njulin/topic/1343\">在前一課 (課程連結)</a>，</p>\n\n<p>我們已經了解簡單投資法是「均線」的波段交易</p>\n\n<p>&nbsp;</p>\n\n<h1>均線必須搭配「趨勢線」和「型態」</h1>\n\n<h1>才能避開盤整時的損失、提高勝率！</h1>\n\n<p>盤整時期，</p>\n\n<p>用均線容易進進出出，又無法獲利的情況，</p>\n\n<p>其實是可以避開的！</p>\n\n<p>&nbsp;</p>\n\n<p>接下來，先為大家介紹趨勢線和型態怎麼看</p>\n\n<h1><br />\n1. 看型態 - 找出趨勢</h1>\n\n<p>型態主要分為三種，</p>\n\n<p>關於這三種型態到底怎麼看，以下分享我的心得和口訣</p>\n\n<p>&nbsp;</p>\n\n<h2>底部型態&nbsp;- 通常是穩賺的進場時機</h2>\n\n<p>必勝口訣：底底高，後面的底比前面的底高，這是進場時機</p>\n\n<p>在底部進場不獲利也難阿</p>\n\n<p><img alt=\"\" height=\"368\" src=\"http://www.cmoney.tw/learn/cmstatic/learn/46/20150601121709181.jpg\" width=\"496\" /></p>\n\n<p>&nbsp;</p>\n\n<h2>頭部型態 - 通常是出場時機</h2>\n\n<p>必勝口訣：峰峰低，後面的峰比前面的峰低，這是出場時機</p>\n\n<p><img alt=\"\" height=\"322\" src=\"http://www.cmoney.tw/learn/cmstatic/learn/46/20150601122310734.jpg\" width=\"568\" /></p>\n\n<p>&nbsp;</p>\n\n<h2>箱型型態 - 會盤整很久，應該避開！</h2>\n\n<p>也就是俗稱的盤整</p>\n\n<p>在股市中有 70 %的時間都在盤整，</p>\n\n<p>通常發生在股票漲了一段時間之後作區間整理 或 作頭前，</p>\n\n<p>這是休息時間，不進場</p>\n\n<p><img alt=\"\" src=\"http://www.cmoney.tw/learn/cmstatic/learn/46/20140729144629480.png\" /></p>\n\n<p><br />\n建議投資朋友們 多練習看型態，因為會漲的標的型態都一樣</p>\n\n<p>&nbsp;</p>\n\n<p>&nbsp;</p>\n\n<h1>2. 配合趨勢線 - 輔助 20 週均線，避免盤整</h1>\n\n<p>搭配趨勢線可以減少停損的次數，</p>\n\n<p>趨勢線也分三種：上升趨勢線、下降壓力線、橫切線</p>\n\n<p>&nbsp;</p>\n\n<h2>上升趨勢線：趨勢偏多</h2>\n\n<p>找一段時間內 2 個低點，連線由下往上畫</p>\n\n<p><img alt=\"\" height=\"236\" src=\"http://www.cmoney.tw/learn/cmstatic/learn/46/20141125135639158.jpg\" width=\"500\" /></p>\n\n<p>&nbsp;</p>\n\n<h2>下降壓力線：趨勢偏空</h2>\n\n<p>找一段時間內 2 個高點，連線由上往下畫</p>\n\n<p>這兩條線都不能太陡(代表盤整時間太短)，</p>\n\n<p>沒有固定的斜率，可以以 40 度為基準</p>\n\n<p><img alt=\"\" src=\"http://www.cmoney.tw/learn/cmstatic/learn/46/20140729165210610.png\" /></p>\n\n<p>&nbsp;</p>\n\n<h2>橫切線：盤整</h2>\n\n<p>在盤整間找兩個相近高度的點，畫一條水平的線</p>\n\n<p><img alt=\"\" src=\"http://www.cmoney.tw/learn/cmstatic/learn/46/20140729165238573.png\" /></p>\n\n<p>&nbsp;</p>\n\n<p>當趨勢不明確的時候，用趨勢線、型態判斷方向，慎選進場！</p>\n\n<p>可以減少來來回回認錯停損的次數！</p>\n\n<p>&nbsp;</p>\n\n<h2>如果想更了解如何看圖，</h2>\n\n<h2>推薦你可參考&quot;<a href=\"http://www.books.com.tw/exep/assp.php/cmoney/products/0010014381?utm_source=cmoney&amp;utm_medium=ap-books&amp;utm_content=recommend&amp;utm_campaign=ap-201505\">多空操作秘笈</a>&quot;這本書</h2>\n\n<p><a href=\"http://www.books.com.tw/exep/assp.php/cmoney/products/0010014381?utm_source=cmoney&amp;utm_medium=ap-books&amp;utm_content=recommend&amp;utm_campaign=ap-201505\"><img alt=\"\" height=\"348\" src=\"http://www.cmoney.tw/learn/cmstatic/learn/46/20150527154649008.jpg\" width=\"348\" /></a></p>\n\n<h2>&nbsp;</h2>\n\n<h2>►<a href=\"http://cmy.tw/005M5N\" style=\"outline-style: initial; outline-width: 0px; position: relative; text-decoration-line: underline;\" target=\"_blank\">加入社團學更多</a></h2>\n\n<p>&nbsp;</p>\n\n<p><img alt=\"\" height=\"615\" src=\"http://www.cmoney.tw/learn/cmstatic/learn/46/20170921104422776.jpg\" width=\"820\" /></p>\n\n<h1><span style=\"color:rgb(178, 34, 34)\"><span style=\"background-color:rgb(255, 255, 255); font-family:helvetica,arial,sans-serif\">更多林恩如 6 大 免費學習投資服務</span><br />\n<span style=\"background-color:rgb(255, 255, 255); font-family:helvetica,arial,sans-serif\">請參考 &gt;&gt;&gt;&nbsp;</span></span><a href=\"http://cmy.tw/005VlR\" rel=\"noopener\" style=\"outline-style: initial; outline-width: 0px; position: relative; text-decoration-line: underline; color: rgb(54, 88, 153); cursor: pointer; font-family: Helvetica, Arial, sans-serif; background-color: rgb(255, 255, 255);\" target=\"_blank\"><span style=\"color:rgb(178, 34, 34)\">http://cmy.tw/005VlR</span></a></h1>\n\n<p>&nbsp;</p>\n\n<h1>免費試用 ►►&nbsp;<a href=\"http://cmy.tw/0053aY\" style=\"outline-style: initial; outline-width: 0px; position: relative; text-decoration-line: underline;\"><u>強棒旺旺來</u></a>、<u><a href=\"http://cmy.tw/005Qlu\" style=\"outline-style: initial; outline-width: 0px; position: relative;\" target=\"_blank\">長線聚寶盆</a></u></h1>\n\n<h1>點我了解 ►►&nbsp;<a href=\"http://cmy.tw/0055St\" style=\"outline-style: initial; outline-width: 0px; position: relative; text-decoration-line: underline;\"><u>林恩如最新課程</u></a></h1>\n\n<h2>簡單的方法，不簡單的報酬率，等你來驗證！<a href=\"http://www.cmoney.tw/app/ItemContent.aspx?id=1514\" style=\"outline-style: initial; outline-width: 0px; position: relative; text-decoration-line: underline;\" target=\"_blank\">​</a></h2>\n\n<h2>&nbsp;</h2>\n\n<p><a href=\"http://cmy.tw/0059Ea\"><img alt=\"\" height=\"139\" src=\"http://www.cmoney.tw/learn/cmstatic/learn/46/20170302165924833.png\" width=\"820\" /></a></p>\n",
        "ViewCount": "66327",
        "IsReference": true,
        "ReferenceList": [
            {
                "ReferenceId": 31571,
                "Description": "看懂型態-底部形態學",
                "ReferenceUrl": "http://www.cmoney.tw/learn/course/cmoney/topic/137",
                "ReferenceImage": "http://www.cmoney.tw/notes/cmstatic/notes/capture/29464/20140331161158811.png",
                "ViewCount": 143
            },
            {
                "ReferenceId": 31572,
                "Description": "我怎麼學習挑股票的方法？",
                "ReferenceUrl": "http://www.cmoney.tw/learn/course/test321/topic/1318",
                "ReferenceImage": "http://www.cmoney.tw/learn/cmstatic/learn/59/20141104103957051.jpg",
                "ViewCount": 134
            },
            {
                "ReferenceId": 31573,
                "Description": "林恩如 20週均線操作法 - 簡單的規則，不簡單的報酬！",
                "ReferenceUrl": "http://www.cmoney.tw/learn/course/njulin/topic/523",
                "ReferenceImage": "http://www.cmoney.tw/learn/cmstatic/learn/46/20150527153538259.jpg",
                "ViewCount": 155
            }
        ],
        "OgImgURL": "http://www.cmoney.tw/learn/cmstatic/learn/46/20150601115708269.jpg"
    },
    "badges": [],
    "isTreeCompleted": false,
    "nextCourse": null
}