{
    "courseDetail": {
        "CourseId": 656,
        "CourseContent": "<p><strong><span style=\"color:rgb(204, 0, 0); font-size:26px\">大家都說股票很賺錢</span></strong></p>\n\n<h1>可是根本不知道怎麼看<br />\n書又那麼難......</h1>\n\n<h2>身邊也沒有人在買股</h2>\n\n<h2>好想知道到底要怎麼買！</h2>\n\n<p>你是不是也有這種</p>\n\n<p>心有餘而力不足的感覺？</p>\n\n<p>其實你想簡單學會股票</p>\n\n<p>可以看<a href=\"http://www.cmoney.tw/learn/course/0520\"> 股票基本面分析&nbsp;</a></p>\n\n<p><strong><span style=\"background-color:#FFFF00\">如果想買到穩賺不賠的公司</span></strong></p>\n\n<p><strong><span style=\"background-color:#FFFF00\">看毛利率真的很重要喔！</span></strong></p>\n\n<p>一間公司的毛利率越高</p>\n\n<p>通常代表盈利能力較強</p>\n\n<p>&nbsp;</p>\n\n<p>快來看看毛利率怎麼算吧~</p>\n\n<p>&nbsp;</p>\n\n<p><span style=\"color:#808080\"><span style=\"font-size:12px\">(贊助商連結...)</span></span></p>\n\n<p><googleadsense height=\"600px\" type=\"4\" width=\"300px\"></googleadsense></p>\n\n<p>&nbsp;</p>\n\n<p>&nbsp;</p>\n\n<h1>毛利率：</h1>\n\n<h1>反應產品的附加價值</h1>\n\n<p>&nbsp;</p>\n\n<p><img alt=\"\" height=\"84\" src=\"http://www.cmoney.tw/learn/cmstatic/learn/50/20140923171211712.png\" width=\"500\" /></p>\n\n<p>&nbsp;</p>\n\n<h2>毛利率越高</h2>\n\n<h2>公司越有能力進行研發</h2>\n\n<h2>提升獲利品質</h2>\n\n<h2>毛利率越低</h2>\n\n<h2>越容易虧損</h2>\n\n<p>其中毛利就是營業收入減掉營業成本。</p>\n\n<p><strong><span style=\"background-color:#FFFF00\">毛利率愈高</span></strong></p>\n\n<p><strong><span style=\"background-color:#FFFF00\">代表營業成本佔營業收入的比率越低</span></strong></p>\n\n<p><strong><span style=\"background-color:#FFFF00\">也就是經營者以較低的成本</span></strong></p>\n\n<p><strong><span style=\"background-color:#FFFF00\">生產出售價較高的產品。</span></strong></p>\n\n<p>如果公司銷貨收入</p>\n\n<p>和原料成本之間的差距越大</p>\n\n<p>那就有越多錢拿來研發</p>\n\n<p>廣告、或提供更好的服務！</p>\n\n<p>&nbsp;</p>\n\n<p>相對地，毛利率低公司</p>\n\n<p>只要原物料價格上漲多一點</p>\n\n<p>或產品的市場價格下跌一點</p>\n\n<p>就容易發生虧損哦！</p>\n\n<p>很多電子代工廠毛利只剩 3~4% 了...</p>\n\n<p>&nbsp;</p>\n\n<p>&nbsp;</p>\n\n<p><span style=\"color:rgb(255, 102, 0); font-size:22px\">營業成本就是</span></p>\n\n<h2>製造產品所產生的成本</h2>\n\n<p>營業成本的意思</p>\n\n<p>就是<strong><span style=\"background-color:#FFFF00\">製造產品</span></strong></p>\n\n<p><strong><span style=\"background-color:#FFFF00\">直到產品可以被拿去賣之前</span></strong></p>\n\n<p><strong><span style=\"background-color:#FFFF00\">所產生的成本。</span></strong></p>\n\n<p>所以營業成本裡面包含許多項目。</p>\n\n<p>從進貨的時候</p>\n\n<p>付出去的原物料成本和進貨運費</p>\n\n<p>到加工的時候</p>\n\n<p>付給員工的薪水、水電費</p>\n\n<p>廠房和設備的折舊費用</p>\n\n<p>電子產品需要檢測</p>\n\n<p>付出的檢測費用、提高品質的費用</p>\n\n<p>都屬於營業成本。</p>\n\n<p>&nbsp;</p>\n\n<p>&nbsp;</p>\n\n<p>&nbsp;</p>\n\n<h1>產品無法被取代</h1>\n\n<h1>就能擁有高毛利率</h1>\n\n<p>然而產品的營業成本和營業收入</p>\n\n<p>都由供需市場決定。</p>\n\n<p>如果產品能夠被其他公司取代</p>\n\n<p>就只能靠壓低成本</p>\n\n<p>壓低產品價格來競爭(俗稱 cost down )。</p>\n\n<p>如果<strong><span style=\"background-color:#FFFF00\">產品在市場上</span></strong></p>\n\n<p><strong><span style=\"background-color:#FFFF00\">沒辦法被其他公司模仿</span></strong></p>\n\n<p><strong><span style=\"background-color:#FFFF00\">就越能擁有高毛利率！</span></strong></p>\n\n<p>&nbsp;</p>\n\n<h2>專利技術</h2>\n\n<h2>是高毛利率的重要關鍵</h2>\n\n<p>如果一項產品沒辦法被其他公司模仿製造</p>\n\n<p>那麼生產這項產品的公司</p>\n\n<p>就能提高售價，享有高毛利率！</p>\n\n<p>&nbsp;</p>\n\n<p><strong><span style=\"color:rgb(255, 102, 0); font-size:22px\">服務品質良好也能提升毛利率</span></strong></p>\n\n<p>對於服務對象是一般大眾的產業</p>\n\n<p>像是餐飲業、零售業等...</p>\n\n<p>高服務品質也能提升毛利率</p>\n\n<p>像是&nbsp;<a href=\"http://www.cmoney.tw/finance/f00043.aspx?m=3&amp;s=2727\" target=\"_blank\">王品(2727)</a>&nbsp;就擁有</p>\n\n<p>50%以上的高毛利！</p>\n\n<p>&nbsp;</p>\n\n<p>&nbsp;</p>\n\n<h1>毛利率提升</h1>\n\n<h1>公司提高競爭力</h1>\n\n<h1>股價也一起上漲</h1>\n\n<p>毛利率是影響獲利的關鍵</p>\n\n<p>所以毛利率如果提升</p>\n\n<p>也能帶動股價上漲！</p>\n\n<p>例如：<a href=\"http://www.cmoney.tw/follow/channel/stock-3474?chart=f\" target=\"_blank\">華亞科(3474)</a>&nbsp;在 DRAM 市場</p>\n\n<p>進入寡占後，毛利改善，股價大漲！</p>\n\n<p>&nbsp;</p>\n\n<p><img alt=\"\" height=\"285\" src=\"http://www.cmoney.tw/notes/cmstatic/notes/capture/140770/20140926101311451.png\" width=\"569\" /></p>\n\n<p><span style=\"font-size:12px\"><span style=\"color:#808080\">(資料來源:</span><a href=\"http://www.cmoney.tw/follow/channel/stock-3474?chart=f\" target=\"_blank\"><span style=\"color:#808080\">追訊</span></a><span style=\"color:#808080\">)</span></span></p>\n\n<p>&nbsp;</p>\n\n<p>&nbsp;</p>\n\n<h1>毛利率</h1>\n\n<h1>可以在<a href=\"http://www.cmoney.tw/finance/f00043.aspx?m=3&amp;s=2330\" target=\"_blank\">這裡</a>查到哦!</h1>\n\n<p>只要到<a href=\"http://www.cmoney.tw/finance/f00025.aspx?m=3&amp;s=1101\" target=\"_blank\">股市</a></p>\n\n<p>找到財務比率</p>\n\n<p>毛利率就在獲利能力的欄位裡。</p>\n\n<p>&nbsp; &nbsp; &nbsp; &nbsp; &nbsp; &nbsp; &nbsp; &nbsp; &nbsp; &nbsp;<img alt=\"\" height=\"252\" src=\"http://www.cmoney.tw/learn/cmstatic/learn/50/20140923152906321.png\" width=\"177\" /></p>\n\n<p>&nbsp;</p>\n\n<p>&nbsp;</p>\n\n<p>&nbsp;</p>\n\n<h2>是不是一點都不難？</h2>\n\n<h2>找到毛利率</h2>\n\n<h2>你也能買到好股呦~</h2>\n\n<p>&nbsp;</p>\n\n<p>&nbsp;</p>\n",
        "ViewCount": "89842",
        "IsReference": false,
        "ReferenceList": null,
        "OgImgURL": "http://www.cmoney.tw/learn/cmstatic/learn/50/20140923171211712.png"
    },
    "badges": [],
    "isTreeCompleted": false,
    "nextCourse": null
}