{
    "courseDetail": {
        "CourseId": 661,
        "CourseContent": "<p><span style=\"font-size:13px\">&nbsp;</span></p>\n\n<p>&nbsp;</p>\n\n<h1>權證就是在特定價格，擁有買進或賣出的權利</h1>\n\n<p>我們向證券商付出一筆錢 (權利金)，</p>\n\n<p>約定在特定的時間 (前)，以特定的價格交易股票，</p>\n\n<p><strong>付出這筆錢購買的權利，就叫做權證</strong>。</p>\n\n<p>&nbsp;</p>\n\n<p><img alt=\"\" height=\"134\" src=\"http://www.cmoney.tw/learn/cmstatic/learn/53/20140925095000097.jpg\" width=\"600\" /></p>\n\n<p>&nbsp;</p>\n\n<p>(贊助商連結)</p>\n\n<p><googleadsense height=\"600px\" type=\"4\" width=\"300px\"></googleadsense></p>\n\n<p>&nbsp;</p>\n\n<p>&nbsp;</p>\n\n<p>這樣解釋太抽象了嗎？</p>\n\n<p>那我們來看看實際的例子</p>\n\n<p>&nbsp;</p>\n\n<p>&nbsp;</p>\n\n<p>&nbsp;</p>\n\n<h2>「權證」就像用 100 萬來付 1000 萬房子的訂金</h2>\n\n<p>小華想要在半年後買一棟一千萬的房子，</p>\n\n<p>可是擔心明年房子會上漲，</p>\n\n<p>所以先付 100 萬元給建商，</p>\n\n<p>約定半年後以 1000 萬元購買房子的權利。</p>\n\n<p>那麼半年後會發生什麼狀況呢？</p>\n\n<p>&nbsp;</p>\n\n<h2>情況 1：半年後房屋從 1000 萬上漲至 1500 萬元，小明獲利 400 萬</h2>\n\n<p>如果房屋上漲至 1500 萬時，小華可以很開心的用 1000 萬買入</p>\n\n<p><strong>當房屋價格上漲越多，</strong></p>\n\n<p><strong>省下（獲利）的金額會越大。</strong></p>\n\n<p>&nbsp;</p>\n\n<p>&nbsp;</p>\n\n<p>&nbsp;</p>\n\n<h2>情況 2：半年後房屋從 1000 萬元下跌至 600 萬元，小明損失 100 萬元</h2>\n\n<p>如果房屋下跌至 600 萬元，</p>\n\n<p><strong>那麼小華並不需要履行當初購買的權利</strong>，</p>\n\n<p>因為他可以直接買到更便宜的房子，</p>\n\n<p>損失的只是當初購買權利的 100 萬元。</p>\n\n<p>&nbsp;</p>\n\n<p>&nbsp;</p>\n\n<p>&nbsp;</p>\n\n<h2>權證的標的物是「股票」</h2>\n\n<p>將上面的房子換成股票，</p>\n\n<p>就是我們常常聽到的權證。</p>\n\n<p>「權證」還有很多不同的功能，</p>\n\n<p>趕快接著看下去～</p>\n\n<p>&nbsp;</p>\n\n<p>&nbsp;</p>\n\n<h2>馬上報名&nbsp;►►</h2>\n\n<h2>9/01&nbsp;<a href=\"https://www.cmoney.tw/app/classesdetail.aspx?id=1833\" style=\"outline-style: initial; outline-width: 0px; position: relative;\">(台北) 權證小哥｜月月領股息存股秘術，股期實戰班</a></h2>\n\n<h2>9/04&nbsp;<a href=\"https://www.cmoney.tw/app/classesdetail.aspx?id=1834\" style=\"outline-style: initial; outline-width: 0px; position: relative;\">(桃園) 權證小哥｜月月領股息存股秘術，股期實戰班</a></h2>\n\n<h2>9/05&nbsp;<a href=\"https://www.cmoney.tw/app/classesdetail.aspx?id=1835\" style=\"outline-style: initial; outline-width: 0px; position: relative;\">(台中) 權證小哥｜月月領股息存股秘術，股期實戰班</a></h2>\n\n<h2>9/06&nbsp;<a href=\"https://www.cmoney.tw/app/classesdetail.aspx?id=1836\" style=\"outline-style: initial; outline-width: 0px; position: relative;\">(高雄) 權證小哥｜月月領股息存股秘術，股期實戰班</a></h2>\n\n<h2>9/07&nbsp;<a href=\"https://www.cmoney.tw/app/classesdetail.aspx?id=1837\" style=\"outline-style: initial; outline-width: 0px; position: relative;\">(台南) 權證小哥｜月月領股息存股秘術，股期實戰班</a></h2>\n\n<h2>9/08&nbsp;<a href=\"https://www.cmoney.tw/app/classesdetail.aspx?id=1838\" style=\"outline-style: initial; outline-width: 0px; position: relative;\">(嘉義) 權證小哥｜月月領股息存股秘術，股期實戰班</a></h2>\n\n<h2>名額有限，要搶要快哦～</h2>\n\n<p>&nbsp;</p>\n\n<p>&nbsp;</p>\n",
        "ViewCount": "75243",
        "IsReference": true,
        "ReferenceList": [],
        "OgImgURL": "http://www.cmoney.tw/learn/cmstatic/learn/53/20140925095000097.jpg"
    },
    "badges": [],
    "isTreeCompleted": false,
    "nextCourse": null
}