{
    "courseDetail": {
        "CourseId": 667,
        "CourseContent": "<h1><img alt=\"\" height=\"339\" src=\"http://www.cmoney.tw/learn/cmstatic/learn/48/20200917150327186.jpg\" width=\"650\" /></h1>\n\n<h1><strong>內部消息從哪看？</strong></h1>\n\n<p>很多人都愛內線消息，</p>\n\n<p>但不是每個人都認識「內部人士」</p>\n\n<p>其實...</p>\n\n<p>有一個方法</p>\n\n<p>即使你跟該公司的高層不熟</p>\n\n<p>也可以從一些蛛絲馬跡</p>\n\n<p>推測出這家公司的股票</p>\n\n<p>是否會上漲 或 下跌...</p>\n\n<p>&nbsp;</p>\n\n<p>繼續看下去...</p>\n\n<p>&nbsp;</p>\n\n<p><span style=\"color:rgb(128, 128, 128); font-size:12px\">(贊助商連結...)</span></p>\n\n<p><dfp type=\"3\"></dfp></p>\n\n<h1>「內部人持股比例」</h1>\n\n<h1>暴增 或 暴跌，</h1>\n\n<h1>是股價變動的徵兆</h1>\n\n<p><strong><span style=\"font-size:18px\">2014 年 2 月霖宏內部人</span></strong></p>\n\n<p><strong><span style=\"font-size:18px\">持股比例暴增 2 倍，3/11 股價漲停</span></strong></p>\n\n<p>2014 年 2 月，</p>\n\n<p><a href=\"http://www.cmoney.tw/finance/f00025.aspx?m=3&amp;s=5464\" target=\"_blank\">霖宏(5464)</a>&nbsp;內部人持股比率暴增 2 倍，</p>\n\n<p>從持股 37.65% 暴增至 78.29%，</p>\n\n<p>股價沉穩 1 個月後，</p>\n\n<p>在 3 月 11 日股價開始連漲好幾天，</p>\n\n<p>股價漲幅直逼 2 成。</p>\n\n<p><img alt=\"\" height=\"336\" src=\"http://www.cmoney.tw/learn/cmstatic/learn/48/20160701094306923.jpg\" width=\"500\" /></p>\n\n<p>原來，內部人持股暴增或暴跌，</p>\n\n<p>對公司股價有這番關聯！</p>\n\n<p>究竟誰是「內部人」？</p>\n\n<p>&nbsp;</p>\n\n<h2>從內部人持股</h2>\n\n<h2>可以看出公司未來走向</h2>\n\n<p>其實，從內部人持股比率暴增或暴減，</p>\n\n<p>可以猜測公司未來走向</p>\n\n<p>內線消息通常來自</p>\n\n<p>「內部人」或其關係人，</p>\n\n<p>因為他們在公司第一線，</p>\n\n<p>了解公司前景、狀況和各種危機，</p>\n\n<p>總是能夠在市場還未出現消息前，</p>\n\n<p>先偷吃步。</p>\n\n<p>&nbsp;</p>\n\n<p>所以我們關心內部人持股比率多少外，</p>\n\n<p>也要了解內部人持股比率 暴增或暴減，</p>\n\n<p>表示將有好事或壞事在未來會發生！</p>\n\n<p>&nbsp;</p>\n\n<p><dfp type=\"2\"></dfp></p>\n\n<p>&nbsp;</p>\n\n<h1>內部人持股比率 &gt; 40％&nbsp;</h1>\n\n<h1>是相對穩健的股票</h1>\n\n<p>一般公司內部人持股比重介於 15～60％，</p>\n\n<p>選內部人持股超過 40％ 的個股原因在於：</p>\n\n<p>如果公司不賺錢，</p>\n\n<p>那內部人手中的股票也是一堆廢紙，</p>\n\n<p>他能不能買房換車，</p>\n\n<p>都和公司興亡息息相關，</p>\n\n<p>當然會努力賺錢。</p>\n\n<p>&nbsp;</p>\n\n<p>而且肥水不落外人田，</p>\n\n<p>會賺錢的東西不會隨便賣給別人，</p>\n\n<p><strong>所以當你看到內部人持股越來越低時，</strong></p>\n\n<p><strong>表示連董監事都對公司沒信心，</strong></p>\n\n<p><strong>就要注意是不是它公司營運有問題了。</strong></p>\n\n<p>&nbsp;</p>\n\n<h1>「大型股」內部人</h1>\n\n<h1>持股 &lt; 40%依然是好公司</h1>\n\n<h2>內部持股比率篩選方法</h2>\n\n<h2>在「超大型股票」上不適用</h2>\n\n<p>台股資優生：<a href=\"http://www.cmoney.tw/follow/channel/stock-2330\" target=\"_blank\">台積電(2330)</a></p>\n\n<p>其內部人持股比例居然只有 7.35%，</p>\n\n<p>難道台積電營運有危險了？</p>\n\n<p>當然不是！</p>\n\n<p>&nbsp;</p>\n\n<p>有一些股本很大的公司，</p>\n\n<p>例如台積電</p>\n\n<p>他們在 2014 年公布的股本</p>\n\n<p>總共快 2500 億，</p>\n\n<p>算起來就是 2500 萬張，</p>\n\n<p>市值大約 2 兆 5 千萬，</p>\n\n<p>那內部人加起來持股就要有 1000 萬張，</p>\n\n<p>大約 1 兆元，才能占總股本 40%</p>\n\n<p>真的相當困難，</p>\n\n<p>而且這麼優質的公司，</p>\n\n<p>不管是國內國外的投資人都很願意投資。</p>\n\n<p>反之，中小型股的股權</p>\n\n<p>比較容易分散在不同人手中。</p>\n\n<p>&nbsp;</p>\n\n<p><a href=\"http://cmy.tw/008NnG\"><img alt=\"\" height=\"250\" src=\"http://www.cmoney.tw/learn/cmstatic/learn/48/20200916091835972.jpg\" width=\"300\" /></a></p>\n\n<p>&nbsp;</p>\n\n<h1>內部人持股變動，</h1>\n\n<h1>最晚會在每月 15 號前公布</h1>\n\n<p>依照法律規定內部人應於每月 5 日前</p>\n\n<p>將「上月份」持有股數變動，</p>\n\n<p>及設解質情形，向公司申報。</p>\n\n<p>公司應於每月 15 日前，</p>\n\n<p>彙總辦理申報。</p>\n\n<p>&nbsp;</p>\n\n<p>也就是說，</p>\n\n<p>如果我是公司的董事，</p>\n\n<p>我 4 月份持有股份從 15％ 增加到 20％，</p>\n\n<p>必須在 5 月 5 日前跟公司說，</p>\n\n<p>而公司必須在 5 月 15 日前</p>\n\n<p>向台灣證券交易所提出申報。</p>\n\n<p>&nbsp;</p>\n\n<h2>因此每月的 6 ～ 15 日</h2>\n\n<h2>要關注持有股票的內部人持股比率</h2>\n\n<p>如要查詢詳細持股變動情形，</p>\n\n<p>可到<a href=\"http://cmy.tw/004Gqz\" target=\"_blank\">公開資訊觀測站</a>查詢。</p>\n\n<p>&nbsp;</p>\n\n<h1>只要 3 步驟，</h1>\n\n<h1>挑出內部人持股比率「暴增」股票</h1>\n\n<p>使用<a href=\"http://www.cmoney.tw/app/ItemContent.aspx?id=1812\" target=\"_blank\">籌碼K線</a>，</p>\n\n<p>選擇<strong>「內部人持股比率」選項，</strong></p>\n\n<p>就可以看到 持股比率變化，</p>\n\n<p>透過持股比例的選擇，</p>\n\n<p>可以挑出持股比率爆增股！</p>\n\n<p>&nbsp;</p>\n\n<p><dfp type=\"1\"></dfp></p>\n\n<p>&nbsp;</p>\n\n<h2>步驟 1. 打開 <a href=\"http://www.cmoney.tw/app/ItemContent.aspx?id=1812\" target=\"_blank\">籌碼K線</a>&nbsp;&nbsp;</h2>\n\n<h2>免費使用就可以開啟(需<a href=\"http://www.cmoney.tw/app/download/#D1\" target=\"_blank\">安裝理財寶閱讀器</a>)</h2>\n\n<p><img alt=\"\" height=\"191\" src=\"http://www.cmoney.tw/learn/cmstatic/learn/48/20141109202918616.jpg\" width=\"500\" /></p>\n\n<p>&nbsp;</p>\n\n<h2>步驟 2. 選擇籌碼選股</h2>\n\n<p><img alt=\"\" height=\"86\" src=\"http://www.cmoney.tw/learn/cmstatic/learn/48/20141109203416446.jpg\" width=\"500\" /></p>\n\n<p>&nbsp;</p>\n\n<h2>步驟 3. 點選<strong>「內部人、持股大戶」</strong>分類，</h2>\n\n<h2>找出<strong>「內部人持股增加 &gt; 2％」</strong>的股票</h2>\n\n<p><img alt=\"\" height=\"221\" src=\"http://www.cmoney.tw/learn/cmstatic/learn/48/20160219111214301.png\" width=\"500\" /></p>\n\n<p>接下來，就可以看到結果了！</p>\n\n<p><img alt=\"\" height=\"284\" src=\"http://www.cmoney.tw/learn/cmstatic/learn/48/20160219111805886.png\" width=\"500\" /></p>\n\n<p><strong><span style=\"font-size:18px\">所以，如果郭台銘...</span></strong></p>\n\n<p><strong><span style=\"font-size:18px\">突然買進了鴻海 10 萬張股票，</span></strong></p>\n\n<p><strong><span style=\"font-size:18px\">那鴻海就一定會大漲！</span></strong></p>\n\n<p>&nbsp;</p>\n\n<p><strong><span style=\"font-size:18px\"><a href=\"http://cmy.tw/009YkZ\"><img alt=\"\" height=\"600\" src=\"http://www.cmoney.tw/learn/cmstatic/learn/48/20200916091800911.jpg\" width=\"300\" /></a></span></strong></p>\n\n<p>&nbsp;</p>\n",
        "ViewCount": "87657",
        "IsReference": true,
        "ReferenceList": [
            {
                "ReferenceId": 35733,
                "Description": "大家要了解的投資小知識 從內部人持股挑好股",
                "ReferenceUrl": "http://cmy.tw/004qF5",
                "ReferenceImage": "http://www.cmoney.tw/notes/cmstatic/notes/capture/29464/20140324094839623.png",
                "ViewCount": 1
            },
            {
                "ReferenceId": 35734,
                "Description": "一家公司的好壞，老闆和員工最知道！觀察內部人持股讓我提早掌握股價的動向",
                "ReferenceUrl": "http://cmy.tw/004y5i",
                "ReferenceImage": "http://www.cmoney.tw/notes/cmstatic/notes/capture/140276/20141001120319405.jpg",
                "ViewCount": 0
            },
            {
                "ReferenceId": 35735,
                "Description": "千線萬線，不如一條「內線」！解讀股市全貌，先看「關鍵人物」！",
                "ReferenceUrl": "http://www.cmoney.tw/learn/course/michelle/topic/542",
                "ReferenceImage": "http://www.cmoney.tw/learn/cmstatic/learn/48/20160701085302878.jpg",
                "ViewCount": 0
            }
        ],
        "OgImgURL": "http://www.cmoney.tw/learn/cmstatic/learn/48/20200917150327186.jpg"
    },
    "badges": [],
    "isTreeCompleted": false,
    "nextCourse": null
}