{
    "courseDetail": {
        "CourseId": 670,
        "CourseContent": "<p><img alt=\"\" height=\"341\" src=\"http://www.cmoney.tw/learn/cmstatic/learn/48/20200917140721039.jpg\" width=\"650\" /></p>\n\n<p><span style=\"font-size:15px\">怎麼找到易漲難跌的股票？</span></p>\n\n<p>這裡教各位投資人一個小訣竅，</p>\n\n<p>其實...</p>\n\n<p>觀察「千張大戶」的動作</p>\n\n<p>可以讓你在股票上漲前，</p>\n\n<p>搶先買進哦！</p>\n\n<p>&nbsp;</p>\n\n<p>繼續看下去...</p>\n\n<p>&nbsp;</p>\n\n<p><span style=\"color:rgb(128, 128, 128); font-size:12px\">(贊助商連結...)</span></p>\n\n<p><dfp type=\"3\"></dfp></p>\n\n<h1>有一種股票，</h1>\n\n<h1>如果多數集中在少數人手上，</h1>\n\n<h1>股價就會易漲難跌。</h1>\n\n<h2>會有合作炒股的現象出現</h2>\n\n<p>台股總共有一千多檔股票，</p>\n\n<p>想要從中找出易漲難跌的股票，</p>\n\n<p>就需要去觀察股票</p>\n\n<p>是集中在少數人手上、</p>\n\n<p>還是分散在多數人手中。</p>\n\n<p>&nbsp;</p>\n\n<p>如果股票集中在少數的主力手上，</p>\n\n<p>想要合作炒作的難度變低，</p>\n\n<p>股價價格也因此容易上漲；</p>\n\n<p>況且持有多數股票的有錢人資本雄厚，</p>\n\n<p>所以也比較不會有套現壓力而缺錢急賣。</p>\n\n<p>&nbsp;</p>\n\n<p>如果股票分散在多數的散戶手中，</p>\n\n<p>每個人想法紛亂不一，</p>\n\n<p>合作炒作的難度就很高了；</p>\n\n<p>小散戶的每一分錢都和生活在拔河，</p>\n\n<p>一有利空消息，</p>\n\n<p>很有可能就會恐慌求售、低價殺出。</p>\n\n<p>&nbsp;</p>\n\n<h1>找到擁有許多「千張大戶」</h1>\n\n<h1>的股票觀察</h1>\n\n<h2>千張大戶&nbsp;就是擁有公司股票</h2>\n\n<h2>超過一千張的大戶</h2>\n\n<p>如果一個投資人，</p>\n\n<p>持有某一檔股票的張數竟然超過 1000 張，</p>\n\n<p>絕對可以算是這一支股票的主力了。</p>\n\n<p>如果一家公司的大多數股票，</p>\n\n<p>都集中在這些主力的手上，</p>\n\n<p>主力就很有本錢和機會來炒作這一支股票！</p>\n\n<p>&nbsp;</p>\n\n<p><dfp type=\"2\"></dfp></p>\n\n<p>&nbsp;</p>\n\n<h1>哪裡可以看到千張大戶的資料？</h1>\n\n<p>我們可以由兩個地方來看千張大戶的持股比例</p>\n\n<h2>1. 台灣集中保管結算所</h2>\n\n<p><img alt=\"\" height=\"216\" src=\"http://www.cmoney.tw/learn/cmstatic/learn/48/20160705115541133.jpg\" width=\"500\" /></p>\n\n<p><span style=\"font-size:12px\"><span style=\"color:#696969\">(資料來源：</span><a href=\"http://www.tdcc.com.tw/smWeb/QryStock.jsp\" target=\"_blank\"><span style=\"color:#696969\">集保戶股權分散查詢</span></a><span style=\"color:#696969\">)</span></span></p>\n\n<p>&nbsp;</p>\n\n<h2>2. 理財寶</h2>\n\n<p>也可以用&nbsp;<a href=\"http://cmy.tw/004Obm\" style=\"line-height: 1.6;\" target=\"_blank\">理財寶網站的股市分析</a>，</p>\n\n<p>一次可以觀察數個月的大戶持股比例變化！</p>\n\n<p><img alt=\"\" height=\"443\" src=\"http://www.cmoney.tw/learn/cmstatic/learn/48/20160705131533070.jpg\" width=\"500\" /></p>\n\n<p><span style=\"font-size:12px\"><span style=\"color:#696969\">(資料來源：</span><a href=\"http://cmy.tw/004Obm\" style=\"line-height: 1.6;\" target=\"_blank\"><span style=\"color:#696969\">理財寶網站</span></a><a href=\"http://cmy.tw/004Obm\" target=\"_blank\"><span style=\"color:#696969\">－籌碼分析</span></a><span style=\"color:#696969\">)</span></span></p>\n\n<p>&nbsp;</p>\n\n<p><a href=\"http://cmy.tw/008NnG\"><img alt=\"\" height=\"250\" src=\"http://www.cmoney.tw/learn/cmstatic/learn/48/20200916101011602.jpg\" width=\"300\" /></a></p>\n\n<p>&nbsp;</p>\n\n<h1>千張大戶比例高，</h1>\n\n<h1>漲的機會也高</h1>\n\n<p>千張大戶是股市中少數的有錢人，</p>\n\n<p>少數人要合作炒高價格比較容易，</p>\n\n<p>也不會因為新聞的臆測就突然狂賣。</p>\n\n<p>反觀我們一般多數人，</p>\n\n<p>每個想法都不一樣，</p>\n\n<p>而且每一分錢都在和生活拔河，</p>\n\n<p>是無比珍貴。</p>\n\n<p>所以一陣風吹過就以為有龍捲風要來，</p>\n\n<p>一個路邊小道消息，</p>\n\n<p>就可能造成恐慌，低價出售！</p>\n\n<p>&nbsp;</p>\n\n<h1>根據千張大戶人數買股票：</h1>\n\n<h2>1. 千張大戶人數變多跟著買</h2>\n\n<h2>2. 人數變少就提高警覺</h2>\n\n<p>透過這個數據，</p>\n\n<p>我們就可以找出大戶有沒有在布局，</p>\n\n<p>一旦你發現有一檔股票，</p>\n\n<p>上個月千張大戶只有 30%，</p>\n\n<p>這個月卻變成 40%，</p>\n\n<p>或許可以合理懷疑 有大戶在布局！</p>\n\n<p>&nbsp;</p>\n\n<p>相反的，</p>\n\n<p>如果你發現千張大戶人數越來越低，</p>\n\n<p>代表可能有一些大股東出現財務困難，</p>\n\n<p>把股票拿去借款籌措資金，</p>\n\n<p>所以千張大戶人數變少，</p>\n\n<p>也是公司財務困難的前兆之一！</p>\n\n<p>&nbsp;</p>\n\n<h1>籌碼 K 線</h1>\n\n<h1>篩選大戶重押股 只需 5 秒</h1>\n\n<p>打開<a href=\"http://cmy.tw/006pOD\" target=\"_blank\">籌碼K線</a>，並啟用 籌碼選股 裡</p>\n\n<p>「持股大戶持股增加」的篩選條件，</p>\n\n<p>舉例來說，我在 2016 年 2 月篩選&nbsp;</p>\n\n<p>近兩個月以來，</p>\n\n<p>持股大戶增加 5% 以上的股票。</p>\n\n<p><img alt=\"\" height=\"423\" src=\"http://www.cmoney.tw/learn/cmstatic/learn/48/20160219113950790.png\" width=\"500\" /></p>\n\n<p>&nbsp;</p>\n\n<p><img alt=\"\" height=\"270\" src=\"http://www.cmoney.tw/learn/cmstatic/learn/48/20160219114331887.png\" width=\"500\" /></p>\n\n<p><span style=\"font-size:12px\"><span style=\"color:#696969\">(<a href=\"http://cmy.tw/006pOD\">資料來源：</a></span><a href=\"http://cmy.tw/006pOD\"><span style=\"color:#696969\">籌碼K線</span></a><a href=\"http://cmy.tw/006pOD\"><span style=\"color:#696969\">)</span></a></span></p>\n\n<p>&nbsp;</p>\n\n<p>這裡你會注意到，</p>\n\n<p>結果大多數都是中小型股，</p>\n\n<p>因為股本小的股票，</p>\n\n<p>大戶比較有機會買到 總股數的 5％ 以上。</p>\n\n<p>把日平均成交量小於 100 張的股票剔除，</p>\n\n<p>可以得到下面的結果</p>\n\n<p>&nbsp;</p>\n\n<p><dfp type=\"1\"></dfp></p>\n\n<p>&nbsp;</p>\n\n<h1>12 檔大戶重壓股清單</h1>\n\n<p>打開<a href=\"http://www.cmoney.tw/app/ItemContent.aspx?id=1907&amp;\">選股勝利組</a>，</p>\n\n<p>選擇「籌碼面選股範例」，</p>\n\n<p>在內部人、持股大戶的選想中，</p>\n\n<p>選擇「持股大戶持股數增加 &gt; 5 %」</p>\n\n<p>就會出現近 1 個月的符合條件的股票清單。</p>\n\n<p><strong>以下是 2016 年 6 月，</strong></p>\n\n<p><strong>大戶持股數增加 &gt; 5 %的 12 檔股票清單：</strong></p>\n\n<p><img alt=\"\" height=\"225\" src=\"http://www.cmoney.tw/learn/cmstatic/learn/48/20160705133100296.jpg\" width=\"500\" /></p>\n\n<p><span style=\"font-size:12px\"><span style=\"color:#696969\">(資料來源：</span><a href=\"http://www.cmoney.tw/app/ItemContent.aspx?id=1907&amp;fw=1\" target=\"_blank\"><span style=\"color:#696969\">選股勝利組</span></a><span style=\"color:#696969\">)</span></span></p>\n\n<p>&nbsp;</p>\n\n<h2>千張大戶資訊</h2>\n\n<h2>並不是 100％ 絕對獲利！</h2>\n\n<p>不過，並不是千張大戶持股比例增加，</p>\n\n<p>股價就一定會上漲，</p>\n\n<p>內部人可能搶在新聞公布前，</p>\n\n<p>得到消息早已經買進拉抬股價。</p>\n\n<p>因此，千張大戶資訊可以</p>\n\n<p>協助投資人增加勝率，</p>\n\n<p>避開大戶在賣超的股票，</p>\n\n<p>但並不是 100％ 絕對獲利的噢~</p>\n\n<p>&nbsp;</p>\n\n<p><strong><span style=\"font-size:18px\">跟著大戶走，</span></strong></p>\n\n<p><strong><span style=\"font-size:18px\">怎麼都不虧~</span></strong></p>\n\n<p><strong><span style=\"font-size:18px\">想知道更多籌碼面的選股小技巧，</span></strong></p>\n\n<p><strong><span style=\"font-size:18px\">趕快看下一課吧！</span></strong></p>\n\n<p><a href=\"http://cmy.tw/009YkZ\"><img alt=\"\" height=\"600\" src=\"http://www.cmoney.tw/learn/cmstatic/learn/48/20200916100826778.jpg\" width=\"300\" /></a></p>\n\n<p>&nbsp;</p>\n",
        "ViewCount": "117487",
        "IsReference": true,
        "ReferenceList": [
            {
                "ReferenceId": 35730,
                "Description": "掌握千張大戶的動向，找出籌碼集中股，搭上主力順風車！(內附10檔股票清單)",
                "ReferenceUrl": "http://cmy.tw/004syl",
                "ReferenceImage": "http://www.cmoney.tw/notes/cmstatic/notes/capture/140276/20140929154609344.jpg",
                "ViewCount": 8
            },
            {
                "ReferenceId": 35731,
                "Description": "找出千張大戶的動向，勝率大幅提高！",
                "ReferenceUrl": "http://cmy.tw/004smK",
                "ReferenceImage": "http://www.cmoney.tw/notes/cmstatic/notes/capture/29464/20140109160630500.png",
                "ViewCount": 6
            },
            {
                "ReferenceId": 35732,
                "Description": "有一群人，持有全台灣超過40%股票！跟著這些「大人物」投資...至少提早10年退休！",
                "ReferenceUrl": "http://www.cmoney.tw/learn/course/michelle/topic/539",
                "ReferenceImage": "http://www.cmoney.tw/learn/cmstatic/learn/48/20160629161529353.jpg",
                "ViewCount": 6
            }
        ],
        "OgImgURL": "http://www.cmoney.tw/learn/cmstatic/learn/48/20200917140721039.jpg"
    },
    "badges": [],
    "isTreeCompleted": false,
    "nextCourse": null
}