{
    "courseDetail": {
        "CourseId": 676,
        "CourseContent": "<p><img alt=\"\" height=\"340\" src=\"http://www.cmoney.tw/learn/cmstatic/learn/48/20200924151559557.jpg\" width=\"650\" /></p>\n\n<p>都說跟緊「大戶」的腳步</p>\n\n<p>可以在股市中預先布局、搶先操作，</p>\n\n<p>那...我該怎麼知道，</p>\n\n<p>這支股票是否有「大戶」存在，</p>\n\n<p>而大戶的動作是買進還是賣出呢？</p>\n\n<p>這邊要向各位投資人，</p>\n\n<p>介紹這 2 個指標...</p>\n\n<p>&nbsp;</p>\n\n<p>繼續看下去...</p>\n\n<p>&nbsp;</p>\n\n<p><span style=\"color:rgb(105, 105, 105)\"><span style=\"font-size:12px\">(贊助商連結...)</span></span></p>\n\n<p><dfp type=\"3\"></dfp></p>\n\n<h1>指標 1. 主力買賣超</h1>\n\n<h2>通常「主力買賣超」</h2>\n\n<h2>與「股價」呈現正相關</h2>\n\n<p>股市中，主力買賣超與股價</p>\n\n<p>常常呈現正相關，</p>\n\n<p>對於投資人而言，</p>\n\n<p>是值得留意的訊息，</p>\n\n<p>但是主力買賣超是什麼呢？</p>\n\n<p>一起來研究一下！</p>\n\n<p>&nbsp;</p>\n\n<p><strong><span style=\"font-size:18px\">「主力買賣超」可看出</span></strong></p>\n\n<p><strong><span style=\"font-size:18px\">市場上主力「買超」</span></strong></p>\n\n<p><strong><span style=\"font-size:18px\">或是「賣超」的狀況：</span></strong></p>\n\n<p><strong>股票因為越多人買，</strong></p>\n\n<p><strong>股價就會越貴，</strong></p>\n\n<p>想像股票是甜甜圈，</p>\n\n<p>當天龍國的人</p>\n\n<p>都在排隊買甜甜圈的時候，</p>\n\n<p>僧多粥少，物以稀為貴</p>\n\n<p>甜甜圈只會維持原價或是漲價，</p>\n\n<p>但不會跌。</p>\n\n<p>一樣的概念放在股票上，</p>\n\n<p>當主力買賣超買超大於賣超(大於 0)，</p>\n\n<p>表示主力在買，會促使股價上漲。</p>\n\n<p>&nbsp;</p>\n\n<p>但如果今天甜甜圈</p>\n\n<p>被爆出使用劣質餿水油，</p>\n\n<p>大家就會把買來的甜甜圈拿去退</p>\n\n<p>這時候絕對會大降價</p>\n\n<p>一樣的概念放在股票上</p>\n\n<p>當主力買賣超的賣超大於買超(小於 0)</p>\n\n<p>表示主力在賣，會促使股價下跌。</p>\n\n<p><strong><span style=\"font-size:18px\">所以看「股價」與</span></strong></p>\n\n<p><strong><span style=\"font-size:18px\">「主力買賣超」的變動方向，</span></strong></p>\n\n<p><strong><span style=\"font-size:18px\">可讓我們判定此股</span></strong></p>\n\n<p><strong><span style=\"font-size:18px\">是否有機會漲，是否值得跟進。</span></strong></p>\n\n<p>&nbsp;</p>\n\n<p><dfp type=\"2\"></dfp></p>\n\n<h2>但...這些主力</h2>\n\n<h2>是否佔市場上的多數呢？</h2>\n\n<p>正常情況下「主力買賣超」</p>\n\n<p>與「股價」是正相關，</p>\n\n<p>因此單看這個指標的意義不大，</p>\n\n<p>因為市場上除了主力，</p>\n\n<p>還有散戶、劵商，</p>\n\n<p>我們並不知道這些主力</p>\n\n<p>是否佔市場上買進股票的多數，</p>\n\n<p>那要怎麼看呢？</p>\n\n<p>&nbsp;</p>\n\n<h1>指標 2. 買賣家數差</h1>\n\n<h2>a. 為「正」表示籌碼分散</h2>\n\n<h2>b. 為「負」表示籌碼集中</h2>\n\n<p><strong><span style=\"font-size:18px\">股票集中到少數人手中，</span></strong></p>\n\n<p><strong><span style=\"font-size:18px\">代表籌碼趨向集中</span></strong></p>\n\n<p>舉例來說：</p>\n\n<p>鴻海今天有 100 家券商進出買賣，</p>\n\n<p>買超家數有 80 家，賣超家數有 20 家，</p>\n\n<p>進出分點家數差就是 60 家 ( 80 - 20 )。</p>\n\n<p>&nbsp;</p>\n\n<p>假設 1 家分點視為 1 個人，</p>\n\n<p>台積電的籌碼由原本 20 人手上，</p>\n\n<p>今天流向 80 個人手上，</p>\n\n<p>也代表示籌碼開始趨向分散。</p>\n\n<p>進出分點家數差，由 0 為一個分界點。</p>\n\n<p>&nbsp;</p>\n\n<p><a href=\"http://cmy.tw/008NnG\"><img alt=\"\" height=\"250\" src=\"http://www.cmoney.tw/learn/cmstatic/learn/48/20200923111135536.jpg\" width=\"300\" /></a></p>\n\n<p>&nbsp;</p>\n\n<p>當家數差&nbsp;<strong><span style=\"font-size:20px\">大於 0&nbsp;</span></strong>時，</p>\n\n<p>代表的「買」的人</p>\n\n<p>比「賣」的人還多，</p>\n\n<p>股票分散到多數人手中，</p>\n\n<p>代表籌碼趨向分散。</p>\n\n<p>&nbsp;</p>\n\n<p>相反的當數值&nbsp;<strong><span style=\"font-size:20px\">小於 0</span></strong>，</p>\n\n<p>代表「賣」的人</p>\n\n<p>比「買」的人還多，</p>\n\n<p>股票集中到少數人手中，</p>\n\n<p>就代表籌碼趨向集中。</p>\n\n<p>股票集中到少數人手中，</p>\n\n<p>而這些特定買家可能就是大戶，</p>\n\n<p>大戶進場，值得關注！</p>\n\n<p>要如何利用選股條件篩選出這樣的股票呢？</p>\n\n<p>&nbsp;</p>\n\n<h1>看主力行為的選股條件：</h1>\n\n<h2>1.籌碼集中股</h2>\n\n<h2>2.過去 60 天，</h2>\n\n<h2>買賣家數差 7 成為負數</h2>\n\n<p>&nbsp;</p>\n\n<p><dfp type=\"1\"></dfp></p>\n\n<p>&nbsp;</p>\n\n<h1>觀察重點</h1>\n\n<p>正常情況下「主力買賣超」</p>\n\n<p>與「股價」是正相關，</p>\n\n<p>因此單看這個指標只知道主力在買，</p>\n\n<p>看「主力買賣超」</p>\n\n<p>一定要搭配「買賣家數差」一起看，</p>\n\n<p>才知道籌碼是否集中。</p>\n\n<p>&nbsp;</p>\n\n<p><strong>當「主力買賣超」為正，</strong></p>\n\n<p><strong>表示主力在買，</strong></p>\n\n<p><strong>「買賣家數差」為負數，</strong></p>\n\n<p><strong>表示是籌碼集中在少數人手中，</strong></p>\n\n<p><strong>兩者搭配，</strong><strong>可以更確定主力的行為。</strong></p>\n\n<p>&nbsp;</p>\n\n<p><strong><span style=\"font-size:18px\">所以，當股票都在漲</span></strong></p>\n\n<p><strong><span style=\"font-size:18px\">選擇「買的人少」的那一檔</span></strong></p>\n\n<p><strong><span style=\"font-size:18px\">才能跟著大戶走喔~~</span></strong></p>\n\n<p>&nbsp;</p>\n\n<p><strong><span style=\"font-size:18px\"><a href=\"http://cmy.tw/009YkZ\"><img alt=\"\" height=\"600\" src=\"http://www.cmoney.tw/learn/cmstatic/learn/48/20200923111025538.jpg\" width=\"300\" /></a></span></strong></p>\n\n<p>&nbsp;</p>\n",
        "ViewCount": "231389",
        "IsReference": true,
        "ReferenceList": [
            {
                "ReferenceId": 35810,
                "Description": "我每天必做的功課：1 分鐘看「主力買賣超」與「三大法人買賣超」",
                "ReferenceUrl": "http://cmy.tw/004jUs",
                "ReferenceImage": "http://www.cmoney.tw/notes/cmstatic/notes/capture/29464/20140605165155165.png",
                "ViewCount": 19
            },
            {
                "ReferenceId": 35811,
                "Description": "如果賣方來自 100 人，買方只有 1 人，股票會漲，用「籌碼集中度」解讀",
                "ReferenceUrl": "http://cmy.tw/004sR1",
                "ReferenceImage": "http://www.cmoney.tw/notes/cmstatic/notes/capture/79091/20140604165609580.png",
                "ViewCount": 23
            },
            {
                "ReferenceId": 35812,
                "Description": "地利之便有「玄機」！三個月內大賺 800 萬元...原來，是靠「這個」!",
                "ReferenceUrl": "http://www.cmoney.tw/learn/course/michelle/topic/1049",
                "ReferenceImage": "http://www.cmoney.tw/learn/cmstatic/learn/48/20160706141907183.jpg",
                "ViewCount": 6
            }
        ],
        "OgImgURL": "http://www.cmoney.tw/learn/cmstatic/learn/48/20200924151559557.jpg"
    },
    "badges": [],
    "isTreeCompleted": false,
    "nextCourse": null
}