{
    "courseDetail": {
        "CourseId": 679,
        "CourseContent": "<p>&nbsp;</p>\n\n<p>&nbsp;</p>\n\n<h1>有沒有什麼投資工具，</h1>\n\n<h1>可以看出 主力和散戶的動向？</h1>\n\n<p>市面上有一個好用的工具，</p>\n\n<p>可以讓你知道今天跌是誰賣的，漲是誰買的，</p>\n\n<p>甚至幫助你分析主力，</p>\n\n<p>讓你可以鎖定他、追蹤他、</p>\n\n<p>甚至跟著做，</p>\n\n<p>這麼方便的好東西，</p>\n\n<p>就是獲得 35 萬投資人喜愛的「籌碼K線」！</p>\n\n<p>&nbsp;</p>\n\n<h1>超過 35 萬人使用「籌碼K線」，</h1>\n\n<h1>因為選股資訊一目了然！</h1>\n\n<p>「籌碼 K 線」是一個相當方便的軟體，</p>\n\n<p>幫你省下自己到證交所</p>\n\n<p>及櫃檯中心網站收集資料的步驟，</p>\n\n<p>讓所有選股資訊，</p>\n\n<p>全都用籌碼K線一目了然</p>\n\n<p>&nbsp;</p>\n\n<p>&nbsp;</p>\n\n<p>&nbsp;</p>\n\n<h1>籌碼 K 線操作超簡單，</h1>\n\n<h1>只要 3 步！(而且...免費?)</h1>\n\n<h2>1. 先去理財寶網站下載理財寶(<a href=\"http://www.cmoney.tw/app/download/\" target=\"_blank\">如何下載理財寶?</a>)</h2>\n\n<h2>2. 記得要先<a href=\"http://cmy.tw/00250h\" target=\"_blank\">註冊理財寶會員</a>喔!(免費的)</h2>\n\n<h2>3. 開啟籌碼K線(<a href=\"http://www.cmoney.tw/notes/note-detail.aspx?nid=3285\" target=\"_blank\">如何開啟籌碼K線?</a>)</h2>\n\n<p><a href=\"http://www.cmoney.tw/app/ItemContent.aspx?id=1812\" target=\"_blank\">籌碼K線</a>網站裡面</p>\n\n<p>還有非常詳細的操作影音介紹</p>\n\n<p>是一個功能很強大的軟體，</p>\n\n<p>不管是做分析還是選股都很實用，</p>\n\n<p>只花你一分鐘，</p>\n\n<p>看完你就會成為籌碼分析達人了!</p>\n\n<p>&nbsp;</p>\n\n<h1>認識籌碼K線，從這裡開始</h1>\n\n<p><img alt=\"\" height=\"341\" src=\"http://www.cmoney.tw/learn/cmstatic/learn/48/20160222094438586.png\" width=\"508\" /></p>\n\n<p><span style=\"font-size:12px\"><span style=\"color:#696969\"><span style=\"background-color:rgb(255, 255, 255)\">(資料來源：</span></span><a href=\"http://cmy.tw/004EPW\" style=\"position: relative; text-decoration: underline; color: rgb(0, 119, 181); font-size: 16px; line-height: 21.76px; background-color: rgb(255, 255, 255);\" target=\"_blank\"><span style=\"color:#696969\">籌碼K線</span></a><span style=\"color:#696969\"><span style=\"background-color:rgb(255, 255, 255)\">)</span></span></span></p>\n\n<p>&nbsp;</p>\n\n<p>第一個部分是【籌碼K線圖】</p>\n\n<p>第二個部分是【券商分點買、賣方TOP15】</p>\n\n<h1>&nbsp;</h1>\n\n<h1>第一部分是【籌碼K線圖】</h1>\n\n<p>它有一般的日 K 線圖和成交量，</p>\n\n<p>可調整週期為 3 月、6 月、1 年、2 年</p>\n\n<p>小編直接告訴各位，</p>\n\n<p>最重要的是它下方框框，</p>\n\n<p>裡面有一個叫做【進出分點家數差】</p>\n\n<p><img alt=\"\" height=\"376\" src=\"http://www.cmoney.tw/learn/cmstatic/learn/48/20160222094724183.png\" width=\"560\" /></p>\n\n<p><span style=\"font-size:12px\"><span style=\"color:#696969\"><span style=\"background-color:rgb(255, 255, 255)\">(資料來源：</span></span><a href=\"http://http://cmy.tw/004dKJ\" style=\"position: relative; text-decoration: underline; color: rgb(0, 119, 181); font-size: 16px; line-height: 21.76px; background-color: rgb(255, 255, 255);\" target=\"_blank\"><span style=\"color:#696969\">籌碼K線</span></a><span style=\"color:#696969\"><span style=\"background-color:rgb(255, 255, 255)\">)</span></span></span></p>\n\n<p>&nbsp;</p>\n\n<h2>1.【買賣家數差】分辨</h2>\n\n<h2>這檔股票籌碼是集中還是分散</h2>\n\n<p>當我們將券商買家數與券商賣家數相減，</p>\n\n<p>便可知道現在籌碼是分散還是集中。</p>\n\n<p>&nbsp;</p>\n\n<h2>2. 【買賣家數差】為正值，</h2>\n\n<h2>表示股票分散在各家券商手中，</h2>\n\n<p>籌碼過於分散，股價就不容易上漲。</p>\n\n<p>&nbsp;</p>\n\n<h2>3.【買賣家數差】為負值時，</h2>\n\n<h2>表示籌碼是集中在少部分的券商手中</h2>\n\n<p>那這檔股票之後，就大有可為囉。</p>\n\n<p>&nbsp;</p>\n\n<h1>買賣家數差 突然暴增，</h1>\n\n<h1>代表籌碼開始轉為「分散」</h1>\n\n<h1>意思是散戶開始進場，</h1>\n\n<h1>股價未來下跌的可能性就變高了！</h1>\n\n<p>你可以自己試試看，一定可以看出端倪的。</p>\n\n<p>如下圖，大跌那段，家數差突然暴增轉為正值。</p>\n\n<p>代表籌碼開始轉為分散</p>\n\n<p>只要價格一沒有主力支撐，</p>\n\n<p>那下場也只有一瀉千里了</p>\n\n<p>&nbsp;</p>\n\n<p><img alt=\"\" height=\"383\" src=\"http://www.cmoney.tw/learn/cmstatic/learn/48/20160222094736652.png\" width=\"570\" /></p>\n\n<p><span style=\"font-size:12px\"><span style=\"color:#696969\"><span style=\"background-color:rgb(255, 255, 255)\">(資料來源：</span></span><a href=\"http://http://cmy.tw/004dKJ\" style=\"position: relative; text-decoration: underline; color: rgb(0, 119, 181); font-size: 16px; line-height: 21.76px; background-color: rgb(255, 255, 255);\" target=\"_blank\"><span style=\"color:#696969\">籌碼K線</span></a><span style=\"color:#696969\"><span style=\"background-color:rgb(255, 255, 255)\">)</span></span></span></p>\n\n<p>&nbsp;</p>\n\n<p>&nbsp;</p>\n\n<h1>第二個部分是</h1>\n\n<h1>【券商分點買、賣方TOP15】</h1>\n\n<h2>【佔區間成交比重(%)】越高，</h2>\n\n<h2>代表籌碼越集中，</h2>\n\n<h2>對於股價走勢為正面</h2>\n\n<p>它其中的【佔區間成交比重(%)】</p>\n\n<p>是籌碼K線最獨特的地方。</p>\n\n<p>我們直接看例子，你會比較清楚</p>\n\n<p>請看下圖(8424)惠普，</p>\n\n<p>他的籌碼集中，</p>\n\n<p>計算方法是用買超前 15 名合計張數</p>\n\n<p>去扣掉賣超前 15 名合計張數。</p>\n\n<p>(買超 409 張-賣超 352 張 = 57 張)</p>\n\n<p>&nbsp;</p>\n\n<p><img alt=\"\" height=\"376\" src=\"http://www.cmoney.tw/learn/cmstatic/learn/48/20160222094750198.png\" width=\"560\" /></p>\n\n<p><span style=\"font-size:12px\"><span style=\"color:#696969\"><span style=\"background-color:rgb(255, 255, 255)\">(資料來源：</span></span><a href=\"http://http://cmy.tw/004dKJ\" style=\"position: relative; text-decoration: underline; color: rgb(0, 119, 181); font-size: 16px; line-height: 21.76px; background-color: rgb(255, 255, 255);\" target=\"_blank\"><span style=\"color:#696969\">籌碼K線</span></a><span style=\"color:#696969\"><span style=\"background-color:rgb(255, 255, 255)\">)</span></span></span></p>\n\n<p>&nbsp;</p>\n\n<p>再來，我們將籌碼集中</p>\n\n<p>除以區間成交量 = 佔區間成交比重(%)</p>\n\n<p>公式如下：</p>\n\n<p>佔區間成交比重(%) =</p>\n\n<p>籌碼集中(張) / 區間成交量(張)</p>\n\n<p>【佔區間成交比重(%)】</p>\n\n<p>可以幫助我們看出個股籌碼，</p>\n\n<p>是否開始趨向集中或分散。</p>\n\n<p>當【佔區間成交比重(%)】越高，</p>\n\n<p>代表籌碼越集中，</p>\n\n<p>大戶著墨這檔股票就越深，</p>\n\n<p>對於股價未來的走勢</p>\n\n<p>是偏向正面的，反之亦然。</p>\n\n<p>&nbsp;</p>\n\n<h1>籌碼 K 線，15 秒鐘</h1>\n\n<h1>就能提高你的勝率！</h1>\n\n<p>籌碼 K 線是運用</p>\n\n<p>券商分點進出的資訊，</p>\n\n<p>幫你統計每檔股票籌碼的流動。</p>\n\n<p>讓我們知道自己手中股票的主力大戶</p>\n\n<p>現在到底想做什麼事，</p>\n\n<p>不要等他們落跑</p>\n\n<p>價格跌得一蹋糊塗了，</p>\n\n<p>才忍痛出清。</p>\n\n<p>籌碼 K 線這項功能，</p>\n\n<p>最終的目的是希望提高使用者</p>\n\n<p>在股票市場裡的勝率，</p>\n\n<p>是你絕對不能錯過的喔!</p>\n\n<p>&nbsp;</p>\n\n<p>籌碼K線到底還有哪些實用的竅門呢~?</p>\n\n<p>趕快開始下一堂課，</p>\n\n<p>一起來研究看看！</p>\n\n<p>&nbsp;</p>\n\n<h2>馬上打開 ►► <a href=\"http://http://cmy.tw/004dKJ\">籌碼Ｋ線</a></h2>\n\n<p>&nbsp;</p>\n\n<h2>&nbsp;</h2>\n",
        "ViewCount": "55097",
        "IsReference": true,
        "ReferenceList": [
            {
                "ReferenceId": 31981,
                "Description": "籌碼K線讓我賺到100萬!",
                "ReferenceUrl": " http://cmy.tw/004hqD",
                "ReferenceImage": "http://www.cmoney.tw/notes/cmstatic/notes/capture/35710/20130907152259495.png",
                "ViewCount": 33
            },
            {
                "ReferenceId": 31982,
                "Description": "超過50,000投資人都愛用的籌碼K線，你不知道就輸了!",
                "ReferenceUrl": "http://cmy.tw/004dZL",
                "ReferenceImage": "http://www.cmoney.tw/notes/cmstatic/notes/capture/29464/20131107180026134.png",
                "ViewCount": 53
            },
            {
                "ReferenceId": 31983,
                "Description": "招牌籌碼K線 - 偷窺主力的",
                "ReferenceUrl": "http://cmy.tw/004thZ",
                "ReferenceImage": "http://www.cmoney.tw/notes/cmstatic/notes/capture/29464/20130823163447198.png",
                "ViewCount": 35
            }
        ],
        "OgImgURL": "http://www.cmoney.tw/learn/cmstatic/learn/48/20160222094438586.png"
    },
    "badges": [],
    "isTreeCompleted": false,
    "nextCourse": null
}