{
    "courseDetail": {
        "CourseId": 680,
        "CourseContent": "<p><img alt=\"\" height=\"340\" src=\"http://www.cmoney.tw/learn/cmstatic/learn/50/20200525111350330.jpg\" width=\"650\" /></p>\n\n<p><span style=\"font-size:12px\">圖片來源：算利教官 臉書</span></p>\n\n<p>&nbsp;</p>\n\n<h1><span style=\"color:rgb(204, 0, 0); font-size:26px\">領股息過生活，可能嗎？</span></h1>\n\n<p><span style=\"font-size:16px\">近年來，</span><span style=\"font-size:16px\">成為理財節目、</span><span style=\"font-size:16px\">大學社團</span></p>\n\n<p><span style=\"font-size:16px\">常客的</span><span style=\"font-size:16px\">存股達人 - 算利教官，&nbsp;&nbsp;</span></p>\n\n<p><span style=\"font-size:16px\">就靠著基本分析買好股長抱，</span></p>\n\n<p><span style=\"font-size:16px\">8 年賺 1500 萬元，</span></p>\n\n<p><span style=\"font-size:16px\">年領股利 140 萬元。</span></p>\n\n<p><span style=\"font-size:16px\">可見得，買好股、收股息，</span></p>\n\n<p><span style=\"font-size:16px\">等退休</span><span style=\"font-size:16px\">的夢想真的有可能實現。</span></p>\n\n<p>&nbsp;</p>\n\n<p><span style=\"font-size:16px\">繼續看下去...</span></p>\n\n<p>&nbsp;</p>\n\n<p><span style=\"color:#808080\"><span style=\"font-size:12px\">(贊助商連結)</span></span></p>\n\n<p><dfp type=\"3\"></dfp></p>\n\n<p>&nbsp;</p>\n\n<h1>著名的「<strong>市場先生」例子</strong></h1>\n\n<p><span style=\"font-size:16px\">市場先生每天都會來到市場買賣股票，</span></p>\n\n<p><span style=\"font-size:16px\">但是他的情緒很不穩定，</span></p>\n\n<p><span style=\"font-size:16px\">有時他心情愉悅</span><span style=\"font-size:16px\">願意把股票</span></p>\n\n<p><span style=\"font-size:16px\">便宜的賣給你，</span><span style=\"font-size:16px\">有時他情緒暴躁</span></p>\n\n<p><span style=\"font-size:16px\">把股票賣得很貴很貴，</span><span style=\"font-size:16px\">有時</span></p>\n\n<p><span style=\"font-size:16px\">他心平氣和</span><span style=\"font-size:16px\">用合理的價格</span></p>\n\n<p><span style=\"font-size:16px\">把股票賣給你，</span><span style=\"font-size:16px\">而且</span></p>\n\n<p><span style=\"font-size:16px\">市場先生有個特性，</span></p>\n\n<p><span style=\"font-size:16px\">不管發生什麼事，</span></p>\n\n<p><span style=\"font-size:16px\">他每天都會來市場做買賣。</span></p>\n\n<p><span style=\"font-size:16px\">所以價值型投資者相信，</span></p>\n\n<p><span style=\"font-size:16px\">市場先生不管喊貴或喊便宜，</span></p>\n\n<p><strong><span style=\"font-size:16px\"><span style=\"background-color:#FFFF00\">價格始終都圍繞在，</span></span></strong></p>\n\n<p><strong><span style=\"font-size:16px\"><span style=\"background-color:#FFFF00\">股票的基本價值上下！</span></span></strong></p>\n\n<p>&nbsp;</p>\n\n<h2><strong>不要管市場先生的波動了，</strong></h2>\n\n<h2><strong>用「基本面」分析</strong><strong>從中獲利！</strong></h2>\n\n<p><span style=\"font-size:16px\">運用基本面分析而看好一支股票時，</span></p>\n\n<p><span style=\"font-size:16px\">看中的是它的內在潛力、</span></p>\n\n<p><span style=\"font-size:16px\">與長期發展的良好前景，</span></p>\n\n<p><span style=\"font-size:16px\">所以當我們採用基本面分析來進行</span><span style=\"font-size:16px\">預測</span></p>\n\n<p><span style=\"font-size:16px\">並在適當的時機購入股票後，</span></p>\n\n<p><span style=\"font-size:16px\">就可以不在意</span><span style=\"font-size:16px\">市場 「價格的短期波動 」。</span></p>\n\n<p>&nbsp;</p>\n\n<h1>基本分析的特色</h1>\n\n<p><span style=\"font-size:16px\"><strong>1. 複雜且解讀困難，</strong></span></p>\n\n<p><span style=\"font-size:16px\"><strong>有一定的難度，</strong></span><strong>初學者較不易上手。</strong></p>\n\n<p><span style=\"font-size:16px\"><strong>2. 通常做為投資決策的主軸。</strong></span></p>\n\n<p><span style=\"font-size:16px\"><strong>3. 長期投資者必備，可給予投資者信心。</strong></span></p>\n\n<p>&nbsp;</p>\n\n<p><dfp type=\"1\"></dfp></p>\n\n<p>&nbsp;</p>\n\n<h1><strong>找出公司的真實價值</strong></h1>\n\n<h1><strong>心情不用隨著股價起伏</strong></h1>\n\n<p><span style=\"font-size:16px\">基本面分析的優點，</span></p>\n\n<p><span style=\"font-size:16px\">主要是能夠掌握公司的真實價值，</span></p>\n\n<p><span style=\"font-size:16px\">等到適當的價格在買進或賣出。</span></p>\n\n<p><span style=\"font-size:16px\">所以，事前準備長、</span><span style=\"font-size:16px\">持有時間長、</span></p>\n\n<p><span style=\"font-size:16px\">但執行動作少，</span></p>\n\n<p><span style=\"font-size:16px\"><u><strong><span style=\"background-color:#FFFF00\">適合沒時間盯盤</span></strong></u></span></p>\n\n<p><span style=\"font-size:16px\"><u><strong><span style=\"background-color:#FFFF00\">或 較穩健的投資人使用！</span></strong></u></span></p>\n\n<p>&nbsp;</p>\n\n<h1>依據「真實價值」做決策</h1>\n\n<h1>適合長期投資等收穫</h1>\n\n<p><span style=\"font-size:16px\">基本分析的操作：</span></p>\n\n<p><strong><span style=\"font-size:16px\">預測到</span></strong></p>\n\n<p><strong><span style=\"font-size:16px\">未來的價值 &gt; 目前的價格，買進，</span></strong></p>\n\n<p><strong><span style=\"font-size:16px\">持有到</span></strong></p>\n\n<p><strong><span style=\"font-size:16px\">未來的價值 &lt; 目前的價格，賣出。</span></strong></p>\n\n<p>&nbsp;</p>\n\n<p><span style=\"font-size:16px\">因股價要反映公司價值</span></p>\n\n<p><span style=\"font-size:16px\">都需要一段時間，</span></p>\n\n<p><span style=\"font-size:16px\">通長時間跨度較長，</span></p>\n\n<p><span style=\"font-size:16px\">對於短線投資者的幫助較少。</span></p>\n\n<p><span style=\"font-size:16px\">所以如果你對這間公司的真實價值有信心，</span></p>\n\n<p><span style=\"font-size:16px\">就買入他們的股票並等待你的投資獲利！</span></p>\n\n<p>&nbsp;</p>\n\n<p><span style=\"font-size:16px\">公司賺錢也需要時間，</span></p>\n\n<p><span style=\"font-size:16px\">基本面分析投資者</span></p>\n\n<p><span style=\"font-size:16px\">相信只要對公司價值有信心，</span></p>\n\n<p><span style=\"font-size:16px\">就能和公司一起賺錢！</span></p>\n\n<p>&nbsp;</p>\n\n<h2>了解基本分析的優點後，</h2>\n\n<h2>接下來，就來看看你</h2>\n\n<h2>適合哪一種基本分析投資？</h2>\n\n<p><a href=\"http://cmy.tw/009YkZ\"><img alt=\"\" height=\"600\" src=\"http://www.cmoney.tw/learn/cmstatic/learn/50/20200522154042081.jpg\" width=\"300\" /></a></p>\n\n<p>&nbsp;</p>\n",
        "ViewCount": "93787",
        "IsReference": true,
        "ReferenceList": [
            {
                "ReferenceId": 34418,
                "Description": "理財hen好懂",
                "ReferenceUrl": "https://www.facebook.com/litsaiheneasy/",
                "ReferenceImage": "https://scontent.ftpe7-2.fna.fbcdn.net/v/t1.0-1/p200x200/79425867_582072592336761_857360753152229376_o.jpg?_nc_cat=1&amp;_nc_sid=dbb9e7&amp;_nc_ohc=LC9FdGZbX8kAX9MuOZh&amp;_nc_ht=scontent.ftpe7-2.fna&amp;_nc_tp=6&amp;oh=4793f0ccead1c56d2bad75bdc21164d7&amp;oe=5EEBFE84",
                "ViewCount": 8
            },
            {
                "ReferenceId": 34419,
                "Description": "CMoney 理財寶",
                "ReferenceUrl": "https://www.facebook.com/cmoneyapp/",
                "ReferenceImage": "https://scontent.ftpe7-2.fna.fbcdn.net/v/t1.0-1/c0.156.200.200a/429093_260831470664421_20938524_n.jpg?_nc_cat=1&amp;_nc_sid=dbb9e7&amp;_nc_ohc=PXeIldk7zmAAX-6d1tV&amp;_nc_ht=scontent.ftpe7-2.fna&amp;oh=2e3b98d35aa40c1cc1d06eabccbf4a2d&amp;oe=5EED26B2",
                "ViewCount": 5
            }
        ],
        "OgImgURL": "http://www.cmoney.tw/learn/cmstatic/learn/50/20200525111350330.jpg"
    },
    "badges": [],
    "isTreeCompleted": false,
    "nextCourse": null
}