{
    "courseDetail": {
        "CourseId": 686,
        "CourseContent": "<h1>大多數人投資股票</h1>\n\n<h1>能夠賺錢就是看財報</h1>\n\n<h2>如果不小心踩到地雷</h2>\n\n<h2>拿到造假的財報怎麼辦...</h2>\n\n<p>一間公司的營收真假</p>\n\n<p>就要看 現金流量表</p>\n\n<p>現金流量表一點都不難</p>\n\n<p>不想讓自己的錢被騙走嗎？</p>\n\n<p>&nbsp;</p>\n\n<p>趕快來看看吧！</p>\n\n<p>&nbsp;</p>\n\n<p><span style=\"color:#808080\"><span style=\"font-size:12px\">(贊助商連結...)</span></span></p>\n\n<p><span style=\"color:#808080\"><span style=\"font-size:12px\"><googleadsense height=\"600px\" type=\"4\" width=\"300px\"></googleadsense></span></span></p>\n\n<p>&nbsp;</p>\n\n<p>&nbsp;</p>\n\n<h1>現金流量表：</h1>\n\n<h1>公司一段期間</h1>\n\n<h1>現金進出的狀況</h1>\n\n<h2>從公司有沒有收到現金</h2>\n\n<h2>可以看出營收的真假</h2>\n\n<p>資產負債表揭露&nbsp;</p>\n\n<p><strong>一個時間點</strong> 公司的財務配置狀況&nbsp;</p>\n\n<p>損益表揭露&nbsp;</p>\n\n<p><strong>一段時間內</strong> 公司的營業獲利狀況。</p>\n\n<p>&nbsp;</p>\n\n<p>然而<strong>會計採應計基礎</strong></p>\n\n<p><strong>有收入不代表有收到現金</strong></p>\n\n<p>例如: 可成(2474) 把機殼賒銷給 宏達電(2498)</p>\n\n<p><strong><span style=\"background-color:#FFFF00\">可成 &quot; 記錄 &quot; 營收</span></strong></p>\n\n<p><strong><span style=\"background-color:#FFFF00\">但是還沒真的收到現金。</span></strong></p>\n\n<p>所以才需要現金流量表告訴投資人</p>\n\n<p><strong>一段時間內</strong>現金進出的情況。</p>\n\n<p>&nbsp;</p>\n\n<p>&nbsp;</p>\n\n<h2>現金流量區分為：</h2>\n\n<h2>營業活動、投資活動、籌資活動</h2>\n\n<p>分三個部分可以讓投資人清楚了解</p>\n\n<p>現金都流到哪去了，</p>\n\n<p>以下我們就分別介紹這三種活動的現金流量。</p>\n\n<p>&nbsp;</p>\n\n<h1>1. 營業現金流量：</h1>\n\n<h1>反映公司營業真正的收入</h1>\n\n<h2>營業現金流量為正</h2>\n\n<h2>代表公司有在賺錢</h2>\n\n<h2>營業現金流量持續為負</h2>\n\n<h2>代表公司可能沒有在賺錢</h2>\n\n<p>&nbsp;</p>\n\n<p>&quot; 淨利 &quot; 是個抽象的概念</p>\n\n<p>但 &quot; 現金 &quot; 就很具體了。</p>\n\n<p><strong><span style=\"background-color:#FFFF00\">有時候公司雖然帳面上有獲利</span></strong></p>\n\n<p><strong><span style=\"background-color:#FFFF00\">但這些 &quot; 獲利 &quot; 卻沒有讓它真的拿到現金。</span></strong></p>\n\n<p>所以公司會以淨利為基礎</p>\n\n<p>把沒有花掉的費用加回去</p>\n\n<p>沒收到錢的收入就從裡面扣除。</p>\n\n<p>我們來看 5 種比較常見的營業現金流量項目：</p>\n\n<p>&nbsp;</p>\n\n<p>&nbsp;</p>\n\n<h2><strong>(1) 折舊費用：</strong></h2>\n\n<h2><strong>沒有真的花到錢</strong></h2>\n\n<p>假設你四年換一次手機</p>\n\n<p>一支手機 2 萬元。</p>\n\n<p>想像每年手機會折損 1/4</p>\n\n<p>四年後只能丟掉。</p>\n\n<p>那麼平均每年買手機的費用</p>\n\n<p>就是 5000 元，這就是折舊費用。</p>\n\n<p>&nbsp;</p>\n\n<h2><strong>(2) 應付帳款 ：</strong></h2>\n\n<h2><strong>欠的錢還沒還</strong></h2>\n\n<p>&nbsp;</p>\n\n<h2><strong>(3) 應收帳款：</strong></h2>\n\n<h2><strong>賺的錢還沒收到</strong></h2>\n\n<p>上面這三種收入或支出</p>\n\n<p>需要記錄到淨利裡</p>\n\n<p>但是並不會真的產生現金流</p>\n\n<p>所以公司在編製現金流量表的時候</p>\n\n<p>會替這些項目做調整。</p>\n\n<p>&nbsp;</p>\n\n<p><strong>(4) 股利收入：</strong></p>\n\n<h2><strong>就像把錢從左口袋拿到右口袋</strong></h2>\n\n<p><strong><span style=\"background-color:#FFFF00\">股利收入都來自子公司營業上的損益</span></strong></p>\n\n<p>然而在編製合併報表</p>\n\n<p><strong><span style=\"background-color:#FFFF00\">子公司把股利發給母公司</span></strong></p>\n\n<p><strong><span style=\"background-color:#FFFF00\">這就像把錢從左口袋拿到右口袋</span></strong></p>\n\n<p>根本沒有額外產生現金流量！</p>\n\n<p>所以在現金流量表上不需要再去調整。</p>\n\n<p>除非公司有用非權益法認列的子公司</p>\n\n<p>而且想把來自子公司的現金股利</p>\n\n<p>放進投資活動</p>\n\n<p>就必須在營業活動上扣除後</p>\n\n<p>再從投資活動上加回去！</p>\n\n<p>&nbsp;</p>\n\n<p><strong>(5) 採權益法認列之投資損益：</strong></p>\n\n<h2><strong>就好像買進的股票</strong></h2>\n\n<h2><strong>上漲後卻還沒賣出</strong></h2>\n\n<h2><strong>不會拿到現金</strong></h2>\n\n<p>採權益法的子公司的投資部位增值了</p>\n\n<p>認列到母公司的淨利上，</p>\n\n<p>但是根本沒有收到現金呀！</p>\n\n<p>就像我們買的股票上漲</p>\n\n<p>卻還沒賣出一樣。</p>\n\n<p>所以需要從淨利中扣除。</p>\n\n<p>&nbsp;</p>\n\n<p>&nbsp;</p>\n\n<h1>2. 投資現金流量：</h1>\n\n<h1>買賣<a href=\"http://www.cmoney.tw/learn/course/0520/topic/686\" target=\"_blank\">非流動資產</a>的現金流量</h1>\n\n<h2>投資活動現金流為正</h2>\n\n<h2>代表公司可能在變賣資產</h2>\n\n<h2>投資活動現金流為負</h2>\n\n<h2>代表公司可能在擴張版圖</h2>\n\n<p>買廠房設備需要花錢，當然就是現金流出。</p>\n\n<p>反之把廠房賣出去，當然就是現金流入囉！</p>\n\n<p>&nbsp;</p>\n\n<p>&nbsp;</p>\n\n<p>&nbsp;</p>\n\n<p>&nbsp;</p>\n\n<h1>籌資現金流量：</h1>\n\n<h1>公司與債權人</h1>\n\n<h1>和 公司與股東 的現金流量</h1>\n\n<h2>籌資現金流為正</h2>\n\n<h2>代表公司正在向股東或債權人要錢</h2>\n\n<h2>籌資現金流為負</h2>\n\n<h2>代表公司正在把錢還給股東或債權人</h2>\n\n<p><strong><span style=\"background-color:#FFFF00\">公司籌措財源有兩個管道&nbsp;</span></strong></p>\n\n<p><strong><span style=\"background-color:#FFFF00\">發行債券 和 發行股票</span></strong></p>\n\n<p>籌資活動當然就跟這兩者有關</p>\n\n<p>常見的籌資活動像是：</p>\n\n<p>『發行新股』、『買回庫藏股』</p>\n\n<p>『發行債券』、『償還債券』、『發股利』。</p>\n\n<p>&nbsp;</p>\n\n<p>&nbsp;</p>\n\n<p><span style=\"color:rgb(204, 0, 0); font-size:26px\">現金流量表在哪裡找得到呢?</span></p>\n\n<p><a href=\"http://www.cmoney.tw/finance/f00042.aspx?m=3&amp;s=2330\" target=\"_blank\">現金流量表連結</a></p>\n\n<p>除了上述三種現金流量:營業、投資、籌資</p>\n\n<p>還可以找到<a href=\"http://www.cmoney.tw/learn/course/0520/topic/696\" target=\"_blank\">自由現金流量</a></p>\n\n<p>記得要找現金流量為正的公司哦~</p>\n\n<p>&nbsp;</p>\n\n<p>&nbsp;</p>\n\n<p>&nbsp;</p>\n\n<h2>這樣就不用怕</h2>\n\n<h2>遇到造假的財報了~</h2>\n\n<p>&nbsp;</p>\n\n<p>&nbsp;</p>\n",
        "ViewCount": "110732",
        "IsReference": false,
        "ReferenceList": null,
        "OgImgURL": ""
    },
    "badges": [],
    "isTreeCompleted": false,
    "nextCourse": null
}