{
    "courseDetail": {
        "CourseId": 692,
        "CourseContent": "<h1><span style=\"color:rgb(204, 0, 0); font-size:26px\">這陣子</span></h1>\n\n<h1>假帳的新聞</h1>\n\n<h1>炒得沸沸揚揚</h1>\n\n<h2>其實不只光洋科</h2>\n\n<h2>有些公司也會做假帳</h2>\n\n<p>只是他們還在小確幸</p>\n\n<p>沒被金管會抓到而已喔~</p>\n\n<p>避免買到作假帳的公司股票</p>\n\n<p>一夕之間財產全沒</p>\n\n<p>你一定要學會看<strong><span style=\"background-color:#FFFF00\">會計師核閱報告</span></strong></p>\n\n<p>不要看到「會計師」就昏頭</p>\n\n<p>這份報告非常簡單好懂</p>\n\n<p>只要 2 分鐘你就能替自己的錢</p>\n\n<p>多一份保險 何樂而不為呢？</p>\n\n<p>&nbsp;</p>\n\n<p>趕快來看看吧！</p>\n\n<p>&nbsp;</p>\n\n<p><span style=\"color:#808080\"><span style=\"font-size:12px\">(贊助商連結...)</span></span></p>\n\n<p><span style=\"color:#808080\"><span style=\"font-size:12px\"><googleadsense height=\"600px\" type=\"4\" width=\"300px\"></googleadsense></span></span></p>\n\n<p>&nbsp;</p>\n\n<h1>會計師核閱報告(查核報告)</h1>\n\n<h1>證明財務報表的可信度</h1>\n\n<h2>會計師核閱報告</h2>\n\n<h2>或稱查核報告</h2>\n\n<p>季報為核閱報告</p>\n\n<p>年報為查核報告</p>\n\n<p>就像<strong><span style=\"background-color:#FFFF00\">財務界的食品認證</span></strong>一樣</p>\n\n<p>公司要放上公開資訊</p>\n\n<p>觀測站公開的財務報表</p>\n\n<p>也需要經過會計師核閱</p>\n\n<p>合格後才能公開</p>\n\n<p>而會計師在查核後</p>\n\n<p>會留下核閱報告(或簽證報告)</p>\n\n<p>這簽證報告就像打分數一樣</p>\n\n<p>代表這份財報可不可信</p>\n\n<p>能不能提供正確的資訊給財報使用人。</p>\n\n<p>(下圖為&nbsp;<a href=\"http://doc.twse.com.tw/pdf/201403_2330_AI1_20141209_093239.pdf\" style=\"margin: 0px; padding: 0px; outline: none; position: relative; color: rgb(0, 119, 181);\" target=\"_blank\">台積電(2330) 103Q3 財務報表</a>上的會計師核閱報告)</p>\n\n<p>&nbsp;</p>\n\n<p>&nbsp;</p>\n\n<p>&nbsp;</p>\n\n<h2>簽證報告 分成 5 種等級</h2>\n\n<h2>1. 無保留意見：可以正常交易</h2>\n\n<h2>2. 修正式無保留意見：可以正常交易</h2>\n\n<h2>3. 保留意見：視情況變更交易方式</h2>\n\n<h2>4. 否定意見：會被停止交易</h2>\n\n<h2>5. 無法表示意見：會被停止交易</h2>\n\n<p>&nbsp;</p>\n\n<p><img alt=\"\" height=\"327\" src=\"http://www.cmoney.tw/learn/cmstatic/learn/50/20140807151638499.jpg\" width=\"700\" /></p>\n\n<p><span style=\"font-size:12px\"><span style=\"color:#808080\">(圖片來源：</span><a href=\"https://www.google.com.tw/search?sa=G&amp;q=multi+channel&amp;tbm=isch&amp;tbs=simg:CAQSZxplCxCo1NgEGgQIAAgKDAsQsIynCBo8CjoIAhIUzBSjFsgO6iGPC-oUmw3SFNMUyxQaIEQEV-NdsDgXH-KMnOfjkx1HuPj7OgvfrfIaGYrm492tDAsQjq7-CBoKCggIARIEVnj_1NAw&amp;ei=6MnyU97vNoHo8AWkl4Aw&amp;ved=0CBkQwg4oAA&amp;biw=864&amp;bih=809#facrc=_&amp;imgdii=_&amp;imgrc=xBu6LmxtuXKqKM%253A%3BEekc2N5q53Y1LM%3Bhttp%253A%252F%252Fwww.gestoriamoriana.com%252Fimg%252Fnovedades%252Fnov2.jpg%3Bhttp%253A%252F%252Fwww.gestoriamoriana.com%252Fnovedad2.html%3B604%3B355\" target=\"_blank\"><span style=\"color:#808080\">網路</span></a><span style=\"color:#808080\">)</span></span></p>\n\n<h2>無保留意見和修正式無保留意見</h2>\n\n<h2>股票才能正常交易</h2>\n\n<p>一般我們可以在上市或上櫃買到的股票</p>\n\n<p>公司的財務報表</p>\n\n<p>經過會計師審查後</p>\n\n<p>基本上都是無保留意見 和 修正式無保留意見</p>\n\n<p>如果不是這兩項</p>\n\n<p>就沒辦法正常在市場上交易</p>\n\n<p>&nbsp;</p>\n\n<p>如果公司的財務報表經審查後</p>\n\n<p>會計師出具保留意見</p>\n\n<p>主管機關將視情況</p>\n\n<p>變更這間公司股票的交易方式</p>\n\n<p>如果會計師出去否定意見</p>\n\n<p>或無法表示意見</p>\n\n<p>很可能就會被馬上勒令下市哦！</p>\n\n<p>(<a href=\"http://money.chinatimes.com/news/news-content.aspx?id=20141118001344&amp;cid=1203\" target=\"_blank\">勝華(2384)會計師出具否定意見 2014.11.19停止交易</a>)</p>\n\n<p>&nbsp;</p>\n\n<h1>留意簽證的會計師事務所</h1>\n\n<p>如果一間公司的簽證會計師事務所</p>\n\n<p>以前認可的財務報表</p>\n\n<p>後來卻爆出假財報</p>\n\n<p>掏空公司 這類的新聞</p>\n\n<p>那麼這間會計師事務所認可的財報</p>\n\n<p>可能仍缺乏可信度。</p>\n\n<p>一般認為四大會計師事務所簽證的財務報表</p>\n\n<p>公信力比較高。</p>\n\n<p>分別是：</p>\n\n<p>勤業眾信(Deloitte)、資誠(pwc)</p>\n\n<p>安永(EY)、安侯建業(KPMG)</p>\n\n<p>&nbsp;</p>\n\n<p>&nbsp;</p>\n\n<p>&nbsp;</p>\n\n<h1>留意簽證會計師更換原因</h1>\n\n<p>負責一間公司的財報簽證會計師</p>\n\n<p>5 年會換一次</p>\n\n<p>但有時公司也會主動提出</p>\n\n<p>更換會計師的要求。</p>\n\n<p>若原因是會計師辦理財報簽證過程中</p>\n\n<p><strong><span style=\"background-color:#FFFF00\">「態度過於堅持無法和公司配合」</span></strong></p>\n\n<p><span style=\"font-size:13px\">或是事務所以</span></p>\n\n<p><strong><span style=\"background-color:#FFFF00\">「事務所內部職務調整」</span></strong>為由更換會計師。</p>\n\n<p>代表公司的帳務可能發生問題</p>\n\n<p>因此沒有會計師願意為此公司進行背書</p>\n\n<p>或是只好卸任並以委婉的說明</p>\n\n<p>拒絕公司的委託</p>\n\n<p>投資人若留意到相關的訊息</p>\n\n<p>盡可能避開此間公司的股票</p>\n\n<p>以免公司未來有未知的狀況發生。</p>\n\n<p>&nbsp;</p>\n\n<h1>確認資訊的正確性</h1>\n\n<h1>才能進行分析</h1>\n\n<p>會計師簽證、查核報告</p>\n\n<p>雖然無法告訴投資人</p>\n\n<p>買這間公司的股票能不能賺錢</p>\n\n<p>卻能幫助投資人區分資訊的品質</p>\n\n<p>不然拿假的數據來進行分析</p>\n\n<p>到最後也是一場空。</p>\n\n<p>先確定不會賠錢</p>\n\n<p>再來想著怎麼賺錢</p>\n\n<p>是基本面投資的重要原則哦！</p>\n\n<p>&nbsp;</p>\n\n<p>&nbsp;</p>\n\n<p>&nbsp;</p>\n",
        "ViewCount": "35131",
        "IsReference": false,
        "ReferenceList": null,
        "OgImgURL": "http://www.cmoney.tw/learn/cmstatic/learn/50/20140807151638499.jpg"
    },
    "badges": [],
    "isTreeCompleted": false,
    "nextCourse": null
}