{
    "courseDetail": {
        "CourseId": 699,
        "CourseContent": "<h1><img alt=\"\" height=\"340\" src=\"http://www.cmoney.tw/learn/cmstatic/learn/50/20200601111649182.jpg\" width=\"650\" /></h1>\n\n<h1><span style=\"color:rgb(204, 0, 0); font-size:26px\">常常聽到有人在問：</span></h1>\n\n<h1>到底哪支股票可以買？</h1>\n\n<h2>或者問：</h2>\n\n<h2>我的股票一直跌欸，該賣嗎？</h2>\n\n<p>買進或賣出，</p>\n\n<p>思考的最原始點就是：</p>\n\n<p>這檔股票應該值多少錢？</p>\n\n<p><strong><span style=\"background-color:#FFFF00\">你覺得這檔股票的價值，</span></strong></p>\n\n<p><strong><span style=\"background-color:#FFFF00\">比現在的市價還高，就買進；</span></strong></p>\n\n<p><strong><span style=\"background-color:#FFFF00\">你覺得這檔股票的價值，</span></strong></p>\n\n<p><strong><span style=\"background-color:#FFFF00\">比現在的市價還低，就賣出！</span></strong></p>\n\n<p>&nbsp;</p>\n\n<p>要怎麼知道股票的市價呢？</p>\n\n<p>一定要學會估價！</p>\n\n<p>&nbsp;</p>\n\n<p>快來看看吧！</p>\n\n<p>&nbsp;</p>\n\n<p><span style=\"color:#808080\"><span style=\"font-size:12px\">(贊助商連結...)</span></span></p>\n\n<p><dfp type=\"3\"></dfp></p>\n\n<p>&nbsp;</p>\n\n<h1>搞清股票價值才能</h1>\n\n<h1>和股價相比 做買賣決策</h1>\n\n<h2><strong>價格</strong>就是指市場上</h2>\n\n<h2>賣多少錢或稱為市價</h2>\n\n<h2>由買賣雙方決定</h2>\n\n<p><strong><span style=\"background-color:#FFFF00\">價值</span></strong>代表能為我們創造的效益，</p>\n\n<p>取決於公司本身和我們的感受。</p>\n\n<p>有時候我們會說：</p>\n\n<p>這個便當賣 100 塊有夠貴，</p>\n\n<p>我覺得它只值 80 塊。</p>\n\n<p>那麼 100 塊就是便當的<strong>價格，</strong></p>\n\n<p>我們覺得這便當<strong>價值&nbsp;</strong>80 元。</p>\n\n<p>便當的價格不是只由便當店決定，</p>\n\n<p>一直有人願意來買就會漲價，</p>\n\n<p>沒生意就會降價，</p>\n\n<p>價值則來自廚師的手藝和我們的感受。</p>\n\n<p>&nbsp;</p>\n\n<p>&nbsp;</p>\n\n<p>再舉其他例子，</p>\n\n<p>一位男生和他的女朋友出去逛街，</p>\n\n<p>結果一走進商圈就是名牌包專賣店。</p>\n\n<p>男生覺得名牌包長的不怎麼樣，</p>\n\n<p><strong>價格</strong>竟然就要 5000 元。</p>\n\n<p>但是名牌包讓女友開心的<strong>價值，</strong></p>\n\n<p>絕對超過 5000 元很多很多，</p>\n\n<p>於是就很開心地掏了錢包買單。</p>\n\n<p>&nbsp;</p>\n\n<p><dfp type=\"2\"></dfp></p>\n\n<p>&nbsp;</p>\n\n<h1>買股票和買東西一樣</h1>\n\n<h1>要先估價</h1>\n\n<h2>買賣行為取決於<strong>預期</strong></h2>\n\n<p>我們買東西的時候，</p>\n\n<p>心中都會先對這樣商品做評價。</p>\n\n<p><strong><span style=\"background-color:#FFFF00\">覺得太貴就不會買，</span></strong></p>\n\n<p><strong><span style=\"background-color:#FFFF00\">覺得真是太划算了，</span></strong></p>\n\n<p><strong><span style=\"background-color:#FFFF00\">就會買，</span></strong><strong><span style=\"background-color:#FFFF00\">買股票也一樣。</span></strong></p>\n\n<p>&nbsp;</p>\n\n<p>再舉<a href=\"https://www.cmoney.tw/follow/channel/stock-2412?chart=r&amp;type=Personal\">中華電(2412) </a>的故事來說：</p>\n\n<p>有人覺得電信費越砍越兇，</p>\n\n<p>一堆人有 wifi 就不想使用無線網路，</p>\n\n<p>所以股價只價值 50 塊。</p>\n\n<p>預期他會跌，所以要先賣，</p>\n\n<p>但也可能有人認為 5G 前景可期，</p>\n\n<p>台灣每人平均有好幾台手機，</p>\n\n<p>股價應該價值 200 塊。</p>\n\n<p>預期他會漲，所以要先買。</p>\n\n<p>&nbsp;</p>\n\n<p><a href=\"http://cmy.tw/008NnG\"><img alt=\"\" height=\"250\" src=\"http://www.cmoney.tw/learn/cmstatic/learn/50/20200601092801515.jpg\" width=\"300\" /></a></p>\n\n<p>&nbsp;</p>\n\n<h1>使用前人研究的簡單模型</h1>\n\n<h1>輕鬆算出股票價值</h1>\n\n<p>近幾年財務金融蓬勃發展，</p>\n\n<p>金融家們把證券、工程和數學結合，</p>\n\n<p>研究出簡易好懂的股票評價模型。</p>\n\n<p>輕輕鬆鬆就能算出股票的參考價值！</p>\n\n<p>&nbsp;</p>\n\n<h2>股票價值就是</h2>\n\n<h2>企業能為我們創造的效益&nbsp;</h2>\n\n<h2>通常指獲利</h2>\n\n<p>雖然我們不是把整間公司買下來，</p>\n\n<p>而是買股票(當股東)，</p>\n\n<p>但是評價企業和評價股票是一樣的概念。</p>\n\n<p><strong><span style=\"background-color:#FFFF00\">評價股票的方法有很多種</span></strong></p>\n\n<p><strong><span style=\"background-color:#FFFF00\">包括帳面價值法、本益比、</span></strong></p>\n\n<p><strong><span style=\"background-color:#FFFF00\">股價淨值比、現金股利折現法等．．．</span></strong></p>\n\n<p>&nbsp;</p>\n\n<p><dfp type=\"1\"></dfp></p>\n\n<p>&nbsp;</p>\n\n<h1>沒有最正確的估價方式</h1>\n\n<h2>每種估價方式</h2>\n\n<h2>都要搭配自己的思維方式</h2>\n\n<h2>以及對風險的承擔能力</h2>\n\n<p>買股票要賺錢，</p>\n\n<p>不外乎也是要找會賺錢的企業。</p>\n\n<p>但是<strong><span style=\"background-color:#FFFF00\">依照每個人的資金配置、所得高低</span></strong></p>\n\n<p><strong><span style=\"background-color:#FFFF00\">對風險的承擔能力不一樣。</span></strong></p>\n\n<p>也會產生不一樣的估價方式和買賣策略！</p>\n\n<p>例如：退休後的族群不像剛出社會的年輕人</p>\n\n<p>還能持續創造工資收入，</p>\n\n<p>比較無法承擔風險，</p>\n\n<p>所以高風險高報酬的小型股。</p>\n\n<p>對退休後的族群而言，價值較低；</p>\n\n<p>能夠承受高風險的青壯年族群，</p>\n\n<p>則願意付出較高價格，</p>\n\n<p>購買高風險高報酬的小型股。</p>\n\n<p>&nbsp;</p>\n\n<h2>各種評價方式</h2>\n\n<h2>都有優缺點及適用的地方</h2>\n\n<p>以上各種評價股票的方式，</p>\n\n<p>每一個方法都有他的優缺點，</p>\n\n<p>例如平均股利法，</p>\n\n<p>用來評價某些成長股就可能不適當。</p>\n\n<p>因為某些成長股在快速成長的階段，</p>\n\n<p>配發的股利可能不多，</p>\n\n<p>這樣以股利回推股價，</p>\n\n<p>會造成股價的低估。</p>\n\n<p><strong><span style=\"background-color:#FFFF00\">平均股利法最適用的就是</span></strong></p>\n\n<p><strong><span style=\"background-color:#FFFF00\">像中華電信</span></strong><strong><span style=\"background-color:#FFFF00\">這樣每年配發</span></strong></p>\n\n<p><strong><span style=\"background-color:#FFFF00\">利息穩定的個股，</span></strong></p>\n\n<p><strong><span style=\"background-color:#FFFF00\">這種個股也較符合</span></strong></p>\n\n<p><strong><span style=\"background-color:#FFFF00\">巴菲特的價值投資中所謂的雪球股。</span></strong></p>\n\n<p>&nbsp;</p>\n\n<p>而本益比法</p>\n\n<p>是一種很簡便的評價法，</p>\n\n<p>很多人都會使用，</p>\n\n<p>但有些景氣循環股就不適用，</p>\n\n<p>因為景氣循環股在過熱之時，</p>\n\n<p>EPS 很高，</p>\n\n<p>有時反而本益比很低，</p>\n\n<p>以本益比法估價容易過度高估股價。</p>\n\n<p><strong>總之要去了解</strong><strong>每一種</strong></p>\n\n<p><strong>估價模式的內在意義，</strong><strong>才不致於誤判！</strong></p>\n\n<p>&nbsp;</p>\n\n<h1>用<a href=\"http://www.cmoney.tw/app/ItemContent.aspx?id=1812\" style=\"position: relative; text-decoration: underline; color: rgb(30, 87, 128);\" target=\"_blank\">籌碼k線</a>&nbsp;</h1>\n\n<h1>幫你提升 50% 勝率</h1>\n\n<p>&nbsp;</p>\n\n<p><a href=\"http://cmy.tw/009YkZ\"><img alt=\"\" height=\"600\" src=\"http://www.cmoney.tw/learn/cmstatic/learn/50/20200601092711481.jpg\" width=\"300\" /></a></p>\n\n<p>&nbsp;</p>\n",
        "ViewCount": "46200",
        "IsReference": true,
        "ReferenceList": [
            {
                "ReferenceId": 34688,
                "Description": "理財hen好懂",
                "ReferenceUrl": "https://www.facebook.com/litsaiheneasy/",
                "ReferenceImage": "https://scontent.ftpe7-3.fna.fbcdn.net/v/t1.0-1/p200x200/79425867_582072592336761_857360753152229376_o.jpg?_nc_cat=103&amp;_nc_sid=dbb9e7&amp;_nc_ohc=vhJNBXFhMlEAX96b5CG&amp;_nc_ht=scontent.ftpe7-3.fna&amp;_nc_tp=6&amp;oh=6207e9f4a94decbdd02f86c568a7bd84&amp;oe=5EFBD084",
                "ViewCount": 6
            },
            {
                "ReferenceId": 34689,
                "Description": "CMoney 理財寶",
                "ReferenceUrl": "https://www.facebook.com/cmoneyapp/",
                "ReferenceImage": "https://scontent.ftpe7-4.fna.fbcdn.net/v/t1.0-1/c0.156.200.200a/429093_260831470664421_20938524_n.jpg?_nc_cat=1&amp;_nc_sid=dbb9e7&amp;_nc_ohc=WLhCQn0MTU0AX-zdYis&amp;_nc_ht=scontent.ftpe7-4.fna&amp;oh=2dd4d21b2bfa9ed3396ba2de5f3fbdf5&amp;oe=5EF90432",
                "ViewCount": 5
            }
        ],
        "OgImgURL": "http://www.cmoney.tw/learn/cmstatic/learn/50/20200601111649182.jpg"
    },
    "badges": [],
    "isTreeCompleted": false,
    "nextCourse": null
}