{
    "courseDetail": {
        "CourseId": 700,
        "CourseContent": "<p>&nbsp;</p>\n\n<p>&nbsp;</p>\n\n<p>權證是高風險、高報酬的投資工具，</p>\n\n<p>這邊要介紹幾個秘訣，</p>\n\n<p>教大家如何第一次投資權證就上手！</p>\n\n<p>&nbsp;</p>\n\n<p>（贊助商連結 ... )</p>\n\n<p><googleadsense height=\"600px\" type=\"4\" width=\"300px\"></googleadsense></p>\n\n<p>&nbsp;</p>\n\n<p>&nbsp;</p>\n\n<h1>秘訣 1：行情震盪劇烈時，正是權證發揮優勢的最大時刻</h1>\n\n<p>投資權證時，最怕擔心股價沒有波動，</p>\n\n<p>時間價值一直損失。</p>\n\n<p>因此當大盤的趨勢確立後，造成行情震盪劇烈</p>\n\n<p>此時權證可以發會最大的效用。</p>\n\n<p>(延伸閱讀：<a href=\"http://www.cmoney.tw/learn/course/moreknowledge103/topic/1215\" target=\"_blank\">什麼會影響權證價格</a>)</p>\n\n<p>&nbsp;</p>\n\n<h1>秘訣 2：鎖定想要投資的股票，查詢相關權證代碼</h1>\n\n<h2>每一檔股票會發行許多相關的權證，購買前先查詢權證代碼</h2>\n\n<p>小明打開報紙，最近頻頻報導 <a href=\"http://www.cmoney.tw/finance/f00025.aspx?m=3&amp;s=2454\" target=\"_blank\">聯發科 (2454)</a> 的利空消息，</p>\n\n<p>他認為最近的跌幅已過度反應，即將有一定程度的反彈，</p>\n\n<p>但苦於資金不足，無法直接購買股票。</p>\n\n<p>回想起看完 <a href=\"http://www.cmoney.tw/learn/course/moreknowledge103/topic/884\" target=\"_blank\">什麼是認購權證，認售權證&nbsp;</a></p>\n\n<p>發現它可以透過權證來投資&nbsp;<a href=\"http://www.cmoney.tw/finance/f00025.aspx?m=3&amp;s=2454\" target=\"_blank\">聯發科 (2454)</a></p>\n\n<p>&nbsp;</p>\n\n<h2>透過 <a href=\"http://www.cmoney.tw/app/ItemContent.aspx?id=1958&amp;fw=1\" target=\"_blank\">挑選權證小幫手</a>&nbsp;我們可以找到相關權證資訊</h2>\n\n<p>打開 權證小哥：<a href=\"http://www.cmoney.tw/app/ItemContent.aspx?id=1958&amp;fw=1\" target=\"_blank\">挑選權證小幫手</a></p>\n\n<p>由於並不是所有股票都有發行權證，</p>\n\n<p>必須先觀察發行權證的股票清單，</p>\n\n<p>或是直接輸入股票代碼，</p>\n\n<p>找到相關的認購或是認售權證。</p>\n\n<p>&nbsp;</p>\n\n<p><img alt=\"\" height=\"509\" src=\"http://www.cmoney.tw/learn/cmstatic/learn/53/20141015133925723.jpg\" width=\"700\" /></p>\n\n<p>資料來源：權證小哥：<a href=\"http://www.cmoney.tw/app/ItemContent.aspx?id=1958&amp;fw=1\" target=\"_blank\">挑選權證小幫手</a></p>\n\n<p>&nbsp;</p>\n\n<h1>秘訣 3：記住權證代碼，直接輸入看盤軟體就可以下單</h1>\n\n<p>購買權證前必須簽署風險預告書，</p>\n\n<p>簽署完透過個人看盤軟體就可以直接購買權證。</p>\n\n<p>舉上圖的 <a href=\"http://www.cmoney.tw/finance/f00025.aspx?m=3&amp;s=2454\" target=\"_blank\">聯發科 2454</a>&nbsp;權證 <a href=\"https://tw.stock.yahoo.com/q/bc?s=082168\" target=\"_blank\">國泰8Q 082168</a>&nbsp;為例&nbsp;</p>\n\n<p>只要在下單的位置輸入權證代碼，就可以直接下單。</p>\n\n<p>&nbsp;</p>\n\n<p><img alt=\"\" height=\"120\" src=\"http://www.cmoney.tw/learn/cmstatic/learn/53/20141015161107742.jpg\" width=\"550\" /></p>\n\n<h1>秘訣 4：價格委託方式有「市價委託」和 「限價委託」</h1>\n\n<h2>小心！市價委託可能買到價格不合理的權證</h2>\n\n<p>在買賣權證時，</p>\n\n<p>我們很少使用市價委託，</p>\n\n<p>若使用市價委託來進行買賣，</p>\n\n<p>常常會以不合理的價格成交，</p>\n\n<p>造成嚴重虧損。</p>\n\n<p>以下面的圖表簡單介紹兩者的差異：</p>\n\n<p>&nbsp;</p>\n\n<p><img alt=\"\" height=\"316\" src=\"http://www.cmoney.tw/learn/cmstatic/learn/53/20140926005520945.jpg\" width=\"550\" /></p>\n\n<p>&nbsp;</p>\n\n<h1>秘訣 5：交易權證時，要經常追蹤行情走勢</h1>\n\n<p>從上面的過程，我們已經學會如何購買權證。</p>\n\n<p>但在權證市場中，最重要的事情還是要經常追蹤行情走勢</p>\n\n<p>權證的價值會隨著時間流逝，</p>\n\n<p>不像股票可以放長期仍有配股配息功用。</p>\n\n<p>(延伸閱讀：<a href=\"http://www.cmoney.tw/notes/note-detail.aspx?nid=3874\" target=\"_blank\">什麼是除權與除息</a>)</p>\n\n<p>&nbsp;</p>\n\n<p>看了那麼多權證的相關知識，</p>\n\n<p>接下來我們就來看看最重要的部分：&nbsp;<a href=\"http://www.cmoney.tw/learn/course/moreknowledge103/topic/1215\" target=\"_blank\">什麼會影響權證的價格</a> 。</p>\n\n<p>&nbsp;</p>\n\n<p>&nbsp;</p>\n\n<h2>馬上報名&nbsp;►►</h2>\n\n<h2>9/01&nbsp;<a href=\"https://www.cmoney.tw/app/classesdetail.aspx?id=1833\" style=\"outline-style: initial; outline-width: 0px; position: relative;\">(台北) 權證小哥｜月月領股息存股秘術，股期實戰班</a></h2>\n\n<h2>9/04&nbsp;<a href=\"https://www.cmoney.tw/app/classesdetail.aspx?id=1834\" style=\"outline-style: initial; outline-width: 0px; position: relative;\">(桃園) 權證小哥｜月月領股息存股秘術，股期實戰班</a></h2>\n\n<h2>9/05&nbsp;<a href=\"https://www.cmoney.tw/app/classesdetail.aspx?id=1835\" style=\"outline-style: initial; outline-width: 0px; position: relative;\">(台中) 權證小哥｜月月領股息存股秘術，股期實戰班</a></h2>\n\n<h2>9/06&nbsp;<a href=\"https://www.cmoney.tw/app/classesdetail.aspx?id=1836\" style=\"outline-style: initial; outline-width: 0px; position: relative;\">(高雄) 權證小哥｜月月領股息存股秘術，股期實戰班</a></h2>\n\n<h2>9/07&nbsp;<a href=\"https://www.cmoney.tw/app/classesdetail.aspx?id=1837\" style=\"outline-style: initial; outline-width: 0px; position: relative;\">(台南) 權證小哥｜月月領股息存股秘術，股期實戰班</a></h2>\n\n<h2>9/08&nbsp;<a href=\"https://www.cmoney.tw/app/classesdetail.aspx?id=1838\" style=\"outline-style: initial; outline-width: 0px; position: relative;\">(嘉義) 權證小哥｜月月領股息存股秘術，股期實戰班</a></h2>\n\n<h2>名額有限，要搶要快哦～</h2>\n",
        "ViewCount": "41916",
        "IsReference": true,
        "ReferenceList": [
            {
                "ReferenceId": 33691,
                "Description": "權證的高槓桿 是它迷人之處，但這 9 大指標不可不知！尤其是第 5 點...",
                "ReferenceUrl": "http://cmy.tw/004dsS",
                "ReferenceImage": "http://www.cmoney.tw/notes/cmstatic/notes/capture/322701/20160202162352193.jpg",
                "ViewCount": 33
            },
            {
                "ReferenceId": 33692,
                "Description": "權證新手必看！小哥公開挑權證 6大原則",
                "ReferenceUrl": "http://cmy.tw/004y3Z",
                "ReferenceImage": "http://www.cmoney.tw/notes/cmstatic/notes/capture/29464/20140312140315577.png",
                "ViewCount": 302
            },
            {
                "ReferenceId": 33693,
                "Description": "玩權證前，你一定要懂的3件事！",
                "ReferenceUrl": "http://cmy.tw/004nd2",
                "ReferenceImage": "http://www.cmoney.tw/notes/cmstatic/notes/capture/57811/20140314163417281.png",
                "ViewCount": 81
            }
        ],
        "OgImgURL": "http://www.cmoney.tw/learn/cmstatic/learn/53/20141015133925723.jpg"
    },
    "badges": [],
    "isTreeCompleted": false,
    "nextCourse": null
}