{
    "courseDetail": {
        "CourseId": 705,
        "CourseContent": "<p>&nbsp;</p>\n\n<h1>履約價 跟 標的物股價 的關係</h1>\n\n<h1>可分為 價內、價平、價外。</h1>\n\n<p>在剛接觸權證的時候，</p>\n\n<p>常常看到「價內」、「價平」、「價外」這三個名詞</p>\n\n<p>這些代表著什麼意思呢？</p>\n\n<p>&nbsp;</p>\n\n<h2>1. 價內權證</h2>\n\n<p><span style=\"font-size:16px\"><strong>認購權證：標的股價大於權證履約價&nbsp;</strong></span></p>\n\n<p><strong>認售權證：標的股價小於權證履約價</strong></p>\n\n<p>以認購權證為例：</p>\n\n<p>A權證的股票標的為&nbsp;<a href=\"http://cmy.tw/004XbY\" target=\"_blank\">鴻海(2317)</a>&nbsp;，履約價為90元。</p>\n\n<p>如果目前&nbsp;<a href=\"http://cmy.tw/004XbY\" target=\"_blank\">鴻海(2317)</a>&nbsp;股價為 97元，</p>\n\n<p>我們稱此權證為價內權證。</p>\n\n<p>&nbsp;</p>\n\n<h2>2. 價平權證</h2>\n\n<p><strong>權證履約價 = 標的物股價</strong></p>\n\n<p>舉例來說：</p>\n\n<p>B權證的股票標的為 <a href=\"http://www.cmoney.tw/finance/f00025.aspx?m=3&amp;s=2330\" target=\"_blank\">台積電 (2330)</a> ，履約價為120元</p>\n\n<p>如果目前 <a href=\"http://www.cmoney.tw/finance/f00025.aspx?m=3&amp;s=2330\" target=\"_blank\">台積電 (2330)</a> 股價為 120元時</p>\n\n<p>我們稱此權證為價平權證。</p>\n\n<p>&nbsp;</p>\n\n<h2>3. 價外權證</h2>\n\n<p><strong>認購權證：標的股價小於權證履約價</strong></p>\n\n<p><strong>認售權證：標的股價大於權證履約價</strong></p>\n\n<p>舉例來說：</p>\n\n<p>C權證的股票標的為 <a href=\"http://www.cmoney.tw/finance/f00025.aspx?m=3&amp;s=2498\" target=\"_blank\">宏達電 (2498)</a> ，履約價為150元</p>\n\n<p>如果目前 <a href=\"http://www.cmoney.tw/finance/f00025.aspx?m=3&amp;s=2498\" target=\"_blank\">宏達電 (2498</a>) 股價為 125元，</p>\n\n<p>我們稱此權證為價外權證。</p>\n\n<p>&nbsp;</p>\n\n<p><img alt=\"\" height=\"159\" src=\"http://www.cmoney.tw/notes/cmstatic/notes/capture/29464/20140606101313002.png\" width=\"680\" /></p>\n\n<p>&nbsp;</p>\n\n<h1>到期日時，「價內權證」才有履約價值</h1>\n\n<p>先前我們在 <a href=\"http://www.cmoney.tw/learn/course/moreknowledge103/topic/713\" target=\"_blank\">權利金</a> 的文章有提到，</p>\n\n<p>權證價值包含時間價值與內含價值，</p>\n\n<p>因此到期時，</p>\n\n<p><strong>權證的時間價值為0，僅有價內權證才有內含價值。</strong></p>\n\n<p>(延伸閱讀： <a href=\"http://www.cmoney.tw/learn/course/moreknowledge103/topic/713\" target=\"_blank\">什麼是權利金</a>)</p>\n\n<p>&nbsp;</p>\n\n<p>&nbsp;</p>\n\n<h1>價外權證價格便宜，槓桿倍數較大</h1>\n\n<p>價外權證在到期日前不含內含價值，</p>\n\n<p>權證價格比較便宜，</p>\n\n<p><strong>當股票價格上漲，權證由變成價內時，</strong></p>\n\n<p><strong>權證會反映其內含價值，</strong></p>\n\n<p><strong>價格會翻倍上漲。</strong></p>\n\n<p>以&nbsp;<a href=\"http://www.cmoney.tw/finance/f00025.aspx?m=3&amp;s=2330\" target=\"_blank\">台積電 (2330)</a>&nbsp;權證為例</p>\n\n<p>D 權證價格為0.8 履約價為125元 行使比例為1 &nbsp;半年後到期</p>\n\n<p><a href=\"http://www.cmoney.tw/finance/f00025.aspx?m=3&amp;s=2330\" target=\"_blank\">台積電 (2330)</a>&nbsp;目前價格為 120元</p>\n\n<p>當一個禮拜後&nbsp;<a href=\"http://www.cmoney.tw/finance/f00025.aspx?m=3&amp;s=2330\" target=\"_blank\">台積電 (2330)</a>&nbsp;由 120元 變成 130元時&nbsp;</p>\n\n<p>權證價格會由 0.8元 變成約 5.8 元 &nbsp;(時間價值稍微減少)</p>\n\n<p><strong>權證漲幅約 625%</strong></p>\n\n<p>&nbsp;</p>\n\n<h1>價內權證時間價值減損小，槓桿倍數較低</h1>\n\n<p>價內權證在到期日前包含內含價值與時間價值，</p>\n\n<p><strong>時間價值占權證比例較低，槓桿倍數較價外權證低。</strong></p>\n\n<p>再以&nbsp;<a href=\"http://www.cmoney.tw/finance/f00025.aspx?m=3&amp;s=2330\" target=\"_blank\">台積電 (2330)</a>&nbsp;權證為例</p>\n\n<p>E 權證價格為5.8 履約價為115元 行使比例為1 &nbsp;半年後到期</p>\n\n<p><a href=\"http://www.cmoney.tw/finance/f00025.aspx?m=3&amp;s=2330\" target=\"_blank\">台積電 (2330)</a>&nbsp;目前價格為 120元</p>\n\n<p>當一個禮拜後&nbsp;<a href=\"http://www.cmoney.tw/finance/f00025.aspx?m=3&amp;s=2330\" target=\"_blank\">台積電 (2330)</a>&nbsp;由 120元 變成 130元時&nbsp;</p>\n\n<p>權證價格會由 5.8元 變成約 10.8 元 &nbsp;(時間價值稍微減少)</p>\n\n<p>權證漲幅約 86%</p>\n\n<p>&nbsp;</p>\n\n<h1>到期後，權證申請履約三個步驟</h1>\n\n<h2>&nbsp;</h2>\n\n<h2>1. 到期日下午2:30前申請履約，並填寫相關文件</h2>\n\n<h2>2. 到期日隔日需準備足夠現金款項</h2>\n\n<h2>3. 到期日兩日後選擇履約方式</h2>\n\n<p>&nbsp;</p>\n\n<p>&nbsp;</p>\n\n<p><img alt=\"\" height=\"369\" src=\"http://www.cmoney.tw/learn/cmstatic/learn/53/20140813182919602.jpg\" width=\"700\" /></p>\n\n<p>&nbsp;</p>\n\n<p>&nbsp;</p>\n\n<p><img alt=\"\" height=\"97\" src=\"http://www.cmoney.tw/learn/cmstatic/learn/53/20140813173422699.jpg\" width=\"700\" /></p>\n\n<h1>&nbsp;</h1>\n\n<h1>履約方式可分為兩種</h1>\n\n<h2>1. 現金結算</h2>\n\n<p>券商會依標的股價與權證履約價的價差，</p>\n\n<p>計算履約價值，扣除交易稅與手續費之後，</p>\n\n<p>結算現金至投資人帳戶。</p>\n\n<p>若權證到期時具履約價值，</p>\n\n<p>而持有人未及時申請履約，</p>\n\n<p>則採自動現金結算方式。</p>\n\n<p>&nbsp;</p>\n\n<h2>2. 證券給付</h2>\n\n<p>投資人先依履約價格支付價金給券商，</p>\n\n<p>券商再將對應張數的股票付給權證投資人。</p>\n\n<p>不過，認購權證的發行人可以選擇以現金結算。</p>\n\n<p>&nbsp;</p>\n\n<p>權證市場上進行履約的投資人比例很低，</p>\n\n<p><strong>投資人投資權證，大多以價差交易為主，</strong></p>\n\n<p><strong>權證的時間價值越接近到期日減少越快，</strong></p>\n\n<p>因此很少人會實際進行履約的動作。</p>\n\n<p>&nbsp;</p>\n\n<p>&nbsp;</p>\n\n<p>&nbsp;</p>\n",
        "ViewCount": "107179",
        "IsReference": true,
        "ReferenceList": [],
        "OgImgURL": "http://www.cmoney.tw/notes/cmstatic/notes/capture/29464/20140606101313002.png"
    },
    "badges": [],
    "isTreeCompleted": false,
    "nextCourse": null
}