{
    "courseDetail": {
        "CourseId": 709,
        "CourseContent": "<p>&nbsp;</p>\n\n<h1>溢價比代表到期日時 標的股票需要回本的漲/跌比例</h1>\n\n<h2>若某認購權證溢價比7%，代表到期日前，標的股價要漲7%才會回本。</h2>\n\n<h2>若某認售權證溢價比7%，代表到期日前，標的股價要跌7%才會回本。</h2>\n\n<p>&nbsp;</p>\n\n<p>「溢價比」是屬於權證市場的專有名詞，</p>\n\n<p>一般在做股票投資的人，可能不常聽到。</p>\n\n<p>&nbsp;</p>\n\n<p>舉例來說：</p>\n\n<p>假如買到溢價比率是1%的認購權證，那麼在到期日時，</p>\n\n<p>股票只要再比現在多漲1%，這檔權證就不會賠錢了。</p>\n\n<p>若漲超過1%，權證就有獲利了。</p>\n\n<p>反之若買到溢價比率是1%的認售權證，那麼在到期日時，</p>\n\n<p>股票只要比現在跌超過1%，這檔權證就有獲利了。</p>\n\n<p>&nbsp;</p>\n\n<h2>溢價比的公式:</h2>\n\n<p><img alt=\"\" height=\"63\" src=\"http://www.cmoney.tw/notes/cmstatic/notes/capture/29464/20140609113909129.png\" width=\"550\" /></p>\n\n<p>注意:溢價比的原意是衡量購買認購（售）權證的成本，</p>\n\n<p>但在證交所公布的溢價比公式中，</p>\n\n<p>並沒有將重要的「行使比例」放進公式中，</p>\n\n<p>因此這邊是採用權證小哥提供的公式!</p>\n\n<p>延伸閱讀：<a href=\"http://cmy.tw/004Zc3\" target=\"_blank\">玩權證還不知道&quot;溢價比率&quot;?很重要，趕快來搞清楚</a></p>\n\n<p>&nbsp;</p>\n\n<h1>想長抱期持有權證? 選擇低溢價比的權證!</h1>\n\n<h2>溢價比愈低，代表權證在到期時履約的機率愈大</h2>\n\n<p>溢價比的差距有大有小，</p>\n\n<p>溢價比如果太高，表示權證的目標價距離市價太遠，</p>\n\n<p>未來到期歸零的風險很高！</p>\n\n<p>&nbsp;</p>\n\n<p>例如一檔權證的溢價比超過100%</p>\n\n<p>代表這檔權證在到期日前，</p>\n\n<p>股票的股價要上漲2倍才有可能獲利&nbsp;(也就是要從30元漲到60元!)</p>\n\n<p>就算景氣大好，這樣翻倍漲的股票也很難看見。</p>\n\n<p>&nbsp;</p>\n\n<p>另外，如果想要持有中長期的權證的話，</p>\n\n<p>更要看「溢價比」這個數值，</p>\n\n<p>選擇溢價比低的權證，越能保障權證的獲利空間喔！</p>\n\n<p>&nbsp;</p>\n\n<h1>要如何查詢權證的溢價比？</h1>\n\n<h2>1.透過&nbsp;<a href=\"http://www.cmoney.tw/app/ItemContent.aspx?id=1958&amp;fw=1\" target=\"_blank\">權證小哥-挑選權證小幫手</a>，輸入股票代碼，</h2>\n\n<h2>2.觀察各權證溢價比</h2>\n\n<p><img alt=\"\" height=\"299\" src=\"http://www.cmoney.tw/learn/cmstatic/learn/53/20141008103905655.jpg\" width=\"500\" /></p>\n\n<p>&nbsp;</p>\n\n<p>資料來源：<a href=\"http://www.cmoney.tw/app/ItemContent.aspx?id=1958&amp;fw=1\" target=\"_blank\">權證小哥-挑選權證小幫手</a></p>\n\n<p>&nbsp;</p>\n\n<p>購買權證前，了解溢價比的大小是非常重要</p>\n\n<p>高溢價比的權證，很多都不值得投資了，</p>\n\n<p>因為高溢價比通常代表實質槓桿較低。</p>\n\n<p>(延伸閱讀：<a href=\"http://www.cmoney.tw/learn/course/moreknowledge103/topic/715\" target=\"_blank\">什麼是實質槓桿</a>&nbsp;)</p>\n\n<p>才會發生股票漲了很多，可是我的權證卻沒有漲的悲劇。</p>\n\n<p>投資人千萬要小心!</p>\n\n<p>&nbsp;</p>\n\n<p>&nbsp;</p>\n",
        "ViewCount": "20024",
        "IsReference": true,
        "ReferenceList": [],
        "OgImgURL": "http://www.cmoney.tw/notes/cmstatic/notes/capture/29464/20140609113909129.png"
    },
    "badges": [],
    "isTreeCompleted": false,
    "nextCourse": null
}