{
    "courseDetail": {
        "CourseId": 713,
        "CourseContent": "<p>&nbsp;</p>\n\n<p>&nbsp;</p>\n\n<h1>權利金=內含價值+時間價值</h1>\n\n<h2>權利金代表的就是權證的市場價格</h2>\n\n<p>權利金就是投資人買權證時所付出的價格，</p>\n\n<p>權利金包含了內含價值與時間價值兩部分：</p>\n\n<p>&nbsp;</p>\n\n<p>&nbsp;</p>\n\n<p><img alt=\"\" height=\"276\" src=\"http://www.cmoney.tw/learn/cmstatic/learn/53/20140818180746359.jpg\" width=\"500\" /></p>\n\n<p>&nbsp;</p>\n\n<h1>什麼是內含價值？</h1>\n\n<h2>權證立即拿去履約，可以拿回來的利潤</h2>\n\n<p><strong>內含價值只存在於價內權證，價外權證沒有內含價值</strong></p>\n\n<p>延伸閱讀&nbsp;(延伸閱讀：<a href=\"http://www.cmoney.tw/learn/course/moreknowledge103/topic/705\" target=\"_blank\">履約價格</a>&nbsp;)</p>\n\n<p>下面利用一個例子來做說明：</p>\n\n<p>有一檔認購權證標的履約價格為37元,行使比例為1,三個月後到期，</p>\n\n<p>目前權證價格為5.7,對應的股價為40.5元，</p>\n\n<p>如果馬上拿去履約，</p>\n\n<p>我們可以得到內含價值為(40.5-37)=3.5元,</p>\n\n<p>&nbsp;</p>\n\n<h1>什麼是時間價值？</h1>\n\n<h2>權證價格扣除內含價值，就是時間價值</h2>\n\n<p>接續上面例子，</p>\n\n<p>市場上目前權證價格為5.7元，內含價值為3.5元，</p>\n\n<p>因為權證還有三個月才會到期，</p>\n\n<p>所以扣除內含價值 (5.7-3.5)=2.2元 的部分，</p>\n\n<p>就是時間價值。</p>\n\n<p><img alt=\"\" height=\"136\" src=\"http://www.cmoney.tw/learn/cmstatic/learn/53/20140929161440604.jpg\" width=\"450\" /></p>\n\n<p>&nbsp;</p>\n\n<h1>總結</h1>\n\n<p><img alt=\"\" height=\"84\" src=\"http://www.cmoney.tw/learn/cmstatic/learn/53/20140818180445010.jpg\" width=\"700\" /></p>\n\n<p><img alt=\"\" height=\"40\" src=\"http://www.cmoney.tw/learn/cmstatic/learn/53/20140819030403104.jpg\" width=\"400\" /></p>\n\n<p><img alt=\"\" height=\"38\" src=\"http://www.cmoney.tw/learn/cmstatic/learn/53/20140819030439459.jpg\" width=\"400\" /></p>\n\n<p><img alt=\"\" height=\"38\" src=\"http://www.cmoney.tw/learn/cmstatic/learn/53/20140819030510546.jpg\" width=\"400\" /></p>\n\n<p><strong><img alt=\"\" height=\"79\" src=\"http://www.cmoney.tw/learn/cmstatic/learn/53/20140818171903564.jpg\" width=\"700\" /></strong></p>\n\n<p><img alt=\"\" height=\"40\" src=\"http://www.cmoney.tw/learn/cmstatic/learn/53/20140819032935928.jpg\" width=\"400\" /><img alt=\"\" height=\"40\" src=\"http://www.cmoney.tw/learn/cmstatic/learn/53/20140819032957603.jpg\" width=\"354\" /></p>\n\n<p>&nbsp;</p>\n\n<p>&nbsp;</p>\n\n<p>&nbsp;</p>\n",
        "ViewCount": "53495",
        "IsReference": true,
        "ReferenceList": [],
        "OgImgURL": "http://www.cmoney.tw/learn/cmstatic/learn/53/20140818180746359.jpg"
    },
    "badges": [],
    "isTreeCompleted": false,
    "nextCourse": null
}