{
    "courseDetail": {
        "CourseId": 715,
        "CourseContent": "<h1>&nbsp;</h1>\n\n<h1>實質槓桿就是標的股價變動1%時</h1>\n\n<h1>權證價格會變動多少百分比</h1>\n\n<h2>若實質槓桿為5的權證，股價上漲1%權證上漲5%</h2>\n\n<p>舉個例子來說明,</p>\n\n<p>投資人買入實質槓桿為2的 <a href=\"http://www.cmoney.tw/finance/f00025.aspx?m=3&amp;s=3474\" target=\"_blank\">華亞科(3474)</a>&nbsp;認購權證,</p>\n\n<p>當「華亞科」股價上漲5%時,</p>\n\n<p>這檔認購權證會漲10% (5% x 實際槓桿2 = 10%)</p>\n\n<p>&nbsp;</p>\n\n<p>想反的，</p>\n\n<p>若是&nbsp;<a href=\"http://www.cmoney.tw/finance/f00025.aspx?m=3&amp;s=3474\" target=\"_blank\">華亞科(3474)</a>&nbsp;股價跌5%,</p>\n\n<p>則這檔認購權證會跌10%。</p>\n\n<p>&nbsp;</p>\n\n<p>若兩檔權證有相同標的證券、行使比例、剩餘天數、波動率時，</p>\n\n<p><strong>愈價外的權證，實質槓桿愈高；</strong></p>\n\n<p><strong>愈價內的權證，實質槓桿愈低！</strong></p>\n\n<p>(延伸閱讀：<a href=\"http://www.cmoney.tw/learn/course/moreknowledge103/topic/705\" target=\"_blank\">履約價格</a>)</p>\n\n<p>&nbsp;</p>\n\n<h1>投資人應該選擇實質槓桿較高的權證</h1>\n\n<p>實質槓桿愈大，獲利愈大，但風險也愈大。</p>\n\n<p>由於購買權證需要付出時間價值，</p>\n\n<p>(延伸閱讀：<a href=\"http://www.cmoney.tw/learn/course/moreknowledge103/topic/713\" target=\"_blank\">什麼是時間價值</a>)</p>\n\n<p>因此操作時購買實質槓桿較高的權證，</p>\n\n<p>較符合權證以小搏大的特性。</p>\n\n<p>&nbsp;</p>\n\n<h1>要如何查詢權證的實際槓桿？</h1>\n\n<p>透過&nbsp;<a href=\"http://www.cmoney.tw/app/ItemContent.aspx?id=1958&amp;fw=1\" target=\"_blank\">權證小哥-挑選權證小幫手</a></p>\n\n<p>輸入股票代碼，</p>\n\n<p>就可以查詢到每個權證的實際槓桿倍數囉!</p>\n\n<p><img alt=\"\" height=\"358\" src=\"http://www.cmoney.tw/learn/cmstatic/learn/53/20141002160903397.jpg\" width=\"450\" /></p>\n\n<p>資料來源：<a href=\"http://www.cmoney.tw/app/ItemContent.aspx?id=1958&amp;fw=1\" target=\"_blank\">權證小哥-挑選權證小幫手</a></p>\n\n<p>&nbsp;</p>\n\n<p>投資權證前了解各權證的實際槓桿，</p>\n\n<p>幫助我們挑選適合的權證。</p>\n\n<p>另外我們也常以Delta值 來衡量槓桿的程度，</p>\n\n<p>(延伸閱讀：<a href=\"http://www.cmoney.tw/learn/course/moreknowledge103/topic/718\" target=\"_blank\">Delta</a>)</p>\n\n<p>有興趣的人可以參考看看噢!</p>\n\n<p>&nbsp;</p>\n\n<p>&nbsp;</p>\n",
        "ViewCount": "38498",
        "IsReference": true,
        "ReferenceList": [],
        "OgImgURL": "http://www.cmoney.tw/learn/cmstatic/learn/53/20141002160903397.jpg"
    },
    "badges": [],
    "isTreeCompleted": false,
    "nextCourse": null
}