{
    "courseDetail": {
        "CourseId": 717,
        "CourseContent": "<h1>&nbsp;</h1>\n\n<h1>Delta就是權證價格 受 標的股價變動的影響程度</h1>\n\n<p>還記得我們前面提過的實質槓桿嗎？</p>\n\n<p>(延伸閱讀：<a href=\"http://www.cmoney.tw/learn/course/moreknowledge103/topic/715\" target=\"_blank\">什麼是實質槓桿</a>)</p>\n\n<p>實質槓桿是標的股價變動1%時，權證價格會變動多少百分比，</p>\n\n<p>其衡量的單位是用「百分比」，</p>\n\n<p>而Delta跟實質槓桿很像，</p>\n\n<p>他們最大的差別是在於衡量單位的不同，</p>\n\n<p>Delta是以「元」為衡量的單位！</p>\n\n<p>&nbsp;</p>\n\n<h2>若權證Delta值為0.5，代表標的股價變動1元，權證會變動0.5元</h2>\n\n<p>我們一樣用個例子來說明，</p>\n\n<p>例如投資人買入Delta為0.2的「華亞科&nbsp;」認購權證,</p>\n\n<p>當「華亞科&nbsp;」股價上漲4元時,</p>\n\n<p>這檔認購權證會漲0.8元(權證Delta*標的股價漲的金額=0.2*4=0.8元)。</p>\n\n<p>&nbsp;</p>\n\n<p>想反的，</p>\n\n<p>若是「華亞科&nbsp;」股價跌4元,</p>\n\n<p>則這檔認購權證會跌0.8元。</p>\n\n<p>&nbsp;</p>\n\n<p>若兩檔權證有相同標的證券、行使比例、剩餘天數、波動率時，</p>\n\n<p><strong>愈價外的權證，Delta愈小，表示權證跟隨股價變化較為和緩；</strong></p>\n\n<p><strong>愈價內的權證，Delta愈大，表示權證跟隨股價變化較為敏感！</strong></p>\n\n<p>&nbsp;</p>\n\n<p>這邊對於實質槓桿與Delta值做個簡單的比較：</p>\n\n<h1><img alt=\"\" height=\"163\" src=\"http://www.cmoney.tw/learn/cmstatic/learn/53/20140819184750650.jpg\" width=\"700\" /></h1>\n\n<p>&nbsp;</p>\n\n<h1>認購選Delta值愈大愈好&nbsp;認售選Delta負值愈多愈好　</h1>\n\n<p>認購權證Delta的數值介於0至1之間，</p>\n\n<p>因此投資人若預期短期內,標的股價會上漲，</p>\n\n<p>就要選擇Delta大的認購權證，因為漲幅會比較大。</p>\n\n<p>&nbsp;</p>\n\n<p>而認售權證Delta的數值則是介在0至－1之間，</p>\n\n<p>因此投資人就必須選擇負值較多的Delta認售權證。</p>\n\n<p>&nbsp;</p>\n\n<h1>如何查詢權證的Delta值？</h1>\n\n<h2>1. 透過&nbsp;<a href=\"http://www.cmoney.tw/app/ItemContent.aspx?id=1958&amp;fw=1\" target=\"_blank\">權證小哥-挑選權證小幫手</a>&nbsp;，輸入股票代碼，</h2>\n\n<h2>2. 查詢每個權證Delta值</h2>\n\n<p><img alt=\"\" height=\"397\" src=\"http://www.cmoney.tw/learn/cmstatic/learn/53/20141006114118431.jpg\" width=\"550\" /></p>\n\n<p>資料來源：<a href=\"http://www.cmoney.tw/app/ItemContent.aspx?id=1958&amp;fw=1\" target=\"_blank\">權證小哥-挑選權證小幫手</a></p>\n\n<p>&nbsp;</p>\n\n<p>買權證時，最關心的股票上漲或下跌，權證賺了多少錢。</p>\n\n<p>Delta值與實質槓桿兩者只是定義的不同，</p>\n\n<p>但都有類似功用。</p>\n\n<p>投資人可以選擇習慣的指標，挑選合適的權證。</p>\n\n<p>(延伸閱讀：<a href=\"http://www.cmoney.tw/notes/note-detail.aspx?nid=3848\" target=\"_blank\">玩權證要懂1大前提，3大關鍵&nbsp;</a>)</p>\n\n<p>&nbsp;</p>\n\n<p>&nbsp;</p>\n",
        "ViewCount": "36620",
        "IsReference": true,
        "ReferenceList": [],
        "OgImgURL": "http://www.cmoney.tw/learn/cmstatic/learn/53/20140819184750650.jpg"
    },
    "badges": [],
    "isTreeCompleted": false,
    "nextCourse": null
}