{
    "courseDetail": {
        "CourseId": 718,
        "CourseContent": "<h1>&nbsp;</h1>\n\n<h1>Theta代表買進權證後 每天要付出的時間成本</h1>\n\n<h2>Theta負值愈大　表示權證成本也愈高</h2>\n\n<p>Theta通常為負值，用來表達隨著時間的流逝，權證的時間價值將減少，</p>\n\n<p>(延伸閱讀：<a href=\"http://www.cmoney.tw/learn/course/moreknowledge103/topic/713\" target=\"_blank\">什麼是時間價值</a>)</p>\n\n<p>權證愈接近到期日，時間價值消失的速度就愈快，Theta值也相對較大！</p>\n\n<p>&nbsp;</p>\n\n<h1>Theta值-0.05 代表權證每天的時間成本為0.05元</h1>\n\n<p>舉例來說</p>\n\n<p>A權證距離到期日三個月前，Theta值為-0.0016</p>\n\n<p>就表示每天會減損0.0016元，</p>\n\n<p>但若A權證距離到期日只剩一個月時，Theta值變為-0.006</p>\n\n<p>就表示每天會減損0.006元，</p>\n\n<p>Theta負的值愈大代表時間價值減少愈多。</p>\n\n<p>因此挑選權證時，Theta負的值愈小的權證，</p>\n\n<p>代表時間價值損失的比較慢!</p>\n\n<p>&nbsp;</p>\n\n<p><img alt=\"\" height=\"184\" src=\"http://www.cmoney.tw/notes/cmstatic/notes/capture/57811/20140312100801902.png\" width=\"400\" /></p>\n\n<p>&nbsp;</p>\n\n<h1>Theta值常用日曆日計算，投資人遇長假前可先賣掉</h1>\n\n<p>Theta值目前常以日曆日來計算，</p>\n\n<p>舉例來說，若以日曆日來計算，</p>\n\n<p>就是如果投資人星期五買權證、下周一賣掉，</p>\n\n<p>那麼就會損失3天的Theta值，</p>\n\n<p>&nbsp;</p>\n\n<p>若投資人手上持有以日曆日計算的Theta值，</p>\n\n<p>在遇到周末或長假時，</p>\n\n<p>可考慮是否要先行賣出，減少時間價值的損失。</p>\n\n<p>&nbsp;</p>\n\n<h1>要如何查詢權證的Theta值？</h1>\n\n<h2>1.透過&nbsp;<a href=\"http://www.cmoney.tw/app/ItemContent.aspx?id=1958&amp;fw=1\" target=\"_blank\">權證小哥-挑選權證小幫手</a>&nbsp;輸入股票代碼，</h2>\n\n<h2>2.查詢每個權證的Theta值</h2>\n\n<p>&nbsp;</p>\n\n<p><img alt=\"\" height=\"274\" src=\"http://www.cmoney.tw/learn/cmstatic/learn/53/20141008115226257.jpg\" width=\"500\" /></p>\n\n<p>資料來源：<a href=\"http://www.cmoney.tw/app/ItemContent.aspx?id=1958&amp;fw=1\" target=\"_blank\">權證小哥-挑選權證小幫手</a></p>\n\n<p>&nbsp;</p>\n\n<p>權證跟股票最大的不同就是，</p>\n\n<p>權證的時間價值隨著到期日的接近，慢慢減少。</p>\n\n<p>因此選擇 Theta值愈小的權證，對於投資人愈有利噢!</p>\n\n<p>&nbsp;</p>\n\n<p>&nbsp;</p>\n",
        "ViewCount": "23297",
        "IsReference": true,
        "ReferenceList": [],
        "OgImgURL": "http://www.cmoney.tw/notes/cmstatic/notes/capture/57811/20140312100801902.png"
    },
    "badges": [],
    "isTreeCompleted": false,
    "nextCourse": null
}