{
    "courseDetail": {
        "CourseId": 720,
        "CourseContent": "<p>&nbsp;</p>\n\n<h1>隱含波動率可以反映當下的實際波動大小</h1>\n\n<h1>歷史波動率只能反應過去的波動大小</h1>\n\n<p>隱含波動率是由權證最新的成交價格，計算過後得到理論波動大小。</p>\n\n<p>從權證的交易價格，了解股票當下的波動程度。</p>\n\n<h2>歷史波動率代表權證在過去一段期間內，標的物價格的波動大小</h2>\n\n<p>歷史波動率是經由過去一段時間的股價所計算出來的結果，</p>\n\n<p><strong>一檔股票只會有一個歷史波動率</strong></p>\n\n<p>並且無法反應當下的波動程度。</p>\n\n<p>&nbsp;</p>\n\n<p>&nbsp;</p>\n\n<p>&nbsp;</p>\n\n<h1>波動率越高，代表著權證履約的機率愈高</h1>\n\n<p>權利金的定價受到許多因素影響，</p>\n\n<p>歷史波動率是影響權證價格的其中一個因素。</p>\n\n<p>當歷史波動率愈高，代表投資人預期標的波動幅度越大，</p>\n\n<p>所以權證的權利金也相對較昂貴。</p>\n\n<p>相反地，標的波動幅度越小，</p>\n\n<p>權證的價值和權利金就越低。</p>\n\n<p>&nbsp;</p>\n\n<h2>波動率越高，權證的權利金價格越高</h2>\n\n<p>舉例來說：</p>\n\n<p>A股票目前價格為20元，歷史波動率為10%。</p>\n\n<p>有一A股票認購權證履約價為23元，</p>\n\n<p>以A股票的歷史波動率，超過23元的機率很低，</p>\n\n<p>因此A認購權證的權利金相對較低。</p>\n\n<p>&nbsp;</p>\n\n<p>但若B股票的目前價格一樣為20，歷史波動率為30%。</p>\n\n<p>B股票認購權證履約價一樣為23元，</p>\n\n<p>以B股票的歷史波動率，超過23元的機率較大，</p>\n\n<p>此認購權證的權利金會較高。</p>\n\n<p>&nbsp;</p>\n\n<p><img alt=\"\" height=\"282\" src=\"http://www.cmoney.tw/learn/cmstatic/learn/53/20141002174735328.jpg\" width=\"450\" /></p>\n\n<p>&nbsp;</p>\n\n<h1>隱含波動率走高，代表投資人預期標的波動幅度越大</h1>\n\n<h2>隱含波動率受市場權證交易價格所決定</h2>\n\n<p><strong>隱含波動率與歷史波動率不同，他的數值會隨著權證價格改變</strong></p>\n\n<p>權證價格愈高，代表投資人預期標的波動幅度越大</p>\n\n<p>推算出的隱含波動率走高，</p>\n\n<p>但相反的，權證價格愈便宜，</p>\n\n<p>代表投資人預期標的波動幅度越小。</p>\n\n<p>推算出隱含波動率走低，</p>\n\n<p>&nbsp;</p>\n\n<p>&nbsp;</p>\n\n<h1>證券商調降隱含波動率，使投資人獲利縮水</h1>\n\n<p>權證是由證券商所發行，</p>\n\n<p>證券商必須依照理論計算出來的價格，</p>\n\n<p>像投資人進行報價，買回發行的權證，</p>\n\n<p>這是證券商的責任。</p>\n\n<p>(延伸閱讀：<a href=\"http://www.cmoney.tw/notes/note-detail.aspx?nid=16318\" target=\"_blank\">權證商造市品質與手法大公開</a>)</p>\n\n<p><strong>證券商常藉由降低隱含波動率，提供較低的報價，</strong></p>\n\n<p>以較便宜的價格收回權證，增加他們的獲利。</p>\n\n<p><strong>因此權證隱含波動率越穩定，投資人比較不用擔心損失。</strong></p>\n\n<p>&nbsp;</p>\n\n<h1>如何查詢權證隱含波動率穩定度？</h1>\n\n<h2>1. 透過 <a href=\"http://www.cmoney.tw/app/ItemContent.aspx?id=1958&amp;fw=1\" target=\"_blank\">權證小哥-挑選權證小幫手</a></h2>\n\n<p>輸入目標代碼，點選欲查詢權證</p>\n\n<h2>2. 觀察該權證隱含波動率的近日走勢</h2>\n\n<p>藉由觀察權證隱含波動率走勢，避免隱含波動率不穩定的權證。</p>\n\n<p><img alt=\"\" height=\"210\" src=\"http://www.cmoney.tw/learn/cmstatic/learn/53/20141002144232383.jpg\" width=\"550\" /></p>\n\n<p>資料來源：<a href=\"http://www.cmoney.tw/app/ItemContent.aspx?id=1958&amp;fw=1\" target=\"_blank\">權證小哥-挑選權證小幫手</a></p>\n\n<p>&nbsp;</p>\n\n<p>歷史波動率與隱含波動率是影響權證價格的重要因素，</p>\n\n<p>在挑選權證前千萬要多多留意!</p>\n\n<p>其餘挑選權證注意的地方</p>\n\n<p>可以參考&nbsp;<a href=\"http://www.cmoney.tw/notes/note-detail.aspx?nid=9717\" target=\"_blank\">小哥公開挑權證 6大原則</a>，</p>\n\n<p>挑選合適的權證，可以避免不必要的損失噢!</p>\n\n<p>&nbsp;</p>\n\n<p>&nbsp;</p>\n\n<p>&nbsp;</p>\n",
        "ViewCount": "52110",
        "IsReference": true,
        "ReferenceList": [],
        "OgImgURL": "http://www.cmoney.tw/learn/cmstatic/learn/53/20141002174735328.jpg"
    },
    "badges": [],
    "isTreeCompleted": false,
    "nextCourse": null
}