{
    "courseDetail": {
        "CourseId": 725,
        "CourseContent": "<p>&nbsp;</p>\n\n<h1>行使比例是一張權證履約後，可以購買的股票張數</h1>\n\n<h2>行使比例為1，一張權證用履約價格購買1張股票。</h2>\n\n<h2>行使比例為0.1，一張權證用履約價格購買0.1張股票。</h2>\n\n<h2>&nbsp;</h2>\n\n<h1>行使比例越高，享受權證槓桿倍數越大</h1>\n\n<p>來看看下面例子：</p>\n\n<p>以&nbsp;<a href=\"http://www.cmoney.tw/finance/f00025.aspx?m=3&amp;s=2330\" target=\"_blank\">台積電 (2330)</a>&nbsp;權證為例</p>\n\n<p>A 權證價格為0.8 履約價為125元 行使比例為1 &nbsp;半年後到期</p>\n\n<p><a href=\"http://www.cmoney.tw/finance/f00025.aspx?m=3&amp;s=2330\" target=\"_blank\">台積電 (2330)</a>&nbsp;目前價格為 120元</p>\n\n<p>當一個禮拜後&nbsp;<a href=\"http://www.cmoney.tw/finance/f00025.aspx?m=3&amp;s=2330\" target=\"_blank\">台積電 (2330)</a>&nbsp;由 120元 變成 130元時&nbsp;</p>\n\n<p>權證價格會由 0.8元 變成約 5.8 元 &nbsp;( 0.8+ (130-125)*1 = 5.8 )</p>\n\n<p><strong>權證漲幅約 625%</strong></p>\n\n<p>&nbsp;</p>\n\n<p>若有一相同價格，行使比例為0.6的B權證，</p>\n\n<p>則會產生不同的結果。</p>\n\n<p>權證價格會由 0.8元 變成約 3.8 元 &nbsp;( 0.8+ (130-125)*0.6 = 3.8 )</p>\n\n<p><strong>權證漲幅降低為 375%</strong></p>\n\n<p>&nbsp;</p>\n\n<p>&nbsp;</p>\n\n<h1>如何查詢行使比例？</h1>\n\n<p>我們可以在 <a href=\"http://www.cmoney.tw/app/ItemContent.aspx?id=1958\" target=\"_blank\">權證小哥-挑選權證小幫手</a></p>\n\n<p>查詢所有相關的權證資料</p>\n\n<p>&nbsp;</p>\n\n<p><img alt=\"\" height=\"466\" src=\"http://www.cmoney.tw/learn/cmstatic/learn/53/20141001134557964.jpg\" width=\"500\" /></p>\n\n<p>資料來源：<a href=\"http://www.cmoney.tw/app/ItemContent.aspx?id=1958\" target=\"_blank\">權證小哥-挑選權證小幫手</a></p>\n\n<p>&nbsp;</p>\n\n<p>行使比例對於操作權證來說，</p>\n\n<p>是一個很重要的指標，</p>\n\n<p>在&nbsp;<a href=\"http://www.cmoney.tw/notes/note-detail.aspx?nid=3848\" target=\"_blank\">玩權證要懂1大前提，3大關鍵</a>&nbsp;有更詳細的說明，</p>\n\n<p>有興趣的讀者可以參考看看噢!</p>\n\n<p>&nbsp;</p>\n\n<p>&nbsp;</p>\n",
        "ViewCount": "55147",
        "IsReference": true,
        "ReferenceList": [],
        "OgImgURL": "http://www.cmoney.tw/learn/cmstatic/learn/53/20141001134557964.jpg"
    },
    "badges": [],
    "isTreeCompleted": false,
    "nextCourse": null
}