{
    "courseDetail": {
        "CourseId": 729,
        "CourseContent": "<p><img alt=\"\" height=\"339\" src=\"http://www.cmoney.tw/learn/cmstatic/learn/48/20200916172803113.jpg\" width=\"650\" /></p>\n\n<p>股市何時漲、何時跌，沒有一定的變化，</p>\n\n<p>但...總有某些時刻，股市會大漲！</p>\n\n<p>對於短線投資者而言，</p>\n\n<p>建議多向「自營商」學習，</p>\n\n<p>它們喜愛做短線操作，</p>\n\n<p>對於時機得把握、短期大賺的訣竅，</p>\n\n<p>可謂是大師的級別啊！</p>\n\n<p>下面介紹一些自營商</p>\n\n<p>短線操作的方法給大家：</p>\n\n<p>&nbsp;</p>\n\n<p>繼續看下去&hellip;</p>\n\n<p>&nbsp;</p>\n\n<p><span style=\"color:#808080\"><span style=\"font-size:12px\">(贊助商連結)</span></span></p>\n\n<p><dfp type=\"3\"></dfp></p>\n\n<h1>什麼是自營商呢？</h1>\n\n<p><strong><span style=\"font-size:18px\">自營商是券商自己的投資部門，</span></strong></p>\n\n<p><strong><span style=\"font-size:18px\">用自己錢投資獲利，</span></strong></p>\n\n<p><strong><span style=\"font-size:18px\">不幫客戶買賣。</span></strong></p>\n\n<p>另外自營商也會發行權證，</p>\n\n<p>在市場裡扮演造市者的角色，</p>\n\n<p>跟一般投資人對做。</p>\n\n<p>因資金較少，所以對整體市場</p>\n\n<p>影響較其他法人小，</p>\n\n<p>但對個股仍有影響力，</p>\n\n<p>操作偏短線，嚴格遵守投資紀律。</p>\n\n<p>&nbsp;</p>\n\n<h1>自營商 vs 承銷商 vs 經紀商</h1>\n\n<h2>差別觀念釐清：</h2>\n\n<p><img alt=\"\" height=\"126\" src=\"http://www.cmoney.tw/learn/cmstatic/learn/48/20141015151440547.png\" width=\"500\" /></p>\n\n<h1><span style=\"color:rgb(204, 0, 0); font-size:26px\">自營商擅長短進短出，</span></h1>\n\n<h1>累加起來賺大錢</h1>\n\n<p>由於抱著股票就要面臨下跌的風險，</p>\n\n<p>要避掉這個風險，</p>\n\n<p>要嘛就是不要抱股票</p>\n\n<p>(但是這樣也不會賺)，</p>\n\n<p>要嘛就是抱短一點。</p>\n\n<p>在漲的時候才抱，</p>\n\n<p>跌到賠錢之前趕快賣掉。</p>\n\n<p>&nbsp;</p>\n\n<p>每個人都有他的獨門秘招，</p>\n\n<p>跟各位介紹一個大方向 ：</p>\n\n<p><strong>高勝算時進場！</strong></p>\n\n<p><strong>進場後不管輸贏，有紀律的出場。</strong></p>\n\n<p>&nbsp;</p>\n\n<p><dfp type=\"2\"></dfp></p>\n\n<p>&nbsp;</p>\n\n<h1>短線投資必須把握的</h1>\n\n<h1>4 個股市上漲時機：</h1>\n\n<p>股市在「這些時候」，</p>\n\n<p>就是上漲機率會比下跌機率高。</p>\n\n<h2>1. 股價創新高後</h2>\n\n<h2>2. 除權息日</h2>\n\n<h2>3. 法說會後</h2>\n\n<h2>4. 利多消息公布</h2>\n\n<p>&nbsp;</p>\n\n<p>再短線一點，</p>\n\n<p>如果今天股價跳空開高，</p>\n\n<p>開高走高的機率就大於往下殺。</p>\n\n<p>如果股票一直以委賣價成交，</p>\n\n<p>股價往上拉的機率就偏高</p>\n\n<p>等等 &hellip;</p>\n\n<p>&nbsp;</p>\n\n<h2>不過...</h2>\n\n<h2>自營商進出很快且難以捉摸</h2>\n\n<h2>籌碼訊息會較混亂</h2>\n\n<p>自營商雖然跟外資與投信合稱三大法人，</p>\n\n<p>但是資金量遠比外資跟投信少，</p>\n\n<p>而且動向難以捉摩，</p>\n\n<p>所以比較難跟著賺。</p>\n\n<p>不過法人畢竟還是</p>\n\n<p>擁有比較多的資訊與籌碼優勢，</p>\n\n<p>觀察他們進出還是對投資很有幫助。</p>\n\n<p>&nbsp;</p>\n\n<h2>舉自營商對</h2>\n\n<h2><a href=\"http://www.cmoney.tw/follow/channel/stock-2317\" target=\"_blank\">鴻海(2317)</a> 進出為例</h2>\n\n<p><img alt=\"\" height=\"337\" src=\"http://www.cmoney.tw/notes/cmstatic/notes/capture/29464/20140516152554869.png\" width=\"500\" /></p>\n\n<p><img alt=\"\" height=\"339\" src=\"http://www.cmoney.tw/notes/cmstatic/notes/capture/29464/20140516152532234.png\" width=\"500\" /></p>\n\n<p>2013 年 9/6，</p>\n\n<p>Apple 發表新產品與 <a href=\"http://cmy.tw/004a1X\" target=\"_blank\">鴻海(2317)</a>&nbsp;除息前夕，</p>\n\n<p>厲害的自營商交易員嗅到這是一個好機會。</p>\n\n<p>單日砸下 13 億大買 1.8 萬張的鴻海，</p>\n\n<p>結果隔天鴻海果然大漲 4%，</p>\n\n<p>一天就大賺 5400 萬出場。</p>\n\n<p>(註：那一天有部分籌碼是</p>\n\n<p>權證發行商 為了避險而買走)</p>\n\n<p>&nbsp;</p>\n\n<p><a href=\"http://cmy.tw/008NnG\"><img alt=\"\" height=\"250\" src=\"http://www.cmoney.tw/learn/cmstatic/learn/48/20200915162908296.jpg\" width=\"300\" /></a></p>\n\n<p>&nbsp;</p>\n\n<h1>自營商買賣</h1>\n\n<h1>和散戶投資人的關係：</h1>\n\n<p>自營商還有一項重要的業務，</p>\n\n<p>就是發行<a href=\"http://www.cmoney.tw/learn/course/moreknowledge103/topic/661\" target=\"_blank\">權證</a>。</p>\n\n<p>而且權證的交易對象</p>\n\n<p>都是像你我這樣的散戶投資人，</p>\n\n<p>也就是跟散戶投資人對做。</p>\n\n<p><strong><span style=\"font-size:18px\">投資人賺錢，就是自營商賠錢；</span></strong></p>\n\n<p><strong><span style=\"font-size:18px\">投資人賠錢，就是自營商賺錢。</span></strong></p>\n\n<p>&nbsp;</p>\n\n<p>然而券商賣出權證，</p>\n\n<p>不會願意讓自己暴露在賠錢的風險之下，</p>\n\n<p>所以會買進權證的標的股票現貨避險。</p>\n\n<p>例如：賣出 <a href=\"http://www.cmoney.tw/learn/course/moreknowledge103/topic/717\" target=\"_blank\">delta</a>&nbsp;=1 的權證，</p>\n\n<p>券商就會買進一張股票避險。</p>\n\n<p>所以自營商的買賣超，</p>\n\n<p>也可以解讀成散戶投資人的買賣超。</p>\n\n<p>&nbsp;</p>\n\n<h1>自營商操盤手的</h1>\n\n<h1>3 大投資要訣：</h1>\n\n<h2>1. 專買強勢股</h2>\n\n<h2>2. 出現第一根紅Ｋ就買進</h2>\n\n<h2>3. 嚴格停損！</h2>\n\n<p><img alt=\"\" height=\"113\" src=\"http://www.cmoney.tw/learn/cmstatic/learn/48/20140725145554678.png\" width=\"500\" /></p>\n\n<p>對自營商交易方法有興趣的投資朋友</p>\n\n<p>我推薦閱讀：</p>\n\n<p><a href=\"http://www.books.com.tw/exep/assp.php/cmoney/products/0010563572?utm_source=cmoney&amp;utm_medium=ap-books&amp;utm_content=recommend&amp;utm_campaign=ap-201606\" target=\"_blank\">操盤手萬無一失的投資術</a></p>\n\n<p>&nbsp;</p>\n\n<p>這本書是大眾證券自營部主管張智超所著</p>\n\n<p>書中描述了他的 第一根長紅棒就進場，</p>\n\n<p>首次進場不超過資金 1/3 的控管法，</p>\n\n<p>有賺錢才能再加碼，</p>\n\n<p>以及 2～4 天周轉一次股票的方法，</p>\n\n<p>可以讓大家學習到自營商的操盤精神。</p>\n\n<p>&nbsp;</p>\n\n<p><dfp type=\"1\"></dfp></p>\n\n<p>&nbsp;</p>\n\n<h1>如何觀察自營商動向？</h1>\n\n<p>證交所每天都會統計公布，</p>\n\n<p>台股大盤(所有股票)合計的自營商買賣金額，</p>\n\n<p>以及公布個股個別的自營商買賣金額！</p>\n\n<h2><a href=\"http://www.cmoney.tw/finance/f00011.aspx\" target=\"_blank\">查大盤(所有股票)自營商動向</a></h2>\n\n<h2><a href=\"http://www.cmoney.tw/finance/f00036.aspx?m=3&amp;s=2330\" target=\"_blank\">查個股自營商動向</a></h2>\n\n<p><img alt=\"\" height=\"184\" src=\"http://www.cmoney.tw/learn/cmstatic/learn/48/20141109194817567.jpg\" width=\"500\" /></p>\n\n<p><span style=\"font-size:12px\"><span style=\"color:#696969\">(資料來源:&nbsp;</span><a href=\"http://www.cmoney.tw/finance/f00011.aspx\" target=\"_blank\"><span style=\"color:#696969\">理財寶-法人動向</span></a><span style=\"color:#696969\">)</span></span></p>\n\n<p>&nbsp;</p>\n\n<p><strong><span style=\"font-size:18px\">自營商簡直就是</span></strong></p>\n\n<p><strong><span style=\"font-size:18px\">短線投資者的楷模啊！</span></strong></p>\n\n<p><strong><span style=\"font-size:18px\">想知道更多籌碼面相關操作嗎？</span></strong></p>\n\n<p><strong><span style=\"font-size:18px\">繼續看看下一刻吧～</span></strong></p>\n\n<p><a href=\"http://cmy.tw/009YkZ\"><img alt=\"\" height=\"600\" src=\"http://www.cmoney.tw/learn/cmstatic/learn/48/20200915162828792.jpg\" width=\"300\" /></a></p>\n\n<p>&nbsp;</p>\n",
        "ViewCount": "198049",
        "IsReference": true,
        "ReferenceList": [
            {
                "ReferenceId": 35712,
                "Description": "自營商老闆要他的交易員一定賺，如何辦到?",
                "ReferenceUrl": "http://cmy.tw/004o7L",
                "ReferenceImage": "http://www.cmoney.tw/notes/cmstatic/notes/capture/29464/20140516152230744.png",
                "ViewCount": 15
            },
            {
                "ReferenceId": 35713,
                "Description": "洞悉法人籌碼，選飆股 事半功倍！",
                "ReferenceUrl": "http://cmy.tw/004ifo",
                "ReferenceImage": "http://www.cmoney.tw/notes/cmstatic/notes/capture/29464/20140626113756031.png",
                "ViewCount": 8
            },
            {
                "ReferenceId": 35714,
                "Description": "什麼是籌碼面？",
                "ReferenceUrl": "http://www.cmoney.tw/learn/course/michelle/topic/1245",
                "ReferenceImage": "http://www.cmoney.tw/learn/cmstatic/learn/48/20160628144522350.jpg",
                "ViewCount": 8
            }
        ],
        "OgImgURL": "http://www.cmoney.tw/learn/cmstatic/learn/48/20200916172803113.jpg"
    },
    "badges": [],
    "isTreeCompleted": false,
    "nextCourse": null
}