{
    "courseDetail": {
        "CourseId": 762,
        "CourseContent": "<h1>雖然說買股票</h1>\n\n<h1>財務報表真的很重要</h1>\n\n<h2>可是公司 4 個月才公布一次</h2>\n\n<p>你們是不是也這樣覺得</p>\n\n<p>每次都等到海枯石爛</p>\n\n<p>終於等到財報出來了</p>\n\n<p>結果因為財報超難看</p>\n\n<p>隔天股市狂跌</p>\n\n<p>讓你對股市越來越失望？</p>\n\n<p>&nbsp;</p>\n\n<p>其實政府對投資人滿好的</p>\n\n<p>&nbsp;</p>\n\n<h2>規定公開發行公司</h2>\n\n<h2>每月 10 號前要公布上個月營收。</h2>\n\n<p>&nbsp;</p>\n\n<p><strong><span style=\"background-color:#FFFF00\">一間公司的營收成長率</span></strong></p>\n\n<p><strong><span style=\"background-color:#FFFF00\">可以看出企業是否有成長喔！</span></strong></p>\n\n<p>如此一來投資人每個月都能取得最新的資訊</p>\n\n<p>來替買賣做決策！</p>\n\n<p>如果把本期營收跟其他期比較</p>\n\n<p>就能看出公司的成長性！</p>\n\n<p>&nbsp;</p>\n\n<p>趕快來看怎麼算吧！</p>\n\n<p>&nbsp;</p>\n\n<p><span style=\"color:rgb(128, 128, 128); font-size:12px\">(贊助商連結...)</span></p>\n\n<p><googleadsense height=\"600px\" type=\"4\" width=\"300px\"></googleadsense></p>\n\n<p>&nbsp;</p>\n\n<p>&nbsp;</p>\n\n<h1>營收年增率：</h1>\n\n<h1>跟去年同期比較 (YoY)</h1>\n\n<p>&nbsp;</p>\n\n<p><img alt=\"\" height=\"78\" src=\"http://www.cmoney.tw/learn/cmstatic/learn/50/20140923103538621.png\" width=\"500\" /></p>\n\n<p>&nbsp;</p>\n\n<p>指本年度某一期間的營收</p>\n\n<p>相較於「去年度同一期間」</p>\n\n<p>的營收所成長的比率。</p>\n\n<p>&nbsp;</p>\n\n<p><img alt=\"\" height=\"98\" src=\"http://www.cmoney.tw/learn/cmstatic/learn/50/20140923121127177.png\" width=\"500\" /></p>\n\n<p>&nbsp;</p>\n\n<p>&nbsp;</p>\n\n<h1>營收月增率：</h1>\n\n<h1>跟上個月比較(MoM)</h1>\n\n<p>&nbsp;</p>\n\n<p><img alt=\"\" height=\"66\" src=\"http://www.cmoney.tw/learn/cmstatic/learn/50/20140923104000475.png\" width=\"500\" /></p>\n\n<p>&nbsp;</p>\n\n<p>是指今年該月的營收金額</p>\n\n<p>與上個月營收金額的成長百分比率</p>\n\n<p>&nbsp;</p>\n\n<p><img alt=\"\" height=\"102\" src=\"http://www.cmoney.tw/learn/cmstatic/learn/50/20140923115034991.png\" width=\"500\" /></p>\n\n<p>&nbsp;</p>\n\n<p>&nbsp;</p>\n\n<h1>考慮淡旺季之分</h1>\n\n<h1>營收年增率 (YoY)</h1>\n\n<h1>較有參考價值</h1>\n\n<h2><strong>相鄰的兩個期間直接相比</strong></h2>\n\n<h2><strong>不一定很合適。</strong></h2>\n\n<p>例如玩具業或禮品業</p>\n\n<p>第 4 季的營收一定比第 3 季好很多</p>\n\n<p>但並不是因為企業營運好轉</p>\n\n<p>而是因為聖誕節因素才會使得營收大增</p>\n\n<p>所以這樣的成長</p>\n\n<p>是屬於季節性因素</p>\n\n<p>如果將這兩季拿來相互比較</p>\n\n<p>就得不到投資者想要的資訊</p>\n\n<p>有失客觀性。</p>\n\n<p><strong><span style=\"background-color:#FFFF00\">最好的方式就是將今年第 4 季的營收</span></strong></p>\n\n<p><strong><span style=\"background-color:#FFFF00\">拿來跟去年第 4 季營收相比較</span></strong></p>\n\n<p><strong><span style=\"background-color:#FFFF00\">也就是使用YOY</span></strong></p>\n\n<p>所得到的成長率才是最好的方法哦！</p>\n\n<p>&nbsp;</p>\n\n<p>&nbsp;</p>\n\n<h1>營收成長：</h1>\n\n<h1>代表公司銷售能力變好</h1>\n\n<h2>營收年增率穩定大於零</h2>\n\n<h2>代表公司正在穩定成長</h2>\n\n<p>可能代表公司開發了新客戶</p>\n\n<p>或者發展出新技術</p>\n\n<p>正在逐漸擴充市場</p>\n\n<p>通常營收穩定上升的公司</p>\n\n<p>&nbsp;</p>\n\n<h2>營收年增率小於零</h2>\n\n<h2>代表公司發展可能正在衰退</h2>\n\n<h2>營收年增率忽高忽低</h2>\n\n<h2>代表營運風險高</h2>\n\n<p>&nbsp;</p>\n\n<p>&nbsp;</p>\n\n<p>如果某家公司的成長率忽上忽下</p>\n\n<p>呈現劇烈變化</p>\n\n<p>代表這家公司的客戶來源不夠穩定</p>\n\n<p>處於極大的風險。</p>\n\n<p>&nbsp;</p>\n\n<h2>營建業的營收成長率</h2>\n\n<h2>不具參考性</h2>\n\n<p>在 2013 年以前</p>\n\n<p>營建業原本能夠依照</p>\n\n<p>工程的完工進度來認列營收</p>\n\n<p>之後改用 IFRS</p>\n\n<p>卻只能等完工後才能一次認列。</p>\n\n<p>所以營建業的營收常常有暴起暴落的現象</p>\n\n<p>使得營建業的營收成長率不具參考性。</p>\n\n<p>&nbsp;</p>\n\n<p>&nbsp;</p>\n\n<h1>營收年增率可以在哪裡查到呢</h1>\n\n<h2>直接<a href=\"http://www.cmoney.tw/follow/channel/stock-2330?chart=v\" target=\"_blank\">看圖</a>判斷營收有沒有在成長</h2>\n\n<p>很多地方可以看到營收年增率和月增率的數字</p>\n\n<p>但是到追訊可以直接看圖</p>\n\n<p>判斷營收有沒有在成長！</p>\n\n<p>&nbsp;</p>\n\n<p><img alt=\"\" height=\"287\" src=\"http://www.cmoney.tw/notes/cmstatic/notes/capture/140770/20140925094829364.png\" width=\"568\" /></p>\n\n<p>&nbsp;</p>\n\n<h2>也可以到<a href=\"http://www.cmoney.tw/finance/f00029.aspx?m=3&amp;s=2330\" target=\"_blank\">這裡</a>&nbsp;</h2>\n\n<h2>找到營收年增率和月增率的資料</h2>\n\n<p>&nbsp;</p>\n\n<p><img alt=\"\" height=\"104\" src=\"http://www.cmoney.tw/learn/cmstatic/learn/50/20140923140820067.png\" width=\"600\" /></p>\n\n<p>&nbsp;</p>\n\n<p>&nbsp;</p>\n\n<p>&nbsp;</p>\n\n<h2>這公式很簡單</h2>\n\n<h2>只要會算這個</h2>\n\n<h2>就不用等 4 個月驚險一次了！</h2>\n\n<p>&nbsp;</p>\n\n<p>&nbsp;</p>\n",
        "ViewCount": "144161",
        "IsReference": false,
        "ReferenceList": null,
        "OgImgURL": "http://www.cmoney.tw/learn/cmstatic/learn/50/20140923103538621.png"
    },
    "badges": [],
    "isTreeCompleted": false,
    "nextCourse": null
}