{
    "courseDetail": {
        "CourseId": 765,
        "CourseContent": "<h1>每次跟媽媽去買菜</h1>\n\n<h1>殺價的能力</h1>\n\n<h1>真的是神乎其技...</h1>\n\n<h2>而且能夠又殺價</h2>\n\n<h2>又買到品質好的菜</h2>\n\n<h2>才是最厲害的媽媽</h2>\n\n<p>所以一間公司的議價能力</p>\n\n<p>當然也很重要</p>\n\n<p>議價能力越強</p>\n\n<p>才是越厲害的公司</p>\n\n<p>能夠延後越久時間付款</p>\n\n<p>就越有能力去做別的事情</p>\n\n<p>想知道手上公司到底有沒有能力</p>\n\n<p>就要學會算</p>\n\n<p><strong><span style=\"background-color:#FFFF00\">應付帳款周轉率</span></strong></p>\n\n<p>只要一分鐘</p>\n\n<p>你也能知道公司到底會不會議價！</p>\n\n<p>&nbsp;</p>\n\n<p>趕快來看看吧！</p>\n\n<p>&nbsp;</p>\n\n<p><span style=\"color:#808080\"><span style=\"font-size:12px\">(贊助商連結...)</span></span></p>\n\n<p><googleadsense height=\"600px\" type=\"4\" width=\"300px\"></googleadsense></p>\n\n<p>&nbsp;</p>\n\n<h1>應付帳款周轉率</h1>\n\n<h1>代表企業 1 年內</h1>\n\n<h1>要把欠款付清幾次</h1>\n\n<h2>應付帳款周轉率 = 5</h2>\n\n<h2>代表企業 1 年內</h2>\n\n<h2>要把欠款付清 5 次</h2>\n\n<p><img alt=\"\" height=\"138\" src=\"http://www.cmoney.tw/learn/cmstatic/learn/50/20141021155714974.jpg\" width=\"500\" /></p>\n\n<p>應付帳款和<a href=\"http://www.cmoney.tw/learn/course/0520/topic/764\" target=\"_blank\">應收帳款</a>是相對的！</p>\n\n<p>供應商為了方便企業生產</p>\n\n<p>會允許企業買存貨不用馬上付款。</p>\n\n<p>應該要付但還沒有付的錢</p>\n\n<p>就稱為應付賬款囉！</p>\n\n<p>&nbsp;</p>\n\n<h2>應付帳款周轉率越大</h2>\n\n<h2>付款速度越快；</h2>\n\n<h2>應付帳款周轉率越小</h2>\n\n<h2>付款速度越慢！</h2>\n\n<p>然而<strong><span style=\"background-color:#FFFF00\">收帳速度應該要和同業比較</span></strong></p>\n\n<p>而且需要注意背後的意義！</p>\n\n<p>&nbsp;</p>\n\n<h1>付款速度越慢&nbsp;</h1>\n\n<h1>代表越沒有資金壓力</h1>\n\n<p>就像我們使用信用卡的時候</p>\n\n<p>銀行的催款速度一樣。</p>\n\n<p>如果消費後沒多久</p>\n\n<p>就要求我們趕快付錢</p>\n\n<p>資金壓力就會比較大。</p>\n\n<p>&nbsp;</p>\n\n<p>&nbsp;</p>\n\n<h1>付款速度慢　</h1>\n\n<h1>隱含對上游供應商</h1>\n\n<h1>議價能力佳</h1>\n\n<h2>議價能力越強</h2>\n\n<h2>就可以拖越久才付錢</h2>\n\n<p>我們平常去店家消費的時候</p>\n\n<p>像是去菜市場買肉</p>\n\n<p>去光華商場買電腦零件都不給折扣</p>\n\n<p>而且一定要結完帳才能把東西帶走</p>\n\n<p>但是當我們一次買 1000 台電腦</p>\n\n<p>買 1 萬斤豬肉的時候</p>\n\n<p>可以拿到折扣</p>\n\n<p>還可以拖個幾天再付款。</p>\n\n<p>這就是議價能力！</p>\n\n<p>雖然企業跟供應商訂貨</p>\n\n<p>拿了多少折扣</p>\n\n<p>恐怕只有採購人員知道．．．</p>\n\n<p>但是付款可以拖多久</p>\n\n<p>可以在應付賬款周轉率中看出來！</p>\n\n<p>&nbsp;</p>\n\n<p>&nbsp;</p>\n\n<p>&nbsp;</p>\n\n<p><strong><span style=\"background-color:#FFFF00\">其實應付賬款周轉率</span></strong></p>\n\n<p><strong><span style=\"background-color:#FFFF00\">反映的就是採購部門的能力</span></strong><span style=\"background-color:#FFFF00\">！</span></p>\n\n<p>就跟我們去超市買肉買菜一樣</p>\n\n<p>買一件沒打折</p>\n\n<p>第二件九折，第三件八折．．．</p>\n\n<p>企業向供應商採購的時候</p>\n\n<p>買越多就越有議價能力</p>\n\n<p>議價能力高</p>\n\n<p>自然就可以拖越久才付款</p>\n\n<p>付款速度慢</p>\n\n<p>應付賬款周轉率就越低！</p>\n\n<p>&nbsp;</p>\n\n<h2>企業有時會為了</h2>\n\n<h2>獲得折扣而早點付款</h2>\n\n<p>供應商也希望客戶早點付款囉！</p>\n\n<p>所以就會提供一些誘因</p>\n\n<p>讓客戶早點付款！</p>\n\n<p>&nbsp;</p>\n\n<p><googleadsense height=\"250px\" type=\"2\" width=\"300px\"></googleadsense></p>\n\n<p>&nbsp;</p>\n\n<p>就像上一篇<a href=\"http://www.cmoney.tw/learn/course/0520/topic/764\" target=\"_blank\">應收帳款周轉率</a>提到的</p>\n\n<p>供應商希望客戶早點付款</p>\n\n<p>會提供一點折扣的誘因。</p>\n\n<p>例如：2/10 net30</p>\n\n<p>代表買進貨物後 10 天內付款</p>\n\n<p>可以得到 2% 的折扣</p>\n\n<p>最晚需要在 30 天內付款。</p>\n\n<p>意思就是如果在 4/1 買進貨物</p>\n\n<p>4/10 錢付款可以得到 2% 的折扣</p>\n\n<p>但最晚要在 4/30 付款。</p>\n\n<p>所以一間企業如果應付帳款周轉率高</p>\n\n<p>不一定代表議價能力差...</p>\n\n<p>甚至可能取得更多折扣！</p>\n\n<p>&nbsp;</p>\n\n<h1>應付帳款週轉天數　</h1>\n\n<h1>代表可以拖幾天再付款</h1>\n\n<h2>應付賬款週轉天數 = 30</h2>\n\n<h2>代表企業進貨後</h2>\n\n<h2>可以拖 30 天再付錢</h2>\n\n<p>&nbsp;</p>\n\n<h2><img alt=\"\" height=\"112\" src=\"http://www.cmoney.tw/learn/cmstatic/learn/50/20180731174732857.png\" width=\"820\" /></h2>\n\n<p>應付帳款周轉天數</p>\n\n<p>直接表示<span style=\"background-color:rgb(255, 255, 255); font-family:microsoft jhenghei\">企業可以晚多少天再付款</span></p>\n\n<p>把它從比率轉換成天數</p>\n\n<p>更具體且直覺。</p>\n\n<p>&nbsp;</p>\n\n<h1>應付帳款周轉率</h1>\n\n<h1>可以<a href=\"http://www.cmoney.tw/finance/f00043.aspx?m=3&amp;s=2330\" target=\"_blank\">在這裡找到</a></h1>\n\n<p><img alt=\"\" height=\"159\" src=\"http://www.cmoney.tw/learn/cmstatic/learn/50/20141009122031268.jpg\" width=\"263\" /></p>\n\n<p>上面這張圖是</p>\n\n<p>台積電(2330) 的應付賬款周轉率。</p>\n\n<p>如果要了解台積電的應付賬款週轉天數</p>\n\n<p>就拿 365 天除以應付賬款周轉率</p>\n\n<p>台積電的應付賬款週轉天數</p>\n\n<p>= 365/0.72 = 506.94</p>\n\n<p>代表台積電跟客戶買貨後</p>\n\n<p>可以拖 500 多天才付款。</p>\n\n<p>&nbsp;</p>\n\n<p>&nbsp;</p>\n\n<p>&nbsp;</p>\n\n<h1>用<a href=\"http://www.cmoney.tw/app/ItemContent.aspx?id=1812\" style=\"position: relative; color: rgb(30, 87, 128);\" target=\"_blank\">籌碼k線</a>&nbsp;</h1>\n\n<h1>幫你提升50%勝率</h1>\n",
        "ViewCount": "48976",
        "IsReference": false,
        "ReferenceList": null,
        "OgImgURL": "http://www.cmoney.tw/learn/cmstatic/learn/50/20141021155714974.jpg"
    },
    "badges": [],
    "isTreeCompleted": false,
    "nextCourse": null
}