{
    "courseDetail": {
        "CourseId": 771,
        "CourseContent": "<p><img alt=\"\" height=\"313\" src=\"http://www.cmoney.tw/learn/cmstatic/learn/50/20200601151912853.jpg\" width=\"650\" /></p>\n\n<p><strong><span style=\"color:rgb(204, 0, 0); font-size:26px\">大家買東西一定</span></strong></p>\n\n<p><strong><span style=\"color:rgb(204, 0, 0); font-size:26px\">都有「撿便宜」的經驗</span></strong></p>\n\n<h2>買股也是能夠</h2>\n\n<h2>撿便宜就是賺到啦！</h2>\n\n<p>可是什麼時候才能撿便宜呢？</p>\n\n<p>當股票低於帳面價值的時候，</p>\n\n<p>再不買以後也買不到這麼划算的價格了，</p>\n\n<p>帳面價值要怎麼看呢？</p>\n\n<p>&nbsp;</p>\n\n<p>繼續看下去...</p>\n\n<p>&nbsp;</p>\n\n<p><span style=\"color:#808080\"><span style=\"font-size:12px\">(贊助商連結...)</span></span></p>\n\n<p><dfp type=\"3\"></dfp></p>\n\n<p><strong><span style=\"color:rgb(204, 0, 0); font-size:26px\">帳面價值法</span></strong></p>\n\n<h1>反映股票最少值多少錢</h1>\n\n<p>其實帳面價值法，</p>\n\n<p>就是<a href=\"http://www.cmoney.tw/learn/course/0520/topic/1244\" target=\"_blank\">股東權益</a>裡的每股淨值，</p>\n\n<p>把公司所有資產賣掉後然後拿去還債，</p>\n\n<p>每股可以分到多少錢。</p>\n\n<p>完全不考慮未來可以創造多少價值，</p>\n\n<p>所以代表股價最少值多少錢。</p>\n\n<p>&nbsp;</p>\n\n<p><img alt=\"\" height=\"295\" src=\"http://www.cmoney.tw/learn/cmstatic/learn/50/20141014160709586.jpg\" width=\"500\" /></p>\n\n<p>&nbsp;</p>\n\n<h1>用股價淨值比</h1>\n\n<h1>做帳面價值法的投資決策</h1>\n\n<p>&nbsp;</p>\n\n<p><img alt=\"\" height=\"130\" src=\"http://www.cmoney.tw/learn/cmstatic/learn/50/20141014161840530.jpg\" width=\"500\" /></p>\n\n<p>&nbsp;</p>\n\n<h2>股價淨值比 &lt; 1 就買進</h2>\n\n<h2>股價淨值比 &gt; 1.5 就賣出</h2>\n\n<p>一般認為股價小於帳面價值的股票，</p>\n\n<p>也就是股價淨值比小於 1 就被稱為便宜。</p>\n\n<p>便宜的股票就該買進，</p>\n\n<p>股價超過帳面價值的 1.5 倍時，就該賣出。</p>\n\n<p>&nbsp;</p>\n\n<p><dfp type=\"2\"></dfp></p>\n\n<p>&nbsp;</p>\n\n<h1>設定找出便宜又賺錢的</h1>\n\n<h1>低股價淨值比定存股</h1>\n\n<h2>1. 股價淨值比 &lt; 1</h2>\n\n<h2>2. 近 5 年平均 ROE &gt; 10%</h2>\n\n<h2>3. 營收成長率 &gt; 0</h2>\n\n<h2>4. 近 4 季 EPS &gt; 0</h2>\n\n<p>&nbsp;</p>\n\n<h2>最新的低股價淨值比，</h2>\n\n<h2>定存股清單可以&nbsp;<a href=\"http://cmy.tw/004QO4\" target=\"_blank\">點這裡觀看</a>。</h2>\n\n<p>以下為 2015/2/13 過年前，</p>\n\n<p>選出的 17 檔股票清單</p>\n\n<p>( 順序是 股價淨值比 由低到高 )</p>\n\n<p><img alt=\"\" height=\"362\" src=\"http://www.cmoney.tw/learn/cmstatic/learn/50/20150217012648289.jpg\" width=\"500\" /></p>\n\n<p><span style=\"font-size:12px\"><span style=\"color:#808080\">(資料來源:</span><a href=\"http://www.cmoney.tw/app/ItemContent.aspx?id=1907\" style=\"line-height: 1.6;\" target=\"_blank\"><span style=\"color:#808080\">選股勝利組</span></a><span style=\"color:#808080\">)</span></span></p>\n\n<p>&nbsp;</p>\n\n<h1>帳面價值法</h1>\n\n<h1>仍然有許多缺失</h1>\n\n<h2>只適用於資產龐大且資產</h2>\n\n<h2>可以代表未來價值的股票</h2>\n\n<p>例如：鋼鐵、水泥業</p>\n\n<p>就是適合用帳面價值法估價的股票。</p>\n\n<p>至於其他公司</p>\n\n<p>尤其是<strong><span style=\"background-color:#FFFF00\">科技業者，</span></strong></p>\n\n<p><strong><span style=\"background-color:#FFFF00\">未來的價值來自技術、專利，</span></strong></p>\n\n<p><strong><span style=\"background-color:#FFFF00\">沒辦法在帳面上反映，</span></strong></p>\n\n<p><strong><span style=\"background-color:#FFFF00\">所以較不適用於帳面價值法評估股價</span></strong>。</p>\n\n<p>&nbsp;</p>\n\n<h2>帳面價值</h2>\n\n<h2>可能無法反映資產市價</h2>\n\n<p>如果遇到帳面價值，</p>\n\n<p>無法真實反映資產市價的企業，</p>\n\n<p>就要血本無歸了！</p>\n\n<p>例如：巴菲特當年買下波克夏紡織公司，</p>\n\n<p>他說：「光是這些紡織機每股就值 5 元，</p>\n\n<p>現在股價只要 2 元，我們有甚麼損失？」</p>\n\n<p>然而這些紡織機也沒人要買，</p>\n\n<p>最後股價跌到 0.2 元。</p>\n\n<p>&nbsp;</p>\n\n<p><dfp type=\"1\"></dfp></p>\n\n<p>&nbsp;</p>\n\n<h1>股價淨值比可以&nbsp;<a href=\"http://www.cmoney.tw/finance/f00033.aspx?m=3&amp;s=2330\" target=\"_blank\">在這裡找到</a></h1>\n\n<p>除了可以找到股價淨值比的資料，</p>\n\n<p>還可以用河流圖看出歷年來，</p>\n\n<p>股價大概都在多少倍的淨值上徘徊。</p>\n\n<p>例如 台積電(2330) 歷年來</p>\n\n<p>股價大概都在 3.7 倍的淨值附近。</p>\n\n<p>&nbsp;</p>\n\n<p><img alt=\"\" height=\"246\" src=\"http://www.cmoney.tw/learn/cmstatic/learn/50/20141014165408866.jpg\" width=\"500\" /></p>\n\n<p><strong><span style=\"color:rgb(255, 102, 0); font-size:22px\">學會算這個</span></strong></p>\n\n<h2>以後都可以撿便宜啦~</h2>\n\n<p>&nbsp;</p>\n\n<h1>用<a href=\"http://www.cmoney.tw/app/ItemContent.aspx?id=1812\" style=\"position: relative; text-decoration: underline; color: rgb(30, 87, 128);\" target=\"_blank\">籌碼k線</a>&nbsp;</h1>\n\n<h1>幫你提升 50% 勝率</h1>\n\n<p><a href=\"http://cmy.tw/009YkZ\"><img alt=\"\" height=\"600\" src=\"http://www.cmoney.tw/learn/cmstatic/learn/50/20200601115031177.jpg\" width=\"300\" /></a></p>\n\n<p>&nbsp;</p>\n",
        "ViewCount": "122488",
        "IsReference": false,
        "ReferenceList": null,
        "OgImgURL": "http://www.cmoney.tw/learn/cmstatic/learn/50/20200601151912853.jpg"
    },
    "badges": [],
    "isTreeCompleted": false,
    "nextCourse": null
}