{
    "courseDetail": {
        "CourseId": 850,
        "CourseContent": "<p>&nbsp;</p>\n\n<p>&nbsp;</p>\n\n<h1><span style=\"color:#B22222\"><strong>在投資選擇權之前</strong></span></h1>\n\n<h1><span style=\"color:#B22222\"><strong>務必先評估自己的條件</strong></span></h1>\n\n<p>在進入選擇權市場之前</p>\n\n<p>你應該先想想你投資的習性</p>\n\n<p>資金狀況和風險管理的能力喔！</p>\n\n<p>以下幾個條件你可以自我評量！</p>\n\n<p>&nbsp;</p>\n\n<p>繼續看下去...</p>\n\n<p>&nbsp;</p>\n\n<p><span style=\"color:#D3D3D3\"><span style=\"font-size:12px\">(贊助商連結)</span></span></p>\n\n<p><span style=\"color:#808080\"><span style=\"font-size:12px\"><googleadsense height=\"600px\" type=\"4\" width=\"300px\"></googleadsense></span></span></p>\n\n<p>&nbsp;</p>\n\n<h1>1. 要有足夠的資金</h1>\n\n<h2>因為投入選擇權的資金</h2>\n\n<h2>有可能全部虧損</h2>\n\n<p>因此你一定要設想</p>\n\n<p>是否能承擔較大的損益波動</p>\n\n<p>就算真的虧損也不會影響你的正常生活！</p>\n\n<p>&nbsp;</p>\n\n<p>&nbsp;</p>\n\n<h2>&nbsp;</h2>\n\n<h1>2. 要能隨時盯盤</h1>\n\n<p>選擇權市場的價格波動</p>\n\n<p>較其他市場都大得多</p>\n\n<p>如果你的工作或生活環境</p>\n\n<p>不允許或不適合掌握市場脈動</p>\n\n<p>那你可能也不太適合投資選擇權！</p>\n\n<p>&nbsp;</p>\n\n<p>&nbsp;</p>\n\n<p>&nbsp;</p>\n\n<h1>3. 有短線操作的經驗</h1>\n\n<p>台灣期貨交易所的選擇權契約</p>\n\n<p>多是 1 - 2 個月到期</p>\n\n<p>常常會因為短期的波動</p>\n\n<p>而導致選擇權相當程度的漲跌幅</p>\n\n<p>如果你只擅長買進且偏好長期持有</p>\n\n<p>那你可能就不適合選擇權！</p>\n\n<p>&nbsp;</p>\n\n<p>&nbsp;</p>\n\n<p>&nbsp;</p>\n\n<h1>4. 能靈活運用多、空操作</h1>\n\n<p>很多投資者只會在多頭市場中賺錢</p>\n\n<p>例如在股票市場中</p>\n\n<p>你只會靠買進股票賺錢</p>\n\n<p>對於放空卻一竅不通</p>\n\n<p>表示你對市場的應對還不夠靈活</p>\n\n<p>不利於多空交易頻繁的選擇權市場</p>\n\n<p>&nbsp;</p>\n\n<p>&nbsp;</p>\n\n<p>&nbsp;</p>\n\n<h1>5. 會積極管理風險的人</h1>\n\n<p>因為選擇權波動大、高槓桿的特性</p>\n\n<p>因此如果你對你的投資都置之不理</p>\n\n<p>也不善於管理風險或設停損點</p>\n\n<p>選擇權大概也不適合你！</p>\n\n<p>&nbsp;</p>\n\n<p>&nbsp;</p>\n\n<p>&nbsp;</p>\n\n<p>若以上的評估條件，你都具備的話</p>\n\n<p>代表你已經有進入選擇權市場的資格</p>\n\n<p>但還是要努力訂定操作策略</p>\n\n<p>而且要隨時依照市場狀況</p>\n\n<p>修正自己的投資策略唷！</p>\n\n<p>&nbsp;</p>\n\n<h2>平常都沒有時間盯盤</h2>\n\n<h2>我想我還是投資股票就好了...</h2>\n\n<p>&nbsp;</p>\n\n<p><a href=\"http://cmy.tw/005NBC\"><img alt=\"\" height=\"49\" src=\"http://www.cmoney.tw/learn/cmstatic/learn/42/20170213092347474.png\" width=\"563\" /></a></p>\n\n<p>&nbsp;</p>\n\n<p><span style=\"font-family:arial,微軟正黑體,細明體; font-size:15px\">如果覺得這篇文章有幫助，先按個讚哦！</span></p>\n\n<p><iframe allowtransparency=\"true\" frameborder=\"0\" height=\"80\" scrolling=\"no\" src=\"https://www.facebook.com/plugins/like.php?href=https%3A%2F%2Fwww.facebook.com%2Fcmoneyapp%2F&amp;width=450&amp;layout=standard&amp;action=like&amp;size=large&amp;show_faces=true&amp;share=true&amp;height=80&amp;appId\" style=\"margin: 0px; padding: 0px; outline: 0px; position: relative; width: 879px; border-width: initial; border-style: none; overflow: hidden;\" width=\"450\"></iframe></p>\n\n<p>&nbsp;</p>\n\n<p>&nbsp;</p>\n\n<p>&nbsp;</p>\n",
        "ViewCount": "56796",
        "IsReference": false,
        "ReferenceList": null,
        "OgImgURL": "http://www.cmoney.tw/learn/cmstatic/learn/42/20170213092347474.png"
    },
    "badges": [],
    "isTreeCompleted": false,
    "nextCourse": null
}