{
    "courseDetail": {
        "CourseId": 86,
        "CourseContent": "<p>&nbsp;</p>\n\n<p>很多投資人</p>\n\n<p>都害怕投資高風險</p>\n\n<p>怕一賠就把存款賠光光</p>\n\n<p>可低風險的投資</p>\n\n<p>報酬往往不高</p>\n\n<p>那要怎麼辦呢？</p>\n\n<p>這邊給大家介紹一個</p>\n\n<p>低風險、高配息的</p>\n\n<p>理財工具：債券</p>\n\n<p>什麼是債券呢？</p>\n\n<p>&nbsp;</p>\n\n<p>繼續看下去...</p>\n\n<p>&nbsp;</p>\n\n<p><span style=\"color:rgb(128, 128, 128)\"><span style=\"font-size:12px\">(贊助商連結...)</span></span></p>\n\n<p>&nbsp;</p>\n\n<p>&nbsp;</p>\n\n<p>&nbsp;</p>\n\n<h1>債券就是一種借據</h1>\n\n<h2>是政府、金融機構、企業</h2>\n\n<h2>向投資人借錢的借據</h2>\n\n<p>債券看起來好像很艱深，</p>\n\n<p>但其實就是<strong><span style=\"font-size:20px\">借據</span></strong>！</p>\n\n<p>今天小明和小強借了 100 元，</p>\n\n<p>並承諾小強一個月後會還 110 元，</p>\n\n<p>這時候小強會拿到一張 100 元的借據，</p>\n\n<p>某種程度上，</p>\n\n<p>這張借據就是『小明出產的債券』！</p>\n\n<p>所以，<strong><span style=\"font-size:20px\">債券其實就是一種借錢的方式</span></strong>。</p>\n\n<p>&nbsp;</p>\n\n<p>&nbsp;</p>\n\n<p>&nbsp;</p>\n\n<p>&nbsp;</p>\n\n<p>在現實生活中，</p>\n\n<p>有三種單位可以發行債券：</p>\n\n<p><strong><span style=\"background-color:#ffff00\">政府、金融機構、私人企業</span></strong></p>\n\n<p>當這些單位機構缺資金的時候，</p>\n\n<p>就可以發行債券，向社會大眾借錢。</p>\n\n<p>投資人付錢之後，</p>\n\n<p>就可以拿到所謂的債券(借據)。</p>\n\n<p>&nbsp;</p>\n\n<p>&nbsp;</p>\n\n<p>&nbsp;</p>\n\n<p>&nbsp;</p>\n\n<h1>債券上必須講明 2 件事：</h1>\n\n<h2>1. 發行年限</h2>\n\n<p>也就是多久後可以拿這張債券換成錢。</p>\n\n<h2>2. 債券利率</h2>\n\n<p>也就是借款單位要付你多少利息、多久付一次。</p>\n\n<p>&nbsp;</p>\n\n<h1>債券和股票市場的趨勢相反</h1>\n\n<h2>一個漲 &nbsp;另一個就會跌</h2>\n\n<p>雖然債券和定存很像，</p>\n\n<p>不過有一點最不同，</p>\n\n<p><strong><span style=\"background-color:#ffff00\">債券可以像股票一樣，</span></strong></p>\n\n<p><strong><span style=\"background-color:#ffff00\">隨時在公開市場上買賣交易，</span></strong></p>\n\n<p>所以會因為市場變動，</p>\n\n<p>債券每天的市價也會變動。</p>\n\n<p>一般來說，</p>\n\n<p><strong><span style=\"font-size:20px\">債券</span></strong>和<strong><span style=\"font-size:20px\">股票</span></strong>市場的<span style=\"font-size:20px\"><strong>趨勢相反</strong></span>，</p>\n\n<p>這到底是甚麼意思呢？</p>\n\n<p>你就想，</p>\n\n<p>投資人所擁有的金錢是有限的，</p>\n\n<p>通常資金多的地方才會熱絡，</p>\n\n<p>商品才會大漲，</p>\n\n<p>&nbsp;</p>\n\n<p>如果今天股票市場很熱，</p>\n\n<p>錢都跑去買股票了，</p>\n\n<p>大家都覺得行情好，</p>\n\n<p>可以買股票海撈一筆，</p>\n\n<p>那就不會想買穩定利息的債券，</p>\n\n<p>債券市場也就相對冷清，</p>\n\n<p>債券價格就很可能會下跌。</p>\n\n<p>&nbsp;</p>\n\n<p>但是反過來說，</p>\n\n<p>如果最近行情差，</p>\n\n<p>股票市場人心惶惶，</p>\n\n<p>大家都不敢買股票，</p>\n\n<p>錢自然就會流到穩定的債券市場，</p>\n\n<p>債券價格當然就會上漲囉。</p>\n\n<p>&nbsp;</p>\n\n<p>&nbsp;</p>\n\n<h1>投資債券的 4 大好處：</h1>\n\n<p>買債券可以收取固定利息，</p>\n\n<p>到期時又可以拿回本金，</p>\n\n<p>所以對保守的投資人而言，</p>\n\n<p>可以說是好處多多！</p>\n\n<p>這裡列出四項債券重要的優點：</p>\n\n<p>&nbsp;</p>\n\n<h2>1. 低風險</h2>\n\n<p>債券發行單位的後台都很硬，都不太可能會倒閉，</p>\n\n<p>比起投資小型的股票安全很多。</p>\n\n<h2>2. 高利息</h2>\n\n<p>債券的利率都會比銀行定存高，而且債券到期後 本金會拿回來，</p>\n\n<p>所以債券就像是加強版的銀行定存。</p>\n\n<h2>3. 低交易成本</h2>\n\n<p>一般買賣股票要付0.3%的交易稅，</p>\n\n<p>但是買賣債券只要0.1%，而且不用支付手續費！</p>\n\n<h2>4. 附加用途大</h2>\n\n<p>因為債券是很穩健的金融商品，</p>\n\n<p>所以你可以直接拿債券和銀行作抵押、當保證金。</p>\n\n<p>&nbsp;</p>\n\n<p>&nbsp;</p>\n\n<h1>債券要去哪裡買？</h1>\n\n<p>本土債券最大宗的</p>\n\n<p>就是<span style=\"font-size:15px\">&nbsp;中央登錄債券，</span></p>\n\n<p><span style=\"font-size:15px\">就是台灣政府發行的公債啦~</span></p>\n\n<p>你可以到<a href=\"http://www.post.gov.tw/post/internet/fund/index.jsp?ID=90302\" target=\"_blank\">公債業務首頁</a></p>\n\n<p>看看最新的 中央登錄公債。</p>\n\n<p><img alt=\"\" height=\"142\" src=\"http://www.cmoney.tw/learn/cmstatic/learn/1/20141030095439863.jpg\" width=\"500\" /></p>\n\n<p>&nbsp;</p>\n\n<h2>債券面額較高，</h2>\n\n<h2>可購買債券型基金</h2>\n\n<p>一般來說，債券的面額很高，</p>\n\n<p>買一個單位動不動就是數十萬、甚至百萬台幣，</p>\n\n<p>而買台灣的中央公債，</p>\n\n<p>一個最小的單位也要 10 萬元台幣，</p>\n\n<p>對一般小資族來說，</p>\n\n<p>仍然是有些偏貴。</p>\n\n<p>因此，許多人投資債券，</p>\n\n<p>其實不是真的買債券，</p>\n\n<p>而是購買<span style=\"font-size:18px\"><strong>債券型的基金</strong></span>！</p>\n\n<p>也就是那一檔基金集合大家的錢，</p>\n\n<p>拿去買一籃子的債券，</p>\n\n<p>讓投資人間接的買到債券。</p>\n\n<p>&nbsp;</p>\n\n<p>你可以到<a href=\"http://tw.money.yahoo.com/search/fund_srp?type=news&amp;p=%E5%82%B5%E5%88%B8&amp;page=9\" target=\"_blank\">Yahoo理財</a>，搜尋『債券』，</p>\n\n<p>就會跑出上百檔的債券型基金了。</p>\n\n<p>&nbsp;</p>\n\n<p><img alt=\"\" height=\"212\" src=\"http://www.cmoney.tw/notes/cmstatic/notes/capture/29464/20131119090046555.png\" width=\"500\" /></p>\n\n<p>&nbsp;</p>\n\n<p><span style=\"font-size:15px\">以上內容都只是淺談債券，</span></p>\n\n<p>關於債券的學問真的有很多，</p>\n\n<p>想了解更多債券學問的朋友，</p>\n\n<p><span style=\"font-size:15px\">我推薦你看&nbsp;</span><span style=\"font-size:15px\">投資達人怪老子 </span></p>\n\n<p><span style=\"font-size:15px\">精采的：<a href=\"http://www.masterhsiao.com.tw/Bonds/Bonds.htm\" target=\"_blank\">債券入門</a></span></p>\n\n<p>你也可以更多元的了解</p>\n\n<p>更多投資工具、<span style=\"font-size:15px\">理財知識，</span></p>\n\n<p><span style=\"font-size:15px\">一起來探索：</span><a href=\"http://www.cmoney.tw/notes/note-detail.aspx?cid=22814&amp;nid=6637\" style=\"font-size: 15px;\" target=\"_blank\">學習地圖</a></p>\n\n<p>投資的標的種類非常多，</p>\n\n<p>身為一個小資族的你，</p>\n\n<p>值得了解到除了一般的股票、</p>\n\n<p>定存等等之外，</p>\n\n<p>還有非常多能夠運用你有限資金的方式。</p>\n\n<p>當你有了大致的認識之後，</p>\n\n<p>可以延伸閱讀怪老子</p>\n\n<p>更精采的進階文章：<a href=\"http://cmy.tw/004Sdp\" target=\"_blank\">債券，你的完美商品</a></p>\n\n<p>或者向小資女艾蜜莉</p>\n\n<p>學習她對債券的投資方法：<a href=\"http://cmy.tw/004KVe\" target=\"_blank\">債券可以實現長期平均6%的報酬(上)</a></p>\n\n<p>&nbsp;</p>\n\n<h2>&nbsp;</h2>\n\n<p>&nbsp;</p>\n\n<h2>了解債券了嗎？</h2>\n\n<h2>想知道更多投資工具，</h2>\n\n<h2>趕快繼續看下去吧～</h2>\n\n<p>&nbsp;</p>\n\n<h2>你知道嗎？現在不學好投資</h2>\n\n<h2>你會比別人多辛苦十年...</h2>\n\n<p>想學投資，卻不知從何下手？</p>\n\n<p>用16堂課，就能學會如何操作0050</p>\n\n<p>輕鬆踏出理財的第一步！</p>\n\n<p>立即了解課程 &gt;&gt;&nbsp;<a href=\"http://cmy.tw/006mys\"><span style=\"font-family:times new roman; font-size:small\">http://cmy.tw/006mys</span></a></p>\n\n<p><a href=\"http://cmy.tw/006mys\" style=\"outline-style: initial; outline-width: 0px; text-decoration-line: underline; color: rgb(0, 119, 181); position: relative;\" target=\"_blank\"><img alt=\"\" height=\"520\" src=\"http://www.cmoney.tw/notes/cmstatic/notes/capture/744971/20190613171633668.gif\" width=\"364\" /></a></p>\n",
        "ViewCount": "50786",
        "IsReference": true,
        "ReferenceList": [
            {
                "ReferenceId": 33788,
                "Description": "投資債券的賺錢方法",
                "ReferenceUrl": "http://www.cmoney.tw/learn/course/michelle2/topic/1130",
                "ReferenceImage": "http://www.cmoney.tw/learn/cmstatic/learn/64/20140827113817946.jpg",
                "ViewCount": 84
            },
            {
                "ReferenceId": 33789,
                "Description": "影響債券價格的主要因素- 利率",
                "ReferenceUrl": "http://www.cmoney.tw/learn/course/michelle2/topic/1072",
                "ReferenceImage": "http://www.cmoney.tw/learn/cmstatic/learn/64/20140827152901474.jpg",
                "ViewCount": 162
            },
            {
                "ReferenceId": 33790,
                "Description": "什麼是債券評等?",
                "ReferenceUrl": "http://www.cmoney.tw/learn/course/michelle2/topic/1071",
                "ReferenceImage": "http://www.cmoney.tw/learn/cmstatic/learn/64/20140827153302596.jpg",
                "ViewCount": 49
            }
        ],
        "OgImgURL": "http://www.cmoney.tw/learn/cmstatic/learn/1/20141030095439863.jpg"
    },
    "badges": [],
    "isTreeCompleted": false,
    "nextCourse": null
}