{
    "courseDetail": {
        "CourseId": 876,
        "CourseContent": "<h1>身邊的人</h1>\n\n<h1>在討論哪家股票會上漲時</h1>\n\n<h1>我總會問：你怎麼知道的？</h1>\n\n<h2>很多人會回答：某個人報的</h2>\n\n<p>不時有點感慨</p>\n\n<p>不管你再怎麼相信別人</p>\n\n<p>都不應該拿自己的錢去賭這份情</p>\n\n<p>股票不是賭博</p>\n\n<p>不想把養老金都賠光</p>\n\n<p>買股就要自己來</p>\n\n<p>有些股票會漲</p>\n\n<p>看營業利益率就知道</p>\n\n<p>&nbsp;</p>\n\n<h2>因為營業利益率</h2>\n\n<h2>反映企業經營本業的能力</h2>\n\n<p>營業利益率聽起來很複雜</p>\n\n<p>其實算起來一點都不難喔</p>\n\n<p>&nbsp;</p>\n\n<p>來看看怎麼算的吧~</p>\n\n<p>&nbsp;</p>\n\n<p><span style=\"color:#808080\"><span style=\"font-size:12px\">(贊助商連結)</span></span></p>\n\n<p><span style=\"color:#808080\"><span style=\"font-size:12px\"><googleadsense height=\"600px\" type=\"4\" width=\"300px\"></googleadsense></span></span></p>\n\n<p>&nbsp;</p>\n\n<p>&nbsp;</p>\n\n<h1>營業利益佔銷貨收入的比例</h1>\n\n<h1>就是營業利益率</h1>\n\n<p>營業利益</p>\n\n<p>就是公司商品或服務所賺的收入</p>\n\n<p>再扣掉營運公司所需的費用。</p>\n\n<p>營業利益率</p>\n\n<p>就是營業利益佔總營收的比例。</p>\n\n<p>&nbsp;</p>\n\n<p>&nbsp;</p>\n\n<h1>營業利益率</h1>\n\n<h1>代表公司靠本業賺的錢</h1>\n\n<h1>佔所有營收的比例</h1>\n\n<p>&nbsp;</p>\n\n<p><img alt=\"\" height=\"65\" src=\"http://www.cmoney.tw/learn/cmstatic/learn/50/20140923162253126.png\" width=\"500\" /></p>\n\n<p>&nbsp;</p>\n\n<p>&nbsp;</p>\n\n<h1>營業利益和<a href=\"http://www.cmoney.tw/learn/course/0520/topic/656\" target=\"_blank\">銷貨毛利</a>的差別</h1>\n\n<h1>在管銷費用</h1>\n\n<h2>銷貨毛利</h2>\n\n<h2>就是賣產品的收入減掉原料成本</h2>\n\n<p>毛利率反應公司產品的品質</p>\n\n<p>如果再把公司管理的效率考慮進去</p>\n\n<p>如：人力資源管理</p>\n\n<p>就能反映公司經營本業的能力</p>\n\n<p>也就是營業利益。</p>\n\n<p>&nbsp;</p>\n\n<h2>營業利益</h2>\n\n<h2>就是營業毛利再扣掉管銷費用</h2>\n\n<h2>代表企業靠本業實賺多少錢</h2>\n\n<p>&nbsp;</p>\n\n<p><img alt=\"\" height=\"132\" src=\"http://www.cmoney.tw/learn/cmstatic/learn/50/20140925111440675.png\" width=\"500\" /></p>\n\n<p>&nbsp;</p>\n\n<p>&nbsp;</p>\n\n<h2>管銷費用</h2>\n\n<h2>就是將產品交到客戶手上的過程</h2>\n\n<h2>所產生的銷貨費用</h2>\n\n<h2>加上管理費用</h2>\n\n<h2>包括管理階層薪水</h2>\n\n<h2>店租、銷貨運費、廣告費等...</h2>\n\n<p>把可以賣的產品</p>\n\n<p>交到客戶手上</p>\n\n<p>這之間所產生的費用</p>\n\n<p>就是銷貨費用</p>\n\n<p>加上公司管理費用，就是管銷費用。</p>\n\n<p>例如：</p>\n\n<p>華碩電腦 (2357) 把製作完成的電腦</p>\n\n<p>從工廠送到店鋪，產生的<strong>銷貨運費</strong></p>\n\n<p>賣電腦的商場產生的<strong>店租</strong>；</p>\n\n<p>支付給<strong>員工的薪水等等</strong></p>\n\n<p>&nbsp;</p>\n\n<p>&nbsp;</p>\n\n<p><strong><span style=\"color:rgb(255, 102, 0); font-size:22px\">毛利率高</span></strong></p>\n\n<h2>營業利益率不一定高</h2>\n\n<p>毛利率只能告訴我們</p>\n\n<p>產品的品質好不好</p>\n\n<p>能賣多少錢</p>\n\n<p>但沒辦法考量產品以外的因素。</p>\n\n<p>而營業利益率</p>\n\n<p>彌補了毛利率的缺失</p>\n\n<p>更能真實地反映公司的經營能力。</p>\n\n<p>例如:</p>\n\n<p><a href=\"http://www.cmoney.tw/finance/f00043.aspx?m=3&amp;s=2498\" target=\"_blank\">宏達電(2498)</a>&nbsp;毛利率</p>\n\n<p>一直維持在 20% 左右</p>\n\n<p>但管銷費用過高</p>\n\n<p>使得營業利益變成營業損失</p>\n\n<p>造成股價從 1300 元一路下跌到 130 元。</p>\n\n<p>&nbsp;</p>\n\n<p><strong><span style=\"color:rgb(204, 0, 0); font-size:26px\">營業利益率上升</span></strong></p>\n\n<h1>可能代表企業改善了行銷能力</h1>\n\n<p>改善行銷通路</p>\n\n<p>像是把產品放在主要客群會光顧的地方</p>\n\n<p>或是改變商品在架上的位置</p>\n\n<p>都算是改善行銷通路的方式哦</p>\n\n<p>都有可能提升營業利益率。</p>\n\n<p>&nbsp;</p>\n\n<p>或者改善行銷方式</p>\n\n<p>像是製作能深植人心的廣告</p>\n\n<p>就是改善行銷的方式之一。</p>\n\n<p>&nbsp;</p>\n\n<p><strong><span style=\"background-color:#FFFF00\">所以如果觀察到某樣商品的廣告</span></strong></p>\n\n<p><strong><span style=\"background-color:#FFFF00\">更吸引人了</span></strong></p>\n\n<p><strong><span style=\"background-color:#FFFF00\">連你都忍不住想掏腰包去買</span></strong></p>\n\n<p><strong><span style=\"background-color:#FFFF00\">那麼跟這項商品有關的公司</span></strong></p>\n\n<p><strong><span style=\"background-color:#FFFF00\">營業利益率可能就要上升了！</span></strong></p>\n\n<p>&nbsp;</p>\n\n<p>&nbsp;</p>\n\n<h1>在哪裡可以看到營業利益率呢?</h1>\n\n<p><a href=\"http://www.cmoney.tw/finance/f00043.aspx?m=3&amp;s=2330\" target=\"_blank\">點這裡</a>就能看到公司的營業利益率囉</p>\n\n<p><img alt=\"\" height=\"230\" src=\"http://www.cmoney.tw/learn/cmstatic/learn/50/20140925102504951.png\" width=\"331\" /></p>\n\n<p>&nbsp;</p>\n\n<p>歷年的直線圖</p>\n\n<p>可以看出最近幾年的變化，</p>\n\n<p>也可以用毛利率和營業利益率的折線圖</p>\n\n<p>看出之間的差距哦！</p>\n\n<p>&nbsp;</p>\n\n<p><img alt=\"\" height=\"221\" src=\"http://www.cmoney.tw/learn/cmstatic/learn/50/20140925102634505.png\" width=\"500\" /></p>\n\n<p>&nbsp;</p>\n\n<p>&nbsp;</p>\n\n<p>&nbsp;</p>\n\n<h2>最近 VR 廣告打很大</h2>\n\n<h2>應該可以注意一下</h2>\n\n<h2>有出產 VR 的公司喔~</h2>\n\n<p>&nbsp;</p>\n\n<p>&nbsp;</p>\n",
        "ViewCount": "111936",
        "IsReference": false,
        "ReferenceList": null,
        "OgImgURL": "http://www.cmoney.tw/learn/cmstatic/learn/50/20140923162253126.png"
    },
    "badges": [],
    "isTreeCompleted": false,
    "nextCourse": null
}