{
    "courseDetail": {
        "CourseId": 877,
        "CourseContent": "<h1>&nbsp;</h1>\n\n<p>新聞常報</p>\n\n<p>XX公司賣土地</p>\n\n<p>淨利超級高</p>\n\n<p>聰明的你應該知道</p>\n\n<p>一間公司開始變賣資產</p>\n\n<p>並不是一個好現象...</p>\n\n<p>真正的獲利能力</p>\n\n<p>應該是要看 稅後純益率</p>\n\n<p>什麼是稅後純益率呢？</p>\n\n<p>&nbsp;</p>\n\n<p>繼續看下去...</p>\n\n<p>&nbsp;</p>\n\n<p><span style=\"color:#808080\"><span style=\"font-size:12px\">(贊助商連結...)</span></span></p>\n\n<p><span style=\"color:#808080\"><span style=\"font-size:12px\"><googleadsense height=\"600px\" type=\"4\" width=\"300px\"></googleadsense></span></span></p>\n\n<p>&nbsp;</p>\n\n<p>&nbsp;</p>\n\n<h1>稅後純益率(淨利率)&nbsp;</h1>\n\n<h1>衡量企業最終的獲利能力</h1>\n\n<p>&nbsp;</p>\n\n<p><img alt=\"\" height=\"104\" src=\"http://www.cmoney.tw/learn/cmstatic/learn/50/20140926085738844.png\" width=\"500\" /></p>\n\n<p>&nbsp;</p>\n\n<p>&nbsp;</p>\n\n<p>業外損益</p>\n\n<p>也會影響企業獲利能力</p>\n\n<p>公司不一定只能經營本業</p>\n\n<p>也可以有副業。</p>\n\n<p>例如：</p>\n\n<p>賣電子產品的燦坤</p>\n\n<p>經營賣水餃的五花馬。</p>\n\n<p>所以一間企業本業經營得好</p>\n\n<p>營業利益率高</p>\n\n<p>最後不一定都賺錢。</p>\n\n<p>如果經營的副業都在虧錢</p>\n\n<p>最後還是壓低淨利率。</p>\n\n<p>&nbsp;</p>\n\n<p>&nbsp;</p>\n\n<h1>淨利和營業利益的差距</h1>\n\n<h1>在業外損益和所得稅</h1>\n\n<p>&nbsp;</p>\n\n<p><img alt=\"\" height=\"189\" src=\"http://www.cmoney.tw/learn/cmstatic/learn/50/20140926085848376.png\" width=\"550\" /></p>\n\n<p>&nbsp;</p>\n\n<h2><strong>業外損益包括 </strong></h2>\n\n<p><strong>賣地賣大樓、匯兌損益、利息收入</strong></p>\n\n<p><strong><span style=\"background-color:rgb(255, 255, 255); font-family:microsoft jhenghei; font-size:16px\">業外損益又分為</span><span style=\"font-family:microsoft jhenghei; font-size:16px\"><span style=\"background-color:#FFFF00\">非經常性或經常性&nbsp;</span></span></strong></p>\n\n<p><strong>非經常性損益只會發生一次　</strong></p>\n\n<p><strong>經常性損益會一直發生</strong></p>\n\n<p>變賣資產或匯兌損益</p>\n\n<p>就屬於非經常性的獲利或損失</p>\n\n<p>利息收入則是經常性的業外收入。</p>\n\n<p>&nbsp;</p>\n\n<h1>賣資產、炒匯炒房的盈餘</h1>\n\n<h1>品質低落 且不長久</h1>\n\n<h2><strong>賣土地賣大樓</strong></h2>\n\n<h2><strong>而提高淨利率不是好現象</strong></h2>\n\n<p>例如：</p>\n\n<p>黑松(1234) 在 102 年賣地</p>\n\n<p>貢獻 14 塊的 EPS</p>\n\n<p>企業把生財工具賣掉</p>\n\n<p>不僅只會有一次性收益</p>\n\n<p>往後的收入可能都會受到傷害。</p>\n\n<p>&nbsp;</p>\n\n<p>&nbsp;</p>\n\n<h2><strong>匯兌損益</strong></h2>\n\n<h2><strong>也可能嚴重衝擊淨利</strong></h2>\n\n<p>企業在美國有子公司</p>\n\n<p>子公司都是收美金作為營收</p>\n\n<p>如果美金對台幣突然貶值</p>\n\n<p>而且企業沒有避險</p>\n\n<p>就會產生匯兌損失！</p>\n\n<p>所以從這裡也可以知道</p>\n\n<p>平常企業面對匯率、利率等風險</p>\n\n<p>做好避險措施是很重要的。</p>\n\n<p>&nbsp;</p>\n\n<p><googleadsense height=\"250px\" type=\"2\" width=\"300px\"></googleadsense></p>\n\n<p>&nbsp;</p>\n\n<p>&nbsp;</p>\n\n<h1>扣除業外收支裡的</h1>\n\n<h1>非經常性收支</h1>\n\n<h1>才能有效衡量淨利率的意義！</h1>\n\n<p>因為業外收支會影響淨利率甚多</p>\n\n<p>尤其是非經常性支出的部分</p>\n\n<p>有時會讓淨利率對股價的影響打折扣。</p>\n\n<p>例如：</p>\n\n<p>一家&nbsp;<a href=\"http://www.cmoney.tw/finance/f00043.aspx?m=3&amp;s=1234\" target=\"_blank\">黑松(1234)</a>&nbsp;賣土地大賺錢</p>\n\n<p>某季淨利率 448.71%</p>\n\n<p>但扣除賣土地的獲利</p>\n\n<p>淨利率不到 10%</p>\n\n<p>這樣會漲嗎.....</p>\n\n<p>&nbsp;</p>\n\n<p><img alt=\"\" height=\"435\" src=\"http://www.cmoney.tw/learn/cmstatic/learn/50/20140926100201943.png\" width=\"600\" /></p>\n\n<p>&nbsp;</p>\n\n<p>&nbsp;</p>\n\n<h1>稅後純益率</h1>\n\n<h1>長期維持高水準</h1>\n\n<h1>代表企業產品佳、經營能力強</h1>\n\n<p>再來看看&nbsp;<a href=\"http://www.cmoney.tw/finance/f00043.aspx?m=3&amp;s=2330\" target=\"_blank\">台積電(2330)</a>&nbsp;的稅後純益率</p>\n\n<p>長期維持在 30% 以上</p>\n\n<p>盈餘品質穩定！</p>\n\n<p>&nbsp;</p>\n\n<p><img alt=\"\" height=\"264\" src=\"http://www.cmoney.tw/learn/cmstatic/learn/50/20140926094723585.png\" width=\"600\" />，</p>\n\n<p>&nbsp;</p>\n\n<p>&nbsp;</p>\n\n<h1>稅後純益率</h1>\n\n<h1>點<a href=\"http://www.cmoney.tw/finance/f00043.aspx?m=3&amp;s=2330\" target=\"_blank\">這裡</a>到個股分析查到</h1>\n\n<p><img alt=\"\" height=\"234\" src=\"http://www.cmoney.tw/learn/cmstatic/learn/50/20141001180532222.png\" width=\"258\" /></p>\n\n<p>&nbsp;</p>\n\n<p>&nbsp;</p>\n\n<p>&nbsp;</p>\n\n<h2>記得買稅後純益率</h2>\n\n<h2>是正數的股票哦！！</h2>\n\n<p>&nbsp;</p>\n\n<p>&nbsp;</p>\n",
        "ViewCount": "85862",
        "IsReference": false,
        "ReferenceList": null,
        "OgImgURL": "http://www.cmoney.tw/learn/cmstatic/learn/50/20140926085738844.png"
    },
    "badges": [],
    "isTreeCompleted": false,
    "nextCourse": null
}