{
    "courseDetail": {
        "CourseId": 881,
        "CourseContent": "<p>&nbsp;</p>\n\n<p>&nbsp;</p>\n\n<p>何小姐最近一頭栽進了投資的市場</p>\n\n<p>她從股票、期貨，玩到選擇權</p>\n\n<p>最後因為資金有限</p>\n\n<p>決定專精玩選擇權</p>\n\n<p>她本以為每次都花一點點權利金</p>\n\n<p>就能以小博大，並且就算輸光也沒多少</p>\n\n<p>但一兩個月下來，輸的卻比想像的還要多</p>\n\n<p>這是為什麼呢？</p>\n\n<p>&nbsp;</p>\n\n<p>繼續看下去...</p>\n\n<p>&nbsp;</p>\n\n<p><span style=\"color:#D3D3D3\"><span style=\"font-size:12px\">(贊助商連結)</span></span></p>\n\n<p><span style=\"color:#808080\"><span style=\"font-size:12px\"><googleadsense height=\"600px\" type=\"4\" width=\"300px\"></googleadsense></span></span></p>\n\n<p>&nbsp;</p>\n\n<h2>原來選擇權的交易策略相當繁多</h2>\n\n<h2>要能準確運用才能獲利</h2>\n\n<h2>那要怎麼使用交易策略呢？</h2>\n\n<p>&nbsp;</p>\n\n<h1>執行交易的 3 種履約價</h1>\n\n<h1>可分為：價內、價平、價外</h1>\n\n<p>&nbsp;</p>\n\n<h1>對買權而言</h1>\n\n<p><img alt=\"\" height=\"150\" src=\"http://www.cmoney.tw/learn/cmstatic/learn/42/20140822151614664.jpg\" width=\"500\" /></p>\n\n<h2>價內就是</h2>\n\n<h2>履約價比市價低的價格</h2>\n\n<p>假設現在 台股現行報價 9000 點</p>\n\n<p>若買權履約價 &nbsp;&lt; 9000點，就是 價內。</p>\n\n<p>&nbsp;</p>\n\n<h2>價平就是</h2>\n\n<h2>履約價接近市價的價格</h2>\n\n<p>假設現在 台股現行報價 9000 點</p>\n\n<p>履約價 ≒ &nbsp;9000 點，就是 價平。</p>\n\n<p>&nbsp;</p>\n\n<h2>價外就是</h2>\n\n<h2>履約價比市價高的價格</h2>\n\n<p>假設現在 台股現行報價 9000 點</p>\n\n<p>履約價 &gt; 9000 點，就是 價外。</p>\n\n<p>&nbsp;</p>\n\n<h1>對賣權而言</h1>\n\n<p><img alt=\"\" height=\"150\" src=\"http://www.cmoney.tw/learn/cmstatic/learn/42/20140822152803293.jpg\" width=\"500\" /></p>\n\n<h2>價內就是</h2>\n\n<h2>履約價比市價高的價格</h2>\n\n<p>假設現在 台股現行報價 9000 點</p>\n\n<p>履約價 &gt; &nbsp;9000 點，就是 價內。</p>\n\n<p>&nbsp;</p>\n\n<h2>價平就是</h2>\n\n<h2>履約價接近市價的價格</h2>\n\n<p>假設現在 台股現行報價 9000 點</p>\n\n<p>履約價 ≒ 9000 點，就是 價平。</p>\n\n<p>&nbsp;</p>\n\n<h2>價外就是</h2>\n\n<h2>履約價比市價低的價格</h2>\n\n<p>假設現在 台股現行報價 9000 點</p>\n\n<p>履約價 &lt; 9000 點，就是 價外。</p>\n\n<p>&nbsp;</p>\n\n<p><span style=\"color:#FF0000\"><strong>p.s 要注意 call、put 的價內、價外意義不同！</strong></span></p>\n\n<p>&nbsp;</p>\n\n<p><googleadsense height=\"250px\" type=\"2\" width=\"300px\"></googleadsense></p>\n\n<p>&nbsp;</p>\n\n<h1>當短期內價格可能上漲時</h1>\n\n<h1>便可買進買權獲利</h1>\n\n<p>&nbsp;</p>\n\n<p>&nbsp;</p>\n\n<p>&nbsp;</p>\n\n<p>例如</p>\n\n<p>當台指期貨為 9000 點時</p>\n\n<p>小綠預期 未來指數將上漲</p>\n\n<p>以 150 點權利金</p>\n\n<p>買進履約價 9000 點的買權</p>\n\n<p>&nbsp;</p>\n\n<p>若指數預期上漲至 9200 點</p>\n\n<p>小綠便獲利 50 點* 50 元= 2500 元</p>\n\n<p>（ 9200 點 - 9000 點 - 150 點）</p>\n\n<p>&nbsp;</p>\n\n<p>但若今天指數下跌至 8700 點時</p>\n\n<p>小綠可以選擇不履約</p>\n\n<p>最多賠掉權利金 150 點* 50 元= 7500 元</p>\n\n<p>&nbsp;</p>\n\n<h1>價格不易波動或易下跌時</h1>\n\n<h1>便賣出買權獲利</h1>\n\n<p>&nbsp;</p>\n\n<p>&nbsp;</p>\n\n<p>&nbsp;</p>\n\n<p>例如</p>\n\n<p>當台指期上漲至 9000 點時</p>\n\n<p>開始出現 漲不動的狀態</p>\n\n<p>小紅就可以 賣出履約價</p>\n\n<p>9000 點的買權來獲利</p>\n\n<p>便可賺取 權利金 150 點</p>\n\n<p>&nbsp;</p>\n\n<p>指數如果開始上漲</p>\n\n<p>這時候小紅就要小心了</p>\n\n<p>因為賣方的風險無限</p>\n\n<p>若指數漲至 9300 點</p>\n\n<p>小紅就會虧損 150 點* 50 元= 7500 元</p>\n\n<p>( 9300 點- 9000 點- 150 點)</p>\n\n<p>&nbsp;</p>\n\n<p>你可以利用選擇權工具</p>\n\n<p>尋找各種獲利模式</p>\n\n<p>但你必須要了解每種方式的適用時機</p>\n\n<p>才能正確掌握操作方式</p>\n\n<p>&nbsp;</p>\n\n<h2>不管買權還是賣權</h2>\n\n<h2>都是價內才有履約的價值！</h2>\n\n<p>&nbsp;</p>\n\n<p><a href=\"http://cmy.tw/005AFR\"><img alt=\"\" height=\"60\" src=\"http://www.cmoney.tw/learn/cmstatic/learn/42/20170213113012552.png\" width=\"820\" /></a></p>\n\n<p>&nbsp;</p>\n\n<p><iframe allowtransparency=\"true\" frameborder=\"0\" height=\"80\" scrolling=\"no\" src=\"https://www.facebook.com/plugins/like.php?href=https%3A%2F%2Fwww.facebook.com%2Fcmoneyapp%2F&amp;width=450&amp;layout=standard&amp;action=like&amp;size=large&amp;show_faces=true&amp;share=true&amp;height=80&amp;appId\" style=\"outline-style: initial; outline-width: 0px; position: relative; width: 879px; border-width: initial; border-style: none; overflow: hidden;\" width=\"450\"></iframe></p>\n\n<p>&nbsp;</p>\n",
        "ViewCount": "70930",
        "IsReference": false,
        "ReferenceList": null,
        "OgImgURL": "http://www.cmoney.tw/learn/cmstatic/learn/42/20140822151614664.jpg"
    },
    "badges": [],
    "isTreeCompleted": false,
    "nextCourse": null
}