{
    "courseDetail": {
        "CourseId": 884,
        "CourseContent": "<p>&nbsp;</p>\n\n<p>&nbsp;</p>\n\n<p>簡單了解&nbsp;<a href=\"http://www.cmoney.tw/learn/course/moreknowledge103/topic/661\" target=\"_blank\">什麼是權證</a>&nbsp;之後，你對權證有比較多認識了嗎?</p>\n\n<p>但是我們常常提起認購權證與認售權證，那又有什麼不同呢?</p>\n\n<p>接下來開始為你介紹兩者的差別。</p>\n\n<p>&nbsp;</p>\n\n<p><span style=\"color:#696969\">(贊助商連結)</span></p>\n\n<p><googleadsense height=\"600px\" type=\"4\" width=\"300px\"></googleadsense></p>\n\n<p>&nbsp;</p>\n\n<p>&nbsp;</p>\n\n<h1>認購權證：依照履約價格「購買」標的物的權利</h1>\n\n<h2>投資人支付權利金，擁有在到期日時用約定的價格買進</h2>\n\n<p>投資人向證券商購買權利，</p>\n\n<p><strong>在到期日(前)以約定的價格購買股票，</strong></p>\n\n<p>以下圖為例，</p>\n\n<p>投資人購買這個權證，</p>\n\n<p>可以在 2015/2/2 時，</p>\n\n<p>以82.61的價格購買 <a href=\"http://www.cmoney.tw/finance/f00025.aspx?m=3&amp;s=3227\" target=\"_blank\">原相(3227)</a></p>\n\n<p>&nbsp;</p>\n\n<p><img alt=\"\" height=\"94\" src=\"http://www.cmoney.tw/learn/cmstatic/learn/53/20140925110044170.jpg\" width=\"400\" /></p>\n\n<p>圖片來源：<a href=\"https://www.warrantwin.com.tw/default.aspx\" target=\"_blank\">元大權證網</a></p>\n\n<p>&nbsp;</p>\n\n<h2><strong>預期未來股票上漲，要買入</strong>「<strong>認購權證</strong>」</h2>\n\n<p><strong>當標的物最後價格高於約定價格，</strong></p>\n\n<p><strong>我們可以就便宜的買入，</strong></p>\n\n<p>達到獲利的效果。</p>\n\n<p>&nbsp;</p>\n\n<h1>認售權證：依照履約價格「販賣」標的物的權利</h1>\n\n<h2>投資人支付權利金，擁有在到期日時用約定的價格賣出</h2>\n\n<p>投資人向證券商購買權利，</p>\n\n<p><strong>可以在到期日(前)用約定好的價格售出股票</strong><strong>。</strong></p>\n\n<p>以下圖為例</p>\n\n<p>投資人購買這個權證，</p>\n\n<p>可以在 2015/2/2 時，</p>\n\n<p>以50.00的價格售出 <a href=\"http://www.cmoney.tw/finance/f00025.aspx?m=3&amp;s=3474\" target=\"_blank\">華亞科(3474)</a></p>\n\n<p>&nbsp;</p>\n\n<p><img alt=\"\" height=\"114\" src=\"http://www.cmoney.tw/learn/cmstatic/learn/53/20140925111929983.jpg\" width=\"400\" /></p>\n\n<p><span style=\"font-size:12.7272720336914px\">圖片來源：<a href=\"https://www.warrantwin.com.tw/default.aspx\" target=\"_blank\">元大權證網</a></span></p>\n\n<p>&nbsp;</p>\n\n<h2><strong>預期未來股票下跌，要買入</strong>「<strong>認售權證</strong>」</h2>\n\n<p><strong>當標的物最後價格低於約定價格，</strong></p>\n\n<p><strong>我們可以較高價格賣出，</strong></p>\n\n<p>達到獲利的效果。</p>\n\n<p>&nbsp;</p>\n\n<p>&nbsp;</p>\n\n<h1>總結</h1>\n\n<p>&nbsp;</p>\n\n<p><img alt=\"\" height=\"325\" src=\"http://www.cmoney.tw/learn/cmstatic/learn/53/20140826091647433.jpg\" width=\"500\" /></p>\n\n<p>&nbsp;</p>\n\n<p>認識了<span style=\"font-family:arial,微軟正黑體,細明體; font-size:15px\">認購權證與認售權證之後，</span></p>\n\n<p>你知道自己是否適合權證投資嗎？</p>\n\n<p>快繼續下一課來了解一下～</p>\n\n<p>&nbsp;</p>\n\n<h2>馬上報名&nbsp;►►</h2>\n\n<h2>9/01&nbsp;<a href=\"https://www.cmoney.tw/app/classesdetail.aspx?id=1833\" style=\"outline-style: initial; outline-width: 0px; position: relative;\">(台北) 權證小哥｜月月領股息存股秘術，股期實戰班</a></h2>\n\n<h2>9/04&nbsp;<a href=\"https://www.cmoney.tw/app/classesdetail.aspx?id=1834\" style=\"outline-style: initial; outline-width: 0px; position: relative;\">(桃園) 權證小哥｜月月領股息存股秘術，股期實戰班</a></h2>\n\n<h2>9/05&nbsp;<a href=\"https://www.cmoney.tw/app/classesdetail.aspx?id=1835\" style=\"outline-style: initial; outline-width: 0px; position: relative;\">(台中) 權證小哥｜月月領股息存股秘術，股期實戰班</a></h2>\n\n<h2>9/06&nbsp;<a href=\"https://www.cmoney.tw/app/classesdetail.aspx?id=1836\" style=\"outline-style: initial; outline-width: 0px; position: relative;\">(高雄) 權證小哥｜月月領股息存股秘術，股期實戰班</a></h2>\n\n<h2>9/07&nbsp;<a href=\"https://www.cmoney.tw/app/classesdetail.aspx?id=1837\" style=\"outline-style: initial; outline-width: 0px; position: relative;\">(台南) 權證小哥｜月月領股息存股秘術，股期實戰班</a></h2>\n\n<h2>9/08&nbsp;<a href=\"https://www.cmoney.tw/app/classesdetail.aspx?id=1838\" style=\"outline-style: initial; outline-width: 0px; position: relative;\">(嘉義) 權證小哥｜月月領股息存股秘術，股期實戰班</a></h2>\n\n<h2>名額有限，要搶要快哦～</h2>\n",
        "ViewCount": "64724",
        "IsReference": true,
        "ReferenceList": [
            {
                "ReferenceId": 33688,
                "Description": "權證的高槓桿 是它迷人之處，但這 9 大指標不可不知！尤其是第 5 點...",
                "ReferenceUrl": "http://cmy.tw/004dsS",
                "ReferenceImage": "http://www.cmoney.tw/notes/cmstatic/notes/capture/322701/20160202162352193.jpg",
                "ViewCount": 92
            },
            {
                "ReferenceId": 33689,
                "Description": "權證新手必看！小哥公開挑權證 6大原則",
                "ReferenceUrl": "http://cmy.tw/004y3Z",
                "ReferenceImage": "http://www.cmoney.tw/notes/cmstatic/notes/capture/29464/20140312140315577.png",
                "ViewCount": 161
            },
            {
                "ReferenceId": 33690,
                "Description": "玩權證前，你一定要懂的3件事！",
                "ReferenceUrl": "http://cmy.tw/004nd2",
                "ReferenceImage": "http://www.cmoney.tw/notes/cmstatic/notes/capture/57811/20140314163417281.png",
                "ViewCount": 71
            }
        ],
        "OgImgURL": "http://www.cmoney.tw/learn/cmstatic/learn/53/20140925110044170.jpg"
    },
    "badges": [],
    "isTreeCompleted": false,
    "nextCourse": null
}