{
    "courseDetail": {
        "CourseId": 89,
        "CourseContent": "<p>&nbsp;</p>\n\n<h1><span style=\"color:rgb(204, 0, 0); font-size:26px\">她投資「選擇權」...</span></h1>\n\n<h1>四個月，40 倍的報酬</h1>\n\n<p>之前新聞有報導</p>\n\n<p>投資人李小姐使用「選擇權」</p>\n\n<p>短短四個月內</p>\n\n<p>用 7.5 萬元滾到 300 多萬元，</p>\n\n<p>這種 40 倍的報酬，</p>\n\n<p>用小錢致富，</p>\n\n<p>是每個市井小民的夢想，</p>\n\n<p>過去或許難如登天，</p>\n\n<p>但自從選擇權出現後，</p>\n\n<p>提供了小錢致富的可能性。</p>\n\n<p>那到底...</p>\n\n<h2>什麼是選擇權呢？</h2>\n\n<p>&nbsp;</p>\n\n<p>繼續看下去...</p>\n\n<p>&nbsp;</p>\n\n<p><span style=\"color:rgb(128, 128, 128)\"><span style=\"font-size:12px\">(贊助商連結...)</span></span></p>\n\n<p><googleadsense height=\"600px\" type=\"4\" width=\"300px\"></googleadsense></p>\n\n<p>&nbsp;</p>\n\n<p>&nbsp;</p>\n\n<h1>選擇權是一種契約</h1>\n\n<h1>一種權利的交易</h1>\n\n<p>顧名思義</p>\n\n<p>你有權利決定是否要履行契約</p>\n\n<p>也可以選擇 &quot; 買 &quot; 這個權利</p>\n\n<p>或 &quot; 賣 &quot; 這個權利！</p>\n\n<p><strong><span style=\"background-color:rgb(255, 255, 0)\">買方，就是買進權利的角色；</span></strong></p>\n\n<p><strong><span style=\"background-color:rgb(255, 255, 0)\">賣方，則是賣出權利的角色。</span></strong></p>\n\n<p>&nbsp;</p>\n\n<h1><strong>選擇權，</strong></h1>\n\n<h1><strong>是「權利」及「義務」的交易</strong></h1>\n\n<p>雖然一般時候，</p>\n\n<p>我們說權利伴隨著義務，</p>\n\n<p>但在選擇權中，</p>\n\n<p>履約權利和履約義務是一分為二的。</p>\n\n<p>&nbsp;</p>\n\n<p>在選擇權市場上，</p>\n\n<p>如果你想有權利，</p>\n\n<p>沒有白吃的午餐，當然要付錢，</p>\n\n<p>這就是選擇權的<strong>買方</strong>；</p>\n\n<p>如果你有義務，</p>\n\n<p>也沒有白白承擔，收一筆權利金，</p>\n\n<p>這是選擇權<strong>賣方</strong>。</p>\n\n<p>選擇權也是為了避險而衍生的。</p>\n\n<p>以期貨交易為標的，</p>\n\n<p>雙方約定履約價格之後，</p>\n\n<p>買入選擇權可以讓我們減低風險。</p>\n\n<p>&nbsp;</p>\n\n<p><img alt=\"\" height=\"197\" src=\"http://www.cmoney.tw/learn/cmstatic/learn/59/20180731171334892.png\" width=\"437\" /></p>\n\n<p>&nbsp;</p>\n\n<p>&nbsp;</p>\n\n<h1>這...是什麼意思呢？</h1>\n\n<h1>用 2 個例子告訴你！</h1>\n\n<h2>1. 買權：以牛排餐廳為例...&nbsp;</h2>\n\n<p>小戴是牛排餐廳的總裁，</p>\n\n<p>萬物皆漲，小戴也害怕以後牛肉會漲，</p>\n\n<p>會提高餐廳成本。</p>\n\n<p>所以他支付了權利金，</p>\n\n<p>買入了牛肉期貨的買權</p>\n\n<p>(履約價格：250 元 / 斤)，</p>\n\n<p>所以當未來&hellip;..</p>\n\n<p>&nbsp;</p>\n\n<p>1. 牛肉真的漲翻天，漲到 2000 元 / 斤&nbsp; &nbsp;</p>\n\n<p>小戴會很開心履約。&nbsp;&nbsp;</p>\n\n<p>因為，他可以用履約價( 250 元 / 斤)</p>\n\n<p>買入價值 2000 元/斤的牛肉，&nbsp;&nbsp;</p>\n\n<p>省了一筆！</p>\n\n<p>&nbsp;</p>\n\n<p>&nbsp;</p>\n\n<p>&nbsp;</p>\n\n<p>&nbsp;2. 牛肉不漲反跌，變成 80 元 / 斤</p>\n\n<p>小戴會有點傷心，</p>\n\n<p>但不會太傷心，因為他不會去履約。</p>\n\n<p>因為，小戴買市場 80 元 / 斤牛肉就好，</p>\n\n<p>而他是買權買方，</p>\n\n<p>有權利決定履約或不履約，</p>\n\n<p>既然市場只賣 80 元 / 斤，</p>\n\n<p>就不須履約，</p>\n\n<p>僅小小付出了權利金而已。</p>\n\n<p>&nbsp;</p>\n\n<p>&nbsp;</p>\n\n<p>&nbsp;</p>\n\n<p>&nbsp;</p>\n\n<h2>2. 賣權：以石油公司為例...</h2>\n\n<p>傑克是阿拉伯石油公司的總裁，</p>\n\n<p>他擔心以後石油會跌，</p>\n\n<p>賣不到好價錢，</p>\n\n<p>所以他支付了權利金，</p>\n\n<p>買入了石油期貨的賣權</p>\n\n<p>(履約價格 $35 / 公升)。</p>\n\n<p>所以未來如果&hellip;</p>\n\n<p>&nbsp;</p>\n\n<p>1. 石油價格一落千丈，變成 $5 /公升，</p>\n\n<p>傑克咧嘴笑著去履約。</p>\n\n<p>因為，他可以用</p>\n\n<p>履約價 $35 / 公升賣出石油，</p>\n\n<p>比市價 $5 / 公升高好多呀！</p>\n\n<p>&nbsp;</p>\n\n<p>&nbsp;</p>\n\n<p>&nbsp;</p>\n\n<p>2. 猜測錯誤，石油漲到 $100 /公升，</p>\n\n<p>傑克不會去履約。</p>\n\n<p>石油市場價格高，</p>\n\n<p>那直接在市場賣就好，</p>\n\n<p>傑克的代價只有權利金而已。</p>\n\n<p>&nbsp;</p>\n\n<p>&nbsp;</p>\n\n<p>&nbsp;</p>\n\n<p>權利金可以讓你在 4 個月</p>\n\n<p>翻了 40 倍薪水，</p>\n\n<p>但風險也很高哦！！</p>\n\n<p>如果想要多了解它，</p>\n\n<p>可以看看<a href=\"http://www.cmoney.tw/learn/course/optionbasic/topic/850\">選擇權是不適合我？5 個評估你一定要做好</a><br />\n&nbsp;</p>\n\n<p><googleadsense height=\"250px\" type=\"2\" width=\"300px\"></googleadsense></p>\n\n<p>&nbsp;</p>\n\n<h2>選擇權簡直就是小額致富的好幫手！</h2>\n\n<h2>喜歡短線投資的，</h2>\n\n<h2>可以考慮看看哦～</h2>\n\n<p>&nbsp;</p>\n\n<h2>你知道嗎？現在不學好投資</h2>\n\n<h2>你會比別人多辛苦十年...</h2>\n\n<p>想學投資，卻不知從何下手？</p>\n\n<p>用16堂課，就能學會如何操作0050</p>\n\n<p>輕鬆踏出理財的第一步！</p>\n\n<p>立即了解課程 &gt;&gt;&nbsp;<a href=\"http://cmy.tw/006mys\"><span style=\"font-family:times new roman; font-size:small\">http://cmy.tw/006mys</span></a></p>\n\n<p><a href=\"http://cmy.tw/006mys\" style=\"outline-style: initial; outline-width: 0px; text-decoration-line: underline; color: rgb(0, 119, 181); position: relative;\" target=\"_blank\"><span contenteditable=\"false\" style=\"line-height:0\" tabindex=\"-1\"><img alt=\"\" data-widget=\"image\" height=\"520\" src=\"http://www.cmoney.tw/notes/cmstatic/notes/capture/744971/20190613171633668.gif\" width=\"364\" /><span style=\"background:url(&quot;https://www.cmoney.tw/thirdparty/ckeditor/4.3.2/plugins/widget/images/handle.png&quot;) rgba(220, 220, 220, 0.5); left:0px; top:-5px\"><img draggable=\"true\" height=\"15\" src=\"data:image/gif;base64,R0lGODlhAQABAPABAP///wAAACH5BAEKAAAALAAAAAABAAEAAAICRAEAOw%3D%3D\" title=\"拖曳以移動\" width=\"15\" /></span></span></a></p>\n",
        "ViewCount": "145271",
        "IsReference": true,
        "ReferenceList": [
            {
                "ReferenceId": 33259,
                "Description": "為什麼有人 3 個月賺 300 萬！ 學會「選擇權」 月入百萬不是夢！",
                "ReferenceUrl": "http://www.cmoney.tw/learn/course/optionbasic/topic/572",
                "ReferenceImage": "http://www.cmoney.tw/learn/cmstatic/learn/42/20160421110524763.png",
                "ViewCount": 315
            },
            {
                "ReferenceId": 33260,
                "Description": "選擇權 比 股票 好賺太多了！你不能不知道的7 個理由 …",
                "ReferenceUrl": "http://www.cmoney.tw/learn/course/optionbasic/topic/778",
                "ReferenceImage": "http://www.cmoney.tw/learn/cmstatic/learn/42/20160421161444433.png",
                "ViewCount": 707
            },
            {
                "ReferenceId": 33261,
                "Description": "大家都說 選擇權 好 … 但我適合用它賺錢嗎？這 5 點「評估」一定要做！",
                "ReferenceUrl": "http://www.cmoney.tw/learn/course/optionbasic/topic/850",
                "ReferenceImage": "http://www.cmoney.tw/learn/cmstatic/learn/42/20160421170325920.png",
                "ViewCount": 207
            }
        ],
        "OgImgURL": "http://www.cmoney.tw/learn/cmstatic/learn/59/20180731171334892.png"
    },
    "badges": [],
    "isTreeCompleted": false,
    "nextCourse": null
}