{
    "courseDetail": {
        "CourseId": 897,
        "CourseContent": "<p>&nbsp;</p>\n\n<p>&nbsp;</p>\n\n<h1>在進去金融市場之前</h1>\n\n<h1>必先了解市場的參與者</h1>\n\n<p>為什麼要這們做？</p>\n\n<p>是因為這些人做出的每一個決定</p>\n\n<p>都可能直接影響到你的投資！</p>\n\n<p>&nbsp;</p>\n\n<p>以交易選擇權為例</p>\n\n<p>以前選擇權市場</p>\n\n<p>是沒有法律約束的</p>\n\n<p>買賣雙方只憑著他們對對方的信任</p>\n\n<p>自行交易、履約</p>\n\n<p>這就衍生出一個問題</p>\n\n<p>如果其中某一方發現真的賠太多怎麼辦...</p>\n\n<p>答案很簡單</p>\n\n<p>&nbsp;</p>\n\n<h2>「毀約！」</h2>\n\n<p>&nbsp;</p>\n\n<p>在沒有法律保障的時代</p>\n\n<p>不守規矩就只能靠武力說話了</p>\n\n<p>但幸運的是，在這個現代</p>\n\n<p>我們有一些單位可以保護我們的權利！</p>\n\n<p>&nbsp;</p>\n\n<p>繼續看下去...</p>\n\n<p>&nbsp;</p>\n\n<p><span style=\"color:#D3D3D3\"><span style=\"font-size:12px\">(贊助商連結)</span></span></p>\n\n<p><span style=\"color:#808080\"><span style=\"font-size:12px\"><googleadsense height=\"600px\" type=\"4\" width=\"300px\"></googleadsense></span></span></p>\n\n<p>&nbsp;</p>\n\n<h1>選擇權市場的參與者</h1>\n\n<h1>主要有 4 種</h1>\n\n<p>&nbsp;</p>\n\n<p>&nbsp;</p>\n\n<p>&nbsp;</p>\n\n<h1>選擇權市場的運作</h1>\n\n<p><strong><span style=\"font-size:18px\">1. 主管機關扮演監督的角色</span></strong></p>\n\n<p><strong><span style=\"font-size:18px\">2. 期貨交易所設計投資標的</span></strong></p>\n\n<p><strong><span style=\"font-size:18px\">3. 交易商則扮演中介的角色</span></strong></p>\n\n<p><strong><span style=\"font-size:18px\">4. 投資人就可以公平而安全的進行交易</span></strong></p>\n\n<p>&nbsp;</p>\n\n<p>&nbsp;</p>\n\n<p>&nbsp;</p>\n\n<p>選擇權市場上的每個角色都是環環相扣的</p>\n\n<p>每個個體都是缺一不可</p>\n\n<p>大家都分別都有不同的功能</p>\n\n<p>負責個別不同的任務</p>\n\n<p>&nbsp;</p>\n\n<p><googleadsense height=\"250px\" type=\"2\" width=\"300px\"></googleadsense></p>\n\n<p>&nbsp;</p>\n\n<h2>有了市場之後</h2>\n\n<h2>買賣雙方的權利才不會受損</h2>\n\n<h2>所以越來越多人投入選擇權市場</h2>\n\n<p>&nbsp;</p>\n\n<p><a href=\"http://cmy.tw/0055ci\"><img alt=\"\" height=\"49\" src=\"http://www.cmoney.tw/learn/cmstatic/learn/42/20170213114405053.png\" width=\"820\" /></a></p>\n\n<p>&nbsp;</p>\n\n<p><iframe allowtransparency=\"true\" frameborder=\"0\" height=\"80\" scrolling=\"no\" src=\"https://www.facebook.com/plugins/like.php?href=https%3A%2F%2Fwww.facebook.com%2Fcmoneyapp%2F&amp;width=450&amp;layout=standard&amp;action=like&amp;size=large&amp;show_faces=true&amp;share=true&amp;height=80&amp;appId\" style=\"outline-style: initial; outline-width: 0px; position: relative; width: 879px; border-width: initial; border-style: none; overflow: hidden;\" width=\"450\"></iframe></p>\n",
        "ViewCount": "36156",
        "IsReference": false,
        "ReferenceList": null,
        "OgImgURL": "http://www.cmoney.tw/learn/cmstatic/learn/42/20170213114405053.png"
    },
    "badges": [],
    "isTreeCompleted": false,
    "nextCourse": null
}