{
    "courseDetail": {
        "CourseId": 904,
        "CourseContent": "<p>&nbsp;</p>\n\n<p>&nbsp;</p>\n\n<h1>市場上投資人有賺有賠</h1>\n\n<p>從 28 法則來看</p>\n\n<p>這個市場有 80%的人是輸錢的</p>\n\n<p>那麼這些人是怎麼看待這個市場的呢？</p>\n\n<p>要跟著大眾走嗎？</p>\n\n<p>以下分享一個方式</p>\n\n<p>可以清楚了解這個市場上大家是看多還看空...</p>\n\n<p>&nbsp;</p>\n\n<p>繼續看下去...</p>\n\n<p>&nbsp;</p>\n\n<p><span style=\"color:#D3D3D3\"><span style=\"font-size:12px\">(贊助商連結)</span></span></p>\n\n<p><googleadsense height=\"600px\" type=\"4\" width=\"300px\"></googleadsense></p>\n\n<p>&nbsp;</p>\n\n<h1>選擇權</h1>\n\n<h1>有比較複雜的特性</h1>\n\n<p>所以我們要看懂的價格項目</p>\n\n<p>比一般投資工具還要多</p>\n\n<p>那就讓我們先來看看</p>\n\n<p><span style=\"font-size:18px\"><strong>市場價格是如何運作的！</strong></span></p>\n\n<p>&nbsp;</p>\n\n<h1>正、逆價差</h1>\n\n<h1>代表市場投資人的預期</h1>\n\n<h2>預期未來走高，就是「正價差」</h2>\n\n<h2>預期未來會走低，就是「逆價差」</h2>\n\n<p>談到選擇權的市場價格</p>\n\n<p>就必須談到正、逆價差</p>\n\n<p>由於正、逆價差，代表投資人對未來的預期</p>\n\n<p>因此若&nbsp;預期未來走高</p>\n\n<p>就會出現 期貨價格 高於 現貨價格 的現象</p>\n\n<p>也就是 「正價差」</p>\n\n<p>若是預期未來會走低</p>\n\n<p>期貨價格就會 低於現貨價格</p>\n\n<p>就叫做 「逆價差」</p>\n\n<p>&nbsp;</p>\n\n<p>&nbsp;</p>\n\n<p>&nbsp;</p>\n\n<h1>買賣方的供需關係</h1>\n\n<h1>會影響市場價格</h1>\n\n<h2><strong><span style=\"color:rgb(255, 102, 0)\">1. 買賣雙方</span></strong></h2>\n\n<h2><strong><span style=\"color:rgb(255, 102, 0)\">都能接受的均衡價格</span></strong></h2>\n\n<p>阿瘋（買方）提出的蜂蜜買價</p>\n\n<p>是阿雄（賣方）能接受的</p>\n\n<p>或是阿雄（賣方）提出的蜂蜜買價</p>\n\n<p>是阿瘋（買方）可以接受的</p>\n\n<p>這就是市場的均衡價格！</p>\n\n<p>&nbsp;</p>\n\n<p>&nbsp;</p>\n\n<p>&nbsp;</p>\n\n<h2><strong><span style=\"color:rgb(255, 102, 0)\">2. 買方提高買價</span></strong></h2>\n\n<h2><strong><span style=\"color:rgb(255, 102, 0)\">成交價上漲，盤勢因此上漲</span></strong></h2>\n\n<p>當市場上不只阿瘋（買方）</p>\n\n<p>想購買某一個履約價的契約時</p>\n\n<p>小瓢 跟 阿蠅（買方）</p>\n\n<p>也想得到這個履約價的蜂蜜買權</p>\n\n<p>因此這些買方就會願意提高買價，直到成交</p>\n\n<p>&nbsp;</p>\n\n<p>&nbsp;</p>\n\n<p>&nbsp;</p>\n\n<h2><strong><span style=\"color:rgb(255, 102, 0)\">3. 賣方降低買價</span></strong></h2>\n\n<h2><strong><span style=\"color:rgb(255, 102, 0)\">成交價下跌，盤勢因此下跌</span></strong></h2>\n\n<p>當市場上的阿瘋、小瓢 跟 阿蠅（買方）</p>\n\n<p>都不滿意阿雄（賣方）提供的蜂蜜買價</p>\n\n<p>因此阿雄就會設法降低蜂蜜的買價</p>\n\n<p>提高這些買方的意願，讓契約成交</p>\n\n<p>&nbsp;</p>\n\n<p>&nbsp;</p>\n\n<p>&nbsp;</p>\n\n<p><googleadsense height=\"250px\" type=\"2\" width=\"300px\"></googleadsense></p>\n\n<p>&nbsp;</p>\n\n<h1>每個報價都有不同的意義</h1>\n\n<h2><strong><span style=\"color:rgb(255, 102, 0)\">1. 市價 = 即時價 = 成交價</span></strong></h2>\n\n<p>選擇權的交易內容，就是「權利」</p>\n\n<p>為了取得權利而支付的價金，就稱為「權利金」</p>\n\n<p>當買賣雙方出價相同的時候，契約便成交</p>\n\n<p>而市場上最新的「成交價格」</p>\n\n<p>就是「即時價格」，也是權利金的「市價」</p>\n\n<p>&nbsp;</p>\n\n<p>&nbsp;</p>\n\n<h2><strong><span style=\"color:rgb(255, 102, 0)\">2. 每日結算價</span></strong></h2>\n\n<p>每日結算價的概念，就類似股市的收盤價</p>\n\n<p>可以讓我們計算手中持有選擇權的損益</p>\n\n<p>而期交所就會</p>\n\n<p>依據每日結算價跟賣方收取「保證金」</p>\n\n<p>目前期交所每日結算價的計算方式</p>\n\n<p>就是以收盤前 30 分鐘內的成交價</p>\n\n<p>再加上最後一筆搓合成交價後的平均價格</p>\n\n<p>作為當日的結算價格</p>\n\n<p>&nbsp;</p>\n\n<p>&nbsp;</p>\n\n<h2><strong><span style=\"color:rgb(255, 102, 0)\">3. 履約價</span></strong></h2>\n\n<p>我們前面有說過</p>\n\n<p>履約價是契約的組成要件之一</p>\n\n<p>代表雙方未來結算時</p>\n\n<p>應該執行契約的價格</p>\n\n<p>每個到期的契約</p>\n\n<p>都會提供好幾個不同的執行價格</p>\n\n<p>提供我們選擇買賣</p>\n\n<p>我們可以根據自己投資的各種考量</p>\n\n<p>選擇未來適合的履約價格</p>\n\n<p>這也是不同於其他投資工具的特色</p>\n\n<p>&nbsp;</p>\n\n<p><img alt=\"\" height=\"436\" src=\"http://www.cmoney.tw/notes/cmstatic/notes/capture/114678/20140821135119835.jpg\" width=\"634\" /></p>\n\n<p>&nbsp;</p>\n\n<h2>正逆價差是選擇權入門課題</h2>\n\n<h2>投資人一定要學會！</h2>\n\n<p>&nbsp;</p>\n\n<p><a href=\"http://cmy.tw/005Did\"><img alt=\"\" height=\"56\" src=\"http://www.cmoney.tw/learn/cmstatic/learn/42/20170214164004890.png\" width=\"649\" /></a></p>\n\n<p>&nbsp;</p>\n\n<p>如果覺得這篇文章有幫助，先按個讚哦！</p>\n\n<p><iframe allowtransparency=\"true\" frameborder=\"0\" height=\"80\" scrolling=\"no\" src=\"https://www.facebook.com/plugins/like.php?href=https%3A%2F%2Fwww.facebook.com%2FMoneyMoneyMeg%2F&amp;width=300&amp;layout=standard&amp;action=like&amp;size=large&amp;show_faces=true&amp;share=true&amp;height=80&amp;appId=659425864179203\" style=\"outline-style: initial; outline-width: 0px; position: relative; width: 879px; border-width: initial; border-style: none; overflow: hidden;\" width=\"300\"></iframe></p>\n",
        "ViewCount": "46780",
        "IsReference": false,
        "ReferenceList": null,
        "OgImgURL": "http://www.cmoney.tw/notes/cmstatic/notes/capture/114678/20140821135119835.jpg"
    },
    "badges": [],
    "isTreeCompleted": false,
    "nextCourse": null
}