{
    "courseDetail": {
        "CourseId": 907,
        "CourseContent": "<p>&nbsp;</p>\n\n<p><a href=\"http://www.cmoney.tw/learn/course/optionbasic/topic/904\">上一篇</a>&nbsp;我們說過市場價格的運作</p>\n\n<p>本次我們就分兩章</p>\n\n<p>來介紹 權利金的價格是如何被</p>\n\n<p>7 個重要關鍵因子給影響的</p>\n\n<p>更深入了解之後</p>\n\n<p>可以少走許多冤枉路！</p>\n\n<p>&nbsp;</p>\n\n<p>繼續看下去...</p>\n\n<p>&nbsp;</p>\n\n<p><span style=\"color:#D3D3D3\"><span style=\"font-size:12px\">(贊助商連結)</span></span></p>\n\n<p><googleadsense height=\"600px\" type=\"4\" width=\"300px\"></googleadsense></p>\n\n<p>&nbsp;</p>\n\n<h1>1. 權利金 = 內含價值 + 時間價值</h1>\n\n<p>選擇權最重要的部分之一</p>\n\n<p>就是衡量權利金的高低</p>\n\n<p>權利金就是買方必須支付給賣方的價金</p>\n\n<p>作為將來買進或賣出契約的權利</p>\n\n<p>也就是選擇權的「市場價格」</p>\n\n<p>&nbsp;</p>\n\n<p><img alt=\"\" height=\"428\" src=\"http://www.cmoney.tw/learn/cmstatic/learn/42/20140825094952850.jpg\" width=\"500\" /></p>\n\n<p>&nbsp;</p>\n\n<p>&nbsp;</p>\n\n<h1>2. 買、賣權的內含價值 = 獲利</h1>\n\n<p>這裡舉例說明</p>\n\n<p>假設目前台股指數是 8500 點</p>\n\n<p>以下列出各履約價的內涵價值</p>\n\n<p>&nbsp;</p>\n\n<p><img alt=\"\" height=\"386\" src=\"http://www.cmoney.tw/learn/cmstatic/learn/42/20140825095610779.jpg\" width=\"500\" /></p>\n\n<p>&nbsp;</p>\n\n<h1>3. 時間價值會隨到期日接近而遞減</h1>\n\n<h2>1. 時間越多，權利越貴</h2>\n\n<p>交易人為了換取獲利的機會</p>\n\n<p>因而付出時間價值</p>\n\n<p>可以交易的時間越久</p>\n\n<p>預期整個盤勢變化的機會愈大</p>\n\n<p>因此交易人當然要支付更多的權利金！</p>\n\n<p>舉例來說</p>\n\n<p>現在鴻海股價要從 103 到 110</p>\n\n<p>3 天時間比較有可能還是 3 個月呢？</p>\n\n<p>履約的機會越高，權利金價值越貴！</p>\n\n<p>&nbsp;</p>\n\n<p><googleadsense height=\"250px\" type=\"2\" width=\"300px\"></googleadsense></p>\n\n<p>&nbsp;</p>\n\n<h2>2. 時間越少，權利價值越低</h2>\n\n<p>而相反的，如果距離到期日的時間越近</p>\n\n<p>可預期盤勢變化的機會越少</p>\n\n<p>時間價值也會越來越少</p>\n\n<p>交易人就不需支付這麼多權利金！</p>\n\n<p>&nbsp;</p>\n\n<p><img alt=\"\" height=\"414\" src=\"http://www.cmoney.tw/learn/cmstatic/learn/42/20140819165320016.jpg\" width=\"500\" /></p>\n\n<p>&nbsp;</p>\n\n<h2>衡量權利金真的很重要</h2>\n\n<h2>連這個都不懂，千萬別碰選擇權！</h2>\n\n<p>&nbsp;</p>\n\n<p><a href=\"http://cmy.tw/005BRd\"><img alt=\"\" height=\"61\" src=\"http://www.cmoney.tw/learn/cmstatic/learn/42/20170215100117267.png\" width=\"536\" /></a></p>\n\n<p>&nbsp;</p>\n\n<p>如果覺得這篇文章有幫助，先按個讚哦！</p>\n\n<p><iframe allowtransparency=\"true\" frameborder=\"0\" height=\"80\" scrolling=\"no\" src=\"https://www.facebook.com/plugins/like.php?href=https%3A%2F%2Fwww.facebook.com%2FMoneyMoneyMeg%2F&amp;width=300&amp;layout=standard&amp;action=like&amp;size=large&amp;show_faces=true&amp;share=true&amp;height=80&amp;appId=659425864179203\" style=\"outline-style: initial; outline-width: 0px; position: relative; width: 879px; border-width: initial; border-style: none; overflow: hidden;\" width=\"300\"></iframe></p>\n",
        "ViewCount": "40664",
        "IsReference": false,
        "ReferenceList": null,
        "OgImgURL": "http://www.cmoney.tw/learn/cmstatic/learn/42/20140825094952850.jpg"
    },
    "badges": [],
    "isTreeCompleted": false,
    "nextCourse": null
}