{
    "courseDetail": {
        "CourseId": 91,
        "CourseContent": "<p><img alt=\"複利的力量\" height=\"340\" src=\"http://www.cmoney.tw/learn/cmstatic/learn/1/20200427160056540.png\" width=\"650\" /></p>\n\n<p>結婚、買房、買車，</p>\n\n<p>這些大筆開銷總是吃掉你的存款！</p>\n\n<p>難怪一輩子都存不到一桶金，</p>\n\n<p>更別肖想要好好的退休了！</p>\n\n<p>難道沒有辦法能夠解決這些問題嗎？</p>\n\n<p>&nbsp;</p>\n\n<h1>善用複利</h1>\n\n<h1>幫你錢滾錢</h1>\n\n<p>投資報酬率的公式很簡單：</p>\n\n<p>淨利 &nbsp;/ &nbsp;投入本金</p>\n\n<p>講白話一點就是 ：</p>\n\n<p>賺的錢 &nbsp;/ &nbsp;投入的錢</p>\n\n<p>&nbsp;</p>\n\n<p><strong>舉個例子：</strong></p>\n\n<p>假設我花 100 萬買台積電股票，</p>\n\n<p>&nbsp;一年後漲到 120 萬。</p>\n\n<p>然後把它賣掉，賺了 20 萬，</p>\n\n<p>那麼我的報酬率就是 &nbsp;</p>\n\n<p>20 / 100 = 0.2 =&nbsp;20%</p>\n\n<p><br />\n那假設每年都有 20% 的報酬率，&nbsp;</p>\n\n<p>過了三年後，我的股票就會變成 160 萬嗎？</p>\n\n<p>&nbsp;</p>\n\n<h2>不是的!</h2>\n\n<p>&nbsp;</p>\n\n<p>趕緊來看看正確答案吧...</p>\n\n<p>&nbsp;</p>\n\n<p>繼續看下去...</p>\n\n<p>&nbsp;</p>\n\n<p><span style=\"color:rgb(128, 128, 128)\">(贊助商連結...)</span></p>\n\n<p><dfp type=\"3\"></dfp></p>\n\n<p>&nbsp;</p>\n\n<p>正確答案是原本 100 萬，&nbsp;&nbsp;</p>\n\n<p>過了一年後會變成&nbsp;100 X 1.2&nbsp;= 120 萬；</p>\n\n<p>過了二年後會變成&nbsp;120 X 1.2&nbsp;= 144 萬；</p>\n\n<p>到了第三年會變成&nbsp;144 X 1.2&nbsp;= 172.8 萬。</p>\n\n<p>&nbsp;</p>\n\n<p>其實這就是所謂的複利，</p>\n\n<p>複利就是我們會把每年生出來的錢。</p>\n\n<p>再加到原本的本金裡，</p>\n\n<p>成為新的本金後，再乘上報酬率。</p>\n\n<h2>所以複利，</h2>\n\n<h2>講白話一點，就是錢滾錢。</h2>\n\n<p>&nbsp;</p>\n\n<h1>複利的魔力</h1>\n\n<p>讓我再重複一次複利的意義，</p>\n\n<p>假設你有一筆錢，</p>\n\n<p>經過投資後產生了一些收入。</p>\n\n<p>你把這些收入再押進去投資，</p>\n\n<p>就會產生更多收入，</p>\n\n<p>再把得到的收入再押進去投資。</p>\n\n<p>不斷重複，只要時間一拉長，</p>\n\n<p>得出來的結果會遠超出你的想像。</p>\n\n<p>&nbsp;</p>\n\n<p><dfp type=\"2\"></dfp></p>\n\n<p>&nbsp;</p>\n\n<p>舉一個簡單的例子：</p>\n\n<p>你現在有五種投資工具，</p>\n\n<p>年報酬率分別是&nbsp;1%、5%、10%、15%、20%，</p>\n\n<p>一開始本金都從&nbsp;100 萬開始，</p>\n\n<p>經過&nbsp;30 年的複利滾動後...</p>\n\n<p>下圖是用 Excel 實際計算的結果：</p>\n\n<p><img alt=\"\" height=\"375\" src=\"http://www.cmoney.tw/learn/cmstatic/learn/1/20200427162435772.jpg\" width=\"500\" /></p>\n\n<h2>經過了 3 年&nbsp;</h2>\n\n<p>年利率&nbsp;1% 的變成 103 萬，</p>\n\n<p>年利率&nbsp;20% 的變成<span style=\"color:#FF0000\"><strong>&nbsp;173 萬</strong></span>，</p>\n\n<p>其實這個差距還不是那麼的巨大。</p>\n\n<p>&nbsp;</p>\n\n<h2>到了第 10 年</h2>\n\n<p>年利率&nbsp;1% 的變成&nbsp;110 萬，</p>\n\n<p>年利率&nbsp;20% 的已經變成&nbsp;<span style=\"color:#FF0000\"><strong>619 萬</strong></span>。</p>\n\n<p>&nbsp;</p>\n\n<h2>最後我們看第 30 年</h2>\n\n<p>年利率&nbsp;1% 的變成&nbsp;135 萬，</p>\n\n<p>年利率&nbsp;20% 的就已經變成&nbsp;<span style=\"color:#FF0000\"><strong>2 億 3738 萬</strong></span>。</p>\n\n<p>&nbsp;</p>\n\n<p><dfp type=\"1\"></dfp></p>\n\n<p><br />\n用圖看更清楚，</p>\n\n<p>年利率 20% 的我沒有畫，</p>\n\n<p>因為畫不下(會衝破天花板)，</p>\n\n<p>從這個圖可以很明顯的看出，</p>\n\n<p>在不同的年利率下，到了後期會<strong><span style=\"color:#FF0000\">天差地遠</span></strong>。</p>\n\n<p><img alt=\"\" height=\"346\" src=\"http://www.cmoney.tw/notes/cmstatic/notes/capture/199580/20150127161309633.jpg\" width=\"500\" /></p>\n\n<p>&nbsp;</p>\n\n<p>所以愛因斯坦才會說，</p>\n\n<h2>複利是世界第 8 大奇蹟。</h2>\n\n<p>&nbsp;</p>\n\n<h1>總結</h1>\n\n<p>聰明人會選擇較高複利的工具，</p>\n\n<p>因為你把錢存在銀行，</p>\n\n<p>就只能有 1% 左右的年利率，</p>\n\n<p>比起每年的通貨膨脹還低，</p>\n\n<p>所以錢放銀行會越存越沒價值。</p>\n\n<p>那麼要怎麼樣才能提高複利工具的報酬率呢？</p>\n\n<p>&nbsp;</p>\n\n<p>可以試著用一些較保守的投資法像是投資&nbsp;<a href=\"http://www.cmoney.tw/notes/note-detail.aspx?bid=22814&amp;nid=6283\" target=\"_blank\">ETF</a>，</p>\n\n<p>能在保守的狀況下把報酬率提到 5% 的 level，</p>\n\n<p>這裡有一套免費的模擬軟體</p>\n\n<p>可以給你體驗►►<a href=\"http://www.cmoney.tw/app/ItemContent.aspx?id=1857&amp;fw=1\" target=\"_blank\">0050打敗定存</a></p>\n\n<p>&nbsp;</p>\n\n<p>如果想要更高的報酬到10%、15%、20%，</p>\n\n<p>那可以採取基本面選股的投資，</p>\n\n<p>有請達人出面</p>\n\n<p>►►<a href=\"http://www.cmoney.tw/notes/note-detail.aspx?cid=22814&amp;nid=5745\" target=\"_blank\">小資女艾蜜莉の投資SOP無私分享</a>!</p>\n\n<p>&nbsp;</p>\n\n<p>不相信會有年報酬率 20% 的投資方法嗎？</p>\n\n<p>那麼你可以看看</p>\n\n<p>理財小學堂的&nbsp;<a href=\"http://cmy.tw/004NYX\" target=\"_blank\">巴菲特的波克夏年報</a>&nbsp;影片說明。</p>\n\n<p>&nbsp;</p>\n\n<p><a href=\"http://cmy.tw/009YkZ\"><img alt=\"\" height=\"600\" src=\"http://www.cmoney.tw/learn/cmstatic/learn/1/20200508120857054.jpg\" width=\"300\" /></a></p>\n\n<p>&nbsp;</p>\n",
        "ViewCount": "444423",
        "IsReference": true,
        "ReferenceList": [
            {
                "ReferenceId": 34112,
                "Description": "理財hen好懂",
                "ReferenceUrl": "https://www.facebook.com/litsaiheneasy/",
                "ReferenceImage": "https://scontent.ftpe7-4.fna.fbcdn.net/v/t1.0-1/p200x200/53591743_416700958873926_7615180700337045504_n.jpg?_nc_cat=101&amp;_nc_ht=scontent.ftpe7-4.fna&amp;oh=593cefa8ad792af648ee30de3d18e8d5&amp;oe=5D048F8F",
                "ViewCount": 22
            },
            {
                "ReferenceId": 34113,
                "Description": "理財寶",
                "ReferenceUrl": "https://www.facebook.com/cmoneyapp/",
                "ReferenceImage": "https://scontent.ftpe7-2.fna.fbcdn.net/v/t1.0-1/c0.156.200.200a/429093_260831470664421_20938524_n.jpg?_nc_cat=1&amp;_nc_sid=dbb9e7&amp;_nc_ohc=ZHCvjJIrWrcAX9r8JjQ&amp;_nc_ht=scontent.ftpe7-2.fna&amp;oh=588d1595ec4b0b7839a11c8768ceab1a&amp;oe=5ECD82B2",
                "ViewCount": 16
            }
        ],
        "OgImgURL": "http://www.cmoney.tw/learn/cmstatic/learn/1/20200427160056540.png"
    },
    "badges": [],
    "isTreeCompleted": false,
    "nextCourse": null
}