{
    "courseDetail": {
        "CourseId": 911,
        "CourseContent": "<p>&nbsp;</p>\n\n<h1>權證依不同的條件，分為美式權證與歐式權證等類型</h1>\n\n<h1>1.美式權證 與&nbsp;歐式權證</h1>\n\n<h2>美式權證每天都可提出履約；歐式權證只有在到期日當天可以履約</h2>\n\n<p>權證依投資人可履約時間的不同，</p>\n\n<p>可分為美式權證和歐式權證，</p>\n\n<p>美式權證在到期日(前)的任一個營業日，</p>\n\n<p>投資人皆可向發行商要求履約。</p>\n\n<p>歐式權證只有在到期日當天，</p>\n\n<p>投資人才可向發行商申請履約。</p>\n\n<p>在台灣目前多以美式權證為主。</p>\n\n<p>&nbsp;</p>\n\n<p><img alt=\"\" height=\"231\" src=\"http://www.cmoney.tw/learn/cmstatic/learn/53/20140812185436491.jpg\" width=\"700\" /></p>\n\n<p>&nbsp;</p>\n\n<p>&nbsp;</p>\n\n<h1>2.個股型權證 與&nbsp;組合型權證</h1>\n\n<h2>個股型權證以單一個股為標的 &nbsp;組合型權證多以檔ETF為標的</h2>\n\n<p>一般而言，權證依標的股票多寡，</p>\n\n<p>可分為個股型和組合型權證，</p>\n\n<p>個股型權證是以單一個股為標的權證 ；</p>\n\n<p>組合型權證多以&nbsp;ETF&nbsp;為標的的權證，</p>\n\n<p>像是以 0050 為標的權證就是組合型權證。</p>\n\n<p>(延伸閱讀：<a href=\"http://www.cmoney.tw/notes/note-detail.aspx?cid=22814&amp;nid=6283\" target=\"_blank\">什麼是ETF 0050</a>)</p>\n\n<p>&nbsp;</p>\n\n<p>&nbsp;</p>\n\n<p>&nbsp;</p>\n\n<p>&nbsp;</p>\n\n<p>&nbsp;</p>\n\n<h1>3.固定型權證 與&nbsp;重設型權證</h1>\n\n<h2>固定型權證的履約價不變 &nbsp;而重設型權證則會依參考價有所調整</h2>\n\n<p>權證依履約價設定的方法，</p>\n\n<p>可分為固定型和重設型權證，</p>\n\n<p>固定型權證是指發行時，</p>\n\n<p>履約價格是固定的，</p>\n\n<p>而重設型權證在發行時，</p>\n\n<p>會訂定履約價 依 參考價重新向下調整。</p>\n\n<p><strong>當尚未販售，或是目前權證沒人持有時，</strong></p>\n\n<p><strong>券商才會調整履約價，</strong></p>\n\n<p>因此投資人不用擔心自己的權益會受損噢!</p>\n\n<p>&nbsp;</p>\n\n<p>&nbsp;</p>\n\n<p>&nbsp;</p>\n\n<p>&nbsp;</p>\n\n<p>權證類型的主要分類</p>\n\n<p>大多以認購權證與認售權證為主，</p>\n\n<p>(延伸閱讀：<a href=\"http://www.cmoney.tw/learn/course/moreknowledge103/topic/884\" target=\"_blank\">什麼是認購權證與認售權證</a>)</p>\n\n<p>投資人看好或看壞股票來選擇權證，</p>\n\n<p>這邊提供權證基本資料中的一些解釋，</p>\n\n<p>幫助大家更了解權證!</p>\n\n<p>&nbsp;</p>\n\n<p>&nbsp;</p>\n\n<p>&nbsp;</p>\n",
        "ViewCount": "49014",
        "IsReference": false,
        "ReferenceList": null,
        "OgImgURL": "http://www.cmoney.tw/learn/cmstatic/learn/53/20140812185436491.jpg"
    },
    "badges": [],
    "isTreeCompleted": false,
    "nextCourse": null
}