{
    "courseDetail": {
        "CourseId": 92,
        "CourseContent": "<p><img alt=\"72法則\" height=\"340\" src=\"http://www.cmoney.tw/learn/cmstatic/learn/1/20190327112139528.png\" width=\"650\" /></p>\n\n<h1><span style=\"color:rgb(204, 0, 0); font-size:26px\">投資時</span>一般人都想知道</h1>\n\n<h1>何時能翻倍？</h1>\n\n<p>投資市場上的商品有千千萬萬種，</p>\n\n<p>一般而言，最常比較的就是投資工具的<a href=\"http://www.cmoney.tw/notes/note-detail.aspx?cid=22814&amp;nid=1324\" target=\"_blank\">報酬率</a>！</p>\n\n<p>&nbsp;</p>\n\n<p>繼續看下去...</p>\n\n<p>&nbsp;</p>\n\n<p><span style=\"color:rgb(128, 128, 128)\">(贊助商連結...)</span></p>\n\n<p><span style=\"color:rgb(128, 128, 128)\"><dfp type=\"3\"></dfp></span></p>\n\n<p>&nbsp;</p>\n\n<p>但是，一般投資新手</p>\n\n<p>對投資報酬率 1%、2%、5%...的數字，</p>\n\n<p>可能只知道越大就越好，但實際上是沒有感覺的。</p>\n\n<p>&nbsp;</p>\n\n<p>舉例來說，如果你現在 25 歲，你有 30 萬要做投資，</p>\n\n<p>這時候有兩個選項放到你眼前</p>\n\n<p>(其實根本是同一種投資工具)：</p>\n\n<p>1. 直接投入 30 萬，每 1 年報酬率給你 12.25%。</p>\n\n<p>2. 直接投入 30 萬，6年後給你 60 萬。</p>\n\n<p>兩個選項，你會覺得哪一個比較直覺呢？</p>\n\n<p>&nbsp;</p>\n\n<p><img alt=\"\" height=\"242\" src=\"http://www.cmoney.tw/learn/cmstatic/learn/1/20200428101533735.jpg\" width=\"500\" /></p>\n\n<p>&nbsp;</p>\n\n<p>對我自己而言，</p>\n\n<p>我看到選項一，我會覺得：</p>\n\n<p>「嗯，真的很不錯耶！比買保險好。」</p>\n\n<p>但我看到選項二，我會想：</p>\n\n<p>「哇！賺一倍了，</p>\n\n<p>我 6 年後剛好可以拿這筆錢結婚了！」</p>\n\n<p>&nbsp;</p>\n\n<p>所以，為了讓自己更快對某樣投資工具有感覺，</p>\n\n<p>你應該要知道：</p>\n\n<p>「如果我買這個投資工具，</p>\n\n<p>我的錢多久會翻一倍？」</p>\n\n<p>&nbsp;</p>\n\n<p>計算方法很簡單，趕緊來看看吧。</p>\n\n<p>&nbsp;</p>\n\n<p><dfp type=\"2\"></dfp></p>\n\n<p>&nbsp;</p>\n\n<h1>想知道投資何時翻倍</h1>\n\n<h1>就要用 72 法則</h1>\n\n<p><span style=\"font-size:15px\">我們現在直接用一個例題來算給你看，</span></p>\n\n<p><span style=\"font-size:15px\"><img alt=\"\" height=\"152\" src=\"http://www.cmoney.tw/notes/cmstatic/notes/capture/199580/20150128145228353.jpg\" width=\"500\" /></span></p>\n\n<p>這時候請跟著我一起回想到高中職時期，</p>\n\n<p>老師曾經教過「LOG」這個東西...<span style=\"font-size:15px\">&nbsp;</span></p>\n\n<p>(通常老師會很生氣，因為沒人聽懂)</p>\n\n<p><img alt=\"\" height=\"158\" src=\"http://www.cmoney.tw/notes/cmstatic/notes/capture/199580/20150126153143194.jpg\" width=\"500\" /></p>\n\n<p>從上面的數學教學中，</p>\n\n<p>我們知道，大概花 7.2 年的時間，</p>\n\n<p>10% 報酬率的工具就可以幫助你把錢翻倍！</p>\n\n<p>&nbsp;</p>\n\n<p>這時候，眼尖的人就發現：</p>\n\n<p><strong><span style=\"font-size:20px\">「7.272」和「72法則」好像有關係。</span></strong></p>\n\n<p>沒錯！72 法則就是從這樣子的數學公式中</p>\n\n<p>衍伸出來的<strong><span style=\"font-size:20px\">經驗公式</span></strong>！</p>\n\n<p>&nbsp;</p>\n\n<p>所謂的 72，就是你把</p>\n\n<p><strong><span style=\"background-color:#ffff00\">72 當作分子</span></strong>，<strong><span style=\"background-color:#ffff00\">報酬率當作分母</span></strong>，</p>\n\n<p>得到的結果就是「<strong><span style=\"background-color:#ffff00\">翻倍需要的年數</span></strong>」。</p>\n\n<p><img alt=\"\" height=\"153\" src=\"http://www.cmoney.tw/notes/cmstatic/notes/capture/199580/20150126153007254.jpg\" width=\"500\" /></p>\n\n<p><span style=\"font-size:15px\">所以，如果你的報酬率是 10%，</span></p>\n\n<p><span style=\"font-size:15px\">大概要 7.2 年，</span></p>\n\n<p>如果你的報酬率是 15%，</p>\n\n<p>只要 4.8 年就可以翻倍。</p>\n\n<p>&nbsp;</p>\n\n<p><dfp type=\"1\"></dfp></p>\n\n<p>&nbsp;</p>\n\n<h1>經過驗證</h1>\n\n<h1>72 法則真的很準！</h1>\n\n<p><span style=\"font-size:15px\">你可能會想：「72 法則真的準嗎？」</span></p>\n\n<p>如果你會這麼想，代表你有科學求證的精神，</p>\n\n<p>那真的是太好了！表示你有<a href=\"http://www.cmoney.tw/notes/note-detail.aspx?cid=22814&amp;nid=6179\" target=\"_blank\">獨立思考</a>的特質！</p>\n\n<p>&nbsp;</p>\n\n<p>這裡我就用 EXCEL 幫你計算看看，</p>\n\n<p>到底 72 法則準不準</p>\n\n<p>&nbsp;</p>\n\n<p>看完這些說明後，</p>\n\n<p>你應該可以了解 72 法則有多好用了。</p>\n\n<p>下次投資前，你只需要花 1 秒</p>\n\n<p>就可以感受到<a href=\"http://www.cmoney.tw/notes/note-detail.aspx?cid=22814&amp;nid=6569\" target=\"_blank\">複利</a>的時間威力！</p>\n\n<p>&nbsp;</p>\n\n<p><span style=\"color:#696969\">(影片教學：<a href=\"http://www.youtube.com/embed/QY7mZmW4uVw\">72法則</a>)</span></p>\n\n<p><iframe allowfullscreen=\"\" frameborder=\"0\" height=\"640\" src=\"//www.youtube.com/embed/QY7mZmW4uVw\" width=\"360\"></iframe></p>\n\n<p>&nbsp;</p>\n\n<p>投資最重要的就是找到適合自己的投資方式，</p>\n\n<p>不論是股市、外匯、期貨...等，</p>\n\n<p>使用<span style=\"color:#0000ff\"><a href=\"http://www.cmoney.tw/finance/\" target=\"_blank\">財經</a>，</span>讓你了解個股、外匯、商品市場，</p>\n\n<p>讓你<span style=\"background-color:#ffff00\">清楚了解大盤走勢和法人持有情況</span>，</p>\n\n<p>唯有知己知彼，才能百戰百勝。</p>\n\n<p>&nbsp;</p>\n\n<p><a href=\"http://cmy.tw/009YkZ\"><img alt=\"\" height=\"600\" src=\"http://www.cmoney.tw/learn/cmstatic/learn/1/20200508120817689.jpg\" width=\"300\" /></a></p>\n",
        "ViewCount": "289571",
        "IsReference": true,
        "ReferenceList": [
            {
                "ReferenceId": 34110,
                "Description": "理財hen好懂",
                "ReferenceUrl": "https://www.facebook.com/litsaiheneasy/",
                "ReferenceImage": "http://www.cmoney.tw/learn/cmstatic/learn/1/20170807144705709.png",
                "ViewCount": 35
            },
            {
                "ReferenceId": 34111,
                "Description": "理財寶",
                "ReferenceUrl": "https://www.facebook.com/cmoneyapp/",
                "ReferenceImage": "https://scontent.ftpe7-4.fna.fbcdn.net/v/t1.0-1/c0.156.200.200a/429093_260831470664421_20938524_n.jpg?_nc_cat=1&amp;_nc_sid=dbb9e7&amp;_nc_ohc=ZHCvjJIrWrcAX8USD8k&amp;_nc_ht=scontent.ftpe7-4.fna&amp;oh=198e2dfb3f020ad14010c22b965ca0d3&amp;oe=5ECD82B2",
                "ViewCount": 7
            }
        ],
        "OgImgURL": "http://www.cmoney.tw/learn/cmstatic/learn/1/20190327112139528.png"
    },
    "badges": [],
    "isTreeCompleted": false,
    "nextCourse": null
}