{
    "courseDetail": {
        "CourseId": 93,
        "CourseContent": "<p><img alt=\"理債\" height=\"340\" src=\"http://www.cmoney.tw/learn/cmstatic/learn/1/20190327114252016.png\" width=\"650\" /></p>\n\n<h1><span style=\"color:rgb(204, 0, 0); font-size:26px\">為什麼要理債？</span></h1>\n\n<p>看過<a href=\"https://goo.gl/p3FCP7\">《複利的力量》</a>後，</p>\n\n<p>相信各位已經了解複利的力量。</p>\n\n<p>本篇我們就來談複利的另一面，</p>\n\n<p>當複利的這個角色不是站在你這邊，</p>\n\n<p>而是在扯你後腿時，是很恐怖的。</p>\n\n<p>就像荀子所說的：「<strong>水能載舟，亦能覆舟。」</strong></p>\n\n<p>&nbsp;</p>\n\n<p>趕緊來看看吧...</p>\n\n<p>&nbsp;</p>\n\n<p><span style=\"font-size:12px\"><span style=\"color:#A9A9A9\">(贊助商連結...)</span></span></p>\n\n<p><dfp type=\"3\"></dfp></p>\n\n<p>&nbsp;</p>\n\n<p>簡單舉個例子，假設你借了 300 萬，</p>\n\n<p>年利率 10%，代表你每年要還債主 30 萬。</p>\n\n<p>以現在年輕人月薪 22K 的薪水，</p>\n\n<p>就算你一整年不吃不喝把薪水全部拿去繳貸款，</p>\n\n<p>也只有 26.4 萬連利息都繳不完，</p>\n\n<p>甚至還會越還越多。</p>\n\n<p>&nbsp;</p>\n\n<h1>借錢一定會有代價的</h1>\n\n<h1>負擔的起才會借錢</h1>\n\n<p>借錢都是要有利息的，</p>\n\n<p>不然別人不會平白無故借你。</p>\n\n<p>以我們最常見的房貸車貸的利率來說，</p>\n\n<p>大約是年利率 2 ~ 3% 左右，</p>\n\n<p>當然根據不同的狀況會有不同的利率。</p>\n\n<p>重點是各位在做這些決定時，要仔細去評估，</p>\n\n<p>這個利率是不是你能負擔的，它划得來嗎？</p>\n\n<p>&nbsp;</p>\n\n<p>千萬別因為覺得這些數字很複雜，</p>\n\n<p>懶得去算，就被別人牽著鼻子走。</p>\n\n<p>&nbsp;</p>\n\n<h1>借錢之前，</h1>\n\n<h1>你一定要懂的 3 件事</h1>\n\n<h2>1. 銀行貸款，利率大約 2~8%</h2>\n\n<p>這是較常見的貸款方式，</p>\n\n<p>舉凡房貸、車貸、學生貸款、信用貸款等，</p>\n\n<p>都是直接或間接跟銀行借款，</p>\n\n<p>貸款利率算是比較低的大約介於 2~8% 不等。</p>\n\n<p>&nbsp;</p>\n\n<p>由於銀行沒辦法確定貸款是否收的回來，</p>\n\n<p>也無法用暴力討債，</p>\n\n<p>所以通常銀行會要求要有良好的信用、</p>\n\n<p>還款計畫、或是抵押品等等。</p>\n\n<p>&nbsp;</p>\n\n<p>像半澤直樹在片中的狀況一樣，</p>\n\n<p>要是借了 5 億出去卻拿不回來，</p>\n\n<p>可是很令人崩潰的一件事。</p>\n\n<p>&nbsp;</p>\n\n<p><dfp type=\"2\"></dfp></p>\n\n<p>&nbsp;</p>\n\n<h2>2. 卡債 利率 20%</h2>\n\n<h2>的信用卡循環利息</h2>\n\n<p><strong>循環利息 就是錢滾錢 利息滾利息</strong></p>\n\n<p>前幾年的卡債風波，</p>\n\n<p>導致許多年輕人淪為卡奴。</p>\n\n<p>原因就是因為不了解複利的威力，</p>\n\n<p>於是透支消費，先刷再說。</p>\n\n<p>而信用卡的循環利息最高為 20%，</p>\n\n<p>所以很多人覺得我明明才刷這些錢，</p>\n\n<p>怎麼過個幾年就翻倍了，</p>\n\n<p>但是等到發現已經來不及了。</p>\n\n<p>&nbsp;</p>\n\n<p>以信用卡最低應繳金額為例：</p>\n\n<p>(引用資料來源：<a href=\"http://www.masterhsiao.com.tw/ToolsForFP/CreditCard/CreditCard.htm\" target=\"_blank\">怪老子信用卡循環利息試算</a>)</p>\n\n<p>&nbsp;</p>\n\n<p>銀行都設有每月最低應繳金額，</p>\n\n<p>應繳金額之比例大致上分為兩類：</p>\n\n<p>1. 每月新增之消費金額，</p>\n\n<p>這部分金管會要求是</p>\n\n<p>應繳金額為新增消費之 10%；</p>\n\n<p>2. 上個月的欠款部份，</p>\n\n<p>這一類每家銀行要求不一，</p>\n\n<p>中國信託是要求 2%。</p>\n\n<p>舉例說累積到上個月的欠款為 5 萬元，</p>\n\n<p>這月新增 2 萬元消費，</p>\n\n<p>則這個月的最低應繳金額等於：</p>\n\n<p>&nbsp;</p>\n\n<p><img alt=\"\" height=\"178\" src=\"http://www.cmoney.tw/notes/cmstatic/notes/capture/199580/20150126162154023.jpg\" width=\"490\" /></p>\n\n<p><span style=\"font-size:13.3333px\">(圖片擷取自CMoney製作)</span></p>\n\n<p>&nbsp;</p>\n\n<p>當試算預支狀況時，</p>\n\n<p>通常先不考慮新增消費部分，</p>\n\n<p>只集中在欠款繳清這部份。</p>\n\n<p>我們再仔細想想銀行為何會定 2% 呢？</p>\n\n<p>其實銀行借款主要目的是收取利息，</p>\n\n<p>目前信用卡名目年利率都為 20% 左右，</p>\n\n<p>20% 除以 12 個月，相當於每月 1.7%。</p>\n\n<p>&nbsp;</p>\n\n<p>所以銀行定 2% 意義很明顯，</p>\n\n<p>就是要消費者至少把每月利息給繳了，</p>\n\n<p>剩下一點點繳本金就好。</p>\n\n<p>&nbsp;</p>\n\n<p><strong>如果只繳利息，</strong></p>\n\n<p><strong>本金就永遠都還不清！</strong></p>\n\n<p>&nbsp;</p>\n\n<p>稍微算一下，</p>\n\n<h2>10 萬卡債若只繳最低應繳，</h2>\n\n<h2>20年繳息 27.5 萬還繳不清！</h2>\n\n<p>&nbsp;</p>\n\n<p>透過以上的試算，</p>\n\n<p>用信用卡預支 10 萬元以年利率 20% 計算，</p>\n\n<p>如果每月都以最低繳款金額繳納，</p>\n\n<p>那麼不只 20 年內還不完，</p>\n\n<p>光是 20 年的利息總共就繳了 27.5 萬，</p>\n\n<p>是預支金額的 2.75 倍。而且還沒繳清呢！</p>\n\n<p>&nbsp;</p>\n\n<h2>3. 地下錢莊高利貸</h2>\n\n<h2>年利率可能超過 1000%！</h2>\n\n<p>因為它的利率超級高，無敵爆炸高！</p>\n\n<p>你可能今天借 100 萬，過一個月後就要還 200 萬。</p>\n\n<p>這個年利率換算下來都是上 100%，甚至上 1000%！</p>\n\n<p><strong>只要你一借是絕對還不出來的，</strong></p>\n\n<p><strong>絕對會被暴力討債！</strong></p>\n\n<p>所以高利貸是絕對碰不得的！</p>\n\n<p>&nbsp;</p>\n\n<h1>債務可能造成龐大支出</h1>\n\n<p>下表是你借了 100 元，</p>\n\n<p>過了那段時間後，你要還多少錢。</p>\n\n<p>假如你跟地下錢莊借了 100 元，</p>\n\n<p>十年後再還竟然要還將近 20 億元，</p>\n\n<p>真的比核彈還可怕，</p>\n\n<p>就算只借個半年也至少要加倍才夠奉還。</p>\n\n<p><img alt=\"\" height=\"128\" src=\"http://www.cmoney.tw/notes/cmstatic/notes/capture/199580/20150128163709926.jpg\" width=\"500\" /></p>\n\n<p><span style=\"font-size:13.3333px\">(圖片擷取自CMoney製作)</span></p>\n\n<p>&nbsp;</p>\n\n<p>銀行利息是以房貸年利率 3% 來算，</p>\n\n<p>(參考資料：<a href=\"http://www.easybank.url.tw/news/news8.html\" target=\"_blank\">2013年平均房貸比較表</a>)</p>\n\n<p>信用卡循環利息算法則約 20%，</p>\n\n<p>地下錢莊的利率是以十天為一期，每期 5 分，</p>\n\n<p>也就是每十天複利一次、一次 5%，是滿保守的算法。</p>\n\n<p>換算起來月息是 15%、年息 435%</p>\n\n<p>&nbsp;</p>\n\n<p>簡單看一下短期的利息，好像還沒有很可怕...</p>\n\n<p><img alt=\"\" height=\"233\" src=\"http://www.cmoney.tw/notes/cmstatic/notes/capture/199580/20150128163539402.jpg\" width=\"500\" /></p>\n\n<p><span style=\"font-size:13.3333px\">(圖片擷取自CMoney製作)</span></p>\n\n<p>&nbsp;</p>\n\n<p><img alt=\"\" height=\"560\" src=\"http://www.cmoney.tw/learn/cmstatic/learn/1/20200429145034942.jpg\" width=\"500\" /></p>\n\n<p><span style=\"font-size:13.3333px\">(圖片擷取自CMoney製作)</span></p>\n\n<p>&nbsp;</p>\n\n<p>高利貸真的超可怕的，</p>\n\n<p>才兩年的時間利滾利息滾息就破表了。</p>\n\n<p>小編在查這些資料的過程中發現，</p>\n\n<p>當中的資訊相當不透明，很多說的很含糊。</p>\n\n<p>比方說 5 分是什麼？多久計息一次？</p>\n\n<p>都沒說清楚，很容易讓人以為是年息 5%，受騙上當。</p>\n\n<p>&nbsp;</p>\n\n<p><dfp type=\"1\"></dfp></p>\n\n<p>&nbsp;</p>\n\n<h1>往好方面想，</h1>\n\n<h1>還債是最好的投資</h1>\n\n<h2>如果你還了利率 20% 的卡債，</h2>\n\n<h2>就等於創造了股神巴菲特的報酬率！</h2>\n\n<p>股神巴菲特的投資報酬率</p>\n\n<p>大約是 22%，已經是傲視群雄了。</p>\n\n<p>但是如果你償還高利貸的話</p>\n\n<p>代表你省了 435% 的利率；</p>\n\n<p>如果是償還信用卡卡債的話</p>\n\n<p>就省了 20% 的利率，</p>\n\n<p>這兩項都打敗了巴菲特。</p>\n\n<p>&nbsp;</p>\n\n<h2>如果還清了 15 萬元卡債，</h2>\n\n<h2>相當於每月省下 2500 元利息！</h2>\n\n<p>勉勵一下大家要好好保持良好的信用，</p>\n\n<p>這樣以後借錢才不用鋌而走險唷。</p>\n\n<p>在借款前要好好評估自己</p>\n\n<p>是否能負擔，是否能還得完。</p>\n\n<p>如果是有負債的朋友</p>\n\n<p>盡快還完是最有效率的做法，</p>\n\n<p>等高利率的負債還完後，行有餘力，</p>\n\n<p>再來看看怎麼&nbsp;<a href=\"http://cmy.tw/004U0d\" target=\"_blank\">開始你的第一筆投資吧</a>！</p>\n\n<p>&nbsp;</p>\n\n<p><a href=\"http://cmy.tw/009YkZ\"><img alt=\"\" height=\"600\" src=\"http://www.cmoney.tw/learn/cmstatic/learn/1/20200508120748065.jpg\" width=\"300\" /></a></p>\n",
        "ViewCount": "190375",
        "IsReference": true,
        "ReferenceList": [
            {
                "ReferenceId": 34108,
                "Description": "理財hen好懂",
                "ReferenceUrl": "https://www.facebook.com/litsaiheneasy/",
                "ReferenceImage": "https://scontent.ftpe7-4.fna.fbcdn.net/v/t1.0-1/p200x200/53591743_416700958873926_7615180700337045504_n.jpg?_nc_cat=101&amp;_nc_ht=scontent.ftpe7-4.fna&amp;oh=593cefa8ad792af648ee30de3d18e8d5&amp;oe=5D048F8F",
                "ViewCount": 6
            },
            {
                "ReferenceId": 34109,
                "Description": "理財寶",
                "ReferenceUrl": "https://www.facebook.com/cmoneyapp/",
                "ReferenceImage": "https://scontent.ftpe7-4.fna.fbcdn.net/v/t1.0-1/c0.156.200.200a/429093_260831470664421_20938524_n.jpg?_nc_cat=1&amp;_nc_sid=dbb9e7&amp;_nc_ohc=mCVV8ZAM4j4AX8jbjIM&amp;_nc_ht=scontent.ftpe7-4.fna&amp;oh=f3beb8a6441fc5aec580408cbd94a321&amp;oe=5ECD82B2",
                "ViewCount": 2
            }
        ],
        "OgImgURL": "http://www.cmoney.tw/learn/cmstatic/learn/1/20190327114252016.png"
    },
    "badges": [],
    "isTreeCompleted": false,
    "nextCourse": null
}