{
    "courseDetail": {
        "CourseId": 94,
        "CourseContent": "<p><img alt=\"通貨膨脹\" height=\"340\" src=\"http://www.cmoney.tw/learn/cmstatic/learn/1/20190327141756836.png\" width=\"650\" /></p>\n\n<h1><span style=\"color:rgb(204, 0, 0); font-size:26px\">通貨膨脹會</span>讓你的錢</h1>\n\n<h1>越來越沒價值</h1>\n\n<p><span style=\"font-size:15px\">要了解什麼是通貨膨脹，</span></p>\n\n<p><span style=\"font-size:15px\">我們可以先從字面上的意義來看，</span></p>\n\n<p><span style=\"font-size:16px\">通貨就是通用貨幣，</span></p>\n\n<p><span style=\"font-size:16px\">也就是錢的意思，</span></p>\n\n<p>通貨膨脹就是錢膨脹了，</p>\n\n<p>換句話說，</p>\n\n<p><strong>就是錢越來越沒價值，</strong></p>\n\n<p><strong>一樣的錢能買的東西越來越少。</strong></p>\n\n<p>&nbsp;</p>\n\n<p>趕緊來看看吧...</p>\n\n<p>&nbsp;</p>\n\n<p><span style=\"font-size:12px\">(贊助商連結...)</span></p>\n\n<p><dfp type=\"3\"></dfp></p>\n\n<p>&nbsp;</p>\n\n<h2>舉一次世界大戰的著名案例：</h2>\n\n<p>德國在 1920 年代初，</p>\n\n<p>民生必需品每 49 小時漲價一倍。</p>\n\n<p>到了 1923 年間，德國最高的鈔票面額</p>\n\n<p>是<span style=\"font-size:16px\">「一百兆馬克幣」</span>。</p>\n\n<p>當時的通貨膨脹嚴重到&hellip;</p>\n\n<p><span style=\"font-size:16px\"><strong>八百億馬克幣只能買一條麵包</strong>！</span></p>\n\n<p>&nbsp;</p>\n\n<h1>通貨膨脹隨時隨地都在發生</h1>\n\n<p><span style=\"font-size:15px\">還記得我小時候最喜歡吃巷子口的小吃攤，</span></p>\n\n<p>我印象很深刻，當時</p>\n\n<p>一頓飯加小菜，吃下來不用 50 元。</p>\n\n<p>國小的時候最喜歡吃零食，</p>\n\n<p>那時候最夯的就是科學麵，然而，</p>\n\n<p>隨著時代的演進，好萊塢巨星都幫忙代言了，</p>\n\n<p>價格也漲了不少！</p>\n\n<p>&nbsp;</p>\n\n<p>所以你也可以回想一下，</p>\n\n<p>從小的成長歷程中，哪些東西也漲價了呢？</p>\n\n<p>漸漸的你會發現，不管你有沒有</p>\n\n<p>注意到，通貨膨脹隨時隨地都在發生。</p>\n\n<p>&nbsp;</p>\n\n<p><dfp type=\"2\"></dfp></p>\n\n<p>&nbsp;</p>\n\n<h1>想知道東西到底漲多少 &nbsp;</h1>\n\n<h1>就要看「通膨率」</h1>\n\n<p><span style=\"font-size:16px\">如果我們把通貨膨脹的概念數字化，</span></p>\n\n<p><span style=\"font-size:16px\">就可以很容易的比較東西到底貴多少。</span></p>\n\n<p><span style=\"font-size:16px\">所以經濟學家們</span></p>\n\n<p><span style=\"font-size:16px\">定義了一個數字，</span><span style=\"font-size:16px\">叫做</span><strong>通膨率。</strong></p>\n\n<p>&nbsp;</p>\n\n<p><strong>通膨率的計算公式如下：</strong></p>\n\n<p><strong>(現在價格 - 原始價格) / 原始價格 = 通膨率</strong></p>\n\n<p>&nbsp;</p>\n\n<p><span style=\"font-size:16px\">用剛才滷肉飯和科學麵的例子來說，</span></p>\n\n<p><span style=\"font-size:16px\">滷肉飯通膨率是 20 年 133%，</span></p>\n\n<p><span style=\"font-size:16px\">科學麵則是 15 年 100%。</span></p>\n\n<p><img alt=\"\" height=\"129\" src=\"http://www.cmoney.tw/learn/cmstatic/learn/1/20150515144536257.jpg\" width=\"500\" /></p>\n\n<p>&nbsp;</p>\n\n<p><span style=\"font-size:15px\">但就和<a href=\"http://www.cmoney.tw/notes/note-detail.aspx?cid=22814&amp;nid=1324\" target=\"_blank\">投資報酬率</a>一樣，</span></p>\n\n<p>我們除了要看總共報酬率有多少，</p>\n\n<p>也應該要了解<a href=\"http://www.cmoney.tw/notes/note-detail.aspx?cid=22814&amp;nid=1961\" target=\"_blank\">平均每年的報酬率</a>有多少，</p>\n\n<p>這樣才容易比較不同的投資工具。</p>\n\n<p>在通貨膨脹來說，</p>\n\n<p>你知道總共的通膨率之後，</p>\n\n<p>就可以簡單的計算每年平均的通膨率是多少：</p>\n\n<p>&nbsp;</p>\n\n<p><strong>年通膨率的計算公式如下：</strong></p>\n\n<p><strong>(1 + 通膨率) ^ (1 / 年份) -1</strong></p>\n\n<p>&nbsp;</p>\n\n<p>進一步可以計算出滷肉飯跟科學麵</p>\n\n<p>在短短數年中的年通膨率。</p>\n\n<p>&nbsp;</p>\n\n<p><img alt=\"\" height=\"118\" src=\"http://www.cmoney.tw/learn/cmstatic/learn/1/20141023110631201.jpg\" width=\"500\" /></p>\n\n<p>從這樣看，<span style=\"font-size:16px\">我們就知道</span></p>\n\n<p><span style=\"font-size:16px\">只看價格變化是不夠的，</span></p>\n\n<p>雖然滷肉飯的通膨率比較高，</p>\n\n<p>漲價比較多，但因為滷肉飯</p>\n\n<p>比較的基礎是 20 年前，</p>\n\n<p>但科學麵比的是 15 年前，</p>\n\n<p><span style=\"font-size:15px\">所以不能直接比！</span></p>\n\n<p>&nbsp;</p>\n\n<p><dfp type=\"1\"></dfp></p>\n\n<p>&nbsp;</p>\n\n<p>為了解決這個問題，我們</p>\n\n<p>會把它計算成平均年通膨率，</p>\n\n<p>轉換過後，因為基準變一樣，</p>\n\n<p><span style=\"font-size:15px\">你會赫然發現，</span>其實是科學麵漲比較多！</p>\n\n<p>如果你想更了解通膨 ，</p>\n\n<p>就看我們精心製作的影片吧！</p>\n\n<p><iframe allowfullscreen=\"\" frameborder=\"0\" height=\"360\" src=\"//www.youtube.com/embed/inrBqdiOwFI\" width=\"500\"></iframe></p>\n\n<p>&nbsp;</p>\n\n<p>在這「物價不停漲，只有薪水不漲」的年代，</p>\n\n<p>只有讓自己賺得更多，</p>\n\n<p>才不至於生活品質被物價給吞食！</p>\n\n<p>如果你是投資的初學者，</p>\n\n<p>使用<a href=\"http://www.cmoney.tw/vt/main-page.aspx\" target=\"_blank\"><span style=\"color:#0000ff\">股市大富翁</span></a><span style=\"color:#0000ff\">，</span></p>\n\n<p>利用虛擬貨幣使你實際體會</p>\n\n<p>投資的臨場感，唯有反覆的練習，</p>\n\n<p>才能找到最適合自己的投資方法。</p>\n\n<p>&nbsp;</p>\n\n<p><a href=\"http://cmy.tw/009YkZ\"><img alt=\"\" height=\"600\" src=\"http://www.cmoney.tw/learn/cmstatic/learn/1/20200508120716244.jpg\" width=\"300\" /></a></p>\n\n<p>&nbsp;</p>\n",
        "ViewCount": "147723",
        "IsReference": true,
        "ReferenceList": [
            {
                "ReferenceId": 35612,
                "Description": "理財hen好懂",
                "ReferenceUrl": "https://www.facebook.com/litsaiheneasy/",
                "ReferenceImage": "https://scontent.ftpe7-3.fna.fbcdn.net/v/t1.0-1/p200x200/79425867_582072592336761_857360753152229376_o.jpg?_nc_cat=103&amp;_nc_sid=dbb9e7&amp;_nc_ohc=Kss2HX_QVvgAX_Ejd5j&amp;_nc_ht=scontent.ftpe7-3.fna&amp;_nc_tp=6&amp;oh=6e73258f7fe265acfd3fead700374df7&amp;oe=5ED04F04",
                "ViewCount": 0
            },
            {
                "ReferenceId": 35613,
                "Description": "CMoney理財寶",
                "ReferenceUrl": "https://www.facebook.com/cmoneyapp/",
                "ReferenceImage": "https://scontent.ftpe7-4.fna.fbcdn.net/v/t1.0-1/c0.156.200.200a/429093_260831470664421_20938524_n.jpg?_nc_cat=1&amp;_nc_sid=dbb9e7&amp;_nc_ohc=mCVV8ZAM4j4AX8mVjsP&amp;_nc_ht=scontent.ftpe7-4.fna&amp;oh=47b82df6bfece8c83695a0a3f7d50d79&amp;oe=5ED17732",
                "ViewCount": 0
            }
        ],
        "OgImgURL": "http://www.cmoney.tw/learn/cmstatic/learn/1/20190327141756836.png"
    },
    "badges": [],
    "isTreeCompleted": false,
    "nextCourse": null
}