{
    "courseDetail": {
        "CourseId": 941,
        "CourseContent": "<h1><span style=\"color:rgb(204, 0, 0); font-size:26px\">獲利能力是</span></h1>\n\n<h1>驅動股價上漲的動力</h1>\n\n<p><strong>獲利能力對技術面</strong></p>\n\n<p><strong>籌碼面投資人都很重要</strong></p>\n\n<p>研究基本面的投資人</p>\n\n<p>一定會去評估公司的獲利能力。</p>\n\n<p>然而為甚麼看技術面和籌碼面的投資人</p>\n\n<p>需要評估公司的獲利能力呢?</p>\n\n<p>&nbsp;</p>\n\n<p>趕快看下去吧！</p>\n\n<p>&nbsp;</p>\n\n<p><span style=\"color:#808080\"><span style=\"font-size:12px\">(贊助商連結...)</span></span></p>\n\n<p><googleadsense height=\"600px\" type=\"4\" width=\"300px\"></googleadsense></p>\n\n<p>&nbsp;</p>\n\n<p>&nbsp;</p>\n\n<h1>讓你不怕</h1>\n\n<h1>持股題材破滅</h1>\n\n<h1>股價急殺</h1>\n\n<p>經歷過<a href=\"http://www.cmoney.tw/notes/note-detail.aspx?nid=15248\"><strong>基亞坑殺小股民</strong></a>的事件後</p>\n\n<p>就知道有些公司會利用題材炒作</p>\n\n<p>拉出完美的多頭線型</p>\n\n<p>最後讓散戶們的資金</p>\n\n<p>在幾天內腰斬再腰斬</p>\n\n<p>甚至歸零。</p>\n\n<p>&nbsp;</p>\n\n<p><img alt=\"\" height=\"315\" src=\"http://www.cmoney.tw/learn/cmstatic/learn/50/20140919173210601.png\" width=\"600\" /></p>\n\n<p>&nbsp;</p>\n\n<p>只看技術面的投資人</p>\n\n<p>可能會把資金大量投入這樣的公司。</p>\n\n<p>如果用技術面選股後</p>\n\n<p>評估過企業的獲利能力</p>\n\n<p>才選擇購買哪間公司</p>\n\n<p>就不會買到基亞</p>\n\n<p>當然也不會讓自己的錢在短時間內蒸發。</p>\n\n<p>&nbsp;</p>\n\n<h1>同產業中</h1>\n\n<h1>獲利能力佳的公司</h1>\n\n<h1>上漲機會比較大</h1>\n\n<p>台灣股市容易有同產業類股</p>\n\n<p>一起漲或一起跌的現象</p>\n\n<p>但是獲利能力的差異</p>\n\n<p>可以讓同產業的兩間公司</p>\n\n<p>有截然不同的宿命。</p>\n\n<p>就像同樣做 LSD-STN 面板的</p>\n\n<p><a href=\"http://www.cmoney.tw/finance/f00025.aspx?m=3&amp;s=3615\" target=\"_blank\">安可(3615)</a>&nbsp;和&nbsp;<a href=\"http://www.cmoney.tw/finance/f00025.aspx?m=3&amp;s=3615\" target=\"_blank\">勝華(2384)</a></p>\n\n<p>安可毛利率= 1.56%</p>\n\n<p>勝華毛利率= -2.7%</p>\n\n<p>獲利能力不同的公司，命運大不同！</p>\n\n<p>&nbsp;</p>\n\n<p><img alt=\"\" height=\"436\" src=\"http://www.cmoney.tw/learn/cmstatic/learn/50/20140923101302689.png\" width=\"500\" /></p>\n\n<p><img alt=\"\" height=\"488\" src=\"http://www.cmoney.tw/learn/cmstatic/learn/50/20140923090240108.png\" width=\"500\" /></p>\n\n<p>&nbsp;</p>\n\n<p>&nbsp;</p>\n\n<h1>獲利能力高</h1>\n\n<h1>營收高，股價大漲！</h1>\n\n<p>在這邊以&nbsp;<a href=\"http://www.cmoney.tw/follow/channel/stock-8083\" target=\"_blank\">瑞穎(8083)</a>&nbsp;實際來說明</p>\n\n<p>瑞穎從 2013 年開始</p>\n\n<p>營收逐步成長</p>\n\n<p>帶動股價也攀升。</p>\n\n<p>因此獲利能力的好壞</p>\n\n<p>會讓股價也跟著受影響哦</p>\n\n<p>這也是為什麼我們</p>\n\n<p>需要觀察獲利能力的相關指標！</p>\n\n<p><img alt=\"\" height=\"470\" src=\"http://www.cmoney.tw/learn/cmstatic/learn/50/20140805164039947.jpg\" width=\"600\" /></p>\n\n<p>&nbsp;</p>\n\n<p>&nbsp;</p>\n\n<h1>分析獲利能力</h1>\n\n<h1>就從 &ldquo;&nbsp;<a href=\"http://www.cmoney.tw/finance/f00043.aspx?m=3&amp;s=2330\" target=\"_blank\">財務比率</a>&nbsp;&rdquo; 開始！</h1>\n\n<p>那大家會好奇</p>\n\n<p>從哪裡才能檢視公司獲利呢？</p>\n\n<p>最直接的方法就是分析財務比率。</p>\n\n<p>&nbsp;</p>\n\n<h2>比較常見的分析工具有:</h2>\n\n<h2><a href=\"http://www.cmoney.tw/learn/course/0520/topic/762\" target=\"_blank\">營收成長率</a>、<a href=\"http://www.cmoney.tw/learn/course/0520/topic/656\" target=\"_blank\">毛利率</a>、</h2>\n\n<h2><a href=\"http://www.cmoney.tw/learn/course/0520/topic/876\" target=\"_blank\">營利率</a>、<a href=\"http://www.cmoney.tw/learn/course/0520/topic/877\" target=\"_blank\">淨利率</a>、</h2>\n\n<h2><a href=\"http://www.cmoney.tw/learn/course/0520/topic/760\" target=\"_blank\">股東權益報酬率</a></h2>\n\n<h2><a href=\"http://www.cmoney.tw/learn/course/0520/topic/761\" target=\"_blank\">資產報酬率</a></h2>\n\n<p>接下來我們將一一介紹哦！</p>\n\n<p>而且這些比率不需要自己計算，</p>\n\n<p>這些資料CMoney的<a href=\"http://www.cmoney.tw/finance/f00043.aspx?m=3&amp;s=2330\" target=\"_blank\">股市</a>就有囉！</p>\n\n<p>&nbsp;</p>\n\n<p>&nbsp;</p>\n\n<p>&nbsp;</p>\n\n<h2>看懂了</h2>\n\n<h2>就趕快去<a href=\"http://www.cmoney.tw/learn/course/0520/topic/762\">下一章</a>吧~</h2>\n\n<p>&nbsp;</p>\n",
        "ViewCount": "72329",
        "IsReference": false,
        "ReferenceList": null,
        "OgImgURL": "http://www.cmoney.tw/learn/cmstatic/learn/50/20140919173210601.png"
    },
    "badges": [],
    "isTreeCompleted": false,
    "nextCourse": null
}