{
    "courseDetail": {
        "CourseId": 942,
        "CourseContent": "<p>&nbsp;</p>\n\n<h1>從各部門的營運狀況</h1>\n\n<h1>看出企業的經營效率</h1>\n\n<p>我們都知道</p>\n\n<p><strong><a href=\"http://www.cmoney.tw/learn/course/0520/topic/760\" target=\"_blank\">股東報酬率 ( ROE )</a>&nbsp;</strong></p>\n\n<p>是企業獲利能力的重要指標</p>\n\n<p>營業收入是判定</p>\n\n<p>企業營運狀況的重要資訊</p>\n\n<p>但光看這些數字</p>\n\n<p>沒辦法了解各部門具體的營運狀況</p>\n\n<p>也沒辦法了解未來還有沒有進步空間。</p>\n\n<p>想知道營運狀況</p>\n\n<p>這 5 個指標你不能不知道！</p>\n\n<p>&nbsp;</p>\n\n<p>繼續看下去...</p>\n\n<p>&nbsp;</p>\n\n<p><span style=\"color:#808080\"><span style=\"font-size:12px\">(贊助商連結...)</span></span></p>\n\n<p><span style=\"color:#808080\"><span style=\"font-size:12px\"><googleadsense height=\"600px\" type=\"4\" width=\"300px\"></googleadsense></span></span></p>\n\n<p>&nbsp;</p>\n\n<h1>如果一間公司營收很高</h1>\n\n<h1>但是應收帳款也很高</h1>\n\n<p>可能代表產品賣出去後</p>\n\n<p>常常要拖很久才收得到現金</p>\n\n<p>如此一來</p>\n\n<p>補足存貨的速度就會被拖累</p>\n\n<p>突然遇到大訂單</p>\n\n<p>就可能來不及應付。</p>\n\n<p>那麼他們只要<strong><span style=\"background-color:#FFFF00\">授信狀況改善</span></strong></p>\n\n<p><strong><span style=\"background-color:#FFFF00\">獲利能力也可能因此提升。</span></strong></p>\n\n<p>&nbsp;</p>\n\n<p>又或者一間企業存貨賣出的速度很高</p>\n\n<p>但平常在倉庫裡的存貨更高出許多</p>\n\n<p>代表企業可能一次進很多存貨</p>\n\n<p>堆積在倉庫慢慢賣。</p>\n\n<p>存貨堆在倉庫裡</p>\n\n<p>就要顧更多倉管人員</p>\n\n<p>除了產品價值可能會減損</p>\n\n<p>遭遇天災人禍等不可抗力因素時</p>\n\n<p>會有更大的損失。</p>\n\n<p>所以只要<strong><span style=\"background-color:#FFFF00\">加強存貨控管</span></strong></p>\n\n<p><strong><span style=\"background-color:#FFFF00\">企業經營風險也能降低。</span></strong></p>\n\n<p>&nbsp;</p>\n\n<p>&nbsp;</p>\n\n<p>&nbsp;</p>\n\n<h1>從 5 大指標</h1>\n\n<h1>看出各部門的經營效率</h1>\n\n<p>我們用<strong><a href=\"http://www.cmoney.tw/learn/course/0520/topic/760\" target=\"_blank\">股東報酬率 ( ROE )</a> </strong></p>\n\n<p>看企業為股東賺錢的效率</p>\n\n<p>用<a href=\"http://www.cmoney.tw/learn/course/0520/topic/767\" target=\"_blank\">總資產周轉率</a>&nbsp;</p>\n\n<p>看企業的整體效率</p>\n\n<p>但企業又分許多部門。</p>\n\n<p>所以就需要其他財務比率</p>\n\n<p>讓我們了解各部門的效率。</p>\n\n<p>&nbsp;</p>\n\n<p>&nbsp;</p>\n\n<p>&nbsp;</p>\n\n<p><strong><span style=\"font-size:16px\">1.&nbsp;<a href=\"http://www.cmoney.tw/learn/course/0520/topic/763\" target=\"_blank\">存貨周轉率</a></span></strong></p>\n\n<p>反映銷貨速度代表銷售部的效率</p>\n\n<p>&nbsp;</p>\n\n<p><strong><span style=\"font-size:16px\">2.&nbsp;<a href=\"http://www.cmoney.tw/learn/course/0520/topic/764\" target=\"_blank\">應收帳款周轉率</a></span></strong></p>\n\n<p>也反映信用部的收款能力</p>\n\n<p>和銷售部的議價能力</p>\n\n<p>&nbsp;</p>\n\n<p><strong><span style=\"font-size:16px\">3.&nbsp;<a href=\"http://www.cmoney.tw/learn/course/0520/topic/765\" target=\"_blank\">應付賬款周轉率</a></span></strong></p>\n\n<p>則反映採購部的議價能力</p>\n\n<p>&nbsp;</p>\n\n<p>&nbsp;</p>\n\n<p><strong>4. <a href=\"http://www.cmoney.tw/learn/course/0520/topic/767\">總資產周轉率</a></strong></p>\n\n<p>代表 1 整年的營收</p>\n\n<p>可以創造多少總資產</p>\n\n<p>&nbsp;</p>\n\n<p><strong><span style=\"font-size:16px\">5.&nbsp;<a href=\"http://www.cmoney.tw/learn/course/0520/topic/766\" target=\"_blank\">固定資產周轉率</a></span></strong></p>\n\n<p>主要反映製造部的製造效率</p>\n\n<p>&nbsp;</p>\n\n<p>&nbsp;</p>\n\n<p>&nbsp;</p>\n\n<h1>經營效率</h1>\n\n<h1>各產業標準不同</h1>\n\n<h1>應該和同業比較</h1>\n\n<p>例如：賣房子的速度</p>\n\n<p>本來就比賣電腦還慢</p>\n\n<p>所以營建業的存貨周轉率</p>\n\n<p>無法和電子業比較。</p>\n\n<p>&nbsp;</p>\n\n<h2>經營效率指標</h2>\n\n<h2>可以<a href=\"http://www.cmoney.tw/finance/f00043.aspx?m=3&amp;s=2330\" target=\"_blank\">在這裡查到</a></h2>\n\n<p><img alt=\"\" height=\"157\" src=\"http://www.cmoney.tw/learn/cmstatic/learn/50/20141007114618805.jpg\" width=\"291\" /></p>\n\n<p>&nbsp;</p>\n\n<p>&nbsp;</p>\n\n<p>&nbsp;</p>\n\n<h2>只要了解這些指標</h2>\n\n<h2>就能對公司的經營效率</h2>\n\n<h2>有更進一步的了解哦！</h2>\n\n<p>&nbsp;</p>\n\n<p>&nbsp;</p>\n",
        "ViewCount": "29822",
        "IsReference": false,
        "ReferenceList": null,
        "OgImgURL": "http://www.cmoney.tw/learn/cmstatic/learn/50/20141007114618805.jpg"
    },
    "badges": [],
    "isTreeCompleted": false,
    "nextCourse": null
}