{
    "courseDetail": {
        "CourseId": 95,
        "CourseContent": "<p><img alt=\"\" height=\"340\" src=\"http://www.cmoney.tw/learn/cmstatic/learn/1/20200430161726780.png\" width=\"650\" /></p>\n\n<h1><span style=\"color:rgb(204, 0, 0); font-size:26px\">你的存款 夠負擔現在的、</span></h1>\n\n<h1>以及未來的物價嗎？</h1>\n\n<p>前一章跟各位講了<span style=\"font-size:16px\"><a href=\"http://www.cmoney.tw/notes/note-detail.aspx?cid=22814&amp;nid=6829\" style=\"font-size: 20px; font-weight: bold;\" target=\"_blank\">什麼是通貨膨脹</a></span>。</p>\n\n<p>這跟各位的生活息息相關，</p>\n\n<p>同樣的存款，10 年能買得起房，</p>\n\n<p>現在能只繳的起頭期房貸了。</p>\n\n<p><span style=\"font-size:15px\">如果你真的想要了解，</span></p>\n\n<p><span style=\"font-size:15px\">台灣的過去 30 年來的通膨狀況，</span></p>\n\n<p>以估算日後的生活收支，</p>\n\n<p>你總不可能靠自己去調查，</p>\n\n<p>每一樣東西的價格變化。</p>\n\n<p>這時候，可以怎麼做呢？</p>\n\n<p>&nbsp;</p>\n\n<p>繼續看下去...</p>\n\n<p>&nbsp;</p>\n\n<p><span style=\"font-size:12px\">(贊助商連結...)</span></p>\n\n<p><dfp type=\"3\"></dfp></p>\n\n<p>&nbsp;</p>\n\n<h1>消費者物價指數(CPI) &nbsp;</h1>\n\n<h1>告訴你現在的物價水平</h1>\n\n<p>為了能夠具體又簡單的表現&nbsp;</p>\n\n<p>每個時期的物價水平，</p>\n\n<p>經濟學家定義了一個數字</p>\n\n<p><span style=\"font-size:20px\"><strong>「消費者物價指數」</strong></span>，英文簡寫叫&nbsp;<span style=\"font-size:20px\"><strong>CPI</strong></span>。</p>\n\n<p>&nbsp;</p>\n\n<p>你就想像&nbsp;<strong>CPI 就是</strong></p>\n\n<p><strong><span style=\"background-color:rgb(255, 255, 0)\">幾千幾萬種商品價格的綜合統計</span></strong>，</p>\n\n<p>這個指數背後的計算很複雜，</p>\n\n<p>因此，我們只要知道它的意義就好！</p>\n\n<p>主計處 每年都會公布</p>\n\n<p>「當年度的CPI」給國人作參考，</p>\n\n<p>讓國人知道那一年的物價 和之前比，提高了多少。</p>\n\n<p>&nbsp;</p>\n\n<p>既然 CPI 是要互相比較才會有意義，</p>\n\n<p>那就要有一個 基準值，</p>\n\n<p>在這個表格中，</p>\n\n<p>就是設定 2011 年的物價為基準 100。</p>\n\n<p>簡單來說，2011 年一碗 100 元的牛肉麵，</p>\n\n<p>在 1991 年只要 72.2 元就可以買到，</p>\n\n<p>這樣子解釋，</p>\n\n<p>你就可以很快的瞭解 CPI 有什麼具體意義了！</p>\n\n<p>&nbsp;</p>\n\n<p><img alt=\"\" height=\"162\" src=\"http://www.cmoney.tw/learn/cmstatic/learn/1/20200430162531640.jpg\" width=\"500\" /></p>\n\n<p><span style=\"font-family:arial,helvetica,sans-serif\"><span style=\"font-size:12px\">(CMoney製作)</span></span></p>\n\n<p>&nbsp;</p>\n\n<p><dfp type=\"2\"></dfp></p>\n\n<p>&nbsp;</p>\n\n<h1>如何從 CPI 計算通貨膨脹率？</h1>\n\n<p><span style=\"font-size:15px\">因為 CPI 可以說是 </span></p>\n\n<p><span style=\"font-size:15px\">台灣所有商品的價格代表，</span></p>\n\n<p>所以，當年度的年通膨率就是</p>\n\n<p>透過今年和去年的 CPI 計算來的。</p>\n\n<p>用今年的 CPI - 去年的 CPI</p>\n\n<p>除以去年的 CPI 就可以得到今年的通膨率啦！</p>\n\n<p><img alt=\"\" height=\"120\" src=\"http://www.cmoney.tw/learn/cmstatic/learn/1/20160524150908726.jpg\" width=\"500\" /></p>\n\n<p><span style=\"font-family:arial,helvetica,sans-serif\"><span style=\"font-size:12px\">(CMoney製作)</span></span></p>\n\n<p>&nbsp;</p>\n\n<p><dfp type=\"1\"></dfp></p>\n\n<p>&nbsp;</p>\n\n<h1>台灣的 CPI 逐年增長</h1>\n\n<h1>通膨率也是如此</h1>\n\n<p><img alt=\"\" height=\"300\" src=\"http://www.cmoney.tw/learn/cmstatic/learn/1/20160524150203068.jpg\" width=\"500\" /></p>\n\n<p><span style=\"font-family:arial,helvetica,sans-serif; font-size:12px\">(CMoney製作)</span></p>\n\n<p>&nbsp;</p>\n\n<p>現在，你已經知道</p>\n\n<p>什麼是 <strong><span style=\"font-size:20px\">CPI </span></strong>和 <strong><span style=\"font-size:20px\">通貨膨脹</span></strong> 了，</p>\n\n<p>但更重要的是，</p>\n\n<p>你要知道通貨膨脹</p>\n\n<p>也是一種<span style=\"font-size:20px\"><strong>反向的<a href=\"http://www.cmoney.tw/notes/note-detail.aspx?cid=22814&amp;nid=6569\" target=\"_blank\">複利</a></strong></span>，</p>\n\n<p>如果你不去管理你的金錢，</p>\n\n<p>通膨就會像怪獸一樣，</p>\n\n<p>一點一滴地啃食你手中現金的價值！</p>\n\n<p>這也是為什麼，你必須學習<a href=\"http://www.cmoney.tw/notes/note-detail.aspx?cid=22814&amp;nid=6565\" target=\"_blank\">投資理財</a>，</p>\n\n<p>幫助你把手中的錢裝上盔甲和武器，</p>\n\n<p>對抗通膨，並邁向財務自由！</p>\n\n<p>&nbsp;</p>\n\n<p><strong>延伸閱讀：</strong><a href=\"http://www.cmoney.tw/notes/note-detail.aspx?cid=22814&amp;nid=6565\" target=\"_blank\">為什麼要投資理財</a>、<a href=\"http://www.cmoney.tw/notes/note-detail.aspx?cid=22814&amp;nid=6097\" target=\"_blank\">財務自由的真諦</a></p>\n\n<p>&nbsp;</p>\n\n<p>了解 CPI 和通貨膨脹後，</p>\n\n<p>你了解光靠定存是不行的嗎？</p>\n\n<p>這也是為什麼這年頭投資理財如此盛行的原因，</p>\n\n<p>建議你自己驗證，</p>\n\n<p><span style=\"color:rgb(51, 51, 51); font-family:微軟正黑體; font-size:16px\">「0050 (台灣50)」，</span></p>\n\n<p><span style=\"color:rgb(51, 51, 51); font-family:微軟正黑體; font-size:16px\">讓您輕鬆打敗定存 :&nbsp;<a href=\"http://cmy.tw/004Xn7\" target=\"_blank\">0050 打敗定存</a></span></p>\n\n<p><span style=\"color:rgb(0, 0, 0); font-family:微軟正黑體; font-size:16.363636016845703px\">如果你想更了解 CPI ，</span></p>\n\n<p><span style=\"color:rgb(0, 0, 0); font-family:微軟正黑體; font-size:16.363636016845703px\">就看我們精心製作的影片吧！</span></p>\n\n<p><iframe allowfullscreen=\"\" frameborder=\"1\" height=\"640\" scrolling=\"no\" src=\"//www.youtube.com/embed/Vad9ACawpZY?feature=player_detailpage\" width=\"360\"></iframe></p>\n\n<p>&nbsp;</p>\n\n<p><a href=\"http://cmy.tw/009YkZ\"><img alt=\"\" height=\"600\" src=\"http://www.cmoney.tw/learn/cmstatic/learn/1/20200508120647941.jpg\" width=\"300\" /></a></p>\n\n<p>&nbsp;</p>\n\n<p>&nbsp;</p>\n",
        "ViewCount": "149339",
        "IsReference": true,
        "ReferenceList": [
            {
                "ReferenceId": 34104,
                "Description": "理財hen好懂",
                "ReferenceUrl": "https://www.facebook.com/litsaiheneasy/",
                "ReferenceImage": "https://scontent.ftpe7-4.fna.fbcdn.net/v/t1.0-1/p200x200/79425867_582072592336761_857360753152229376_o.jpg?_nc_cat=1&amp;_nc_sid=dbb9e7&amp;_nc_ohc=Kss2HX_QVvgAX98nT4i&amp;_nc_ht=scontent.ftpe7-4.fna&amp;_nc_tp=6&amp;oh=6e0a4f6801e1ecf43d6f44d183360c11&amp;oe=5ED04F04",
                "ViewCount": 12
            },
            {
                "ReferenceId": 34105,
                "Description": "CMoney理財寶",
                "ReferenceUrl": "https://www.facebook.com/cmoneyapp/",
                "ReferenceImage": "https://scontent.ftpe7-4.fna.fbcdn.net/v/t1.0-1/c0.156.200.200a/429093_260831470664421_20938524_n.jpg?_nc_cat=1&amp;_nc_sid=dbb9e7&amp;_nc_ohc=mCVV8ZAM4j4AX8jbjIM&amp;_nc_ht=scontent.ftpe7-4.fna&amp;oh=08ad2dff71d4f16062bd3f2170d910e6&amp;oe=5ED17732",
                "ViewCount": 9
            }
        ],
        "OgImgURL": "http://www.cmoney.tw/learn/cmstatic/learn/1/20200430161726780.png"
    },
    "badges": [],
    "isTreeCompleted": false,
    "nextCourse": null
}