{
    "courseDetail": {
        "CourseId": 96,
        "CourseContent": "<p><img alt=\"\" height=\"340\" src=\"http://www.cmoney.tw/learn/cmstatic/learn/1/20190328093358480.png\" width=\"650\" /></p>\n\n<h1><span style=\"color:rgb(204, 0, 0); font-size:26px\">理財的目標，</span></h1>\n\n<h1><span style=\"color:rgb(204, 0, 0); font-size:26px\">就是要財務自由，享受人生！</span></h1>\n\n<p>許多人理財的目標，</p>\n\n<p>就是透過投資，得到穩定的收入，</p>\n\n<p>並且希望有一天能夠藉此達到財務自由！</p>\n\n<p>&nbsp;</p>\n\n<p>財務自由是指你無需為生活開銷而努力為錢工作，</p>\n\n<p>這是我們大多數人最渴望達到的狀態，</p>\n\n<p>如果進入這種狀態，我們就可以稱之為退休 。</p>\n\n<p>&nbsp;</p>\n\n<p>一般人對退休的既定想法，</p>\n\n<p>就是白髮斑斑、含飴弄孫，</p>\n\n<p>但若搞懂非工資收入，</p>\n\n<p>進而達到財務自由，</p>\n\n<p>那麼，只要你有良好的財務規劃，</p>\n\n<p>你也可以提前享受退休生活，過得更精采！</p>\n\n<p>&nbsp;</p>\n\n<p>到底怎麼做才能退休？</p>\n\n<p>&nbsp;</p>\n\n<p>趕緊來看看吧...</p>\n\n<p>&nbsp;</p>\n\n<p><span style=\"font-size:12px\">(贊助商連結...)</span></p>\n\n<p><dfp type=\"3\"></dfp></p>\n\n<h1>【被動收入】&gt;【生活支出】</h1>\n\n<h1>=【財務自由】</h1>\n\n<p>在了解財務自由之前，先要了解</p>\n\n<p>什麼是<span style=\"font-size:20px\"><strong>被動收入</strong></span>。</p>\n\n<p>&nbsp;</p>\n\n<p>被動收入又稱作非工資收入、持續性收入，</p>\n\n<p>簡單來說，如果你這個月什麼事都沒有做，</p>\n\n<p>但到月底時，</p>\n\n<p>你拿到了一筆錢，這就是被動收入。</p>\n\n<p>大股東領股票利息、包租公收租金等等都算！</p>\n\n<p>&nbsp;</p>\n\n<p>被動收入對我們的意義是什麼呢？</p>\n\n<p>你就想一件事，人為什麼要工作...？</p>\n\n<p>&nbsp;</p>\n\n<p>很簡單，因為家中有小孩、</p>\n\n<p>車子要加油、父母要孝養...</p>\n\n<p>每個人生活中都有許多必要的支出，</p>\n\n<p>因此我們就必須努力工作，</p>\n\n<p>用上班賺的錢來付這些支出。</p>\n\n<p>&nbsp;</p>\n\n<p>&nbsp;</p>\n\n<p>但是，如果你能讓你的被動收入持續增加，</p>\n\n<p>直到有一天，「被動收入」大於「生活支出」，</p>\n\n<p>那就代表，你就算沒有正職工作，</p>\n\n<p>你也能維持你的日常生活。</p>\n\n<p>這可是一個非常不得了的成就啊！</p>\n\n<p><img alt=\"\" height=\"205\" src=\"http://www.cmoney.tw/notes/cmstatic/notes/capture/199580/20150127100259633.jpg\" width=\"500\" /></p>\n\n<p><span style=\"font-size:12px\">(圖片擷取自CMoney製作)</span><br />\n&nbsp;</p>\n\n<p><dfp type=\"2\"></dfp></p>\n\n<p>&nbsp;</p>\n\n<h1>看小李如何</h1>\n\n<h1>在生活中達到財務自由</h1>\n\n<p>因為小李從 25 歲時就知道<a href=\"https://www.cmoney.tw/learn/course/cmoney/topic/91\">複利的力量</a>，</p>\n\n<p>不能把錢放在銀行生灰塵，</p>\n\n<p>甚至還有可能<a href=\"https://www.cmoney.tw/learn/course/cmoney/topic/94\">通貨膨脹</a>給吃掉，</p>\n\n<p>他決定找一檔</p>\n\n<p>長期報酬率是 7.2% 的定存股，</p>\n\n<p>每個月投入 5000 塊，</p>\n\n<p>他知道經過複利的力量，</p>\n\n<p>現在的 5000 元，</p>\n\n<p>經過了 40年也就是小李 65 歲時，</p>\n\n<p>就會複利成為 8 萬塊，</p>\n\n<p>&nbsp;</p>\n\n<p>扣掉小李現在全家生活開支平均是 4 萬，&nbsp;</p>\n\n<p>一個月還有剩下 4 萬元可以自由運用，</p>\n\n<p>也就是</p>\n\n<p><strong><span style=\"font-size:16px\">「被動收入」 8 萬元 ＞「生活支出」4 萬元！</span></strong></p>\n\n<p>&nbsp;</p>\n\n<p>往後，小李即便不去工作，</p>\n\n<p>也不用擔心生活過不下去，</p>\n\n<p>&nbsp;</p>\n\n<p>而且多出來 4 萬元</p>\n\n<p>可以一直領到他 105 歲都沒問題，</p>\n\n<p>可以看 100 場電影，</p>\n\n<p>或買一隻最新的 iPhone。</p>\n\n<p>&nbsp;</p>\n\n<p>因此，我們可以說小李他達到了<strong><span style=\"background-color:#ffff00\">「財務自由」</span></strong>！</p>\n\n<p>&nbsp;</p>\n\n<p>當然，小李也可以選擇再去工作或做生意，</p>\n\n<p>此時他賺<span style=\"font-size:16px\"><span style=\"font-size:14px\">到<span style=\"font-size:16px\">的<strong>收入都不必拿來支應生活開銷</strong></span></span>，</span></p>\n\n<p>可以用作其他奢侈品的花費，</p>\n\n<p>或者再度投資，讓生活品質更加提高！</p>\n\n<p>&nbsp;</p>\n\n<p><dfp type=\"1\"></dfp></p>\n\n<p>&nbsp;</p>\n\n<h1>財務自由是一份保障、</h1>\n\n<h1>更是一份價值</h1>\n\n<p><span style=\"font-size:15px\">大多數人都會追求生活上的平穩，</span></p>\n\n<p>當人生遭受意外，無法靠工作維持生活時，</p>\n\n<p>擁有一份被動收入便可以降低意外的打擊，</p>\n\n<p>也不用為家人的生計煩惱，</p>\n\n<p>用被動收入來支撐往後的生活，使人生更趨平穩！</p>\n\n<p>&nbsp;</p>\n\n<p>財務自由真正的目的，</p>\n\n<p>並非鼓勵不工作，而是改變工作的意義。</p>\n\n<p>&nbsp;</p>\n\n<p>多數人工作都是為了維持生活，</p>\n\n<p>然而脫離維持生活的煩惱以後，</p>\n\n<p>工作的意義便可以是改善社會、創造價值。</p>\n\n<p>&nbsp;</p>\n\n<p>你可以選擇陪外婆每天早上去公園運動，</p>\n\n<p>也可以選擇前往山區教原住民小朋友英文，</p>\n\n<p>更可以用各種方式環島，成就自我。</p>\n\n<p>&nbsp;</p>\n\n<p>所以，我們可以說，</p>\n\n<p>理財的目的是為了「被動收入」，</p>\n\n<p>被動收入的目的是為了財務自由，</p>\n\n<p>而財務自由，</p>\n\n<p>是為<span style=\"font-size:15px\">了掌握發球權、過一個豐富的人生！</span></p>\n\n<p>&nbsp;</p>\n\n<p><a href=\"http://cmy.tw/009YkZ\"><img alt=\"\" height=\"600\" src=\"http://www.cmoney.tw/learn/cmstatic/learn/1/20200508120608482.jpg\" width=\"300\" /></a></p>\n",
        "ViewCount": "396454",
        "IsReference": true,
        "ReferenceList": [
            {
                "ReferenceId": 34102,
                "Description": "理財hen好懂",
                "ReferenceUrl": "https://www.facebook.com/litsaiheneasy/",
                "ReferenceImage": "https://scontent.ftpe7-4.fna.fbcdn.net/v/t1.0-1/p200x200/53591743_416700958873926_7615180700337045504_n.jpg?_nc_cat=101&amp;_nc_ht=scontent.ftpe7-4.fna&amp;oh=593cefa8ad792af648ee30de3d18e8d5&amp;oe=5D048F8F",
                "ViewCount": 12
            },
            {
                "ReferenceId": 34103,
                "Description": "CMoney 理財寶",
                "ReferenceUrl": "https://www.facebook.com/cmoneyapp/",
                "ReferenceImage": "https://scontent.ftpe7-4.fna.fbcdn.net/v/t1.0-1/c0.156.200.200a/429093_260831470664421_20938524_n.jpg?_nc_cat=1&amp;_nc_sid=dbb9e7&amp;_nc_ohc=mCVV8ZAM4j4AX8mVjsP&amp;_nc_ht=scontent.ftpe7-4.fna&amp;oh=47b82df6bfece8c83695a0a3f7d50d79&amp;oe=5ED17732",
                "ViewCount": 11
            }
        ],
        "OgImgURL": "http://www.cmoney.tw/learn/cmstatic/learn/1/20190328093358480.png"
    },
    "badges": [],
    "isTreeCompleted": false,
    "nextCourse": null
}