{
    "courseDetail": {
        "CourseId": 964,
        "CourseContent": "<p>&nbsp;</p>\n\n<p>&nbsp;</p>\n\n<p>投資第一張權證前，</p>\n\n<p>別忘了看看權證的特色，</p>\n\n<p>確認自己的條件是否合適這種投資，</p>\n\n<p>快來研究一下！</p>\n\n<p>&nbsp;</p>\n\n<p><span style=\"color:#A9A9A9\">( 贊助商連結 )</span></p>\n\n<p><googleadsense height=\"600px\" type=\"4\" width=\"300px\"></googleadsense></p>\n\n<p>&nbsp;</p>\n\n<p>&nbsp;</p>\n\n<h1>投資權證有幾個特色</h1>\n\n<h2>1. 投資門檻低，小資族也可以參與投資</h2>\n\n<p>舉例來說：</p>\n\n<p>小華想要投資績優股&nbsp;<a href=\"http://www.cmoney.tw/finance/f00025.aspx?m=3&amp;s=3008\" target=\"_blank\">大立光 (3008)</a>&nbsp;，</p>\n\n<p>大立光一張股票要兩百多萬!</p>\n\n<p>身上卻僅有兩萬多元，</p>\n\n<p>但是小華又非常看好大立光未來的走勢，</p>\n\n<p>即使購買零股，卻無法享受大幅獲利的感受。</p>\n\n<p>假如今天小華購買 <a href=\"http://www.cmoney.tw/finance/f00025.aspx?m=3&amp;s=3008\" target=\"_blank\">大立光 (3008)</a>&nbsp;認購權證，</p>\n\n<p>一張只需要準備幾千元，就可以參與大立光的漲幅。</p>\n\n<p>(權證的計算方式與股票相同，一張=1000股)</p>\n\n<p>&nbsp;</p>\n\n<p><img alt=\"\" src=\"http://www.cmoney.tw/learn/cmstatic/learn/53/20140929134124683.jpg\" /></p>\n\n<p>圖片來源&nbsp;<a href=\"https://www.warrantwin.com.tw/wtinfo.aspx?wid=713304\" target=\"_blank\">元大權證網</a></p>\n\n<p>&nbsp;</p>\n\n<h2>2. 權證槓桿比率高，看對行情獲利倍增，看錯行情損失加倍</h2>\n\n<p>接續剛剛例子：</p>\n\n<p>小華今天購買了一張 <a href=\"http://www.cmoney.tw/finance/f00025.aspx?m=3&amp;s=3008\" target=\"_blank\">大立光 (3008)</a>&nbsp;認購權證 買進價格為0.37元，</p>\n\n<p>相當於一張權證 370 元 (0.37 x 1000=370)，</p>\n\n<p>以他的資金可以購買約60張。</p>\n\n<p>&nbsp;</p>\n\n<p>他發現經由計算後，</p>\n\n<p>若大立光的股票價格上漲了5%，</p>\n\n<p>他的權證價格會由 0.37元 漲至 &nbsp;0.50 元，漲幅約46%，</p>\n\n<p>原來這就是權證高槓桿的效果!</p>\n\n<p>(延伸閱讀：<a href=\"http://www.cmoney.tw/learn/course/moreknowledge103/topic/977\" target=\"_blank\">權證交易怎麼賺錢</a>)</p>\n\n<p>但是相反的若看錯行情，也將是加倍損失。</p>\n\n<p><img alt=\"\" height=\"214\" src=\"http://www.cmoney.tw/learn/cmstatic/learn/53/20140929133455734.jpg\" width=\"550\" /></p>\n\n<p>&nbsp;</p>\n\n<p>圖片來源&nbsp;<a href=\"https://www.warrantwin.com.tw/wtinfo.aspx?wid=713304\" target=\"_blank\">元大權證網</a></p>\n\n<p>&nbsp;</p>\n\n<h2>3. 損失有限，但一不小心卻是虧損整筆資金</h2>\n\n<p>舉例來說：</p>\n\n<p>權證沒有負債問題，不會超額損失，</p>\n\n<p>我們常常聽到有人藉由融資操作股票，</p>\n\n<p>在看錯行情時背了一屁股債。</p>\n\n<p><a href=\"http://www.cmoney.tw/notes/note-detail.aspx?nid=6164\" target=\"_blank\">(一分鐘了解什麼是融資)</a></p>\n\n<p>但小華這張大立光權證，</p>\n\n<p>最壞的狀況就是到期時，股票價格小於履約價格，</p>\n\n<p>損失購買權證的本金。</p>\n\n<p>&nbsp;</p>\n\n<p><img alt=\"\" height=\"198\" src=\"http://www.cmoney.tw/learn/cmstatic/learn/53/20140929093517060.jpg\" width=\"500\" /></p>\n\n<p>&nbsp;</p>\n\n<p>&nbsp;</p>\n\n<h2>4. 透過權證操作，交易成本較低</h2>\n\n<p>無論是買賣股票或是權證，</p>\n\n<p>不只要付交易稅給政府，還要付手續費給證券商。</p>\n\n<p>權證是0.1%，股票是0.3%，彼此間相差了三倍。</p>\n\n<p>千萬不要小看這樣的差距!</p>\n\n<p>讓我們來看一個例子</p>\n\n<p><img alt=\"\" src=\"http://www.cmoney.tw/learn/cmstatic/learn/53/20140926093408817.jpg\" /></p>\n\n<p>&nbsp;</p>\n\n<p>從上面的例子可以看出，</p>\n\n<p>若想要獲得5000元的獲利，</p>\n\n<p>股票交易成本佔了獲利的20%，而權證卻只有1%!</p>\n\n<p>手續費的差異主要是因為，</p>\n\n<p>股票的投資成本比較高(一張都好幾萬起跳的)，</p>\n\n<p>所以課的稅就會比較多，</p>\n\n<p>相對於，權證的投入成本較低(一張才幾百、幾千塊而已)</p>\n\n<p>所以課的稅就會相對的低很多。</p>\n\n<p>&nbsp;</p>\n\n<p>因此大家不要小看交易成本，</p>\n\n<p>對於資金規模較大以及進出頻繁的投資人，</p>\n\n<p>交易成本對於獲利的影響可是很關鍵的。</p>\n\n<p>延伸閱讀：(<a href=\"http://www.cmoney.tw/notes/note-detail.aspx?nid=6529\" target=\"_blank\">一分鐘搞動「交易成本」</a>)</p>\n\n<p>&nbsp;</p>\n\n<h1>權證適合下面兩種類型的投資人</h1>\n\n<h2>1. 權證適合對未來股價有所預測，資金不足的投資人</h2>\n\n<p>投資人若對某隻股票未來行情極具信心，</p>\n\n<p>但身邊資金不足，無法使用股票操作，</p>\n\n<p>購買零股投資效益又較低，</p>\n\n<p>此時可以藉由購買權證，</p>\n\n<p>享受以小搏大的投資效益。</p>\n\n<p>&nbsp;</p>\n\n<h2>2. 股市操作經驗豐富，操作短線的投資人</h2>\n\n<p>許多人在股票市場的經驗十分豐富，</p>\n\n<p>對於較短線的股價行情較為準確，</p>\n\n<p>此時只要用較少的資金，透過權證高槓桿的特性進行操作，</p>\n\n<p>若是股價不如預期，也會迅速地做出停損的決定。</p>\n\n<p>&nbsp;</p>\n\n<p>&nbsp;</p>\n\n<h1>下面兩種類型投資人，盡量避免投資權證</h1>\n\n<h2>1. 不了解權證，剛進入股票市場的投資人</h2>\n\n<p>雖然權證有許多優點，但高報酬必然存在高風險，</p>\n\n<p>投資人常常只看到權證的好處，而忽略了風險。</p>\n\n<p>權證本身的漲跌是連結股票價格，</p>\n\n<p>投資人必須先看對股價的走勢，才能藉由權證獲利；</p>\n\n<p>此外，權證本身的結構比股票更複雜，</p>\n\n<p>對於不了解權證的投資人可能僅會加速損失。</p>\n\n<p>&nbsp;</p>\n\n<h2>2. 無法常常關注股票行情的投資人</h2>\n\n<p>權證與股票最大的不同是，</p>\n\n<p>股票可以長期持有，但是權證不行。</p>\n\n<p>因為權證的權利金包含了時間價值與內含價值，</p>\n\n<p>(延伸閱讀：<a href=\"http://www.cmoney.tw/learn/course/moreknowledge103/topic/713\" target=\"_blank\">什麼是權利金</a>)</p>\n\n<p>若股票價格與預期走勢不同，</p>\n\n<p>權證價格將會下跌的非常迅速，</p>\n\n<p><strong>擅長操作權證的投資人，若發現股價走勢與預期不同，</strong></p>\n\n<p><strong>會迅速的執行停損的動作，以免損失持續擴大</strong>。</p>\n\n<p>&nbsp;</p>\n\n<p>&nbsp;</p>\n\n<p>權證屬於高風險高報酬的投資工具，</p>\n\n<p>但是藉由了解權證的特性，</p>\n\n<p>我們可以降低風險，提高自己的報酬率，</p>\n\n<p>接下來馬上來看看 <a href=\"http://www.cmoney.tw/learn/course/moreknowledge103/topic/700\" target=\"_blank\">怎麼開始投資第一張權證</a>。</p>\n\n<p>&nbsp;</p>\n",
        "ViewCount": "49646",
        "IsReference": true,
        "ReferenceList": [
            {
                "ReferenceId": 30688,
                "Description": "權證的高槓桿 是它迷人之處，但這 9 大指標不可不知！尤其是第 5 點...",
                "ReferenceUrl": "http://cmy.tw/004dsS",
                "ReferenceImage": "http://www.cmoney.tw/notes/cmstatic/notes/capture/322701/20160202162352193.jpg",
                "ViewCount": 124
            },
            {
                "ReferenceId": 30689,
                "Description": "權證新手必看！小哥公開挑權證 6大原則",
                "ReferenceUrl": "http://cmy.tw/004y3Z",
                "ReferenceImage": "http://www.cmoney.tw/notes/cmstatic/notes/capture/29464/20140312140315577.png",
                "ViewCount": 146
            },
            {
                "ReferenceId": 30690,
                "Description": "玩權證前，你一定要懂的3件事！",
                "ReferenceUrl": "http://cmy.tw/004nd2",
                "ReferenceImage": "http://www.cmoney.tw/notes/cmstatic/notes/capture/57811/20140314163417281.png",
                "ViewCount": 174
            }
        ],
        "OgImgURL": "http://www.cmoney.tw/learn/cmstatic/learn/53/20140929134124683.jpg"
    },
    "badges": [],
    "isTreeCompleted": false,
    "nextCourse": null
}