{
    "courseDetail": {
        "CourseId": 966,
        "CourseContent": "<h1>磐石理論就是</h1>\n\n<h1>買入價值被低估的股票</h1>\n\n<h1>並長期持有</h1>\n\n<h2>股票的價格</h2>\n\n<h2>最終會回到真實價值</h2>\n\n<p>磐石理論(Firm Foundation Theory)認為，</p>\n\n<p>不論是股票或房地產，</p>\n\n<p>每一種投資工具，</p>\n\n<p>都有一個確定的內在標準</p>\n\n<p>「真實價值」(intrinsic value)，</p>\n\n<p>可以經由仔細分析目前和未來的展望而求算出。</p>\n\n<p>&nbsp;</p>\n\n<p>繼續看下去...</p>\n\n<p>&nbsp;</p>\n\n<p><span style=\"color:#808080\"><span style=\"font-size:12px\">(贊助商連結...)</span></span></p>\n\n<p><dfp type=\"3\"></dfp></p>\n\n<h1>磐石理論的操作策略</h1>\n\n<h2>買入市價低於真實價值的股票</h2>\n\n<h2>賣掉市價高於真實價值的股票</h2>\n\n<p>股價短期會受到許多因素干擾，</p>\n\n<p>但長期而言，</p>\n\n<p>股價最後都還是會回到真實價值。</p>\n\n<p>因此持有的期間，</p>\n\n<p>不用去顧慮股價的波動，</p>\n\n<p>耐心等待市場去反應股票真實的價值。</p>\n\n<p>&nbsp;</p>\n\n<p><img alt=\"\" height=\"102\" src=\"http://www.cmoney.tw/learn/cmstatic/learn/50/20140728150244686.png\" width=\"316\" /></p>\n\n<p><span style=\"font-size:12px\">圖片來源：CMoney</span></p>\n\n<p>&nbsp;</p>\n\n<h1>以三種方法</h1>\n\n<h1>評估企業的真實價值</h1>\n\n<h2>1. 以股利的觀點</h2>\n\n<h2>來衡量真實價值</h2>\n\n<h2>股利配發愈高真實價值愈高</h2>\n\n<p>投資股票的出發點，</p>\n\n<p>就是成為公司的股東。</p>\n\n<p>藉由股利享受公司賺錢的成果，</p>\n\n<p><span style=\"font-size:12px\">(延伸閱讀：<a href=\"http://www.cmoney.tw/learn/course/0520/admin#/course/1232\" target=\"_blank\">什麼是股利</a>)</span></p>\n\n<p>在《投資價值理論》</p>\n\n<p>（The Theory of Investment Value）一書中，</p>\n\n<p>威廉以股息收入為基礎，</p>\n\n<p>提出一個計算股票內在價值的真實公式，</p>\n\n<p>用來衡量股票真實價值的方法。</p>\n\n<p><span style=\"font-size:12px\">(延伸閱讀：<a href=\"http://www.cmoney.tw/learn/course/0520/admin#/course/1017\" target=\"_blank\">現金股利折現法</a>)</span></p>\n\n<p>&nbsp;</p>\n\n<p>&nbsp;</p>\n\n<h2>2. 公司未來的預期獲利成長率</h2>\n\n<h2>預期獲利成長率愈高</h2>\n\n<h2>真實價值愈高</h2>\n\n<p>若公司目前屬於快速成長的階段，</p>\n\n<p>公司的獲利能力也會持續成長。</p>\n\n<p>當然可以預期未來會配發更多的股利給股東，</p>\n\n<p>所以當一支股票的收益增長率越高時，</p>\n\n<p>投資者就越願意為其支付較高的價格，</p>\n\n<p>來購買他們的股票。</p>\n\n<p>&nbsp;</p>\n\n<h2>3. 公司股票相對於市場的風險程度</h2>\n\n<h2>公司股票風險愈低，真實價值愈高</h2>\n\n<p>舉例來說：目前大盤跌了 20%，</p>\n\n<p>A 公司跌了 20%，</p>\n\n<p>B 公司卻跌了 40%。</p>\n\n<p>此時 B 公司，</p>\n\n<p>相較於市場風險較低，</p>\n\n<p>因為投資人會認為</p>\n\n<p>公司即便在經濟衰退時，</p>\n\n<p>好公司的盈利都不會下降很多，</p>\n\n<p>股息相對也較有保障。</p>\n\n<p>所以此時大跌不會拉低真實價值，</p>\n\n<p>反而是股票低價降低購買公司的風險，</p>\n\n<p>其真實價值會愈高。</p>\n\n<p>&nbsp;</p>\n\n<p><strong><span style=\"font-size:18px\">「磐石理論」代表人物 - 巴菲特</span></strong></p>\n\n<p>&nbsp;</p>\n\n<p>&nbsp;</p>\n\n<p>&nbsp;</p>\n\n<h1>應用磐石理論的</h1>\n\n<h1>兩大困難之處</h1>\n\n<h2>1. 對未來的難以預測</h2>\n\n<p>磐石理論的推理方法非常合理，</p>\n\n<p>強調股票的價值，</p>\n\n<p>建立在公司未來可用於紅利分配的利潤流基礎上。</p>\n\n<p>這意味著股票目前的股利愈高、成長率愈大，，</p>\n\n<p>股票就愈有價值。</p>\n\n<p>不過磐石理論依賴一些</p>\n\n<p>對未來增長程度和期限等難以處理的預測，</p>\n\n<p>這便是其困難的地方。</p>\n\n<p>&nbsp;</p>\n\n<h2>2. 「真實價值」不一定真實</h2>\n\n<p>因為用來估算真實價值的財報資料不一定真實，</p>\n\n<p>而未來也不一定能用過去和現在的狀況來估算，</p>\n\n<p>未來極有可能因為某種隨機事件而不如預期，</p>\n\n<p>所以內在價值這個基礎可能不如理論所宣稱的那樣可靠。</p>\n\n<p>&nbsp;</p>\n\n<p>磐石理論的概念，</p>\n\n<p>與價值型投資的概念十分類似。</p>\n\n<p><span style=\"font-size:12px\">(延伸閱讀：<a href=\"http://www.cmoney.tw/learn/course/0520/topic/1010\" target=\"_blank\">什麼是價值型投資</a>)</span></p>\n\n<p>都是長期持有被市場所低估的股票，</p>\n\n<p>等到股票回到真實價值後再加以售出。</p>\n\n<p>有興趣的人也可以參考看看噢！</p>\n\n<p>&nbsp;</p>\n\n<p><a href=\"http://cmy.tw/009YkZ\"><img alt=\"\" height=\"600\" src=\"http://www.cmoney.tw/learn/cmstatic/learn/50/20200525181514598.jpg\" width=\"300\" /></a></p>\n\n<p>&nbsp;</p>\n\n<p>&nbsp;</p>\n\n<p>&nbsp;</p>\n",
        "ViewCount": "47279",
        "IsReference": false,
        "ReferenceList": null,
        "OgImgURL": "http://www.cmoney.tw/learn/cmstatic/learn/50/20140728150244686.png"
    },
    "badges": [],
    "isTreeCompleted": false,
    "nextCourse": null
}