{
    "courseDetail": {
        "CourseId": 977,
        "CourseContent": "<p>&nbsp;</p>\n\n<p>權證交易的好處之一是不怕負債，最多歸零</p>\n\n<p>而且門檻很低，小資族也能參與</p>\n\n<p>到底權證該如何賺錢呢？</p>\n\n<p>一起來看看</p>\n\n<p>&nbsp;</p>\n\n<p>（贊助商連結）</p>\n\n<p><googleadsense height=\"600px\" type=\"4\" width=\"300px\"></googleadsense></p>\n\n<p>&nbsp;</p>\n\n<p>&nbsp;</p>\n\n<h1>權證交易藉由買賣權證，賺取價差</h1>\n\n<h2>權證價格會隨著股價而產生變化</h2>\n\n<p>回顧一開始，<a href=\"http://www.cmoney.tw/learn/course/moreknowledge103/topic/661\" target=\"_blank\">什麼是權證</a> 的例子 ，</p>\n\n<p>我們以100萬，換取半年後以1000萬購買房屋的權利，</p>\n\n<p>假設兩個月後，房屋價格已從1000萬變成了1500萬，</p>\n\n<p>此權利價值，從一百萬變成至少超過五百萬!</p>\n\n<p><strong>但是我們不用等到半年後購入房屋，花費額外的時間及金錢成本，</strong></p>\n\n<p><strong>可以立即在市場上將權利售出，</strong></p>\n\n<p>達到獲利的效果。</p>\n\n<p>&nbsp;</p>\n\n<h1>權證的價格計算方式與股票相同</h1>\n\n<h2>1. 權證一張=1000股</h2>\n\n<p>權證跟股票一樣，一張=1000股，</p>\n\n<p>以下面例子做計算，</p>\n\n<p>買進一張 079460 台積電認購權證，</p>\n\n<p>只需要 &nbsp;0.30 x 1000 = 300 元&nbsp;。</p>\n\n<p>&nbsp;</p>\n\n<p><img alt=\"\" height=\"137\" src=\"http://www.cmoney.tw/learn/cmstatic/learn/53/20140929142929167.jpg\" width=\"500\" /></p>\n\n<p>圖片來源 <a href=\"https://www.warrantwin.com.tw/wtinfo.aspx?wid=713304\" target=\"_blank\">元大權證網</a></p>\n\n<p>&nbsp;</p>\n\n<h2>2.查詢股票與權證相對應的價格</h2>\n\n<p>我們最關心的當然是&nbsp;</p>\n\n<p><strong>今天股票上漲或下跌，我們的權證漲了多少錢。</strong></p>\n\n<p>以 079460 台積電&nbsp;認購權證為例</p>\n\n<p>透過 <a href=\"https://www.warrantwin.com.tw/wanalysis.aspx?wid=079460\" target=\"_blank\">元大權證網-權證計算機</a>&nbsp;，</p>\n\n<p>得知 <a href=\"http://www.cmoney.tw/finance/f00025.aspx?m=3&amp;s=2330\" target=\"_blank\">台積電 (2330)</a>&nbsp;漲至 125元，我們的權證價格為 0.44元，</p>\n\n<p>&nbsp;</p>\n\n<p><img alt=\"\" height=\"321\" src=\"http://www.cmoney.tw/learn/cmstatic/learn/53/20140929144846842.jpg\" width=\"600\" /></p>\n\n<p>圖片來源&nbsp;<a href=\"https://www.warrantwin.com.tw/wanalysis.aspx?wid=079460\" target=\"_blank\">元大權證網-權證計算機</a></p>\n\n<p>&nbsp;</p>\n\n<h2>3. 賣出權證，計算獲利</h2>\n\n<p>當&nbsp;<a href=\"http://www.cmoney.tw/finance/f00025.aspx?m=3&amp;s=2330\" target=\"_blank\">台積電 (2330)</a>&nbsp;漲至125元時，</p>\n\n<p>我們可以以0.44元的價格將權證賣出，</p>\n\n<p>獲利約為 (0.44-0.30) x 1000 = 140元</p>\n\n<p>&nbsp;</p>\n\n<h1>設定目標價格，賣出權證獲利了結</h1>\n\n<p>知道權證的價格查詢方式後，</p>\n\n<p>了解股票與權證相對應的價格是多少，</p>\n\n<p>在股票上漲後，賣出認購權證，</p>\n\n<p>或是在股票下跌後，賣出認售權證，</p>\n\n<p>享受獲利的成果!</p>\n\n<p>&nbsp;</p>\n\n<p>&nbsp;</p>\n\n<h2>馬上報名&nbsp;►►</h2>\n\n<h2>9/01&nbsp;<a href=\"https://www.cmoney.tw/app/classesdetail.aspx?id=1833\" style=\"outline-style: initial; outline-width: 0px; position: relative;\">(台北) 權證小哥｜月月領股息存股秘術，股期實戰班</a></h2>\n\n<h2>9/04&nbsp;<a href=\"https://www.cmoney.tw/app/classesdetail.aspx?id=1834\" style=\"outline-style: initial; outline-width: 0px; position: relative;\">(桃園) 權證小哥｜月月領股息存股秘術，股期實戰班</a></h2>\n\n<h2>9/05&nbsp;<a href=\"https://www.cmoney.tw/app/classesdetail.aspx?id=1835\" style=\"outline-style: initial; outline-width: 0px; position: relative;\">(台中) 權證小哥｜月月領股息存股秘術，股期實戰班</a></h2>\n\n<h2>9/06&nbsp;<a href=\"https://www.cmoney.tw/app/classesdetail.aspx?id=1836\" style=\"outline-style: initial; outline-width: 0px; position: relative;\">(高雄) 權證小哥｜月月領股息存股秘術，股期實戰班</a></h2>\n\n<h2>9/07&nbsp;<a href=\"https://www.cmoney.tw/app/classesdetail.aspx?id=1837\" style=\"outline-style: initial; outline-width: 0px; position: relative;\">(台南) 權證小哥｜月月領股息存股秘術，股期實戰班</a></h2>\n\n<h2>9/08&nbsp;<a href=\"https://www.cmoney.tw/app/classesdetail.aspx?id=1838\" style=\"outline-style: initial; outline-width: 0px; position: relative;\">(嘉義) 權證小哥｜月月領股息存股秘術，股期實戰班</a></h2>\n\n<h2>名額有限，要搶要快哦～</h2>\n\n<p>&nbsp;</p>\n",
        "ViewCount": "58629",
        "IsReference": true,
        "ReferenceList": [
            {
                "ReferenceId": 33697,
                "Description": "我在永豐金當過 3 年權證交易員，跟您分享：我如何選權證",
                "ReferenceUrl": "http://cmy.tw/004hBt",
                "ReferenceImage": "http://www.cmoney.tw/notes/cmstatic/notes/capture/29464/20140609190906268.png",
                "ViewCount": 240
            },
            {
                "ReferenceId": 33698,
                "Description": "買權證 就是「要翻倍」！權證好好玩「５大」投資重點，不用怕被 券商 吃豆腐...",
                "ReferenceUrl": "http://cmy.tw/004k1T",
                "ReferenceImage": "http://www.cmoney.tw/notes/cmstatic/notes/capture/70544/20150714105841316.jpg",
                "ViewCount": 130
            },
            {
                "ReferenceId": 33699,
                "Description": "權證投資人 一定要熟記這3招，避開券商的陷阱！",
                "ReferenceUrl": "http://cmy.tw/004vKH",
                "ReferenceImage": "http://www.cmoney.tw/learn/cmstatic/learn/38/20150108092135310.jpg",
                "ViewCount": 85
            }
        ],
        "OgImgURL": "http://www.cmoney.tw/learn/cmstatic/learn/53/20140929142929167.jpg"
    },
    "badges": [],
    "isTreeCompleted": false,
    "nextCourse": null
}