{
    "courseDetail": {
        "CourseId": 981,
        "CourseContent": "<p>&nbsp;</p>\n\n<h1>在了解完權利金</h1>\n\n<h1>內涵價值和時間價值後</h1>\n\n<p>接著我們就來討論</p>\n\n<p>會影響權利金高低的因素主要有：</p>\n\n<p><strong>台指期貨指數、履約價、時間和波動率</strong></p>\n\n<p>（以下均以<strong>台指選擇權</strong>為例）</p>\n\n<p>&nbsp;</p>\n\n<p>繼續看下去...</p>\n\n<p>&nbsp;</p>\n\n<p><span style=\"color:#D3D3D3\"><span style=\"font-size:12px\">(贊助商連結)</span></span></p>\n\n<p><span style=\"color:#808080\"><span style=\"font-size:12px\"><googleadsense height=\"600px\" type=\"4\" width=\"300px\"></googleadsense></span></span></p>\n\n<p>&nbsp;</p>\n\n<h1>4. 台指期貨指數</h1>\n\n<h1>會影響權利金漲跌</h1>\n\n<p>台指選擇權標的雖然是加權指數</p>\n\n<p>但是期間權利金的變化</p>\n\n<p>是反映台指期貨指數的變動</p>\n\n<p>而非加權指數的漲跌</p>\n\n<p>&nbsp;</p>\n\n<h1>5. 履約價會影響選權利金高低</h1>\n\n<p>通常，低履約價的「買權 call」</p>\n\n<p>權利金會比較高</p>\n\n<p>因為買方可以用比較低的指數</p>\n\n<p>去參與這場交易</p>\n\n<p>履約價較高的「賣權 put」也是一樣</p>\n\n<p>因為可以用比較高的指數去放空</p>\n\n<p>當然權利金也會比較高</p>\n\n<p>&nbsp;</p>\n\n<p><img alt=\"\" height=\"102\" src=\"http://www.cmoney.tw/notes/cmstatic/notes/capture/114678/20140821121321955.jpg\" width=\"500\" /></p>\n\n<p>&nbsp;</p>\n\n<h1>6. 時間越長，履約機率越高</h1>\n\n<h1>權利金價值也高</h1>\n\n<p>在選擇權的交易中</p>\n\n<p><strong><span style=\"background-color:#FFFF00\">時間是一項非常重要且絕對不能忽視的要素！</span></strong></p>\n\n<p>距離到期日越近</p>\n\n<p>標的物的價格變數也會變小</p>\n\n<p>因此權利金的價值也會跟著變小</p>\n\n<p>則可交易天數越多</p>\n\n<p>不論買權、賣權</p>\n\n<p>可行使的期限也越多</p>\n\n<p>可以履約的機率也越高</p>\n\n<p>當然權利金會相對比較高！</p>\n\n<p>&nbsp;</p>\n\n<p><img alt=\"\" height=\"136\" src=\"http://www.cmoney.tw/notes/cmstatic/notes/capture/114678/20140821121425216.jpg\" width=\"500\" /></p>\n\n<p>&nbsp;</p>\n\n<h1>7. 波動率大，權利金越高</h1>\n\n<p>波動性，就是指台股指數變動的速度及漲跌幅度</p>\n\n<p>看起來很複雜吧？</p>\n\n<p>用兩張圖解釋你一下就懂！</p>\n\n<p>&nbsp;</p>\n\n<p><img alt=\"\" height=\"251\" src=\"http://www.cmoney.tw/notes/cmstatic/notes/capture/114678/20140821121503776.jpg\" width=\"500\" /></p>\n\n<p>&nbsp;</p>\n\n<p>第一張圖 k 線的起伏不明顯</p>\n\n<p>可是第二章圖的 k 線就是大起大落</p>\n\n<p>以此就可以看出波動率的大小。</p>\n\n<p>&nbsp;</p>\n\n<p>台股指數波動越劇烈</p>\n\n<p>選擇權各種履約價可能獲利的機會相對提高</p>\n\n<p>因此波動率的幅度大小</p>\n\n<p>容易影響交易人的投資策略</p>\n\n<p><strong>波動率算是影響選擇權最大的因素</strong></p>\n\n<p>&nbsp;</p>\n\n<p><img alt=\"\" height=\"159\" src=\"http://www.cmoney.tw/notes/cmstatic/notes/capture/114678/20140821121531956.jpg\" width=\"500\" /></p>\n\n<p>&nbsp;</p>\n\n<h1>結合上面各種因素，可歸納如下表：</h1>\n\n<p>&nbsp;</p>\n\n<p><img alt=\"\" height=\"155\" src=\"http://www.cmoney.tw/notes/cmstatic/notes/capture/114678/20140821121635919.jpg\" width=\"500\" /></p>\n\n<p>&nbsp;</p>\n\n<h2>無風險利率也會影響權利金價格</h2>\n\n<h2>但差距幅度不大喔！</h2>\n\n<p>&nbsp;</p>\n\n<p>了解影響權利金的因素後</p>\n\n<p>趕快點選 下 1 堂課<strong>〈<a href=\"http://cmy.tw/005HcR\">知道選擇權以小博大的威力吧！</a>〉</strong></p>\n\n<p>&nbsp;</p>\n\n<p>如果覺得這篇文章有幫助，先按個讚哦！</p>\n\n<p><iframe allowtransparency=\"true\" frameborder=\"0\" height=\"80\" scrolling=\"no\" src=\"https://www.facebook.com/plugins/like.php?href=https%3A%2F%2Fwww.facebook.com%2FMoneyMoneyMeg%2F&amp;width=300&amp;layout=standard&amp;action=like&amp;size=large&amp;show_faces=true&amp;share=true&amp;height=80&amp;appId=659425864179203\" style=\"outline-style: initial; outline-width: 0px; position: relative; width: 879px; border-width: initial; border-style: none; overflow: hidden;\" width=\"300\"></iframe></p>\n",
        "ViewCount": "33883",
        "IsReference": false,
        "ReferenceList": null,
        "OgImgURL": "http://www.cmoney.tw/notes/cmstatic/notes/capture/114678/20140821121321955.jpg"
    },
    "badges": [],
    "isTreeCompleted": false,
    "nextCourse": null
}