{
    "courseDetail": {
        "CourseId": 99,
        "CourseContent": "<p><img alt=\"\" height=\"340\" src=\"http://www.cmoney.tw/learn/cmstatic/learn/1/20190328104415302.png\" width=\"650\" /></p>\n\n<p>我們常常聽到：</p>\n\n<p>「投資這個報酬率有 XX%！」、</p>\n\n<p>「誰誰誰投資賺了 XX% 耶！」</p>\n\n<p>用投資報酬率說服你投資某樣產品，</p>\n\n<p>是大家常遇到的事。</p>\n\n<p>不管你是存錢、買保單、</p>\n\n<p>炒股、炒房...等等，</p>\n\n<p>這都是你一定要關注到的！</p>\n\n<p>&nbsp;</p>\n\n<p>但...</p>\n\n<p>別人口中的「報酬率」，</p>\n\n<p>是「累積報酬率」還是</p>\n\n<p>「年化報酬率呢」？</p>\n\n<p>這 2 者差很多喔...</p>\n\n<p>&nbsp;</p>\n\n<p>趕快繼續看下去...</p>\n\n<p>&nbsp;</p>\n\n<p><span style=\"font-size:12px\">(贊助商連結...)</span></p>\n\n<p><dfp type=\"3\"></dfp></p>\n\n<p>&nbsp;</p>\n\n<h1>什麼是投資報酬率(%)?&nbsp;</h1>\n\n<h2>投資報酬率 = 獲利 &divide; 投入的本金</h2>\n\n<p>舉個例子：</p>\n\n<p>小明有 2 個開店計劃，</p>\n\n<p>A：投資 80 萬，1 年可賺得 40 萬。</p>\n\n<p>B：投資 30 萬，1 年可賺得 20 萬。</p>\n\n<p>小明應該選擇哪一個投資計劃呢？</p>\n\n<p>我們可以計算一下投資報酬率(%)</p>\n\n<p>A：40 / 80 = 50%</p>\n\n<p>B：20 / 30 = 66.6%</p>\n\n<p>由投資報酬率(%)來看，</p>\n\n<p>小明應該要選擇 B 才是比較好的選擇。</p>\n\n<p>&nbsp;</p>\n\n<h1>那...年化報酬率呢？</h1>\n\n<h2>將「投資年限」也計算進去</h2>\n\n<h2>轉換成一年可得的報酬率</h2>\n\n<p>一般我們所看到的報酬率，</p>\n\n<p>都是代表「累積報酬率」，</p>\n\n<p>是拿整個投資期間的開始</p>\n\n<p>與結束的淨值來計算，</p>\n\n<p>並沒有考量到<strong>「投資年限」</strong>。</p>\n\n<p>&nbsp;</p>\n\n<p>比方說：</p>\n\n<p>買進股票 10 萬，</p>\n\n<p>3 年後賣出 13 萬，</p>\n\n<p>累積報酬率為 30 %，</p>\n\n<p>但是這 30 %卻沒有</p>\n\n<p>將投資年限考慮進去，</p>\n\n<p>一旦將投資年限考慮進去，</p>\n\n<p>轉換成每一年，</p>\n\n<p>則年化報酬率僅 9.14%。</p>\n\n<p>&nbsp;</p>\n\n<p><dfp type=\"2\"></dfp></p>\n\n<p>&nbsp;</p>\n\n<h1>注意！</h1>\n\n<h1>年化報酬率&nbsp;&ne; 平均報酬率</h1>\n\n<h2>並不是將累積報酬率&nbsp;&divide; 年數</h2>\n\n<h2>還要把你的「複利」也算進去喔</h2>\n\n<p>舉個例子，現在有三種投資方案：</p>\n\n<p>1. 老王買了 100 萬的台積電股票，</p>\n\n<p>2 年後股票漲到 120 萬，</p>\n\n<p>然後把它賣掉，賺了 20 萬。</p>\n\n<p>2. 老陳買了一間 100 萬的小套房，&nbsp; &nbsp;</p>\n\n<p>5 年後公寓漲到 150 萬，</p>\n\n<p>然後把它賣掉，賺了50萬。</p>\n\n<p>&nbsp;</p>\n\n<p><strong>請問，老王和老陳誰的報酬率高？</strong></p>\n\n<p>老王： 2 年賺 20%</p>\n\n<p>老陳： 5 年賺 50%</p>\n\n<p>可能有些朋友會以為</p>\n\n<p>2 年賺 20% = 1年賺 10%</p>\n\n<p>5 年賺 50% = 1年賺 10%</p>\n\n<p>所以他們兩個人賺的一樣多...</p>\n\n<p><span style=\"font-size:26px\"><span style=\"color:#FF0000\"><strong>錯！</strong></span></span></p>\n\n<p>&nbsp;</p>\n\n<h2>老王 2 年共賺了 20%</h2>\n\n<h2>年化報酬率 9.54%</h2>\n\n<p>為什麼不能 10% 來計算呢？</p>\n\n<p>主要原因就是「複利」的關係。</p>\n\n<p>如果是用 10% 計算，</p>\n\n<p>第一年後，本金和將變成 110 萬，</p>\n\n<p>第二年後，本金和將變成 121 萬。</p>\n\n<p>將會多出 1 萬有所誤差。<br />\n<br />\n2 年共賺了 20%，這個數字也就是累積報酬率。</p>\n\n<p>代表老王 2 年從原本 100 萬多賺了 20 萬。</p>\n\n<p>而年化報酬率怎麼算？</p>\n\n<p>首先要先了解「年化報酬的公式」。</p>\n\n<p>年化報酬率 = (1 + 累積報酬率)^(1/年數) - 1</p>\n\n<p>年數 = 2 年</p>\n\n<p>累積報酬率 = 20%，</p>\n\n<p>我們將公式代入後，</p>\n\n<p>得到 0.09544511501 約 9.54%。<br />\n&nbsp;</p>\n\n<p>&nbsp;</p>\n\n<h2>老陳 5 年共賺了 61%</h2>\n\n<h2>年化報酬率 8.45%</h2>\n\n<p>老陳同理，第一年得到120 萬</p>\n\n<p>第二年 121 萬、第三年 133 萬...</p>\n\n<p>到了第 5 年就有 161 萬！</p>\n\n<p>但實際上他只有獲得 150 萬而已。</p>\n\n<p>所以必須用年化報酬來計算，</p>\n\n<p>得出結論是 8.45%。</p>\n\n<p>&nbsp;</p>\n\n<p><dfp type=\"1\"></dfp></p>\n\n<p>&nbsp;</p>\n\n<h1>業務員話術的小陷阱：</h1>\n\n<h2>「投資 100 萬，</h2>\n\n<h2>5 年後有 150 萬，</h2>\n\n<h2>一年賺了 10%！」</h2>\n\n<h2>事實上...你只賺了 8.45%！</h2>\n\n<p>市面上，很多賣保險的、</p>\n\n<p>說服你投資 XXX 的業務員，</p>\n\n<p>都愛跟你說：</p>\n\n<p>「買了這個一年就賺 XX%」</p>\n\n<p>事實上，說的都是</p>\n\n<p>「累積報酬率」，</p>\n\n<p>而不是「年化報酬率」</p>\n\n<p>你想想，一年賺 10% ，</p>\n\n<p>跟一年賺 8.45% 能一樣嗎？</p>\n\n<p>投資年限越長，</p>\n\n<p>差的數字越大，</p>\n\n<p>所以，別再把累積報酬率、</p>\n\n<p>年化報酬率搞在一起喔！</p>\n\n<p>以後聽到投資報酬率，</p>\n\n<p>就先自己算一算吧！</p>\n\n<p>&nbsp;</p>\n\n<p>若你想知道更多的理財入門知識，</p>\n\n<p>可按此輕鬆看&nbsp;<a href=\"http://cmy.tw/0007lc\">理財小學堂影片</a>。</p>\n\n<p><iframe allowfullscreen=\"\" frameborder=\"0\" height=\"640\" scrolling=\"no\" src=\"//www.youtube.com/embed/V_HszIHQf9s\" width=\"360\"></iframe></p>\n\n<p>&nbsp;</p>\n\n<h1>年化報酬率怎麼算？</h1>\n\n<p>當我們在評估多個投資方案</p>\n\n<p>哪一個比較好時，</p>\n\n<p>通常是看它們的報酬率誰高</p>\n\n<p>(當然這是極度簡化的狀況下)。</p>\n\n<p>但如果它們花的時間不一樣，</p>\n\n<p>要怎麼比呢？</p>\n\n<p>這時候，你就要用到年化報酬率，</p>\n\n<p>我看網路上寫的年化報酬率都很複雜，</p>\n\n<p>所以決定來錄個小學生版，</p>\n\n<p>用 EXCEL 就可以囉~</p>\n\n<p><img alt=\"\" height=\"281\" src=\"http://www.cmoney.tw/learn/cmstatic/learn/1/20170807144705709.png\" width=\"500\" /><br />\n<img alt=\"\" height=\"281\" src=\"http://www.cmoney.tw/learn/cmstatic/learn/1/20170807143446391.png\" width=\"500\" /></p>\n\n<p>如果同學們會算了</p>\n\n<p>我們來實際練習一題</p>\n\n<p>A：5 年賺 80%</p>\n\n<p>B：8 年賺 150%</p>\n\n<p>&nbsp;</p>\n\n<p>請問誰的年化報酬率比較高呢？</p>\n\n<p>馬上用小算盤算一算囉！</p>\n\n<p>&nbsp;</p>\n\n<h2>答案是 A 喔！你算出來了嗎？</h2>\n\n<h2>別再被報酬率給唬弄囉 ~</h2>\n\n<p>&nbsp;</p>\n\n<p><a href=\"http://cmy.tw/009YkZ\"><img alt=\"\" height=\"600\" src=\"http://www.cmoney.tw/learn/cmstatic/learn/1/20200508120506345.jpg\" width=\"300\" /></a></p>\n\n<p>&nbsp;</p>\n",
        "ViewCount": "527218",
        "IsReference": true,
        "ReferenceList": [
            {
                "ReferenceId": 34135,
                "Description": "理財hen好懂",
                "ReferenceUrl": "https://www.facebook.com/litsaiheneasy/",
                "ReferenceImage": "https://scontent.ftpe7-4.fna.fbcdn.net/v/t1.0-1/p200x200/53591743_416700958873926_7615180700337045504_n.jpg?_nc_cat=101&amp;_nc_ht=scontent.ftpe7-4.fna&amp;oh=593cefa8ad792af648ee30de3d18e8d5&amp;oe=5D048F8F",
                "ViewCount": 12
            },
            {
                "ReferenceId": 34136,
                "Description": "CMoney理財寶",
                "ReferenceUrl": "https://www.facebook.com/cmoneyapp/",
                "ReferenceImage": "https://scontent.ftpe8-3.fna.fbcdn.net/v/t1.0-1/c0.156.200.200a/429093_260831470664421_20938524_n.jpg?_nc_cat=107&amp;_nc_sid=dbb9e7&amp;_nc_ohc=yNBQ8ScXlZAAX9nPsSp&amp;_nc_ht=scontent.ftpe8-3.fna&amp;oh=04b22bf43fa78fb61fd1060867d44890&amp;oe=5ED56BB2",
                "ViewCount": 24
            }
        ],
        "OgImgURL": "http://www.cmoney.tw/learn/cmstatic/learn/1/20190328104415302.png"
    },
    "badges": [],
    "isTreeCompleted": false,
    "nextCourse": null
}