{
    "Root": {
        "RootId": 1,
        "MemberId": 24636,
        "Title": "理財小學堂",
        "Description": "理財小學堂開課囉！全台灣最生動的理財教學，學習網為你打造一系列的基礎教學文！\n特色有三個：\n1.內容活潑又輕鬆，沒有複雜的專有名詞！\n2.舉例豐富，精美插圖，圖文並茂加強記憶！\n3.附有輔助軟體，可以實際操作吸收快！\n希望可以讓投資新手們學得開心、學得紮實，讓我們從第一堂課開始，好好探索理財的學習地圖！",
        "ImgURL": "learnImg03A367AB.jpg",
        "LogoImgURL": "learnLogoA4AF80F2.png",
        "AuthorName": "CMoney 官方",
        "AuthorURL": "http://www.cmoney.tw/app/cmoney",
        "DomainName": "cmoney",
        "VisualColor": "#0095ed",
        "IsShowLevelIndex": true,
        "IsActive": true,
        "TotalViewCount": 12461047,
        "IsRecommend": true,
        "CategoryList": [
            {
                "CategoryId": 1,
                "CategoryName": "理財小學堂"
            }
        ],
        "TagIdList": [
            3,
            4,
            13,
            21
        ],
        "CourseCount": 0,
        "CompletionRate": 0,
        "MapBlock": 0,
        "PromptContent": ""
    },
    "ChildNodes": [
        {
            "CourseId": 63,
            "RootId": 1,
            "ChildNodes": [
                {
                    "CourseId": 64,
                    "RootId": 1,
                    "ChildNodes": [
                        {
                            "CourseId": 90,
                            "RootId": 1,
                            "ChildNodes": [],
                            "Name": "為什麼要投資理財？",
                            "Description": "",
                            "IsActive": true,
                            "ParentCourseId": 64,
                            "SortIndex": 1,
                            "LevelIndex": [
                                1,
                                1,
                                1
                            ],
                            "IsDelete": false,
                            "Percentage": 0,
                            "CourseNodeType": 2
                        },
                        {
                            "CourseId": 91,
                            "RootId": 1,
                            "ChildNodes": [],
                            "Name": "複利的力量",
                            "Description": "還在拼命省錢，只為了存下第一桶金？搞懂如何以錢滾錢後，月存5,000後，剩的錢儘管「花光」！",
                            "IsActive": true,
                            "ParentCourseId": 64,
                            "SortIndex": 2,
                            "LevelIndex": [
                                1,
                                1,
                                2
                            ],
                            "IsDelete": false,
                            "Percentage": 0,
                            "CourseNodeType": 2
                        },
                        {
                            "CourseId": 92,
                            "RootId": 1,
                            "ChildNodes": [],
                            "Name": "72法則",
                            "Description": "鈔票要多久才能從一疊變兩疊？只要掌握一個神祕的「72法則」！（投資新手必學）",
                            "IsActive": true,
                            "ParentCourseId": 64,
                            "SortIndex": 3,
                            "LevelIndex": [
                                1,
                                1,
                                3
                            ],
                            "IsDelete": false,
                            "Percentage": 0,
                            "CourseNodeType": 2
                        },
                        {
                            "CourseId": 93,
                            "RootId": 1,
                            "ChildNodes": [],
                            "Name": "理財前要先理債",
                            "Description": "想賺更多錢，先看自己上月繳了「多少卡費」！學校沒教 但小資族必懂：別讓「債務」毀了一生...",
                            "IsActive": true,
                            "ParentCourseId": 64,
                            "SortIndex": 4,
                            "LevelIndex": [
                                1,
                                1,
                                4
                            ],
                            "IsDelete": false,
                            "Percentage": 0,
                            "CourseNodeType": 2
                        },
                        {
                            "CourseId": 94,
                            "RootId": 1,
                            "ChildNodes": [],
                            "Name": "可怕的通貨膨脹",
                            "Description": "滷肉飯漲十塊，就叫「通貨膨脹」嗎？一分鐘看懂，當死薪水碰上通膨 會發生什麼事！",
                            "IsActive": true,
                            "ParentCourseId": 64,
                            "SortIndex": 5,
                            "LevelIndex": [
                                1,
                                1,
                                5
                            ],
                            "IsDelete": false,
                            "Percentage": 0,
                            "CourseNodeType": 2
                        },
                        {
                            "CourseId": 95,
                            "RootId": 1,
                            "ChildNodes": [],
                            "Name": "什麼是消費者物價指數？",
                            "Description": "新聞常說的「消費者物價指數」是什麼？一個公式，帶你觀察台灣的通膨率是多少！",
                            "IsActive": true,
                            "ParentCourseId": 64,
                            "SortIndex": 6,
                            "LevelIndex": [
                                1,
                                1,
                                6
                            ],
                            "IsDelete": false,
                            "Percentage": 0,
                            "CourseNodeType": 2
                        },
                        {
                            "CourseId": 96,
                            "RootId": 1,
                            "ChildNodes": [],
                            "Name": "財富自由的真諦是什麼？",
                            "Description": "想安穩退休一定得存滿 1000 萬？真正的財富自由，不只是花錢不用考慮，而是內心「無所畏懼」！",
                            "IsActive": true,
                            "ParentCourseId": 64,
                            "SortIndex": 7,
                            "LevelIndex": [
                                1,
                                1,
                                7
                            ],
                            "IsDelete": false,
                            "Percentage": 0,
                            "CourseNodeType": 2
                        }
                    ],
                    "Name": "為什麼要投資",
                    "Description": "為什麼要投資",
                    "IsActive": true,
                    "ParentCourseId": 63,
                    "SortIndex": 1,
                    "LevelIndex": [
                        1,
                        1
                    ],
                    "IsDelete": false,
                    "Percentage": -1,
                    "CourseNodeType": 1
                },
                {
                    "CourseId": 65,
                    "RootId": 1,
                    "ChildNodes": [
                        {
                            "CourseId": 97,
                            "RootId": 1,
                            "ChildNodes": [],
                            "Name": "一篇文了解 投資風險 與 報酬 的關係！為什麼高報酬就一定伴隨著高風險？",
                            "Description": "「投資風險好高，乖乖定存就好了！」你一定聽過很多人這樣說，但真的是這樣嗎？投資風險真的有那麼高嗎？難道定存就沒風險了嗎？如果你不想在股市提早畢業，建議你看懂投資背後的「風險」！",
                            "IsActive": true,
                            "ParentCourseId": 65,
                            "SortIndex": 1,
                            "LevelIndex": [
                                1,
                                2,
                                1
                            ],
                            "IsDelete": false,
                            "Percentage": 0,
                            "CourseNodeType": 2
                        },
                        {
                            "CourseId": 99,
                            "RootId": 1,
                            "ChildNodes": [],
                            "Name": "年化報酬率：透視你的投資工具",
                            "Description": "別再被業務騙啦！「投資 100萬，5年後有 150萬， 一年不是賺了 10%！ 事實上，你只賺了 ....",
                            "IsActive": true,
                            "ParentCourseId": 65,
                            "SortIndex": 3,
                            "LevelIndex": [
                                1,
                                2,
                                2
                            ],
                            "IsDelete": false,
                            "Percentage": 0,
                            "CourseNodeType": 2
                        },
                        {
                            "CourseId": 100,
                            "RootId": 1,
                            "ChildNodes": [],
                            "Name": "投資的機會成本",
                            "Description": "把時間分配好，別讓投資...佔據你人生太多時間！算算看... 你每天花多久在交易上？",
                            "IsActive": true,
                            "ParentCourseId": 65,
                            "SortIndex": 4,
                            "LevelIndex": [
                                1,
                                2,
                                3
                            ],
                            "IsDelete": false,
                            "Percentage": 0,
                            "CourseNodeType": 2
                        },
                        {
                            "CourseId": 101,
                            "RootId": 1,
                            "ChildNodes": [],
                            "Name": "散戶賠錢的真正原因在於「資金不足」",
                            "Description": "",
                            "IsActive": true,
                            "ParentCourseId": 65,
                            "SortIndex": 5,
                            "LevelIndex": [
                                1,
                                2,
                                4
                            ],
                            "IsDelete": false,
                            "Percentage": 0,
                            "CourseNodeType": 2
                        }
                    ],
                    "Name": "風險與報酬",
                    "Description": "風險與報酬",
                    "IsActive": true,
                    "ParentCourseId": 63,
                    "SortIndex": 2,
                    "LevelIndex": [
                        1,
                        2
                    ],
                    "IsDelete": false,
                    "Percentage": -1,
                    "CourseNodeType": 1
                },
                {
                    "CourseId": 66,
                    "RootId": 1,
                    "ChildNodes": [
                        {
                            "CourseId": 104,
                            "RootId": 1,
                            "ChildNodes": [],
                            "Name": "股票賣點怎麼找？關鍵在「紀律」",
                            "Description": "",
                            "IsActive": true,
                            "ParentCourseId": 66,
                            "SortIndex": 1,
                            "LevelIndex": [
                                1,
                                3,
                                1
                            ],
                            "IsDelete": false,
                            "Percentage": 0,
                            "CourseNodeType": 2
                        },
                        {
                            "CourseId": 105,
                            "RootId": 1,
                            "ChildNodes": [],
                            "Name": "想在股市賺錢，你得先學會「判斷」",
                            "Description": "",
                            "IsActive": true,
                            "ParentCourseId": 66,
                            "SortIndex": 2,
                            "LevelIndex": [
                                1,
                                3,
                                2
                            ],
                            "IsDelete": false,
                            "Percentage": 0,
                            "CourseNodeType": 2
                        },
                        {
                            "CourseId": 106,
                            "RootId": 1,
                            "ChildNodes": [],
                            "Name": "停損停利、定期定額、金字塔投資法》3 種投資法，幫你打敗貪婪與恐懼！",
                            "Description": "",
                            "IsActive": true,
                            "ParentCourseId": 66,
                            "SortIndex": 3,
                            "LevelIndex": [
                                1,
                                3,
                                3
                            ],
                            "IsDelete": false,
                            "Percentage": 0,
                            "CourseNodeType": 2
                        },
                        {
                            "CourseId": 107,
                            "RootId": 1,
                            "ChildNodes": [],
                            "Name": "自我紀律",
                            "Description": "這個世界上的夢想是「有限的」！千萬別再最該奮鬥時，選擇安逸....",
                            "IsActive": true,
                            "ParentCourseId": 66,
                            "SortIndex": 4,
                            "LevelIndex": [
                                1,
                                3,
                                4
                            ],
                            "IsDelete": false,
                            "Percentage": 0,
                            "CourseNodeType": 2
                        },
                        {
                            "CourseId": 108,
                            "RootId": 1,
                            "ChildNodes": [],
                            "Name": "1.01 法則",
                            "Description": "",
                            "IsActive": true,
                            "ParentCourseId": 66,
                            "SortIndex": 5,
                            "LevelIndex": [
                                1,
                                3,
                                5
                            ],
                            "IsDelete": false,
                            "Percentage": 0,
                            "CourseNodeType": 2
                        },
                        {
                            "CourseId": 109,
                            "RootId": 1,
                            "ChildNodes": [],
                            "Name": "習慣閱讀",
                            "Description": "這麼多年來，是「閱讀」讓我致富！巴菲特：我什麼都讀，企業年報、傳記、歷史書、每天五份報紙",
                            "IsActive": true,
                            "ParentCourseId": 66,
                            "SortIndex": 6,
                            "LevelIndex": [
                                1,
                                3,
                                6
                            ],
                            "IsDelete": false,
                            "Percentage": 0,
                            "CourseNodeType": 2
                        },
                        {
                            "CourseId": 110,
                            "RootId": 1,
                            "ChildNodes": [],
                            "Name": "終身學習",
                            "Description": "在投資這個領域，你必須「終身學習」！2 個很重要的理由： 1.市場會變、2.你會變",
                            "IsActive": true,
                            "ParentCourseId": 66,
                            "SortIndex": 7,
                            "LevelIndex": [
                                1,
                                3,
                                7
                            ],
                            "IsDelete": false,
                            "Percentage": 0,
                            "CourseNodeType": 2
                        },
                        {
                            "CourseId": 112,
                            "RootId": 1,
                            "ChildNodes": [],
                            "Name": "台股歷史30年",
                            "Description": "",
                            "IsActive": true,
                            "ParentCourseId": 66,
                            "SortIndex": 8,
                            "LevelIndex": [
                                1,
                                3,
                                8
                            ],
                            "IsDelete": false,
                            "Percentage": 0,
                            "CourseNodeType": 2
                        },
                        {
                            "CourseId": 113,
                            "RootId": 1,
                            "ChildNodes": [],
                            "Name": "天價股王，淪為平民....讓投資人「大賠」的 6 檔股票！到底在跌落谷底前，發生什麼事？",
                            "Description": "過去的天價股王，如今已淪為平民....\n若買在那時的最高點，\n不管等多久都回不到過去的榮光....\n那些害投資人「大賠」的 6 檔股票有哪些呢？\n到底在跌落谷底前，發生什麼事？",
                            "IsActive": true,
                            "ParentCourseId": 66,
                            "SortIndex": 9,
                            "LevelIndex": [
                                1,
                                3,
                                9
                            ],
                            "IsDelete": false,
                            "Percentage": 0,
                            "CourseNodeType": 2
                        },
                        {
                            "CourseId": 114,
                            "RootId": 1,
                            "ChildNodes": [],
                            "Name": "小資族的四大投資管道",
                            "Description": "年輕人問：起薪低，要如何投資？只要懂這 4 件事，教你 1 份工作、領 2 份薪水...",
                            "IsActive": true,
                            "ParentCourseId": 66,
                            "SortIndex": 10,
                            "LevelIndex": [
                                1,
                                3,
                                10
                            ],
                            "IsDelete": false,
                            "Percentage": 0,
                            "CourseNodeType": 2
                        }
                    ],
                    "Name": "投資前必備觀念",
                    "Description": "投資前必備觀念",
                    "IsActive": true,
                    "ParentCourseId": 63,
                    "SortIndex": 3,
                    "LevelIndex": [
                        1,
                        3
                    ],
                    "IsDelete": false,
                    "Percentage": -1,
                    "CourseNodeType": 1
                },
                {
                    "CourseId": 67,
                    "RootId": 1,
                    "ChildNodes": [
                        {
                            "CourseId": 115,
                            "RootId": 1,
                            "ChildNodes": [],
                            "Name": "你不該打聽明牌的理由(一)：作弊一百分，下次變零分",
                            "Description": "聽明牌，小心變「冥」牌！趁你身家還沒敗光之前，快搞懂這 3件 你早就該做的事！",
                            "IsActive": true,
                            "ParentCourseId": 67,
                            "SortIndex": 1,
                            "LevelIndex": [
                                1,
                                4,
                                1
                            ],
                            "IsDelete": false,
                            "Percentage": 0,
                            "CourseNodeType": 2
                        },
                        {
                            "CourseId": 116,
                            "RootId": 1,
                            "ChildNodes": [],
                            "Name": "你不該打聽明牌的理由(二)：害你養成「依賴」和「抱怨」的壞習慣！",
                            "Description": "如果你不蠢，就別把未來交到別人的嘴巴裡！2 大投資人不可犯的錯誤...學不會根本賺不到錢！",
                            "IsActive": true,
                            "ParentCourseId": 67,
                            "SortIndex": 2,
                            "LevelIndex": [
                                1,
                                4,
                                2
                            ],
                            "IsDelete": false,
                            "Percentage": 0,
                            "CourseNodeType": 2
                        },
                        {
                            "CourseId": 117,
                            "RootId": 1,
                            "ChildNodes": [],
                            "Name": "你不該打聽明牌的理由(三)：以為你會勝，最後都沒剩",
                            "Description": "「因為好朋友，只有你才能知道。」...別傻了，投資聽信明牌，只會成為大戶眼中的大肥羊！",
                            "IsActive": true,
                            "ParentCourseId": 67,
                            "SortIndex": 3,
                            "LevelIndex": [
                                1,
                                4,
                                3
                            ],
                            "IsDelete": false,
                            "Percentage": 0,
                            "CourseNodeType": 2
                        },
                        {
                            "CourseId": 118,
                            "RootId": 1,
                            "ChildNodes": [],
                            "Name": "你不該打聽明牌的理由(四)：愛賺短視近利的錢，你變短視近利的人",
                            "Description": "富爸爸：「投資，吃虧就是福」！因為父親一席話，成功避開 2008 金融風暴，少賠千萬身家...",
                            "IsActive": true,
                            "ParentCourseId": 67,
                            "SortIndex": 4,
                            "LevelIndex": [
                                1,
                                4,
                                4
                            ],
                            "IsDelete": false,
                            "Percentage": 0,
                            "CourseNodeType": 2
                        },
                        {
                            "CourseId": 119,
                            "RootId": 1,
                            "ChildNodes": [],
                            "Name": "你不該打聽明牌的理由(五)：聽的沒頭沒尾，買賣一知半解",
                            "Description": "聽明牌就像在投資裡找算命師！說話講一半、講進不講出，你看似正常的話，其實「漏洞」很大啊...",
                            "IsActive": true,
                            "ParentCourseId": 67,
                            "SortIndex": 5,
                            "LevelIndex": [
                                1,
                                4,
                                5
                            ],
                            "IsDelete": false,
                            "Percentage": 0,
                            "CourseNodeType": 2
                        }
                    ],
                    "Name": "你不該聽明牌的五大理由",
                    "Description": "你不該聽明牌的五大理由",
                    "IsActive": true,
                    "ParentCourseId": 63,
                    "SortIndex": 4,
                    "LevelIndex": [
                        1,
                        4
                    ],
                    "IsDelete": false,
                    "Percentage": -1,
                    "CourseNodeType": 1
                }
            ],
            "Name": "投資理財的基礎",
            "Description": "投資理財的基礎",
            "IsActive": true,
            "ParentCourseId": 0,
            "SortIndex": 1,
            "LevelIndex": [
                1
            ],
            "IsDelete": false,
            "Percentage": -1,
            "CourseNodeType": 1
        },
        {
            "CourseId": 68,
            "RootId": 1,
            "ChildNodes": [
                {
                    "CourseId": 69,
                    "RootId": 1,
                    "ChildNodes": [
                        {
                            "CourseId": 120,
                            "RootId": 1,
                            "ChildNodes": [],
                            "Name": "股票是什麼？股票入門看這裡-以鴻海(2317)為例 ",
                            "Description": "想學投資、買股票，但你真的了解股票是什麼嗎？初學者別怕，最簡單的股票入門在這！三分鐘告訴你什麼是上市、上櫃、興櫃、未上市股票、普通股、特別股、初級市場、次級市場的差異！",
                            "IsActive": true,
                            "ParentCourseId": 69,
                            "SortIndex": 1,
                            "LevelIndex": [
                                2,
                                1,
                                1
                            ],
                            "IsDelete": false,
                            "Percentage": 0,
                            "CourseNodeType": 2
                        },
                        {
                            "CourseId": 121,
                            "RootId": 1,
                            "ChildNodes": [],
                            "Name": "成交價誰決定的？股價和淨值為什麼不一樣？成交 2 原則，教你看懂漲跌的原因！",
                            "Description": "股價由誰決定？其實股票市場就像你去商店買東西，成交價由買賣雙方達成協議所訂，但不同的是，股價並非按照公司開的價格成交，而是由股市中的買方、賣方撮合競價決定！",
                            "IsActive": true,
                            "ParentCourseId": 69,
                            "SortIndex": 2,
                            "LevelIndex": [
                                2,
                                1,
                                2
                            ],
                            "IsDelete": false,
                            "Percentage": 0,
                            "CourseNodeType": 2
                        },
                        {
                            "CourseId": 122,
                            "RootId": 1,
                            "ChildNodes": [],
                            "Name": "什麼是加權指數",
                            "Description": "沒搞懂這個，千萬別花錢買股票！什麼是加權指數？它又是怎麼計算出來的？",
                            "IsActive": true,
                            "ParentCourseId": 69,
                            "SortIndex": 3,
                            "LevelIndex": [
                                2,
                                1,
                                3
                            ],
                            "IsDelete": false,
                            "Percentage": 0,
                            "CourseNodeType": 2
                        },
                        {
                            "CourseId": 124,
                            "RootId": 1,
                            "ChildNodes": [],
                            "Name": "什麼是除權與除息？",
                            "Description": "",
                            "IsActive": true,
                            "ParentCourseId": 69,
                            "SortIndex": 5,
                            "LevelIndex": [
                                2,
                                1,
                                4
                            ],
                            "IsDelete": false,
                            "Percentage": 0,
                            "CourseNodeType": 2
                        },
                        {
                            "CourseId": 125,
                            "RootId": 1,
                            "ChildNodes": [],
                            "Name": "什麼是殖利率？選股高於「這數字」才叫好！",
                            "Description": "把錢放在銀行定存要比較「年利率」、投資房地產當包租公，收租金要考慮「租金報酬率」，如果你要買股票也須了解「殖利率」！你可能聽過投資人在講選股要挑殖利率高的？現在就來告訴你這到底是什麼指標，又該如何計算！\n",
                            "IsActive": true,
                            "ParentCourseId": 69,
                            "SortIndex": 6,
                            "LevelIndex": [
                                2,
                                1,
                                5
                            ],
                            "IsDelete": false,
                            "Percentage": 0,
                            "CourseNodeType": 2
                        },
                        {
                            "CourseId": 126,
                            "RootId": 1,
                            "ChildNodes": [],
                            "Name": "1分鐘搞懂 ETF",
                            "Description": "",
                            "IsActive": true,
                            "ParentCourseId": 69,
                            "SortIndex": 7,
                            "LevelIndex": [
                                2,
                                1,
                                6
                            ],
                            "IsDelete": false,
                            "Percentage": 0,
                            "CourseNodeType": 2
                        },
                        {
                            "CourseId": 127,
                            "RootId": 1,
                            "ChildNodes": [],
                            "Name": "什麼是多頭與空頭？",
                            "Description": "什麼是多頭、空頭？其實多頭就是美股俗稱的牛市，投資人對行情看漲，反之空頭則是熊市，則代表投資人對行情看跌。但投資人又該如何判斷，股市的現狀是屬於哪一種呢？",
                            "IsActive": true,
                            "ParentCourseId": 69,
                            "SortIndex": 8,
                            "LevelIndex": [
                                2,
                                1,
                                7
                            ],
                            "IsDelete": false,
                            "Percentage": 0,
                            "CourseNodeType": 2
                        },
                        {
                            "CourseId": 128,
                            "RootId": 1,
                            "ChildNodes": [],
                            "Name": "什麼是周轉率？",
                            "Description": "",
                            "IsActive": true,
                            "ParentCourseId": 69,
                            "SortIndex": 9,
                            "LevelIndex": [
                                2,
                                1,
                                8
                            ],
                            "IsDelete": false,
                            "Percentage": 0,
                            "CourseNodeType": 2
                        },
                        {
                            "CourseId": 129,
                            "RootId": 1,
                            "ChildNodes": [],
                            "Name": "甚麼是 EPS？",
                            "Description": "",
                            "IsActive": true,
                            "ParentCourseId": 69,
                            "SortIndex": 10,
                            "LevelIndex": [
                                2,
                                1,
                                9
                            ],
                            "IsDelete": false,
                            "Percentage": 0,
                            "CourseNodeType": 2
                        },
                        {
                            "CourseId": 130,
                            "RootId": 1,
                            "ChildNodes": [],
                            "Name": "什麼是順勢與逆勢？",
                            "Description": "弱者恆弱、強者恆強就是「順勢交易」，買的高、賣的更高，空的低、回補的更低；反之，相信物極必反、價格終會回歸平均，講求「低買高賣」則是所謂逆勢交易！但順勢交易、逆勢交易究竟哪種比較好賺到錢、哪一種風險較大？又該如何判斷自己適合哪一種呢？",
                            "IsActive": true,
                            "ParentCourseId": 69,
                            "SortIndex": 11,
                            "LevelIndex": [
                                2,
                                1,
                                10
                            ],
                            "IsDelete": false,
                            "Percentage": 0,
                            "CourseNodeType": 2
                        }
                    ],
                    "Name": "專有名詞",
                    "Description": "專有名詞",
                    "IsActive": true,
                    "ParentCourseId": 68,
                    "SortIndex": 1,
                    "LevelIndex": [
                        2,
                        1
                    ],
                    "IsDelete": false,
                    "Percentage": -1,
                    "CourseNodeType": 1
                },
                {
                    "CourseId": 71,
                    "RootId": 1,
                    "ChildNodes": [],
                    "Name": "股票跌了，我該趁機入場嗎？ 1 分鐘搞懂 3 大股票分析法",
                    "Description": "一分鐘搞懂三大分析方法",
                    "IsActive": true,
                    "ParentCourseId": 68,
                    "SortIndex": 2,
                    "LevelIndex": [
                        2,
                        2
                    ],
                    "IsDelete": false,
                    "Percentage": 0,
                    "CourseNodeType": 2
                },
                {
                    "CourseId": 72,
                    "RootId": 1,
                    "ChildNodes": [
                        {
                            "CourseId": 131,
                            "RootId": 1,
                            "ChildNodes": [],
                            "Name": "資產負債表 - 三大報表",
                            "Description": "",
                            "IsActive": true,
                            "ParentCourseId": 72,
                            "SortIndex": 1,
                            "LevelIndex": [
                                2,
                                3,
                                1
                            ],
                            "IsDelete": false,
                            "Percentage": 0,
                            "CourseNodeType": 2
                        },
                        {
                            "CourseId": 132,
                            "RootId": 1,
                            "ChildNodes": [],
                            "Name": "損益表 - 三大報表",
                            "Description": "三大報表-損益表",
                            "IsActive": true,
                            "ParentCourseId": 72,
                            "SortIndex": 2,
                            "LevelIndex": [
                                2,
                                3,
                                2
                            ],
                            "IsDelete": false,
                            "Percentage": 0,
                            "CourseNodeType": 2
                        },
                        {
                            "CourseId": 133,
                            "RootId": 1,
                            "ChildNodes": [],
                            "Name": "現金流量表 - 三大報表",
                            "Description": "1 秒判別真假營收！年年真正賺錢的好公司，才能成為「養老」依靠...",
                            "IsActive": true,
                            "ParentCourseId": 72,
                            "SortIndex": 3,
                            "LevelIndex": [
                                2,
                                3,
                                3
                            ],
                            "IsDelete": false,
                            "Percentage": 0,
                            "CourseNodeType": 2
                        },
                        {
                            "CourseId": 134,
                            "RootId": 1,
                            "ChildNodes": [],
                            "Name": "股價淨值比 - 公司的內在價值",
                            "Description": "公司的內在價值-股價淨值比",
                            "IsActive": true,
                            "ParentCourseId": 72,
                            "SortIndex": 4,
                            "LevelIndex": [
                                2,
                                3,
                                4
                            ],
                            "IsDelete": false,
                            "Percentage": 0,
                            "CourseNodeType": 2
                        },
                        {
                            "CourseId": 1728,
                            "RootId": 1,
                            "ChildNodes": [],
                            "Name": "本益比 - 公司未來能創造的價值",
                            "Description": "公司未來的價值，取決於未來能持續創造多少獲利，這些獲利與現在股價之間的比例，就是本益比(PE Retio)，它可以用來快速的評估企業的價值。",
                            "IsActive": true,
                            "ParentCourseId": 72,
                            "SortIndex": 5,
                            "LevelIndex": [
                                2,
                                3,
                                5
                            ],
                            "IsDelete": false,
                            "Percentage": 0,
                            "CourseNodeType": 2
                        }
                    ],
                    "Name": "基本面",
                    "Description": "基本面",
                    "IsActive": true,
                    "ParentCourseId": 68,
                    "SortIndex": 3,
                    "LevelIndex": [
                        2,
                        3
                    ],
                    "IsDelete": false,
                    "Percentage": -1,
                    "CourseNodeType": 1
                },
                {
                    "CourseId": 73,
                    "RootId": 1,
                    "ChildNodes": [
                        {
                            "CourseId": 135,
                            "RootId": 1,
                            "ChildNodes": [],
                            "Name": "什麼是 K線？紅K、黑K 是什麼？5分鐘教你看懂走勢圖",
                            "Description": "K線是什麼？要怎麼讀？紅K、黑K 是什麼？這大概是所有股票新手都會問的問題。學會看K線在投資上很有幫助，是學會技術分析前的必修課。雖然看起來很複雜，但搞懂之後就很簡單！今天就來講解什麼是K線！",
                            "IsActive": true,
                            "ParentCourseId": 73,
                            "SortIndex": 1,
                            "LevelIndex": [
                                2,
                                4,
                                1
                            ],
                            "IsDelete": false,
                            "Percentage": 0,
                            "CourseNodeType": 2
                        },
                        {
                            "CourseId": 136,
                            "RootId": 1,
                            "ChildNodes": [],
                            "Name": "什麼是均線？想看懂趨勢，千線萬線 就看這 5 條均線",
                            "Description": "均線就是過去這段時間大家的持股成本。常用的均線有 5 條：5日線(5MA)、10日線(10MA)、20日線(月線、20MA)、60日線(季線、60MA)、240日線(年線、240MA)。搞懂均線的概念後，好好運用在投資上，會很有幫助喔～",
                            "IsActive": true,
                            "ParentCourseId": 73,
                            "SortIndex": 2,
                            "LevelIndex": [
                                2,
                                4,
                                2
                            ],
                            "IsDelete": false,
                            "Percentage": 0,
                            "CourseNodeType": 2
                        },
                        {
                            "CourseId": 137,
                            "RootId": 1,
                            "ChildNodes": [],
                            "Name": "看懂型態 - 底部形態學",
                            "Description": "看懂型態 - 底部形態學\n判斷「築底」，買對低點、賣對高點！２大重點乘上波段，成為股市衝浪手！",
                            "IsActive": true,
                            "ParentCourseId": 73,
                            "SortIndex": 3,
                            "LevelIndex": [
                                2,
                                4,
                                3
                            ],
                            "IsDelete": false,
                            "Percentage": 0,
                            "CourseNodeType": 2
                        },
                        {
                            "CourseId": 138,
                            "RootId": 1,
                            "ChildNodes": [],
                            "Name": "逆勢指標 - KD",
                            "Description": "逆勢指標-KD指標，用來判斷近幾天的漲跌狀況到底是超漲還是超跌。",
                            "IsActive": true,
                            "ParentCourseId": 73,
                            "SortIndex": 4,
                            "LevelIndex": [
                                2,
                                4,
                                4
                            ],
                            "IsDelete": false,
                            "Percentage": 0,
                            "CourseNodeType": 2
                        },
                        {
                            "CourseId": 139,
                            "RootId": 1,
                            "ChildNodes": [],
                            "Name": "逆勢指標 - RSI",
                            "Description": "逆勢指標-RSI",
                            "IsActive": true,
                            "ParentCourseId": 73,
                            "SortIndex": 5,
                            "LevelIndex": [
                                2,
                                4,
                                5
                            ],
                            "IsDelete": false,
                            "Percentage": 0,
                            "CourseNodeType": 2
                        },
                        {
                            "CourseId": 140,
                            "RootId": 1,
                            "ChildNodes": [],
                            "Name": "逆勢指標 - BIAS(乖離率)",
                            "Description": "",
                            "IsActive": true,
                            "ParentCourseId": 73,
                            "SortIndex": 6,
                            "LevelIndex": [
                                2,
                                4,
                                6
                            ],
                            "IsDelete": false,
                            "Percentage": 0,
                            "CourseNodeType": 2
                        }
                    ],
                    "Name": "技術面",
                    "Description": "技術面",
                    "IsActive": true,
                    "ParentCourseId": 68,
                    "SortIndex": 4,
                    "LevelIndex": [
                        2,
                        4
                    ],
                    "IsDelete": false,
                    "Percentage": -1,
                    "CourseNodeType": 1
                },
                {
                    "CourseId": 74,
                    "RootId": 1,
                    "ChildNodes": [
                        {
                            "CourseId": 142,
                            "RootId": 1,
                            "ChildNodes": [],
                            "Name": "三大法人 - 市場的霸主",
                            "Description": "市場的霸主-三大法人",
                            "IsActive": true,
                            "ParentCourseId": 74,
                            "SortIndex": 1,
                            "LevelIndex": [
                                2,
                                5,
                                1
                            ],
                            "IsDelete": false,
                            "Percentage": 0,
                            "CourseNodeType": 2
                        },
                        {
                            "CourseId": 143,
                            "RootId": 1,
                            "ChildNodes": [],
                            "Name": "董監事 - 公司的高層",
                            "Description": "公司的高層-董監事",
                            "IsActive": true,
                            "ParentCourseId": 74,
                            "SortIndex": 2,
                            "LevelIndex": [
                                2,
                                5,
                                2
                            ],
                            "IsDelete": false,
                            "Percentage": 0,
                            "CourseNodeType": 2
                        },
                        {
                            "CourseId": 144,
                            "RootId": 1,
                            "ChildNodes": [],
                            "Name": "大股東 - 股東的動向",
                            "Description": "股東的動向-大股東！用 這招 ... 我們跟著「他」賺",
                            "IsActive": true,
                            "ParentCourseId": 74,
                            "SortIndex": 3,
                            "LevelIndex": [
                                2,
                                5,
                                3
                            ],
                            "IsDelete": false,
                            "Percentage": 0,
                            "CourseNodeType": 2
                        },
                        {
                            "CourseId": 145,
                            "RootId": 1,
                            "ChildNodes": [],
                            "Name": "券商分點 - 找出誰在買",
                            "Description": "找出誰在買-券商分點",
                            "IsActive": true,
                            "ParentCourseId": 74,
                            "SortIndex": 4,
                            "LevelIndex": [
                                2,
                                5,
                                4
                            ],
                            "IsDelete": false,
                            "Percentage": 0,
                            "CourseNodeType": 2
                        },
                        {
                            "CourseId": 146,
                            "RootId": 1,
                            "ChildNodes": [],
                            "Name": "融資 - 槓桿操作",
                            "Description": "槓桿操作(上)-融資",
                            "IsActive": true,
                            "ParentCourseId": 74,
                            "SortIndex": 5,
                            "LevelIndex": [
                                2,
                                5,
                                5
                            ],
                            "IsDelete": false,
                            "Percentage": 0,
                            "CourseNodeType": 2
                        },
                        {
                            "CourseId": 147,
                            "RootId": 1,
                            "ChildNodes": [],
                            "Name": "軋空 - 融券最大風險",
                            "Description": "中信金遭放空 1 萬張，開盤重挫 5%！搞懂「融券」增減，學會少賠 7 萬元...",
                            "IsActive": true,
                            "ParentCourseId": 74,
                            "SortIndex": 6,
                            "LevelIndex": [
                                2,
                                5,
                                6
                            ],
                            "IsDelete": false,
                            "Percentage": 0,
                            "CourseNodeType": 2
                        }
                    ],
                    "Name": "籌碼面",
                    "Description": "籌碼面",
                    "IsActive": true,
                    "ParentCourseId": 68,
                    "SortIndex": 5,
                    "LevelIndex": [
                        2,
                        5
                    ],
                    "IsDelete": false,
                    "Percentage": -1,
                    "CourseNodeType": 1
                },
                {
                    "CourseId": 77,
                    "RootId": 1,
                    "ChildNodes": [
                        {
                            "CourseId": 148,
                            "RootId": 1,
                            "ChildNodes": [],
                            "Name": "新手買股票》開戶到下單，你該注意的４件事",
                            "Description": "買股票的第一步：開戶頭",
                            "IsActive": true,
                            "ParentCourseId": 77,
                            "SortIndex": 1,
                            "LevelIndex": [
                                2,
                                6,
                                1
                            ],
                            "IsDelete": false,
                            "Percentage": 0,
                            "CourseNodeType": 2
                        },
                        {
                            "CourseId": 149,
                            "RootId": 1,
                            "ChildNodes": [],
                            "Name": "買股票的第二步 - 買股票",
                            "Description": "買股票的第二步-買股票，從找營業員、開戶、存錢、到網路下單！",
                            "IsActive": true,
                            "ParentCourseId": 77,
                            "SortIndex": 2,
                            "LevelIndex": [
                                2,
                                6,
                                2
                            ],
                            "IsDelete": false,
                            "Percentage": 0,
                            "CourseNodeType": 2
                        },
                        {
                            "CourseId": 150,
                            "RootId": 1,
                            "ChildNodes": [],
                            "Name": "小資族們的最愛-零股交易",
                            "Description": "小資族們的最愛-零股交易",
                            "IsActive": true,
                            "ParentCourseId": 77,
                            "SortIndex": 3,
                            "LevelIndex": [
                                2,
                                6,
                                3
                            ],
                            "IsDelete": false,
                            "Percentage": 0,
                            "CourseNodeType": 2
                        },
                        {
                            "CourseId": 151,
                            "RootId": 1,
                            "ChildNodes": [],
                            "Name": "買零股打敗定存-定期定額投資0050",
                            "Description": "買零股打敗定存-定期定額投資0050",
                            "IsActive": true,
                            "ParentCourseId": 77,
                            "SortIndex": 4,
                            "LevelIndex": [
                                2,
                                6,
                                4
                            ],
                            "IsDelete": false,
                            "Percentage": 0,
                            "CourseNodeType": 2
                        },
                        {
                            "CourseId": 152,
                            "RootId": 1,
                            "ChildNodes": [],
                            "Name": "買股票的交易成本：手續費、證交稅...原來只要「這樣算」，就能知道有沒有賺！(內含影片教學)",
                            "Description": "不能忽略的小錢 — 交易成本 (內含精華影片)",
                            "IsActive": true,
                            "ParentCourseId": 77,
                            "SortIndex": 5,
                            "LevelIndex": [
                                2,
                                6,
                                5
                            ],
                            "IsDelete": false,
                            "Percentage": 0,
                            "CourseNodeType": 2
                        },
                        {
                            "CourseId": 153,
                            "RootId": 1,
                            "ChildNodes": [],
                            "Name": "積沙成塔的技巧-降低交易成本（內附 5 折以下 券商）",
                            "Description": "積沙成塔的技巧-降低交易成本",
                            "IsActive": true,
                            "ParentCourseId": 77,
                            "SortIndex": 6,
                            "LevelIndex": [
                                2,
                                6,
                                6
                            ],
                            "IsDelete": false,
                            "Percentage": 0,
                            "CourseNodeType": 2
                        },
                        {
                            "CourseId": 154,
                            "RootId": 1,
                            "ChildNodes": [],
                            "Name": "股民瘋抽籤！2 撇步 享受「蜜月行情」大賺價差，每月加薪數萬元 成常態！",
                            "Description": "你以為新股抽籤風險很大？事實上，抽越多越有機會賺越多！\n在抽籤前，先學會怎麼參與申購，只要2步驟就有機會讓自己大加薪！\n最後專家建議，一定要謹記股票抽籤獲利3原則：一抽、二賣、三無關！",
                            "IsActive": true,
                            "ParentCourseId": 77,
                            "SortIndex": 7,
                            "LevelIndex": [
                                2,
                                6,
                                7
                            ],
                            "IsDelete": false,
                            "Percentage": 0,
                            "CourseNodeType": 2
                        },
                        {
                            "CourseId": 155,
                            "RootId": 1,
                            "ChildNodes": [],
                            "Name": "借用科技的力量-程式交易",
                            "Description": "借用科技的力量-程式交易",
                            "IsActive": true,
                            "ParentCourseId": 77,
                            "SortIndex": 8,
                            "LevelIndex": [
                                2,
                                6,
                                8
                            ],
                            "IsDelete": false,
                            "Percentage": 0,
                            "CourseNodeType": 2
                        }
                    ],
                    "Name": "實務操作",
                    "Description": "實務操作",
                    "IsActive": true,
                    "ParentCourseId": 68,
                    "SortIndex": 6,
                    "LevelIndex": [
                        2,
                        6
                    ],
                    "IsDelete": false,
                    "Percentage": -1,
                    "CourseNodeType": 1
                }
            ],
            "Name": "股票",
            "Description": "股票",
            "IsActive": true,
            "ParentCourseId": 0,
            "SortIndex": 2,
            "LevelIndex": [
                2
            ],
            "IsDelete": false,
            "Percentage": -1,
            "CourseNodeType": 1
        },
        {
            "CourseId": 78,
            "RootId": 1,
            "ChildNodes": [
                {
                    "CourseId": 87,
                    "RootId": 1,
                    "ChildNodes": [],
                    "Name": "什麼是權證？",
                    "Description": "只要你肯努力， 10 萬 槓出 千萬 絕對不是夢！原來是「這個」投資 ... 讓他 大翻身",
                    "IsActive": true,
                    "ParentCourseId": 78,
                    "SortIndex": 1,
                    "LevelIndex": [
                        3,
                        1
                    ],
                    "IsDelete": false,
                    "Percentage": 0,
                    "CourseNodeType": 2
                },
                {
                    "CourseId": 88,
                    "RootId": 1,
                    "ChildNodes": [],
                    "Name": "什麼是期貨？",
                    "Description": "什麼是期貨",
                    "IsActive": true,
                    "ParentCourseId": 78,
                    "SortIndex": 2,
                    "LevelIndex": [
                        3,
                        2
                    ],
                    "IsDelete": false,
                    "Percentage": 0,
                    "CourseNodeType": 2
                },
                {
                    "CourseId": 89,
                    "RootId": 1,
                    "ChildNodes": [],
                    "Name": "什麼是選擇權",
                    "Description": "什麼是選擇權",
                    "IsActive": true,
                    "ParentCourseId": 78,
                    "SortIndex": 3,
                    "LevelIndex": [
                        3,
                        3
                    ],
                    "IsDelete": false,
                    "Percentage": 0,
                    "CourseNodeType": 2
                }
            ],
            "Name": "衍伸性金融商品",
            "Description": "衍伸性金融商品",
            "IsActive": true,
            "ParentCourseId": 0,
            "SortIndex": 3,
            "LevelIndex": [
                3
            ],
            "IsDelete": false,
            "Percentage": -1,
            "CourseNodeType": 1
        },
        {
            "CourseId": 82,
            "RootId": 1,
            "ChildNodes": [
                {
                    "CourseId": 86,
                    "RootId": 1,
                    "ChildNodes": [],
                    "Name": "什麼是債券",
                    "Description": "什麼是債券",
                    "IsActive": true,
                    "ParentCourseId": 82,
                    "SortIndex": 1,
                    "LevelIndex": [
                        4,
                        1
                    ],
                    "IsDelete": false,
                    "Percentage": 0,
                    "CourseNodeType": 2
                }
            ],
            "Name": "其他金融商品",
            "Description": "其他金融商品",
            "IsActive": true,
            "ParentCourseId": 0,
            "SortIndex": 4,
            "LevelIndex": [
                4
            ],
            "IsDelete": false,
            "Percentage": -1,
            "CourseNodeType": 1
        }
    ]
}