{
    "Root": {
        "RootId": 103,
        "MemberId": 32909,
        "Title": "艾蜜莉-價值投資法",
        "Description": "小資女艾蜜莉的價值投資心法與投資SOP大彙整！",
        "ImgURL": "learnImg6539ACB3.jpg",
        "LogoImgURL": "",
        "AuthorName": "",
        "AuthorURL": "",
        "DomainName": "emily",
        "VisualColor": "#0095ed",
        "IsShowLevelIndex": true,
        "IsActive": true,
        "TotalViewCount": 1123161,
        "IsRecommend": true,
        "CategoryList": [
            {
                "CategoryId": 2,
                "CategoryName": " 理財達人技術心法"
            }
        ],
        "TagIdList": [],
        "CourseCount": 0,
        "CompletionRate": 0,
        "MapBlock": 0,
        "PromptContent": ""
    },
    "ChildNodes": [
        {
            "CourseId": 1469,
            "RootId": 103,
            "ChildNodes": [
                {
                    "CourseId": 1470,
                    "RootId": 103,
                    "ChildNodes": [],
                    "Name": "25K小資女上網學投資 6年賺400萬！",
                    "Description": "誰是艾蜜莉?\n小資女也可以透過投資出頭天！\n快來看看沒有財金背景的小資女如何累積資產的故事吧。",
                    "IsActive": true,
                    "ParentCourseId": 1469,
                    "SortIndex": 1,
                    "LevelIndex": [
                        1,
                        1
                    ],
                    "IsDelete": false,
                    "Percentage": 0,
                    "CourseNodeType": 2
                },
                {
                    "CourseId": 1875,
                    "RootId": 103,
                    "ChildNodes": [],
                    "Name": "不這樣存錢，你會窮一輩子！",
                    "Description": "一生的財務規劃\n\n20 歲 ~ 30 歲的儲蓄理財計畫\n4 步驟 達成目標： 30 歲之前，存下第一桶金 ( 100萬元 )！\n1.建立記帳的習慣\n2.學會規劃預算\n3.建立每日儲蓄的習慣\n4.學習投資、理財的知識\n\n30 歲 ~ 50 歲的儲蓄理財計畫\n目標:妥善規劃人生中重大的「大筆費用」度過這段當「三明治族」的辛苦時光\n1. 妥善規劃人生重大的「大筆費用」\n2.學習「高年化報酬率」但 不失穩健 的投資辦法\n\n50 歲 ~ 65 歲的儲蓄理財計畫\n目標： 65 歲退休之前，準備 1 筆 1000 萬以上的退休金！\n",
                    "IsActive": true,
                    "ParentCourseId": 1469,
                    "SortIndex": 2,
                    "LevelIndex": [
                        1,
                        2
                    ],
                    "IsDelete": false,
                    "Percentage": 0,
                    "CourseNodeType": 2
                },
                {
                    "CourseId": 1923,
                    "RootId": 103,
                    "ChildNodes": [],
                    "Name": "上班族月薪2萬5，她投資股票 6年資產翻8.5倍- 被資遣3次的小資女 她人生如何逆轉勝？",
                    "Description": "高工時、低收入，認清工作並非財務自由唯一途徑\n採取 逆勢價值投資法，第 1 次買股 賺 1 倍\n「逆勢價值投資法」是指挑選大型績優股，並趁著股價被低估時進場，被高估時賣出\n用 10 大企業體質評估條件篩選，等待便宜價買進\n自創艾蜜莉定存股名單，公開分享投資心得",
                    "IsActive": true,
                    "ParentCourseId": 1469,
                    "SortIndex": 3,
                    "LevelIndex": [
                        1,
                        3
                    ],
                    "IsDelete": false,
                    "Percentage": 0,
                    "CourseNodeType": 2
                },
                {
                    "CourseId": 1485,
                    "RootId": 103,
                    "ChildNodes": [],
                    "Name": "投資，達成 財務自由 的加速法則！",
                    "Description": "艾蜜莉告訴你為何投資可以達到財富自由",
                    "IsActive": true,
                    "ParentCourseId": 1469,
                    "SortIndex": 4,
                    "LevelIndex": [
                        1,
                        4
                    ],
                    "IsDelete": false,
                    "Percentage": 0,
                    "CourseNodeType": 2
                },
                {
                    "CourseId": 1493,
                    "RootId": 103,
                    "ChildNodes": [],
                    "Name": "當大家都搶著投資房地產 為什麼艾蜜莉選擇走向股票懷抱? 現在教你如何選擇適合自己的投資工具",
                    "Description": "成估投資房地產需要很多能力，\n估價、判斷優劣、做功課，\n還有很多風險和不確定性，\n艾蜜莉來告訴你，\n你到底適不適合投資房地產",
                    "IsActive": true,
                    "ParentCourseId": 1469,
                    "SortIndex": 5,
                    "LevelIndex": [
                        1,
                        5
                    ],
                    "IsDelete": false,
                    "Percentage": 0,
                    "CourseNodeType": 2
                },
                {
                    "CourseId": 1876,
                    "RootId": 103,
                    "ChildNodes": [],
                    "Name": "租共宅房，真的好嗎？用數字算給你看 - 買房 vs 租房",
                    "Description": "捷運聯開宅的爭議\n看「租金所得比」，評估適合的房屋租金\n看「房價所得比」，了解適合買的房屋總價\n看租金報酬率，了解房地產現在還值不值得投資\n",
                    "IsActive": true,
                    "ParentCourseId": 1469,
                    "SortIndex": 6,
                    "LevelIndex": [
                        1,
                        6
                    ],
                    "IsDelete": false,
                    "Percentage": 0,
                    "CourseNodeType": 2
                },
                {
                    "CourseId": 1494,
                    "RootId": 103,
                    "ChildNodes": [],
                    "Name": "債券 可以實現長期平均 6% 的報酬 (上)",
                    "Description": "債券和債券基金的差別在哪呢?\n債券面額大，\n且資金過高、不易分散投資風險，\n債券資金解決這種問題，\n卻也多了無持有到期日的風險。\n快來看看這兩者的基本概念",
                    "IsActive": true,
                    "ParentCourseId": 1469,
                    "SortIndex": 7,
                    "LevelIndex": [
                        1,
                        7
                    ],
                    "IsDelete": false,
                    "Percentage": 0,
                    "CourseNodeType": 2
                },
                {
                    "CourseId": 1496,
                    "RootId": 103,
                    "ChildNodes": [],
                    "Name": "債券 可以實現長期平均 6% 的報酬 (下)",
                    "Description": "本節提供兩種債券投資攻略，\n持有投資等級債券直到到期；\n長期持有「債券基金」或「債券ETF」。\n還有投資債券主要的三種風險，\n文中帶你了解。",
                    "IsActive": true,
                    "ParentCourseId": 1469,
                    "SortIndex": 8,
                    "LevelIndex": [
                        1,
                        8
                    ],
                    "IsDelete": false,
                    "Percentage": 0,
                    "CourseNodeType": 2
                }
            ],
            "Name": "初學者走入投資之路",
            "Description": "目錄",
            "IsActive": true,
            "ParentCourseId": 0,
            "SortIndex": 1,
            "LevelIndex": [
                1
            ],
            "IsDelete": false,
            "Percentage": -1,
            "CourseNodeType": 1
        },
        {
            "CourseId": 1878,
            "RootId": 103,
            "ChildNodes": [
                {
                    "CourseId": 1877,
                    "RootId": 103,
                    "ChildNodes": [],
                    "Name": "我完全不懂投資，要怎麼開始? ",
                    "Description": "先「開戶」\n了解基本規則\n找到有效且適合自己的投資方法\n「投資」是人生整體「理財規劃」的一部分，\n因此在投資之前，\n要先考慮「存錢」、「債務」，\n以及「保險」、「資產配置」、「稅」...等部分。\n",
                    "IsActive": true,
                    "ParentCourseId": 1878,
                    "SortIndex": 1,
                    "LevelIndex": [
                        2,
                        1
                    ],
                    "IsDelete": false,
                    "Percentage": 0,
                    "CourseNodeType": 2
                },
                {
                    "CourseId": 1879,
                    "RootId": 103,
                    "ChildNodes": [],
                    "Name": "投資超過 10 年了，還在賠錢嗎？你一定是沒打好基本功！( 內附 3 種高勝率投資法….)",
                    "Description": "新手的 3 項推薦標的 -定存、台灣50、價值投資標的",
                    "IsActive": true,
                    "ParentCourseId": 1878,
                    "SortIndex": 2,
                    "LevelIndex": [
                        2,
                        2
                    ],
                    "IsDelete": false,
                    "Percentage": 0,
                    "CourseNodeType": 2
                },
                {
                    "CourseId": 1880,
                    "RootId": 103,
                    "ChildNodes": [],
                    "Name": "有 1 檔「年年配息」報酬率又高的「定存股」，最近政府帶頭買進！它是...",
                    "Description": "不懂選股，就投資ETF\n台灣50 ETF 的買賣方式、手續費以及股息\n投資台灣 50 ，長線勝率接近 100% ！\n平均年化報酬率 7.83%！\n台灣50 ETF 的買進策略",
                    "IsActive": true,
                    "ParentCourseId": 1878,
                    "SortIndex": 3,
                    "LevelIndex": [
                        2,
                        3
                    ],
                    "IsDelete": false,
                    "Percentage": 0,
                    "CourseNodeType": 2
                },
                {
                    "CourseId": 1506,
                    "RootId": 103,
                    "ChildNodes": [],
                    "Name": "多頭想存股？ 以存股首選中華電(2412)為例",
                    "Description": "多頭市場不是存股好時機，\n最好方法是耐心等候良機。\n若真要存股，\n中華電信和台灣５０是穩健的好標的。\n而存股和賺價差是完全不同的投資手法，\n搞清楚自己的目的，\n才是日後做抉擇的好方法。",
                    "IsActive": true,
                    "ParentCourseId": 1878,
                    "SortIndex": 4,
                    "LevelIndex": [
                        2,
                        4
                    ],
                    "IsDelete": false,
                    "Percentage": 0,
                    "CourseNodeType": 2
                },
                {
                    "CourseId": 1881,
                    "RootId": 103,
                    "ChildNodes": [],
                    "Name": "誰說大盤下跌 1%「反向 ETF」 就會漲 1 % ？ 1 分鐘破除「反向ETF」的 4 大迷思..",
                    "Description": "反向 ETF-TW50 反1\n",
                    "IsActive": true,
                    "ParentCourseId": 1878,
                    "SortIndex": 5,
                    "LevelIndex": [
                        2,
                        5
                    ],
                    "IsDelete": false,
                    "Percentage": 0,
                    "CourseNodeType": 2
                },
                {
                    "CourseId": 1882,
                    "RootId": 103,
                    "ChildNodes": [],
                    "Name": "小資族有福了！3 千元 也可以開始買股票喔~ 馬上開始 學＂零股投資術\"！",
                    "Description": "資金不足可以用零股投資 \n什麼是 零股？\n零股 和 一般股票 的買賣規則有何不同？\n1. 交易時間不同\n2. 零股交易只有 1 個價格\n3. 零股的流動性比較低\n4. 手續費的最低限制\n5. 某些公司的零股不發股東會紀念品\n6. 零股不能放空",
                    "IsActive": true,
                    "ParentCourseId": 1878,
                    "SortIndex": 6,
                    "LevelIndex": [
                        2,
                        6
                    ],
                    "IsDelete": false,
                    "Percentage": 0,
                    "CourseNodeType": 2
                }
            ],
            "Name": "為什麼選擇投資股票？",
            "Description": "",
            "IsActive": true,
            "ParentCourseId": 0,
            "SortIndex": 2,
            "LevelIndex": [
                2
            ],
            "IsDelete": false,
            "Percentage": -1,
            "CourseNodeType": 1
        },
        {
            "CourseId": 1889,
            "RootId": 103,
            "ChildNodes": [
                {
                    "CourseId": 1490,
                    "RootId": 103,
                    "ChildNodes": [],
                    "Name": "最好的投資老師... 艾蜜莉の私房書單！",
                    "Description": "國內外好的投資理財書籍，可以當作投資的老師，\n本文分享艾蜜莉的私房書單給大家。\n",
                    "IsActive": true,
                    "ParentCourseId": 1889,
                    "SortIndex": 1,
                    "LevelIndex": [
                        3,
                        1
                    ],
                    "IsDelete": false,
                    "Percentage": 0,
                    "CourseNodeType": 2
                },
                {
                    "CourseId": 1883,
                    "RootId": 103,
                    "ChildNodes": [],
                    "Name": "最新！破解巴菲特評估企業的 4 大原則！ ( 內附 10 大實用財經查詢好站 )",
                    "Description": "10 大財經資料查詢好站\n1.證交所\n2.公開資訊觀測站\n3.產業價值鏈資訊平台\n4.中華徵信所 \n5. MoneyDJ 理財網\n6. CMoney 網站 + 艾蜜莉定存股軟體\n7. 群益金融網產業龍虎榜\n8. 券商財務報表\n9. 財報狗\n10. 台灣股市資訊網\n\n\n\n\n\n\n\n\n",
                    "IsActive": true,
                    "ParentCourseId": 1889,
                    "SortIndex": 2,
                    "LevelIndex": [
                        3,
                        2
                    ],
                    "IsDelete": false,
                    "Percentage": 0,
                    "CourseNodeType": 2
                },
                {
                    "CourseId": 1884,
                    "RootId": 103,
                    "ChildNodes": [],
                    "Name": "那些年...我跟怪老子學理財的大小事 ( 一堂價值百萬的理財課程 )",
                    "Description": "18 堂完整涵蓋精算、理財 與 投資工具 的豐富課程\n開啟了Emily的投資理財人生\n",
                    "IsActive": true,
                    "ParentCourseId": 1889,
                    "SortIndex": 3,
                    "LevelIndex": [
                        3,
                        3
                    ],
                    "IsDelete": false,
                    "Percentage": 0,
                    "CourseNodeType": 2
                },
                {
                    "CourseId": 1885,
                    "RootId": 103,
                    "ChildNodes": [],
                    "Name": "以巴菲特為師，他的股票零成本，還年領股利 350 萬！原來老農夫是這麼做的...",
                    "Description": "老農夫存股法的策略\n1. 投資目標\n存滿 100 張以上的好股票，讓股息養自己一輩子！\n2. 資產配置\n留 5 年的基本生活費在身上，只用 5 年內用不到的閒錢投資。\n3.選股方法(標的)\n選擇 :\n(1) 長壽型、壟斷型的龍頭股\n(2) 過去 10年，每年 1 元以上股利的股票\n\n4.買法 (點)\n老農夫使用「10 年定期定量買進」法，EX :1 年 1 買、1 月 1 買或 1 週 1 買。\n買進週期視個人的資金規模而定。\n\n5.賣點(法)\n老農夫不隨便賣股票，這樣才能把股票這顆「果樹」養大\n\n6.時間週期\n「10 年磨一劍」是老農夫投資週期的寫照\n\n比較 老農夫 和 Emily 方法不同處",
                    "IsActive": true,
                    "ParentCourseId": 1889,
                    "SortIndex": 4,
                    "LevelIndex": [
                        3,
                        4
                    ],
                    "IsDelete": false,
                    "Percentage": 0,
                    "CourseNodeType": 2
                },
                {
                    "CourseId": 1953,
                    "RootId": 103,
                    "ChildNodes": [],
                    "Name": "一張要價 2百萬 起跳的股王 大立光(3008)！！！一名20歲女學生，卻剛在股市買下了5張！？？",
                    "Description": "",
                    "IsActive": true,
                    "ParentCourseId": 1889,
                    "SortIndex": 5,
                    "LevelIndex": [
                        3,
                        5
                    ],
                    "IsDelete": false,
                    "Percentage": 0,
                    "CourseNodeType": 2
                },
                {
                    "CourseId": 1887,
                    "RootId": 103,
                    "ChildNodes": [],
                    "Name": "一名月薪 25K 的 OL，卻能一口氣買下了 500 張 台積電權證？她說她是這樣做的...",
                    "Description": "權證模擬操作",
                    "IsActive": true,
                    "ParentCourseId": 1889,
                    "SortIndex": 6,
                    "LevelIndex": [
                        3,
                        6
                    ],
                    "IsDelete": false,
                    "Percentage": 0,
                    "CourseNodeType": 2
                },
                {
                    "CourseId": 1919,
                    "RootId": 103,
                    "ChildNodes": [],
                    "Name": "小資女艾蜜莉：我的資產翻倍存股筆記",
                    "Description": "好股票+好價格，\n簡單抓到「價值投資法」的核心概念\n\n好股票\n我從台灣50、中型100的成分股名單中，\n篩選出符合:\n「上市櫃7~10年以上、年年賺錢、年年發股息的好股票」\n\n好價格\n股利法(當期)、股利法(10年平均)、\n歷年股利法、本益比法、股價淨值比法。",
                    "IsActive": true,
                    "ParentCourseId": 1889,
                    "SortIndex": 7,
                    "LevelIndex": [
                        3,
                        7
                    ],
                    "IsDelete": false,
                    "Percentage": 0,
                    "CourseNodeType": 2
                }
            ],
            "Name": "學習投資股票的方法",
            "Description": "",
            "IsActive": true,
            "ParentCourseId": 0,
            "SortIndex": 3,
            "LevelIndex": [
                3
            ],
            "IsDelete": false,
            "Percentage": -1,
            "CourseNodeType": 1
        },
        {
            "CourseId": 1491,
            "RootId": 103,
            "ChildNodes": [],
            "Name": "成長型和低估型價值投資　一次搞懂兩種策略",
            "Description": "逢低加碼、執行停損，\n面臨此種兩難的時候該如何選擇?\n了解投資的兩種策略，\n順勢、逆勢的配套作法不同，\n文中詳細告訴你",
            "IsActive": true,
            "ParentCourseId": 0,
            "SortIndex": 4,
            "LevelIndex": [
                4
            ],
            "IsDelete": false,
            "Percentage": 0,
            "CourseNodeType": 2
        },
        {
            "CourseId": 1489,
            "RootId": 103,
            "ChildNodes": [
                {
                    "CourseId": 1495,
                    "RootId": 103,
                    "ChildNodes": [],
                    "Name": "艾蜜莉的投資SOP分享",
                    "Description": "艾蜜莉分享他的投資SOP，\n從一開始的資本管理、決定股票名單、到監控並決定賣股時機，\n錢滾錢的投資方式，\n全盤分享給你。",
                    "IsActive": true,
                    "ParentCourseId": 1489,
                    "SortIndex": 1,
                    "LevelIndex": [
                        5,
                        1
                    ],
                    "IsDelete": false,
                    "Percentage": 0,
                    "CourseNodeType": 2
                }
            ],
            "Name": "艾蜜莉分享投資方法",
            "Description": "",
            "IsActive": true,
            "ParentCourseId": 0,
            "SortIndex": 5,
            "LevelIndex": [
                5
            ],
            "IsDelete": false,
            "Percentage": -1,
            "CourseNodeType": 1
        },
        {
            "CourseId": 1954,
            "RootId": 103,
            "ChildNodes": [
                {
                    "CourseId": 1907,
                    "RootId": 103,
                    "ChildNodes": [],
                    "Name": "教授給4歲的小孩棉花糖，忍耐 15 分鐘不吃可以得到第2顆...沒想到通過試煉的小孩長大後超有成就！",
                    "Description": "逆著人性的忍功",
                    "IsActive": true,
                    "ParentCourseId": 1954,
                    "SortIndex": 1,
                    "LevelIndex": [
                        6,
                        1
                    ],
                    "IsDelete": false,
                    "Percentage": 0,
                    "CourseNodeType": 2
                },
                {
                    "CourseId": 1666,
                    "RootId": 103,
                    "ChildNodes": [],
                    "Name": "太震撼了！電影「出埃及記」告訴我的投資道理，真沒想到獲利的關鍵居然是這 2 點...",
                    "Description": "以耐心和信心持股",
                    "IsActive": true,
                    "ParentCourseId": 1954,
                    "SortIndex": 2,
                    "LevelIndex": [
                        6,
                        2
                    ],
                    "IsDelete": false,
                    "Percentage": 0,
                    "CourseNodeType": 2
                },
                {
                    "CourseId": 1890,
                    "RootId": 103,
                    "ChildNodes": [],
                    "Name": "婚姻幸福，投資也順利，原來方法都是相同的！這幾年我表姊都是這樣做 ...",
                    "Description": "選短線線技術分析好，還是選長線價值投資好",
                    "IsActive": true,
                    "ParentCourseId": 1954,
                    "SortIndex": 3,
                    "LevelIndex": [
                        6,
                        3
                    ],
                    "IsDelete": false,
                    "Percentage": 0,
                    "CourseNodeType": 2
                },
                {
                    "CourseId": 1492,
                    "RootId": 103,
                    "ChildNodes": [],
                    "Name": "股市破檯投資法 - 如何成為股票市場少數的贏家? ",
                    "Description": "技術分析和籌碼分析是兩個重要的股海存活法則，\n但也要注意它的易變性質，\n破檯法就是，\n回歸到企業本質，\n並且長期投資，\n內文詳述股市破檯投資法。",
                    "IsActive": true,
                    "ParentCourseId": 1954,
                    "SortIndex": 4,
                    "LevelIndex": [
                        6,
                        4
                    ],
                    "IsDelete": false,
                    "Percentage": 0,
                    "CourseNodeType": 2
                }
            ],
            "Name": "價值投資心法",
            "Description": "",
            "IsActive": true,
            "ParentCourseId": 0,
            "SortIndex": 6,
            "LevelIndex": [
                6
            ],
            "IsDelete": false,
            "Percentage": -1,
            "CourseNodeType": 1
        },
        {
            "CourseId": 1499,
            "RootId": 103,
            "ChildNodes": [
                {
                    "CourseId": 1497,
                    "RootId": 103,
                    "ChildNodes": [],
                    "Name": "小資女艾蜜莉の股票評價模式",
                    "Description": "評價方式有很多種，\n每種都有優缺點，\n找對方法才能正確評估。\n艾蜜莉最常用的五種評價模式有：\n平均股利法、歷年股價法、本益比法、股價淨值法、ＲＯＥ法。\n艾蜜莉特有的混合模式，\n就是取平均，\n快來細讀吧!",
                    "IsActive": true,
                    "ParentCourseId": 1499,
                    "SortIndex": 1,
                    "LevelIndex": [
                        7,
                        1
                    ],
                    "IsDelete": false,
                    "Percentage": 0,
                    "CourseNodeType": 2
                },
                {
                    "CourseId": 1501,
                    "RootId": 103,
                    "ChildNodes": [],
                    "Name": "股票投資人必看！ 3分鐘學會用本益比算合理股價",
                    "Description": "該如何用本益比合理估價呢？\n在這裡以遠傳的例子告訴你，\n如何估算出便宜價、合理價和昂貴價，\n並且依照價錢來控制買賣的決定。",
                    "IsActive": true,
                    "ParentCourseId": 1499,
                    "SortIndex": 2,
                    "LevelIndex": [
                        7,
                        2
                    ],
                    "IsDelete": false,
                    "Percentage": 0,
                    "CourseNodeType": 2
                },
                {
                    "CourseId": 1498,
                    "RootId": 103,
                    "ChildNodes": [],
                    "Name": "史上最簡單！用歷年股價法算合理股價",
                    "Description": "歷年股價法要怎麼估價呢？\n本文教你如何算出便宜價、合理價、昂貴價，\n接著判斷買賣。",
                    "IsActive": true,
                    "ParentCourseId": 1499,
                    "SortIndex": 3,
                    "LevelIndex": [
                        7,
                        3
                    ],
                    "IsDelete": false,
                    "Percentage": 0,
                    "CourseNodeType": 2
                },
                {
                    "CourseId": 1668,
                    "RootId": 103,
                    "ChildNodes": [],
                    "Name": "超厲害！ 3 分鐘學會用股利法算合理股價！我都這樣，買到被低估的定存股....",
                    "Description": "人生就像滾雪球，找到穩定發股利的股票，資產才能累積\n現金股利(以現金形式發放)\n股票股利(以股票形式發放)\n股利也可以用來回推股票的便宜價、合理價、昂貴價",
                    "IsActive": true,
                    "ParentCourseId": 1499,
                    "SortIndex": 4,
                    "LevelIndex": [
                        7,
                        4
                    ],
                    "IsDelete": false,
                    "Percentage": 0,
                    "CourseNodeType": 2
                },
                {
                    "CourseId": 1670,
                    "RootId": 103,
                    "ChildNodes": [],
                    "Name": "3分鐘學會用股價淨值比法算出合理價，沒有看這一篇，你不知道台塑竟然應該這樣操作.....",
                    "Description": "股價淨值比法算出合理價",
                    "IsActive": true,
                    "ParentCourseId": 1499,
                    "SortIndex": 5,
                    "LevelIndex": [
                        7,
                        5
                    ],
                    "IsDelete": false,
                    "Percentage": 0,
                    "CourseNodeType": 2
                },
                {
                    "CourseId": 1905,
                    "RootId": 103,
                    "ChildNodes": [],
                    "Name": "1 分鐘了解「安全邊際」，他這樣買股...才能立於不敗之地！",
                    "Description": "保障安全的最好方法，並不是靠「讓自己陷於險境時的解圍技巧」，\n而是「至始至終都應避免置身險境」！\n安全邊際 就是替我們預估的股價「打折扣」\n利用安全邊際，買到更「安全」的價格！",
                    "IsActive": true,
                    "ParentCourseId": 1499,
                    "SortIndex": 6,
                    "LevelIndex": [
                        7,
                        6
                    ],
                    "IsDelete": false,
                    "Percentage": 0,
                    "CourseNodeType": 2
                },
                {
                    "CourseId": 1906,
                    "RootId": 103,
                    "ChildNodes": [],
                    "Name": "好棒棒！她用艾蜜莉定存股 ， 3 個月獲利「 30 % 」！",
                    "Description": "以艾蜜莉定存股找出個股買賣點\n",
                    "IsActive": true,
                    "ParentCourseId": 1499,
                    "SortIndex": 7,
                    "LevelIndex": [
                        7,
                        7
                    ],
                    "IsDelete": false,
                    "Percentage": 0,
                    "CourseNodeType": 2
                }
            ],
            "Name": "艾蜜莉的股價評估方式",
            "Description": "",
            "IsActive": true,
            "ParentCourseId": 0,
            "SortIndex": 9,
            "LevelIndex": [
                7
            ],
            "IsDelete": false,
            "Percentage": -1,
            "CourseNodeType": 1
        },
        {
            "CourseId": 1504,
            "RootId": 103,
            "ChildNodes": [
                {
                    "CourseId": 1508,
                    "RootId": 103,
                    "ChildNodes": [],
                    "Name": "投資定存股，何時該停損判斷方式",
                    "Description": "停損、不停損的抉擇，\n與投資策略、投資標的有很大的關係。\n文中艾蜜莉分享了七種控制風險的方式，\n以及會停損的兩種情況。\n了解自己投資的標的、了解風險，\n才能做好迎戰準備。",
                    "IsActive": true,
                    "ParentCourseId": 1504,
                    "SortIndex": 3,
                    "LevelIndex": [
                        8,
                        1
                    ],
                    "IsDelete": false,
                    "Percentage": 0,
                    "CourseNodeType": 2
                }
            ],
            "Name": "艾蜜莉投資實戰教學",
            "Description": "",
            "IsActive": true,
            "ParentCourseId": 0,
            "SortIndex": 10,
            "LevelIndex": [
                8
            ],
            "IsDelete": false,
            "Percentage": -1,
            "CourseNodeType": 1
        }
    ]
}