{
    "Root": {
        "RootId": 10369,
        "MemberId": 29464,
        "Title": "自由人-交易人生",
        "Description": "交易第一年就負債250萬！卻在多年的碰撞中成功賺進數千萬！\n自由人在市場存活了20年，究竟他如何走過這段如小說般的交易人生?\n讓自由人以輕鬆的方式告訴您市場故事。",
        "ImgURL": "learnImg9FD7148B.png",
        "LogoImgURL": "",
        "AuthorName": "自由人",
        "AuthorURL": "http://www.cmoney.tw/app/freeman",
        "DomainName": "freeman",
        "VisualColor": "#0095ed",
        "IsShowLevelIndex": true,
        "IsActive": true,
        "TotalViewCount": 19820,
        "IsRecommend": false,
        "CategoryList": [
            {
                "CategoryId": 2,
                "CategoryName": " 理財達人技術心法"
            }
        ],
        "TagIdList": [
            12,
            26,
            27,
            101
        ],
        "CourseCount": 0,
        "CompletionRate": 0,
        "MapBlock": 0,
        "PromptContent": ""
    },
    "ChildNodes": [
        {
            "CourseId": 3452,
            "RootId": 10369,
            "ChildNodes": [
                {
                    "CourseId": 3453,
                    "RootId": 10369,
                    "ChildNodes": [],
                    "Name": "多空指南針APP - 快速指南",
                    "Description": "",
                    "IsActive": true,
                    "ParentCourseId": 3452,
                    "SortIndex": 1,
                    "LevelIndex": [
                        1,
                        1
                    ],
                    "IsDelete": false,
                    "Percentage": 0,
                    "CourseNodeType": 2
                }
            ],
            "Name": "多空指南針使用教學",
            "Description": "",
            "IsActive": true,
            "ParentCourseId": 0,
            "SortIndex": 1,
            "LevelIndex": [
                1
            ],
            "IsDelete": false,
            "Percentage": -1,
            "CourseNodeType": 1
        },
        {
            "CourseId": 3436,
            "RootId": 10369,
            "ChildNodes": [
                {
                    "CourseId": 3444,
                    "RootId": 10369,
                    "ChildNodes": [],
                    "Name": "交易的期望值",
                    "Description": "比起價格的漲跌，你更要關注自己每筆交易的期望值！",
                    "IsActive": true,
                    "ParentCourseId": 3436,
                    "SortIndex": 1,
                    "LevelIndex": [
                        2,
                        1
                    ],
                    "IsDelete": false,
                    "Percentage": 0,
                    "CourseNodeType": 2
                },
                {
                    "CourseId": 3445,
                    "RootId": 10369,
                    "ChildNodes": [],
                    "Name": "提高交易的勝率",
                    "Description": "能賺多少是市場決定，但我們能夠想辦法提高自己的勝率！",
                    "IsActive": true,
                    "ParentCourseId": 3436,
                    "SortIndex": 2,
                    "LevelIndex": [
                        2,
                        2
                    ],
                    "IsDelete": false,
                    "Percentage": 0,
                    "CourseNodeType": 2
                },
                {
                    "CourseId": 3446,
                    "RootId": 10369,
                    "ChildNodes": [],
                    "Name": "降低交易的失敗率",
                    "Description": "",
                    "IsActive": true,
                    "ParentCourseId": 3436,
                    "SortIndex": 3,
                    "LevelIndex": [
                        2,
                        3
                    ],
                    "IsDelete": false,
                    "Percentage": 0,
                    "CourseNodeType": 2
                },
                {
                    "CourseId": 3448,
                    "RootId": 10369,
                    "ChildNodes": [],
                    "Name": "每筆交易的獲利及虧損",
                    "Description": "",
                    "IsActive": true,
                    "ParentCourseId": 3436,
                    "SortIndex": 4,
                    "LevelIndex": [
                        2,
                        4
                    ],
                    "IsDelete": false,
                    "Percentage": 0,
                    "CourseNodeType": 2
                }
            ],
            "Name": "交易這件事情",
            "Description": "",
            "IsActive": true,
            "ParentCourseId": 0,
            "SortIndex": 2,
            "LevelIndex": [
                2
            ],
            "IsDelete": false,
            "Percentage": -1,
            "CourseNodeType": 1
        },
        {
            "CourseId": 3430,
            "RootId": 10369,
            "ChildNodes": [
                {
                    "CourseId": 3439,
                    "RootId": 10369,
                    "ChildNodes": [],
                    "Name": "如何抓轉折",
                    "Description": "",
                    "IsActive": true,
                    "ParentCourseId": 3430,
                    "SortIndex": 1,
                    "LevelIndex": [
                        3,
                        1
                    ],
                    "IsDelete": false,
                    "Percentage": 0,
                    "CourseNodeType": 2
                },
                {
                    "CourseId": 3450,
                    "RootId": 10369,
                    "ChildNodes": [],
                    "Name": "顏色操盤法",
                    "Description": "",
                    "IsActive": true,
                    "ParentCourseId": 3430,
                    "SortIndex": 2,
                    "LevelIndex": [
                        3,
                        2
                    ],
                    "IsDelete": false,
                    "Percentage": 0,
                    "CourseNodeType": 2
                },
                {
                    "CourseId": 3449,
                    "RootId": 10369,
                    "ChildNodes": [],
                    "Name": "台指當沖交易的技巧",
                    "Description": "",
                    "IsActive": true,
                    "ParentCourseId": 3430,
                    "SortIndex": 3,
                    "LevelIndex": [
                        3,
                        3
                    ],
                    "IsDelete": false,
                    "Percentage": 0,
                    "CourseNodeType": 2
                },
                {
                    "CourseId": 3451,
                    "RootId": 10369,
                    "ChildNodes": [],
                    "Name": "台指日振幅(壘包)操作法",
                    "Description": "",
                    "IsActive": true,
                    "ParentCourseId": 3430,
                    "SortIndex": 4,
                    "LevelIndex": [
                        3,
                        4
                    ],
                    "IsDelete": false,
                    "Percentage": 0,
                    "CourseNodeType": 2
                }
            ],
            "Name": "谷底反彈 - 期貨人生",
            "Description": "",
            "IsActive": true,
            "ParentCourseId": 0,
            "SortIndex": 3,
            "LevelIndex": [
                3
            ],
            "IsDelete": false,
            "Percentage": -1,
            "CourseNodeType": 1
        },
        {
            "CourseId": 3431,
            "RootId": 10369,
            "ChildNodes": [
                {
                    "CourseId": 3440,
                    "RootId": 10369,
                    "ChildNodes": [],
                    "Name": "波段股票交易策略(一)",
                    "Description": "",
                    "IsActive": true,
                    "ParentCourseId": 3431,
                    "SortIndex": 1,
                    "LevelIndex": [
                        4,
                        1
                    ],
                    "IsDelete": false,
                    "Percentage": 0,
                    "CourseNodeType": 2
                }
            ],
            "Name": "穩健成長 - 股票人生",
            "Description": "",
            "IsActive": true,
            "ParentCourseId": 0,
            "SortIndex": 4,
            "LevelIndex": [
                4
            ],
            "IsDelete": false,
            "Percentage": -1,
            "CourseNodeType": 1
        }
    ]
}