{
    "Root": {
        "RootId": 120,
        "MemberId": 32909,
        "Title": "懶人投資法 - 被動投資",
        "Description": "想學投資，可是沒時間、沒體力...怎麼辦？這10堂課教會你省時省力的投資技巧＆正確投資觀！",
        "ImgURL": "learnImg61212542.jpg",
        "LogoImgURL": "",
        "AuthorName": "",
        "AuthorURL": "",
        "DomainName": "passiveinvestment",
        "VisualColor": "#0095ed",
        "IsShowLevelIndex": true,
        "IsActive": true,
        "TotalViewCount": 732643,
        "IsRecommend": true,
        "CategoryList": [
            {
                "CategoryId": 1,
                "CategoryName": "理財小學堂"
            }
        ],
        "TagIdList": [],
        "CourseCount": 0,
        "CompletionRate": 0,
        "MapBlock": 0,
        "PromptContent": ""
    },
    "ChildNodes": [
        {
            "CourseId": 1553,
            "RootId": 120,
            "ChildNodes": [],
            "Name": "睡美人靠指數型基金，躺著就能賺！",
            "Description": "在投資領域上，大致可分成兩派：主動投資、被動投資。1. 主動投資就是自己要積極地研究股市，以賺取超過大盤的報酬。2. 被動投資是指不花時間專研投資，而是全部股票都買一些，分散風險，以賺取平均的報酬，常見的有指數型基金。",
            "IsActive": true,
            "ParentCourseId": 0,
            "SortIndex": 1,
            "LevelIndex": [
                1
            ],
            "IsDelete": false,
            "Percentage": 0,
            "CourseNodeType": 2
        },
        {
            "CourseId": 1564,
            "RootId": 120,
            "ChildNodes": [],
            "Name": "原本以為大型股基金很穩定！沒想到少做一件事，每年竟然少了1.2%？...30年下來少賺 200多萬...",
            "Description": "被動投資的始祖，約翰柏格，認為沒有人可以賺取比平均還要高的報酬，所以他的投資方式是每一上市櫃公司的股票都各買一些，也就是俗稱的「指數型基金」，最後，至少可以賺到跟經濟成長率一樣的報酬，屬於「長期」「投資」的概念。",
            "IsActive": true,
            "ParentCourseId": 0,
            "SortIndex": 2,
            "LevelIndex": [
                2
            ],
            "IsDelete": false,
            "Percentage": 0,
            "CourseNodeType": 2
        },
        {
            "CourseId": 1570,
            "RootId": 120,
            "ChildNodes": [],
            "Name": "如果你買基金不知道這件事，30年後... 白白送給基金公司250萬！",
            "Description": "指數型基金的平均報酬率都大於主動型基金，這之間的差額就是被基金公司／券商給稀釋了。而被動投資的不二法門就是，長期持有＆分散風險！",
            "IsActive": true,
            "ParentCourseId": 0,
            "SortIndex": 3,
            "LevelIndex": [
                3
            ],
            "IsDelete": false,
            "Percentage": 0,
            "CourseNodeType": 2
        },
        {
            "CourseId": 1616,
            "RootId": 120,
            "ChildNodes": [],
            "Name": "今年排名「第一」的基金，明年特別容易「吊車尾」？用這方法挑基金的人，最後全都後悔了...",
            "Description": "買基金時，許多人常用4433法則來挑選基金，但這個規則會讓你買到不好的基金。",
            "IsActive": true,
            "ParentCourseId": 0,
            "SortIndex": 4,
            "LevelIndex": [
                4
            ],
            "IsDelete": false,
            "Percentage": 0,
            "CourseNodeType": 2
        },
        {
            "CourseId": 1620,
            "RootId": 120,
            "ChildNodes": [],
            "Name": "基金投資能賺到5~8% ... 但如果做錯「這一件事」，就跟賭博沒什麼兩樣！",
            "Description": "股票市場不是零和遊戲，該怎麼操作才會賺？被動投資。被動投資可以享受到跟市場成長率差不多的報酬，還不必莫名其妙被扣那麼多的手續費。",
            "IsActive": true,
            "ParentCourseId": 0,
            "SortIndex": 5,
            "LevelIndex": [
                5
            ],
            "IsDelete": false,
            "Percentage": 0,
            "CourseNodeType": 2
        },
        {
            "CourseId": 1626,
            "RootId": 120,
            "ChildNodes": [],
            "Name": "我同事跟我說的\"菜籃投資法\"... 沒想到買股票這麼EASY！而且輕鬆贏過 91%的股票型基金",
            "Description": "被動投資如何做起？就從買ETF下手吧，ETF像一個菜籃，把菜市場上優質的好股票都拿進來，不用去想要買甚麼菜(股票)，直接買這個菜籃就可以了。",
            "IsActive": true,
            "ParentCourseId": 0,
            "SortIndex": 6,
            "LevelIndex": [
                6
            ],
            "IsDelete": false,
            "Percentage": 0,
            "CourseNodeType": 2
        },
        {
            "CourseId": 1631,
            "RootId": 120,
            "ChildNodes": [],
            "Name": "什麼是E T F ? 如果只聽過 台灣50，其實你還有更多選擇",
            "Description": "台灣最大的ETF是什麼？台灣50。它是目前台灣最受歡迎的指數化投資工具，擁有低交易成本、穩定報酬，還不趕快來認識認識它～～～",
            "IsActive": true,
            "ParentCourseId": 0,
            "SortIndex": 7,
            "LevelIndex": [
                7
            ],
            "IsDelete": false,
            "Percentage": 0,
            "CourseNodeType": 2
        },
        {
            "CourseId": 1640,
            "RootId": 120,
            "ChildNodes": [],
            "Name": "猜不出股票漲跌，也能穩穩的獲利？原來...只要用「這個方法」就行了！",
            "Description": "還在聽名牌？投資不是買彩券阿...堅守不二法則，讓你避開風險，一帆風順！",
            "IsActive": true,
            "ParentCourseId": 0,
            "SortIndex": 8,
            "LevelIndex": [
                8
            ],
            "IsDelete": false,
            "Percentage": 0,
            "CourseNodeType": 2
        },
        {
            "CourseId": 1643,
            "RootId": 120,
            "ChildNodes": [],
            "Name": "台股2008年金融海嘯大回顧，你還記得那年發生什麼事嗎?",
            "Description": "走！帶你一起回到 2008那年...金融風暴 是如何讓股市高潮迭起!!",
            "IsActive": true,
            "ParentCourseId": 0,
            "SortIndex": 9,
            "LevelIndex": [
                9
            ],
            "IsDelete": false,
            "Percentage": 0,
            "CourseNodeType": 2
        },
        {
            "CourseId": 1650,
            "RootId": 120,
            "ChildNodes": [],
            "Name": "即使經濟學家，也猜不出股價的高低！但有一種方法，100% 讓你「低買高賣」！",
            "Description": "在買股票的時候，我們常遇到，一下單後股票就開始跌跌跌，總是買高賣低，究竟...該怎麼辦才好? 教你一招：定期定額的一直買下去就對了！",
            "IsActive": true,
            "ParentCourseId": 0,
            "SortIndex": 11,
            "LevelIndex": [
                10
            ],
            "IsDelete": false,
            "Percentage": 0,
            "CourseNodeType": 2
        },
        {
            "CourseId": 1654,
            "RootId": 120,
            "ChildNodes": [],
            "Name": "這套投資方法，既不用選股，也不用買在低點。原本以為它一定賺得很少，沒想到竟然「賺比平均高」！",
            "Description": "懶人投資攻略，三分鐘搞懂被動投資、指數型基金、ETF，以及金融風暴史",
            "IsActive": true,
            "ParentCourseId": 0,
            "SortIndex": 11,
            "LevelIndex": [
                11
            ],
            "IsDelete": false,
            "Percentage": 0,
            "CourseNodeType": 2
        }
    ]
}