{
    "Root": {
        "RootId": 123,
        "MemberId": 32909,
        "Title": "小資族 - 存下第一桶金必看10招",
        "Description": "小資族的你，還在為存不到錢苦惱嗎?\n學會這幾招讓你輕鬆存錢!",
        "ImgURL": "learnImg29F0963F.jpg",
        "LogoImgURL": "",
        "AuthorName": "",
        "AuthorURL": "",
        "DomainName": "firstgoldtips",
        "VisualColor": "#0095ed",
        "IsShowLevelIndex": true,
        "IsActive": true,
        "TotalViewCount": 2310577,
        "IsRecommend": true,
        "CategoryList": [],
        "TagIdList": [],
        "CourseCount": 0,
        "CompletionRate": 0,
        "MapBlock": 0,
        "PromptContent": ""
    },
    "ChildNodes": [
        {
            "CourseId": 1568,
            "RootId": 123,
            "ChildNodes": [],
            "Name": "每月「最少」存下 7500 元！ 6 步驟 存錢妙招，輕鬆省下每年的旅遊費！",
            "Description": "「理財」是一生的事情，如何幫自己量身規劃一整年的預算也是非常重要的！\n",
            "IsActive": true,
            "ParentCourseId": 0,
            "SortIndex": 1,
            "LevelIndex": [
                1
            ],
            "IsDelete": false,
            "Percentage": 0,
            "CourseNodeType": 2
        },
        {
            "CourseId": 1614,
            "RootId": 123,
            "ChildNodes": [],
            "Name": "一個月「最少」存下 5250 元？9 個存錢妙招 學起來，讓夢想 離你更近一步！",
            "Description": "",
            "IsActive": true,
            "ParentCourseId": 0,
            "SortIndex": 2,
            "LevelIndex": [
                2
            ],
            "IsDelete": false,
            "Percentage": 0,
            "CourseNodeType": 2
        },
        {
            "CourseId": 1617,
            "RootId": 123,
            "ChildNodes": [],
            "Name": "記住！別讓「衝動」害你貧窮一生....5 大原因，荷包每月變少 3000 元....",
            "Description": "",
            "IsActive": true,
            "ParentCourseId": 0,
            "SortIndex": 3,
            "LevelIndex": [
                3
            ],
            "IsDelete": false,
            "Percentage": 0,
            "CourseNodeType": 2
        },
        {
            "CourseId": 1627,
            "RootId": 123,
            "ChildNodes": [],
            "Name": "每月多存 3000 元非難事！5 個 存錢小撇步，脫離喊窮從「記帳」開始！",
            "Description": "每天的開銷百百款，不記帳一下怎麼行呢?\n用對這些方法，讓你省下更多的錢!",
            "IsActive": true,
            "ParentCourseId": 0,
            "SortIndex": 4,
            "LevelIndex": [
                4
            ],
            "IsDelete": false,
            "Percentage": 0,
            "CourseNodeType": 2
        },
        {
            "CourseId": 1642,
            "RootId": 123,
            "ChildNodes": [],
            "Name": "有錢人絕不做的 6 件事！這些「壞習慣」只會讓你變窮，錯失致富機會！",
            "Description": "你知道你會因為生活中的一些不好的習慣而阻擋了你當有錢人的機會嗎?\n學起來這6招，讓你不再只能當窮人!",
            "IsActive": true,
            "ParentCourseId": 0,
            "SortIndex": 5,
            "LevelIndex": [
                5
            ],
            "IsDelete": false,
            "Percentage": 0,
            "CourseNodeType": 2
        },
        {
            "CourseId": 1647,
            "RootId": 123,
            "ChildNodes": [],
            "Name": "學起來，多存 6000元！全球網友票選「省錢冠軍絕招」，一起省荷包！",
            "Description": "在煩惱每個月錢不夠用嗎?教你省錢6個小秘訣，讓你存錢的效率快上加快!",
            "IsActive": true,
            "ParentCourseId": 0,
            "SortIndex": 6,
            "LevelIndex": [
                6
            ],
            "IsDelete": false,
            "Percentage": 0,
            "CourseNodeType": 2
        },
        {
            "CourseId": 1709,
            "RootId": 123,
            "ChildNodes": [],
            "Name": "省錢方法錯誤？當然存不到錢！做對「這 6 點」，無痛月存 5000 元！",
            "Description": "《第一次有人這樣教我理財：從今天開始，我不再缺錢》是一本簡單易懂又適合大眾的輕理財書籍!",
            "IsActive": true,
            "ParentCourseId": 0,
            "SortIndex": 7,
            "LevelIndex": [
                7
            ],
            "IsDelete": false,
            "Percentage": 0,
            "CourseNodeType": 2
        },
        {
            "CourseId": 1717,
            "RootId": 123,
            "ChildNodes": [],
            "Name": "30 歲前存到 100 萬！ 5 個省錢秘招，月薪 30K 也能有第一桶金！",
            "Description": "30歲前，我一定要存到100萬，讀後心得",
            "IsActive": true,
            "ParentCourseId": 0,
            "SortIndex": 8,
            "LevelIndex": [
                8
            ],
            "IsDelete": false,
            "Percentage": 0,
            "CourseNodeType": 2
        },
        {
            "CourseId": 1814,
            "RootId": 123,
            "ChildNodes": [],
            "Name": "今日起，死守這 20 個習慣！每月多存一萬，讓理財更容易！",
            "Description": "怎麼讓 每個月 存款多 一萬...\n尤其是第 2 點，建議你一定要從今天開始！",
            "IsActive": true,
            "ParentCourseId": 0,
            "SortIndex": 9,
            "LevelIndex": [
                9
            ],
            "IsDelete": false,
            "Percentage": 0,
            "CourseNodeType": 2
        }
    ]
}