{
    "Root": {
        "RootId": 27,
        "MemberId": 24636,
        "Title": "籌碼K線 使用手冊",
        "Description": "籌碼K線使用手冊，看了人人都學得會",
        "ImgURL": "learnImg85A18673.jpg",
        "LogoImgURL": "learnLogo28592DDF.png",
        "AuthorName": "Simon",
        "AuthorURL": "http://www.cmoney.tw/app/simon",
        "DomainName": "k",
        "VisualColor": "#ed0000",
        "IsShowLevelIndex": true,
        "IsActive": true,
        "TotalViewCount": 1069995,
        "IsRecommend": true,
        "CategoryList": [
            {
                "CategoryId": 3,
                "CategoryName": "理財寶 軟體操作"
            }
        ],
        "TagIdList": [
            9,
            10
        ],
        "CourseCount": 0,
        "CompletionRate": 0,
        "MapBlock": 0,
        "PromptContent": ""
    },
    "ChildNodes": [
        {
            "CourseId": 2966,
            "RootId": 27,
            "ChildNodes": [
                {
                    "CourseId": 2967,
                    "RootId": 27,
                    "ChildNodes": [],
                    "Name": "一、51項籌碼指標判多空",
                    "Description": "",
                    "IsActive": true,
                    "ParentCourseId": 2966,
                    "SortIndex": 1,
                    "LevelIndex": [
                        1,
                        1
                    ],
                    "IsDelete": false,
                    "Percentage": 0,
                    "CourseNodeType": 2
                },
                {
                    "CourseId": 2968,
                    "RootId": 27,
                    "ChildNodes": [],
                    "Name": "二、主力分點進出動向",
                    "Description": "",
                    "IsActive": true,
                    "ParentCourseId": 2966,
                    "SortIndex": 2,
                    "LevelIndex": [
                        1,
                        2
                    ],
                    "IsDelete": false,
                    "Percentage": 0,
                    "CourseNodeType": 2
                },
                {
                    "CourseId": 2969,
                    "RootId": 27,
                    "ChildNodes": [],
                    "Name": "三、公司派買進之個股",
                    "Description": "",
                    "IsActive": true,
                    "ParentCourseId": 2966,
                    "SortIndex": 3,
                    "LevelIndex": [
                        1,
                        3
                    ],
                    "IsDelete": false,
                    "Percentage": 0,
                    "CourseNodeType": 2
                },
                {
                    "CourseId": 2970,
                    "RootId": 27,
                    "ChildNodes": [],
                    "Name": "四、上百種高手策略",
                    "Description": "",
                    "IsActive": true,
                    "ParentCourseId": 2966,
                    "SortIndex": 4,
                    "LevelIndex": [
                        1,
                        4
                    ],
                    "IsDelete": false,
                    "Percentage": 0,
                    "CourseNodeType": 2
                },
                {
                    "CourseId": 3455,
                    "RootId": 27,
                    "ChildNodes": [],
                    "Name": "五、找出神秘積極買盤",
                    "Description": "",
                    "IsActive": true,
                    "ParentCourseId": 2966,
                    "SortIndex": 5,
                    "LevelIndex": [
                        1,
                        5
                    ],
                    "IsDelete": false,
                    "Percentage": 0,
                    "CourseNodeType": 2
                },
                {
                    "CourseId": 3456,
                    "RootId": 27,
                    "ChildNodes": [],
                    "Name": "六、和高勝率分點並肩作戰",
                    "Description": "",
                    "IsActive": true,
                    "ParentCourseId": 2966,
                    "SortIndex": 6,
                    "LevelIndex": [
                        1,
                        6
                    ],
                    "IsDelete": false,
                    "Percentage": 0,
                    "CourseNodeType": 2
                },
                {
                    "CourseId": 3457,
                    "RootId": 27,
                    "ChildNodes": [],
                    "Name": "七、秒懂大盤趨勢與主流",
                    "Description": "",
                    "IsActive": true,
                    "ParentCourseId": 2966,
                    "SortIndex": 7,
                    "LevelIndex": [
                        1,
                        7
                    ],
                    "IsDelete": false,
                    "Percentage": 0,
                    "CourseNodeType": 2
                }
            ],
            "Name": "全新教學影音上架",
            "Description": "版主們拍攝了系列影音教學影片",
            "IsActive": true,
            "ParentCourseId": 0,
            "SortIndex": 1,
            "LevelIndex": [
                1
            ],
            "IsDelete": false,
            "Percentage": -1,
            "CourseNodeType": 1
        },
        {
            "CourseId": 2780,
            "RootId": 27,
            "ChildNodes": [
                {
                    "CourseId": 2782,
                    "RootId": 27,
                    "ChildNodes": [],
                    "Name": "一分鐘學會籌碼K線 (基礎功能)",
                    "Description": "",
                    "IsActive": true,
                    "ParentCourseId": 2780,
                    "SortIndex": 1,
                    "LevelIndex": [
                        2,
                        1
                    ],
                    "IsDelete": false,
                    "Percentage": 0,
                    "CourseNodeType": 2
                },
                {
                    "CourseId": 3458,
                    "RootId": 27,
                    "ChildNodes": [],
                    "Name": "一分鐘教你認識籌碼K線 (影音)",
                    "Description": "",
                    "IsActive": true,
                    "ParentCourseId": 2780,
                    "SortIndex": 2,
                    "LevelIndex": [
                        2,
                        2
                    ],
                    "IsDelete": false,
                    "Percentage": 0,
                    "CourseNodeType": 2
                }
            ],
            "Name": "一分鐘學會籌碼K線-懶人包",
            "Description": "版主特地整理出懶人包，讓新手的你也能快速上手",
            "IsActive": true,
            "ParentCourseId": 0,
            "SortIndex": 3,
            "LevelIndex": [
                2
            ],
            "IsDelete": false,
            "Percentage": -1,
            "CourseNodeType": 1
        },
        {
            "CourseId": 336,
            "RootId": 27,
            "ChildNodes": [
                {
                    "CourseId": 2434,
                    "RootId": 27,
                    "ChildNodes": [],
                    "Name": "籌碼分點高手 - 蔡司，靠著「技術＋籌碼＋量價」組合技，賺進一棟房！！",
                    "Description": "",
                    "IsActive": true,
                    "ParentCourseId": 336,
                    "SortIndex": 1,
                    "LevelIndex": [
                        3,
                        1
                    ],
                    "IsDelete": false,
                    "Percentage": 0,
                    "CourseNodeType": 2
                },
                {
                    "CourseId": 339,
                    "RootId": 27,
                    "ChildNodes": [],
                    "Name": "「籌碼集中」的特徵！",
                    "Description": "",
                    "IsActive": true,
                    "ParentCourseId": 336,
                    "SortIndex": 2,
                    "LevelIndex": [
                        3,
                        2
                    ],
                    "IsDelete": false,
                    "Percentage": 0,
                    "CourseNodeType": 2
                },
                {
                    "CourseId": 393,
                    "RootId": 27,
                    "ChildNodes": [],
                    "Name": "「三大法人」這樣看！",
                    "Description": "想找飆股，首先外資、投信法人必先布局，跟著他們走，必然勝率提高",
                    "IsActive": true,
                    "ParentCourseId": 336,
                    "SortIndex": 3,
                    "LevelIndex": [
                        3,
                        3
                    ],
                    "IsDelete": false,
                    "Percentage": 0,
                    "CourseNodeType": 2
                },
                {
                    "CourseId": 394,
                    "RootId": 27,
                    "ChildNodes": [],
                    "Name": "搞懂 外資 與 外資券商",
                    "Description": "",
                    "IsActive": true,
                    "ParentCourseId": 336,
                    "SortIndex": 4,
                    "LevelIndex": [
                        3,
                        4
                    ],
                    "IsDelete": false,
                    "Percentage": 0,
                    "CourseNodeType": 2
                },
                {
                    "CourseId": 395,
                    "RootId": 27,
                    "ChildNodes": [],
                    "Name": "從融資、融券看進出場",
                    "Description": "",
                    "IsActive": true,
                    "ParentCourseId": 336,
                    "SortIndex": 5,
                    "LevelIndex": [
                        3,
                        5
                    ],
                    "IsDelete": false,
                    "Percentage": 0,
                    "CourseNodeType": 2
                },
                {
                    "CourseId": 1433,
                    "RootId": 27,
                    "ChildNodes": [],
                    "Name": "誰都不想套在最高點！但不是每個人都會 注意「這 1 點」... (必看)",
                    "Description": "",
                    "IsActive": true,
                    "ParentCourseId": 336,
                    "SortIndex": 6,
                    "LevelIndex": [
                        3,
                        6
                    ],
                    "IsDelete": false,
                    "Percentage": 0,
                    "CourseNodeType": 2
                },
                {
                    "CourseId": 1434,
                    "RootId": 27,
                    "ChildNodes": [],
                    "Name": "看到當沖爆大量，高檔找賣點、低檔找買點",
                    "Description": "",
                    "IsActive": true,
                    "ParentCourseId": 336,
                    "SortIndex": 7,
                    "LevelIndex": [
                        3,
                        7
                    ],
                    "IsDelete": false,
                    "Percentage": 0,
                    "CourseNodeType": 2
                },
                {
                    "CourseId": 396,
                    "RootId": 27,
                    "ChildNodes": [],
                    "Name": "利用成本線，可以了解主力、外資的成本價位！",
                    "Description": "成本線 真實反映股票成本 成本線之上做多；成本線之下做空",
                    "IsActive": true,
                    "ParentCourseId": 336,
                    "SortIndex": 8,
                    "LevelIndex": [
                        3,
                        8
                    ],
                    "IsDelete": false,
                    "Percentage": 0,
                    "CourseNodeType": 2
                },
                {
                    "CourseId": 397,
                    "RootId": 27,
                    "ChildNodes": [],
                    "Name": "周轉率判斷股價起漲點",
                    "Description": "",
                    "IsActive": true,
                    "ParentCourseId": 336,
                    "SortIndex": 9,
                    "LevelIndex": [
                        3,
                        9
                    ],
                    "IsDelete": false,
                    "Percentage": 0,
                    "CourseNodeType": 2
                },
                {
                    "CourseId": 2288,
                    "RootId": 27,
                    "ChildNodes": [],
                    "Name": "你一定要知道「股價」與「新聞」的特殊關係",
                    "Description": "",
                    "IsActive": true,
                    "ParentCourseId": 336,
                    "SortIndex": 10,
                    "LevelIndex": [
                        3,
                        10
                    ],
                    "IsDelete": false,
                    "Percentage": 0,
                    "CourseNodeType": 2
                },
                {
                    "CourseId": 2290,
                    "RootId": 27,
                    "ChildNodes": [],
                    "Name": "看「體檢表」掌握個股資訊",
                    "Description": "籌碼K線「體檢表」將重要資訊彙整，一眼掌握個股好壞",
                    "IsActive": true,
                    "ParentCourseId": 336,
                    "SortIndex": 11,
                    "LevelIndex": [
                        3,
                        11
                    ],
                    "IsDelete": false,
                    "Percentage": 0,
                    "CourseNodeType": 2
                },
                {
                    "CourseId": 440,
                    "RootId": 27,
                    "ChildNodes": [],
                    "Name": "跟著 贏家 找到關鍵時間點",
                    "Description": "",
                    "IsActive": true,
                    "ParentCourseId": 336,
                    "SortIndex": 12,
                    "LevelIndex": [
                        3,
                        12
                    ],
                    "IsDelete": false,
                    "Percentage": 0,
                    "CourseNodeType": 2
                }
            ],
            "Name": "籌碼K線基本功能",
            "Description": "",
            "IsActive": true,
            "ParentCourseId": 0,
            "SortIndex": 4,
            "LevelIndex": [
                3
            ],
            "IsDelete": false,
            "Percentage": -1,
            "CourseNodeType": 1
        },
        {
            "CourseId": 331,
            "RootId": 27,
            "ChildNodes": [
                {
                    "CourseId": 381,
                    "RootId": 27,
                    "ChildNodes": [],
                    "Name": "大單券商 - 泡泡圖的觀察重點",
                    "Description": "",
                    "IsActive": true,
                    "ParentCourseId": 331,
                    "SortIndex": 1,
                    "LevelIndex": [
                        4,
                        1
                    ],
                    "IsDelete": false,
                    "Percentage": 0,
                    "CourseNodeType": 2
                },
                {
                    "CourseId": 382,
                    "RootId": 27,
                    "ChildNodes": [],
                    "Name": "大單券商 - 多天期橫條圖的觀察重點",
                    "Description": "",
                    "IsActive": true,
                    "ParentCourseId": 331,
                    "SortIndex": 2,
                    "LevelIndex": [
                        4,
                        2
                    ],
                    "IsDelete": false,
                    "Percentage": 0,
                    "CourseNodeType": 2
                }
            ],
            "Name": "大單券商",
            "Description": "",
            "IsActive": true,
            "ParentCourseId": 0,
            "SortIndex": 5,
            "LevelIndex": [
                4
            ],
            "IsDelete": false,
            "Percentage": -1,
            "CourseNodeType": 1
        },
        {
            "CourseId": 335,
            "RootId": 27,
            "ChildNodes": [
                {
                    "CourseId": 334,
                    "RootId": 27,
                    "ChildNodes": [],
                    "Name": "神秘公司派難揪出？一張「地圖」讓你一眼看穿，原來是他在買...",
                    "Description": "別再亂聽市場上小道消息，觀察主力地圖附近的分點，神秘的公司派將在其中",
                    "IsActive": true,
                    "ParentCourseId": 335,
                    "SortIndex": 1,
                    "LevelIndex": [
                        5,
                        1
                    ],
                    "IsDelete": false,
                    "Percentage": 0,
                    "CourseNodeType": 2
                }
            ],
            "Name": "主力地圖",
            "Description": "",
            "IsActive": true,
            "ParentCourseId": 0,
            "SortIndex": 6,
            "LevelIndex": [
                5
            ],
            "IsDelete": false,
            "Percentage": -1,
            "CourseNodeType": 1
        },
        {
            "CourseId": 360,
            "RootId": 27,
            "ChildNodes": [
                {
                    "CourseId": 386,
                    "RootId": 27,
                    "ChildNodes": [],
                    "Name": "基本操作介紹",
                    "Description": "",
                    "IsActive": true,
                    "ParentCourseId": 360,
                    "SortIndex": 1,
                    "LevelIndex": [
                        6,
                        1
                    ],
                    "IsDelete": false,
                    "Percentage": 0,
                    "CourseNodeType": 2
                },
                {
                    "CourseId": 387,
                    "RootId": 27,
                    "ChildNodes": [],
                    "Name": "分點選股介紹",
                    "Description": "",
                    "IsActive": true,
                    "ParentCourseId": 360,
                    "SortIndex": 2,
                    "LevelIndex": [
                        6,
                        2
                    ],
                    "IsDelete": false,
                    "Percentage": 0,
                    "CourseNodeType": 2
                },
                {
                    "CourseId": 388,
                    "RootId": 27,
                    "ChildNodes": [],
                    "Name": "基本面選股，技術面、籌碼面選進場時機",
                    "Description": "股市贏家兩步驟：對的方法，重複做！趕緊設計一套自己的「選股策略」吧！",
                    "IsActive": true,
                    "ParentCourseId": 360,
                    "SortIndex": 3,
                    "LevelIndex": [
                        6,
                        3
                    ],
                    "IsDelete": false,
                    "Percentage": 0,
                    "CourseNodeType": 2
                },
                {
                    "CourseId": 2680,
                    "RootId": 27,
                    "ChildNodes": [],
                    "Name": "不會選股也能賺？！新手、老手都該知道的「密技交流區」，你找到了嗎...？",
                    "Description": "",
                    "IsActive": true,
                    "ParentCourseId": 360,
                    "SortIndex": 4,
                    "LevelIndex": [
                        6,
                        4
                    ],
                    "IsDelete": false,
                    "Percentage": 0,
                    "CourseNodeType": 2
                }
            ],
            "Name": "籌碼選股",
            "Description": "",
            "IsActive": true,
            "ParentCourseId": 0,
            "SortIndex": 7,
            "LevelIndex": [
                6
            ],
            "IsDelete": false,
            "Percentage": -1,
            "CourseNodeType": 1
        },
        {
            "CourseId": 1829,
            "RootId": 27,
            "ChildNodes": [
                {
                    "CourseId": 364,
                    "RootId": 27,
                    "ChildNodes": [],
                    "Name": "找出有影響力的券商",
                    "Description": "",
                    "IsActive": true,
                    "ParentCourseId": 1829,
                    "SortIndex": 1,
                    "LevelIndex": [
                        7,
                        1
                    ],
                    "IsDelete": false,
                    "Percentage": 0,
                    "CourseNodeType": 2
                },
                {
                    "CourseId": 365,
                    "RootId": 27,
                    "ChildNodes": [],
                    "Name": "觀察「地緣券商」",
                    "Description": "",
                    "IsActive": true,
                    "ParentCourseId": 1829,
                    "SortIndex": 2,
                    "LevelIndex": [
                        7,
                        2
                    ],
                    "IsDelete": false,
                    "Percentage": 0,
                    "CourseNodeType": 2
                },
                {
                    "CourseId": 366,
                    "RootId": 27,
                    "ChildNodes": [],
                    "Name": "追蹤「關鍵券商」",
                    "Description": "",
                    "IsActive": true,
                    "ParentCourseId": 1829,
                    "SortIndex": 3,
                    "LevelIndex": [
                        7,
                        3
                    ],
                    "IsDelete": false,
                    "Percentage": 0,
                    "CourseNodeType": 2
                },
                {
                    "CourseId": 1830,
                    "RootId": 27,
                    "ChildNodes": [],
                    "Name": "這家「高手券商」竟然那麼強？！勝率高達 8 成，報酬率 30% ↑  看到賺到...",
                    "Description": "籌碼K線-高手券商！揪出勝率高達八成的高手券商！一出手報酬率 30%...",
                    "IsActive": true,
                    "ParentCourseId": 1829,
                    "SortIndex": 4,
                    "LevelIndex": [
                        7,
                        4
                    ],
                    "IsDelete": false,
                    "Percentage": 0,
                    "CourseNodeType": 2
                }
            ],
            "Name": "高手券商",
            "Description": "",
            "IsActive": true,
            "ParentCourseId": 0,
            "SortIndex": 8,
            "LevelIndex": [
                7
            ],
            "IsDelete": false,
            "Percentage": -1,
            "CourseNodeType": 1
        },
        {
            "CourseId": 1634,
            "RootId": 27,
            "ChildNodes": [
                {
                    "CourseId": 1637,
                    "RootId": 27,
                    "ChildNodes": [],
                    "Name": "大盤籌碼落在少數人手上",
                    "Description": "",
                    "IsActive": true,
                    "ParentCourseId": 1634,
                    "SortIndex": 1,
                    "LevelIndex": [
                        8,
                        1
                    ],
                    "IsDelete": false,
                    "Percentage": 0,
                    "CourseNodeType": 2
                },
                {
                    "CourseId": 1638,
                    "RootId": 27,
                    "ChildNodes": [],
                    "Name": "現在是外資盤 還是 主力盤？",
                    "Description": "",
                    "IsActive": true,
                    "ParentCourseId": 1634,
                    "SortIndex": 2,
                    "LevelIndex": [
                        8,
                        2
                    ],
                    "IsDelete": false,
                    "Percentage": 0,
                    "CourseNodeType": 2
                },
                {
                    "CourseId": 1639,
                    "RootId": 27,
                    "ChildNodes": [],
                    "Name": "大盤直直落！政府大動作買入官股，進場「護盤」有效？",
                    "Description": "",
                    "IsActive": true,
                    "ParentCourseId": 1634,
                    "SortIndex": 3,
                    "LevelIndex": [
                        8,
                        3
                    ],
                    "IsDelete": false,
                    "Percentage": 0,
                    "CourseNodeType": 2
                },
                {
                    "CourseId": 1720,
                    "RootId": 27,
                    "ChildNodes": [],
                    "Name": "大盤的漲跌停家數",
                    "Description": "",
                    "IsActive": true,
                    "ParentCourseId": 1634,
                    "SortIndex": 4,
                    "LevelIndex": [
                        8,
                        4
                    ],
                    "IsDelete": false,
                    "Percentage": 0,
                    "CourseNodeType": 2
                },
                {
                    "CourseId": 1721,
                    "RootId": 27,
                    "ChildNodes": [],
                    "Name": "大盤多空訊號燈 ",
                    "Description": "",
                    "IsActive": true,
                    "ParentCourseId": 1634,
                    "SortIndex": 5,
                    "LevelIndex": [
                        8,
                        5
                    ],
                    "IsDelete": false,
                    "Percentage": 0,
                    "CourseNodeType": 2
                },
                {
                    "CourseId": 2289,
                    "RootId": 27,
                    "ChildNodes": [],
                    "Name": "其他大盤籌碼分析指標",
                    "Description": "",
                    "IsActive": true,
                    "ParentCourseId": 1634,
                    "SortIndex": 6,
                    "LevelIndex": [
                        8,
                        6
                    ],
                    "IsDelete": false,
                    "Percentage": 0,
                    "CourseNodeType": 2
                }
            ],
            "Name": "大盤籌碼",
            "Description": "",
            "IsActive": true,
            "ParentCourseId": 0,
            "SortIndex": 9,
            "LevelIndex": [
                8
            ],
            "IsDelete": false,
            "Percentage": -1,
            "CourseNodeType": 1
        },
        {
            "CourseId": 359,
            "RootId": 27,
            "ChildNodes": [
                {
                    "CourseId": 384,
                    "RootId": 27,
                    "ChildNodes": [],
                    "Name": "券商百百種，我要觀察哪一個？３步驟挑出「強勢券商」，搶搭順風車...",
                    "Description": "",
                    "IsActive": true,
                    "ParentCourseId": 359,
                    "SortIndex": 1,
                    "LevelIndex": [
                        9,
                        1
                    ],
                    "IsDelete": false,
                    "Percentage": 0,
                    "CourseNodeType": 2
                }
            ],
            "Name": "分點找股",
            "Description": "",
            "IsActive": true,
            "ParentCourseId": 0,
            "SortIndex": 10,
            "LevelIndex": [
                9
            ],
            "IsDelete": false,
            "Percentage": -1,
            "CourseNodeType": 1
        },
        {
            "CourseId": 362,
            "RootId": 27,
            "ChildNodes": [
                {
                    "CourseId": 390,
                    "RootId": 27,
                    "ChildNodes": [],
                    "Name": "自選股",
                    "Description": "",
                    "IsActive": true,
                    "ParentCourseId": 362,
                    "SortIndex": 1,
                    "LevelIndex": [
                        10,
                        1
                    ],
                    "IsDelete": false,
                    "Percentage": 0,
                    "CourseNodeType": 2
                },
                {
                    "CourseId": 1462,
                    "RootId": 27,
                    "ChildNodes": [],
                    "Name": "自選監控",
                    "Description": "",
                    "IsActive": true,
                    "ParentCourseId": 362,
                    "SortIndex": 2,
                    "LevelIndex": [
                        10,
                        2
                    ],
                    "IsDelete": false,
                    "Percentage": 0,
                    "CourseNodeType": 2
                },
                {
                    "CourseId": 391,
                    "RootId": 27,
                    "ChildNodes": [],
                    "Name": "自訂均線",
                    "Description": "",
                    "IsActive": true,
                    "ParentCourseId": 362,
                    "SortIndex": 3,
                    "LevelIndex": [
                        10,
                        3
                    ],
                    "IsDelete": false,
                    "Percentage": 0,
                    "CourseNodeType": 2
                },
                {
                    "CourseId": 392,
                    "RootId": 27,
                    "ChildNodes": [],
                    "Name": "線段",
                    "Description": "",
                    "IsActive": true,
                    "ParentCourseId": 362,
                    "SortIndex": 4,
                    "LevelIndex": [
                        10,
                        4
                    ],
                    "IsDelete": false,
                    "Percentage": 0,
                    "CourseNodeType": 2
                },
                {
                    "CourseId": 398,
                    "RootId": 27,
                    "ChildNodes": [],
                    "Name": "截圖",
                    "Description": "",
                    "IsActive": true,
                    "ParentCourseId": 362,
                    "SortIndex": 5,
                    "LevelIndex": [
                        10,
                        5
                    ],
                    "IsDelete": false,
                    "Percentage": 0,
                    "CourseNodeType": 2
                },
                {
                    "CourseId": 399,
                    "RootId": 27,
                    "ChildNodes": [],
                    "Name": "追蹤",
                    "Description": "",
                    "IsActive": true,
                    "ParentCourseId": 362,
                    "SortIndex": 6,
                    "LevelIndex": [
                        10,
                        6
                    ],
                    "IsDelete": false,
                    "Percentage": 0,
                    "CourseNodeType": 2
                },
                {
                    "CourseId": 400,
                    "RootId": 27,
                    "ChildNodes": [],
                    "Name": "個股資訊",
                    "Description": "",
                    "IsActive": true,
                    "ParentCourseId": 362,
                    "SortIndex": 7,
                    "LevelIndex": [
                        10,
                        7
                    ],
                    "IsDelete": false,
                    "Percentage": 0,
                    "CourseNodeType": 2
                },
                {
                    "CourseId": 401,
                    "RootId": 27,
                    "ChildNodes": [],
                    "Name": "筆記",
                    "Description": "",
                    "IsActive": true,
                    "ParentCourseId": 362,
                    "SortIndex": 8,
                    "LevelIndex": [
                        10,
                        8
                    ],
                    "IsDelete": false,
                    "Percentage": 0,
                    "CourseNodeType": 2
                },
                {
                    "CourseId": 2287,
                    "RootId": 27,
                    "ChildNodes": [],
                    "Name": "聊天室",
                    "Description": "",
                    "IsActive": true,
                    "ParentCourseId": 362,
                    "SortIndex": 9,
                    "LevelIndex": [
                        10,
                        9
                    ],
                    "IsDelete": false,
                    "Percentage": 0,
                    "CourseNodeType": 2
                },
                {
                    "CourseId": 2291,
                    "RootId": 27,
                    "ChildNodes": [],
                    "Name": "VIP聊天室",
                    "Description": "",
                    "IsActive": true,
                    "ParentCourseId": 362,
                    "SortIndex": 10,
                    "LevelIndex": [
                        10,
                        10
                    ],
                    "IsDelete": false,
                    "Percentage": 0,
                    "CourseNodeType": 2
                }
            ],
            "Name": "其他功能",
            "Description": "",
            "IsActive": true,
            "ParentCourseId": 0,
            "SortIndex": 11,
            "LevelIndex": [
                10
            ],
            "IsDelete": false,
            "Percentage": -1,
            "CourseNodeType": 1
        }
    ]
}