{
    "Root": {
        "RootId": 338,
        "MemberId": 585833,
        "Title": "楊禮軒-領息存股術",
        "Description": "算利教官楊禮軒的領息存股術，\n教你看財報、分析基本面、算股利、選出便宜績優股！\n",
        "ImgURL": "learnImg910308CB.jpg",
        "LogoImgURL": "",
        "AuthorName": "算利教官－楊禮軒",
        "AuthorURL": "http://www.cmoney.tw/app/ezlifeInstructor?ca=1",
        "DomainName": "ezlifeinstructor",
        "VisualColor": "#0095ed",
        "IsShowLevelIndex": true,
        "IsActive": true,
        "TotalViewCount": 27748,
        "IsRecommend": false,
        "CategoryList": [
            {
                "CategoryId": 1,
                "CategoryName": "理財小學堂"
            },
            {
                "CategoryId": 2,
                "CategoryName": " 理財達人技術心法"
            },
            {
                "CategoryId": 3,
                "CategoryName": "理財寶 軟體操作"
            }
        ],
        "TagIdList": [
            3,
            20,
            27,
            62,
            67,
            70,
            73,
            74,
            75,
            76,
            77,
            78,
            79,
            80,
            81,
            82
        ],
        "CourseCount": 0,
        "CompletionRate": 0,
        "MapBlock": 0,
        "PromptContent": ""
    },
    "ChildNodes": [
        {
            "CourseId": 2904,
            "RootId": 338,
            "ChildNodes": [
                {
                    "CourseId": 2920,
                    "RootId": 338,
                    "ChildNodes": [],
                    "Name": "打造完美退休生活！全職奶爸只靠定存股滾錢，年領股息100萬！",
                    "Description": "",
                    "IsActive": true,
                    "ParentCourseId": 2904,
                    "SortIndex": 1,
                    "LevelIndex": [
                        1,
                        1
                    ],
                    "IsDelete": false,
                    "Percentage": 0,
                    "CourseNodeType": 2
                },
                {
                    "CourseId": 2906,
                    "RootId": 338,
                    "ChildNodes": [],
                    "Name": "41 歲就退休！學校教官靠「存股」：被動收入破百萬！",
                    "Description": "",
                    "IsActive": true,
                    "ParentCourseId": 2904,
                    "SortIndex": 2,
                    "LevelIndex": [
                        1,
                        2
                    ],
                    "IsDelete": false,
                    "Percentage": 0,
                    "CourseNodeType": 2
                },
                {
                    "CourseId": 2918,
                    "RootId": 338,
                    "ChildNodes": [],
                    "Name": "高達 2.8 萬股民追蹤！算利教官-楊禮軒：買進「低價績優股」，短短 9年讓我身家翻 24 倍！",
                    "Description": "",
                    "IsActive": true,
                    "ParentCourseId": 2904,
                    "SortIndex": 3,
                    "LevelIndex": [
                        1,
                        3
                    ],
                    "IsDelete": false,
                    "Percentage": 0,
                    "CourseNodeType": 2
                }
            ],
            "Name": "誰是算利教官-楊禮軒？",
            "Description": "",
            "IsActive": true,
            "ParentCourseId": 0,
            "SortIndex": 1,
            "LevelIndex": [
                1
            ],
            "IsDelete": false,
            "Percentage": -1,
            "CourseNodeType": 1
        },
        {
            "CourseId": 2914,
            "RootId": 338,
            "ChildNodes": [
                {
                    "CourseId": 2916,
                    "RootId": 338,
                    "ChildNodes": [],
                    "Name": "定存股要挑對，買中鋼已經落伍！用 2 個指標 簡單挑出績優股",
                    "Description": "",
                    "IsActive": true,
                    "ParentCourseId": 2914,
                    "SortIndex": 1,
                    "LevelIndex": [
                        2,
                        1
                    ],
                    "IsDelete": false,
                    "Percentage": 0,
                    "CourseNodeType": 2
                },
                {
                    "CourseId": 2921,
                    "RootId": 338,
                    "ChildNodes": [],
                    "Name": "算利教官的『股票收租法』，5 條件存股：每年進帳百萬！",
                    "Description": "",
                    "IsActive": true,
                    "ParentCourseId": 2914,
                    "SortIndex": 2,
                    "LevelIndex": [
                        2,
                        2
                    ],
                    "IsDelete": false,
                    "Percentage": 0,
                    "CourseNodeType": 2
                }
            ],
            "Name": "算利教官的存股心法",
            "Description": "",
            "IsActive": true,
            "ParentCourseId": 0,
            "SortIndex": 2,
            "LevelIndex": [
                2
            ],
            "IsDelete": false,
            "Percentage": -1,
            "CourseNodeType": 1
        },
        {
            "CourseId": 2907,
            "RootId": 338,
            "ChildNodes": [
                {
                    "CourseId": 2858,
                    "RootId": 338,
                    "ChildNodes": [],
                    "Name": "10分鐘快速學財報系列-單一客戶銷售比重過重，別太樂觀",
                    "Description": "當公司的訂單、銷貨收入都是由單一客戶所貢獻的，\n千萬別太樂觀...\n未來如果客戶掉單，對公司就會有非常大的影響！\n",
                    "IsActive": true,
                    "ParentCourseId": 2907,
                    "SortIndex": 1,
                    "LevelIndex": [
                        3,
                        1
                    ],
                    "IsDelete": false,
                    "Percentage": 0,
                    "CourseNodeType": 2
                },
                {
                    "CourseId": 2857,
                    "RootId": 338,
                    "ChildNodes": [],
                    "Name": "10分鐘快速學財報系列 - 解析飆股美琪瑪",
                    "Description": "為何美琪瑪能在短短1個月內飆漲300%？\n是炒作？還是真有這個價值？\n是什麼原因導致它飆漲？\n10分鐘快速學財報系列-幫你解析！",
                    "IsActive": true,
                    "ParentCourseId": 2907,
                    "SortIndex": 2,
                    "LevelIndex": [
                        3,
                        2
                    ],
                    "IsDelete": false,
                    "Percentage": 0,
                    "CourseNodeType": 2
                }
            ],
            "Name": "10分鐘快速學財報系列",
            "Description": "",
            "IsActive": true,
            "ParentCourseId": 0,
            "SortIndex": 3,
            "LevelIndex": [
                3
            ],
            "IsDelete": false,
            "Percentage": -1,
            "CourseNodeType": 1
        }
    ]
}