{
    "Root": {
        "RootId": 44,
        "MemberId": 114705,
        "Title": "股票技術面分析",
        "Description": "想看懂技術指標，卻掌握不到訣竅？想瞭解型態規律，卻覺得圖形好複雜？交給技術面分析吧！\n從最簡單的技術分析理論開始，讓投資朋友可以瞭解各種技術指標的意義和適用範圍，以及圖形型態的判讀方式，讓你簡單戰勝技術面分析！\n讓我們跟著理財學習網精心安排的課程，一步一步來學習股票的技術面分析吧！",
        "ImgURL": "learnImgA9D57092.jpg",
        "LogoImgURL": "learnLogo2D185274.png",
        "AuthorName": "",
        "AuthorURL": "",
        "DomainName": "technicals",
        "VisualColor": "#0095ed",
        "IsShowLevelIndex": true,
        "IsActive": true,
        "TotalViewCount": 6181950,
        "IsRecommend": true,
        "CategoryList": [
            {
                "CategoryId": 1,
                "CategoryName": "理財小學堂"
            }
        ],
        "TagIdList": [
            13,
            14,
            15,
            40,
            41
        ],
        "CourseCount": 0,
        "CompletionRate": 0,
        "MapBlock": 0,
        "PromptContent": ""
    },
    "ChildNodes": [
        {
            "CourseId": 475,
            "RootId": 44,
            "ChildNodes": [],
            "Name": "什麼是技術分析？",
            "Description": "技術分析主要是研究市場過去的資料來預測未來的走向，這些過去的資料，就是成交量和股價，是技術分析的根本，很多技術分析指標都是以這兩個為基礎發展而來的。",
            "IsActive": true,
            "ParentCourseId": 0,
            "SortIndex": 1,
            "LevelIndex": [
                1
            ],
            "IsDelete": false,
            "Percentage": 0,
            "CourseNodeType": 2
        },
        {
            "CourseId": 503,
            "RootId": 44,
            "ChildNodes": [],
            "Name": "技術分析的3大優點、2大缺點",
            "Description": "沒有 100%好的方法，每種方法都有自己的優點跟缺點，使用技術分析前，務必確認自己了解技術分析優點及缺點，這樣投資時才不會被別人牽著鼻子走！",
            "IsActive": true,
            "ParentCourseId": 0,
            "SortIndex": 2,
            "LevelIndex": [
                2
            ],
            "IsDelete": false,
            "Percentage": 0,
            "CourseNodeType": 2
        },
        {
            "CourseId": 501,
            "RootId": 44,
            "ChildNodes": [
                {
                    "CourseId": 504,
                    "RootId": 44,
                    "ChildNodes": [],
                    "Name": "技術分析指標法：教你提高投資勝算",
                    "Description": "技術分析常用6種指標：均線、KD、RSI、MACD、乖離率、布林通道，分別代表的意義不同，都有存在的必要性，在預測趨勢上，也有能力大小和準確程度的區別。",
                    "IsActive": true,
                    "ParentCourseId": 501,
                    "SortIndex": 1,
                    "LevelIndex": [
                        3,
                        1
                    ],
                    "IsDelete": false,
                    "Percentage": 0,
                    "CourseNodeType": 2
                },
                {
                    "CourseId": 478,
                    "RootId": 44,
                    "ChildNodes": [],
                    "Name": "技術分析型態學：教你用眼睛判斷趨勢",
                    "Description": "技術分析除了使用指標法，還很常用型態學：W底 M頭、頭肩頂 頭肩底，分別代表的意義不同，單純用眼睛不需要數學計算，就可以從K線圖中看出圖形喔！",
                    "IsActive": true,
                    "ParentCourseId": 501,
                    "SortIndex": 2,
                    "LevelIndex": [
                        3,
                        2
                    ],
                    "IsDelete": false,
                    "Percentage": 0,
                    "CourseNodeType": 2
                }
            ],
            "Name": "技術分析的種類",
            "Description": "",
            "IsActive": true,
            "ParentCourseId": 0,
            "SortIndex": 3,
            "LevelIndex": [
                3
            ],
            "IsDelete": false,
            "Percentage": -1,
            "CourseNodeType": 1
        },
        {
            "CourseId": 481,
            "RootId": 44,
            "ChildNodes": [
                {
                    "CourseId": 485,
                    "RootId": 44,
                    "ChildNodes": [],
                    "Name": "一分鐘看懂「均線」，股票強弱一眼就看懂！",
                    "Description": "均線是什麼？一篇文學會6條均線：5 日線(5MA)、10 線(10MA)、20 日線(20MA)、60 日線(60MA)、120 日線(120MA)、240 日線(240MA)，買賣股票好判斷！",
                    "IsActive": true,
                    "ParentCourseId": 481,
                    "SortIndex": 1,
                    "LevelIndex": [
                        4,
                        1
                    ],
                    "IsDelete": false,
                    "Percentage": 0,
                    "CourseNodeType": 2
                },
                {
                    "CourseId": 488,
                    "RootId": 44,
                    "ChildNodes": [],
                    "Name": "簡單用均線，看出多空走勢",
                    "Description": "均線可以判斷多空趨勢！常用的均線，你知道要設定幾天平均嗎? 看完你就知道了！",
                    "IsActive": true,
                    "ParentCourseId": 481,
                    "SortIndex": 2,
                    "LevelIndex": [
                        4,
                        2
                    ],
                    "IsDelete": false,
                    "Percentage": 0,
                    "CourseNodeType": 2
                }
            ],
            "Name": "看懂均線－讓你知道市場上的趨勢",
            "Description": "",
            "IsActive": true,
            "ParentCourseId": 0,
            "SortIndex": 4,
            "LevelIndex": [
                4
            ],
            "IsDelete": false,
            "Percentage": -1,
            "CourseNodeType": 1
        },
        {
            "CourseId": 480,
            "RootId": 44,
            "ChildNodes": [
                {
                    "CourseId": 484,
                    "RootId": 44,
                    "ChildNodes": [],
                    "Name": "一分鐘學會「KD指標」！教你利用 KD值判斷 買賣時機 跟 市場行情",
                    "Description": "什麼是KD指標？K值、D值分別代表了什麼意義？KD指標反映了股價在最近幾天的相對強弱，技術分析新手必學！一起來認識KD指標是怎麼運作的吧！",
                    "IsActive": true,
                    "ParentCourseId": 480,
                    "SortIndex": 1,
                    "LevelIndex": [
                        5,
                        1
                    ],
                    "IsDelete": false,
                    "Percentage": 0,
                    "CourseNodeType": 2
                },
                {
                    "CourseId": 490,
                    "RootId": 44,
                    "ChildNodes": [],
                    "Name": "什麼是『RSI』？",
                    "Description": "什麼是RSI（相對強弱）指標？ 這是一個用來判斷近期股價相對強弱的技術指標。RSI大於80時，為超買訊號，市場過熱，要準備開始跌了。RSI小於20時，為超賣訊號，市場過冷，要準備開始漲了。",
                    "IsActive": true,
                    "ParentCourseId": 480,
                    "SortIndex": 2,
                    "LevelIndex": [
                        5,
                        2
                    ],
                    "IsDelete": false,
                    "Percentage": 0,
                    "CourseNodeType": 2
                },
                {
                    "CourseId": 750,
                    "RootId": 44,
                    "ChildNodes": [],
                    "Name": "什麼是「MACD」？",
                    "Description": "1.為什麼提 MACD\n2.MACD 是什麼？\n3.投資上的使用時機（哪時買進賣出）\n甚麼數值做什麼操作？\nhttp://news.cnyes.com/Content/20130925/KHABW269LZIYM.shtml\nhttp://www.moneydj.com/z/analyst/macd.htm",
                    "IsActive": true,
                    "ParentCourseId": 480,
                    "SortIndex": 3,
                    "LevelIndex": [
                        5,
                        3
                    ],
                    "IsDelete": false,
                    "Percentage": 0,
                    "CourseNodeType": 2
                },
                {
                    "CourseId": 1216,
                    "RootId": 44,
                    "ChildNodes": [],
                    "Name": "什麼是布林通道？",
                    "Description": "",
                    "IsActive": true,
                    "ParentCourseId": 480,
                    "SortIndex": 4,
                    "LevelIndex": [
                        5,
                        4
                    ],
                    "IsDelete": false,
                    "Percentage": 0,
                    "CourseNodeType": 2
                },
                {
                    "CourseId": 491,
                    "RootId": 44,
                    "ChildNodes": [],
                    "Name": "什麼是 乖離率(BIAS)",
                    "Description": "",
                    "IsActive": true,
                    "ParentCourseId": 480,
                    "SortIndex": 5,
                    "LevelIndex": [
                        5,
                        5
                    ],
                    "IsDelete": false,
                    "Percentage": 0,
                    "CourseNodeType": 2
                }
            ],
            "Name": "常用技術指標",
            "Description": "",
            "IsActive": true,
            "ParentCourseId": 0,
            "SortIndex": 5,
            "LevelIndex": [
                5
            ],
            "IsDelete": false,
            "Percentage": -1,
            "CourseNodeType": 1
        },
        {
            "CourseId": 482,
            "RootId": 44,
            "ChildNodes": [
                {
                    "CourseId": 489,
                    "RootId": 44,
                    "ChildNodes": [],
                    "Name": "1分鐘告訴你，什麼是K線?",
                    "Description": "為什麼要學會看 K 線？這是踏入股市，每一位投資人都必須學習的第一步，只要看K線就能知道股票過去的走勢。讀這篇文章你可以學會：紅K線、綠K線的差異；利用 K線解讀 開盤價、收盤價、最高價、最低價。",
                    "IsActive": true,
                    "ParentCourseId": 482,
                    "SortIndex": 1,
                    "LevelIndex": [
                        6,
                        1
                    ],
                    "IsDelete": false,
                    "Percentage": 0,
                    "CourseNodeType": 2
                },
                {
                    "CourseId": 486,
                    "RootId": 44,
                    "ChildNodes": [],
                    "Name": "股價神奇的「轉折點」：M頭與 W底",
                    "Description": "",
                    "IsActive": true,
                    "ParentCourseId": 482,
                    "SortIndex": 2,
                    "LevelIndex": [
                        6,
                        2
                    ],
                    "IsDelete": false,
                    "Percentage": 0,
                    "CourseNodeType": 2
                },
                {
                    "CourseId": 1021,
                    "RootId": 44,
                    "ChildNodes": [],
                    "Name": "頭肩底與頭肩頂",
                    "Description": "",
                    "IsActive": true,
                    "ParentCourseId": 482,
                    "SortIndex": 3,
                    "LevelIndex": [
                        6,
                        3
                    ],
                    "IsDelete": false,
                    "Percentage": 0,
                    "CourseNodeType": 2
                },
                {
                    "CourseId": 506,
                    "RootId": 44,
                    "ChildNodes": [],
                    "Name": "什麼是支撐與壓力?",
                    "Description": "",
                    "IsActive": true,
                    "ParentCourseId": 482,
                    "SortIndex": 4,
                    "LevelIndex": [
                        6,
                        4
                    ],
                    "IsDelete": false,
                    "Percentage": 0,
                    "CourseNodeType": 2
                },
                {
                    "CourseId": 1154,
                    "RootId": 44,
                    "ChildNodes": [],
                    "Name": "什麼是『跳空缺口』？",
                    "Description": "",
                    "IsActive": true,
                    "ParentCourseId": 482,
                    "SortIndex": 5,
                    "LevelIndex": [
                        6,
                        5
                    ],
                    "IsDelete": false,
                    "Percentage": 0,
                    "CourseNodeType": 2
                },
                {
                    "CourseId": 1184,
                    "RootId": 44,
                    "ChildNodes": [],
                    "Name": "旗形與三角旗形",
                    "Description": "",
                    "IsActive": true,
                    "ParentCourseId": 482,
                    "SortIndex": 6,
                    "LevelIndex": [
                        6,
                        6
                    ],
                    "IsDelete": false,
                    "Percentage": 0,
                    "CourseNodeType": 2
                }
            ],
            "Name": "看懂圖形-從圖形規律找到買賣點",
            "Description": "",
            "IsActive": true,
            "ParentCourseId": 0,
            "SortIndex": 6,
            "LevelIndex": [
                6
            ],
            "IsDelete": false,
            "Percentage": -1,
            "CourseNodeType": 1
        },
        {
            "CourseId": 1050,
            "RootId": 44,
            "ChildNodes": [
                {
                    "CourseId": 476,
                    "RootId": 44,
                    "ChildNodes": [],
                    "Name": "使用技術分析該注意的事",
                    "Description": "1.技術分析只能作為短期方向的輔助 不能反映真實價值\n2.當市場不效率時，技術會失效(流動性太差、遇到事件 - 911 SARS 非理性的買賣)\n3.技術分析不保證百分之百成功",
                    "IsActive": true,
                    "ParentCourseId": 1050,
                    "SortIndex": 1,
                    "LevelIndex": [
                        7,
                        1
                    ],
                    "IsDelete": false,
                    "Percentage": 0,
                    "CourseNodeType": 2
                }
            ],
            "Name": "技術分析注意事項",
            "Description": "",
            "IsActive": true,
            "ParentCourseId": 0,
            "SortIndex": 7,
            "LevelIndex": [
                7
            ],
            "IsDelete": false,
            "Percentage": -1,
            "CourseNodeType": 1
        },
        {
            "CourseId": 1109,
            "RootId": 44,
            "ChildNodes": [
                {
                    "CourseId": 1110,
                    "RootId": 44,
                    "ChildNodes": [],
                    "Name": "道氏理論",
                    "Description": "",
                    "IsActive": true,
                    "ParentCourseId": 1109,
                    "SortIndex": 1,
                    "LevelIndex": [
                        8,
                        1
                    ],
                    "IsDelete": false,
                    "Percentage": 0,
                    "CourseNodeType": 2
                },
                {
                    "CourseId": 1111,
                    "RootId": 44,
                    "ChildNodes": [],
                    "Name": "什麼是波浪理論？",
                    "Description": "",
                    "IsActive": true,
                    "ParentCourseId": 1109,
                    "SortIndex": 2,
                    "LevelIndex": [
                        8,
                        2
                    ],
                    "IsDelete": false,
                    "Percentage": 0,
                    "CourseNodeType": 2
                }
            ],
            "Name": "技術分析專有名詞",
            "Description": "",
            "IsActive": true,
            "ParentCourseId": 0,
            "SortIndex": 8,
            "LevelIndex": [
                8
            ],
            "IsDelete": false,
            "Percentage": -1,
            "CourseNodeType": 1
        }
    ]
}