{
    "Root": {
        "RootId": 45,
        "MemberId": 114681,
        "Title": "10分鐘－期貨入門",
        "Description": "",
        "ImgURL": "learnImgFDDF4B6B.jpg",
        "LogoImgURL": "learnLogo717509FA.png",
        "AuthorName": "",
        "AuthorURL": "",
        "DomainName": "futures",
        "VisualColor": "#0095ed",
        "IsShowLevelIndex": true,
        "IsActive": true,
        "TotalViewCount": 1699356,
        "IsRecommend": true,
        "CategoryList": [
            {
                "CategoryId": 1,
                "CategoryName": "理財小學堂"
            }
        ],
        "TagIdList": [
            12,
            13
        ],
        "CourseCount": 0,
        "CompletionRate": 0,
        "MapBlock": 0,
        "PromptContent": ""
    },
    "ChildNodes": [
        {
            "CourseId": 1310,
            "RootId": 45,
            "ChildNodes": [],
            "Name": "「 3大步驟 」，靠【這個商品】帶你去各國旅遊，原來 「這樣玩」並不複雜 ... ！",
            "Description": "如何看懂期貨。\n如何計算台指期貨的賺賠。\n如何買賣期貨～",
            "IsActive": true,
            "ParentCourseId": 0,
            "SortIndex": 1,
            "LevelIndex": [
                1
            ],
            "IsDelete": false,
            "Percentage": 0,
            "CourseNodeType": 2
        },
        {
            "CourseId": 1328,
            "RootId": 45,
            "ChildNodes": [],
            "Name": "【這個商品】竟然比 股票 便宜 3 7 倍！它的「五大優點」，而 9 0% 投資人都沒把握...太專業分析必須看！",
            "Description": "買賣期貨與買賣股票的5大不同，\n各自的優劣、特色。",
            "IsActive": true,
            "ParentCourseId": 0,
            "SortIndex": 2,
            "LevelIndex": [
                2
            ],
            "IsDelete": false,
            "Percentage": 0,
            "CourseNodeType": 2
        },
        {
            "CourseId": 1334,
            "RootId": 45,
            "ChildNodes": [],
            "Name": "「躲避風險」 開大絕啦 —— 「用這招」輕鬆省下 59 萬， 運氣再差 也沒在怕！",
            "Description": "買賣期貨的兩大目的，避險與投機，\n本章說明如何用期貨避險。",
            "IsActive": true,
            "ParentCourseId": 0,
            "SortIndex": 3,
            "LevelIndex": [
                3
            ],
            "IsDelete": false,
            "Percentage": 0,
            "CourseNodeType": 2
        },
        {
            "CourseId": 1335,
            "RootId": 45,
            "ChildNodes": [],
            "Name": "薪水翻了20 倍！？「它」讓你在短期內賺進 24% 報酬 ... 難怪大戶 超愛用！",
            "Description": "期貨的另一個特性：投機。\n遠比股票的「買低賣高」傳大價差更大、更多。\n同時風險也更高！",
            "IsActive": true,
            "ParentCourseId": 0,
            "SortIndex": 4,
            "LevelIndex": [
                4
            ],
            "IsDelete": false,
            "Percentage": 0,
            "CourseNodeType": 2
        },
        {
            "CourseId": 1336,
            "RootId": 45,
            "ChildNodes": [
                {
                    "CourseId": 1300,
                    "RootId": 45,
                    "ChildNodes": [],
                    "Name": "【高報酬發財術】他靠「這個」賺到 98 萬！網友：我在這邊拼死拼活的，你竟然 ... ",
                    "Description": "什麼是期貨？\n期貨的來源、契約方式。",
                    "IsActive": true,
                    "ParentCourseId": 1336,
                    "SortIndex": 1,
                    "LevelIndex": [
                        5,
                        1
                    ],
                    "IsDelete": false,
                    "Percentage": 0,
                    "CourseNodeType": 2
                },
                {
                    "CourseId": 1081,
                    "RootId": 45,
                    "ChildNodes": [],
                    "Name": "3 步驟開始買賣期貨！新手投資我不怕，教你 1 分鐘輕鬆擁有「它」...",
                    "Description": "期貨開戶3步驟\n輕鬆了解期貨開戶要點",
                    "IsActive": true,
                    "ParentCourseId": 1336,
                    "SortIndex": 2,
                    "LevelIndex": [
                        5,
                        2
                    ],
                    "IsDelete": false,
                    "Percentage": 0,
                    "CourseNodeType": 2
                },
                {
                    "CourseId": 1171,
                    "RootId": 45,
                    "ChildNodes": [],
                    "Name": "原來投資期貨的關鍵 ... 就在「這 2 件」小事！看懂了，薪水自動翻 3 倍...",
                    "Description": "1.期貨交易是保證金交易\n2.放多少保證金，就承擔多少風險\n3.保證金每天算。\n誰會催繳?哪時催繳?\n4.2種保證金：原始保證金.維持保證金。\n哪時斷頭?台指期(大台小台)的保證金規定\n",
                    "IsActive": true,
                    "ParentCourseId": 1336,
                    "SortIndex": 3,
                    "LevelIndex": [
                        5,
                        3
                    ],
                    "IsDelete": false,
                    "Percentage": 0,
                    "CourseNodeType": 2
                },
                {
                    "CourseId": 1167,
                    "RootId": 45,
                    "ChildNodes": [],
                    "Name": "理財賺錢哪這麼難！90 % 投資人都錯在這個「小地方」 ... 搞懂了這些種類，每月加薪不是夢！",
                    "Description": "期貨分為商品期貨與金融期貨。\n他們各自包含的種類。\n金融期貨是什麼？",
                    "IsActive": true,
                    "ParentCourseId": 1336,
                    "SortIndex": 4,
                    "LevelIndex": [
                        5,
                        4
                    ],
                    "IsDelete": false,
                    "Percentage": 0,
                    "CourseNodeType": 2
                },
                {
                    "CourseId": 1165,
                    "RootId": 45,
                    "ChildNodes": [],
                    "Name": "準確抓住「這個方法」！你每個月都有 2 次的「致富」機會！抓穩它 ... 富著退休，不是夢！",
                    "Description": "大台指、小台指的差別\n如何操作台指期？\n２個重點注意事項",
                    "IsActive": true,
                    "ParentCourseId": 1336,
                    "SortIndex": 7,
                    "LevelIndex": [
                        5,
                        5
                    ],
                    "IsDelete": false,
                    "Percentage": 0,
                    "CourseNodeType": 2
                },
                {
                    "CourseId": 1294,
                    "RootId": 45,
                    "ChildNodes": [],
                    "Name": "他每天「被動收入」高達 24000！原來這【2 關鍵】是他的賺錢秘笈 ...",
                    "Description": "台指期要怎麼賺錢？\n台指期與保證金的關係。",
                    "IsActive": true,
                    "ParentCourseId": 1336,
                    "SortIndex": 8,
                    "LevelIndex": [
                        5,
                        6
                    ],
                    "IsDelete": false,
                    "Percentage": 0,
                    "CourseNodeType": 2
                }
            ],
            "Name": "我想知道更多期貨的基本概念...",
            "Description": "",
            "IsActive": true,
            "ParentCourseId": 0,
            "SortIndex": 5,
            "LevelIndex": [
                5
            ],
            "IsDelete": false,
            "Percentage": -1,
            "CourseNodeType": 1
        }
    ]
}