{
    "Root": {
        "RootId": 46,
        "MemberId": 115152,
        "Title": "林恩如-簡單投資法",
        "Description": "只用一條線就成為股市女王的林恩如，透過一系列課程把她的「簡單投資法」完整教給每位投資朋友。\n你也想像恩如老師一樣嗎？快來看看課程吧！",
        "ImgURL": "learnImg08D413EF.jpg",
        "LogoImgURL": "",
        "AuthorName": "林恩如",
        "AuthorURL": "http://www.cmoney.tw/app/imoney889",
        "DomainName": "njulin",
        "VisualColor": "#0095ed",
        "IsShowLevelIndex": true,
        "IsActive": true,
        "TotalViewCount": 1252269,
        "IsRecommend": true,
        "CategoryList": [
            {
                "CategoryId": 2,
                "CategoryName": " 理財達人技術心法"
            }
        ],
        "TagIdList": [
            15,
            96,
            97,
            98,
            99
        ],
        "CourseCount": 0,
        "CompletionRate": 0,
        "MapBlock": 0,
        "PromptContent": ""
    },
    "ChildNodes": [
        {
            "CourseId": 3351,
            "RootId": 46,
            "ChildNodes": [
                {
                    "CourseId": 3352,
                    "RootId": 46,
                    "ChildNodes": [],
                    "Name": "什麼是技術分析？",
                    "Description": "",
                    "IsActive": true,
                    "ParentCourseId": 3351,
                    "SortIndex": 1,
                    "LevelIndex": [
                        1,
                        1
                    ],
                    "IsDelete": false,
                    "Percentage": 0,
                    "CourseNodeType": 2
                },
                {
                    "CourseId": 3353,
                    "RootId": 46,
                    "ChildNodes": [],
                    "Name": "技術分析的優缺點",
                    "Description": "",
                    "IsActive": true,
                    "ParentCourseId": 3351,
                    "SortIndex": 2,
                    "LevelIndex": [
                        1,
                        2
                    ],
                    "IsDelete": false,
                    "Percentage": 0,
                    "CourseNodeType": 2
                },
                {
                    "CourseId": 3354,
                    "RootId": 46,
                    "ChildNodes": [],
                    "Name": "什麼是均線？",
                    "Description": "",
                    "IsActive": true,
                    "ParentCourseId": 3351,
                    "SortIndex": 3,
                    "LevelIndex": [
                        1,
                        3
                    ],
                    "IsDelete": false,
                    "Percentage": 0,
                    "CourseNodeType": 2
                },
                {
                    "CourseId": 3355,
                    "RootId": 46,
                    "ChildNodes": [],
                    "Name": "什麼是K線？",
                    "Description": "",
                    "IsActive": true,
                    "ParentCourseId": 3351,
                    "SortIndex": 4,
                    "LevelIndex": [
                        1,
                        4
                    ],
                    "IsDelete": false,
                    "Percentage": 0,
                    "CourseNodeType": 2
                },
                {
                    "CourseId": 3356,
                    "RootId": 46,
                    "ChildNodes": [],
                    "Name": "什麼是漲停/跌停？",
                    "Description": "",
                    "IsActive": true,
                    "ParentCourseId": 3351,
                    "SortIndex": 5,
                    "LevelIndex": [
                        1,
                        5
                    ],
                    "IsDelete": false,
                    "Percentage": 0,
                    "CourseNodeType": 2
                },
                {
                    "CourseId": 3357,
                    "RootId": 46,
                    "ChildNodes": [],
                    "Name": "什麼是成交量？",
                    "Description": "",
                    "IsActive": true,
                    "ParentCourseId": 3351,
                    "SortIndex": 6,
                    "LevelIndex": [
                        1,
                        6
                    ],
                    "IsDelete": false,
                    "Percentage": 0,
                    "CourseNodeType": 2
                },
                {
                    "CourseId": 3358,
                    "RootId": 46,
                    "ChildNodes": [],
                    "Name": "什麼是大盤？",
                    "Description": "",
                    "IsActive": true,
                    "ParentCourseId": 3351,
                    "SortIndex": 7,
                    "LevelIndex": [
                        1,
                        7
                    ],
                    "IsDelete": false,
                    "Percentage": 0,
                    "CourseNodeType": 2
                }
            ],
            "Name": "【新手入門區】股票技術分析",
            "Description": "想看學股票投資，卻不知道如何開始？開始投資前，先學習股票的技術面分析吧！",
            "IsActive": true,
            "ParentCourseId": 0,
            "SortIndex": 1,
            "LevelIndex": [
                1
            ],
            "IsDelete": false,
            "Percentage": -1,
            "CourseNodeType": 1
        },
        {
            "CourseId": 2432,
            "RootId": 46,
            "ChildNodes": [
                {
                    "CourseId": 2433,
                    "RootId": 46,
                    "ChildNodes": [],
                    "Name": "在股市摔倒無數次，從券商小妹轉變為均線達人，一起來聽聽「林恩如」成長蛻變的故事...",
                    "Description": "林恩如，在股市摔倒無數次，不過長年的慘賠，\n並沒有讓她動搖、退縮、放棄，反而讓她記取教訓。\n她憑藉著堅強的信念 ─「相信、改變、成真」，\n讓所有人刮目相看，人生從此翻盤，成為人生勝利組。",
                    "IsActive": true,
                    "ParentCourseId": 2432,
                    "SortIndex": 1,
                    "LevelIndex": [
                        2,
                        1
                    ],
                    "IsDelete": false,
                    "Percentage": 0,
                    "CourseNodeType": 2
                }
            ],
            "Name": "誰是「林恩如」?",
            "Description": "",
            "IsActive": true,
            "ParentCourseId": 0,
            "SortIndex": 2,
            "LevelIndex": [
                2
            ],
            "IsDelete": false,
            "Percentage": -1,
            "CourseNodeType": 1
        },
        {
            "CourseId": 1351,
            "RootId": 46,
            "ChildNodes": [
                {
                    "CourseId": 1353,
                    "RootId": 46,
                    "ChildNodes": [],
                    "Name": "慘賠的痛苦代價",
                    "Description": "透過學習可以少走很多不必要的冤枉路\n省下很多的時間及金錢",
                    "IsActive": true,
                    "ParentCourseId": 1351,
                    "SortIndex": 1,
                    "LevelIndex": [
                        3,
                        1
                    ],
                    "IsDelete": false,
                    "Percentage": 0,
                    "CourseNodeType": 2
                },
                {
                    "CourseId": 1355,
                    "RootId": 46,
                    "ChildNodes": [],
                    "Name": "只有自己是明燈",
                    "Description": "沒有奇蹟只有累積\n相信並且徹底執行 \n當那一天果實盛開時\n是一種花錢也買不到的喜悅",
                    "IsActive": true,
                    "ParentCourseId": 1351,
                    "SortIndex": 2,
                    "LevelIndex": [
                        3,
                        2
                    ],
                    "IsDelete": false,
                    "Percentage": 0,
                    "CourseNodeType": 2
                }
            ],
            "Name": "【投資歷程】",
            "Description": "",
            "IsActive": true,
            "ParentCourseId": 0,
            "SortIndex": 3,
            "LevelIndex": [
                3
            ],
            "IsDelete": false,
            "Percentage": -1,
            "CourseNodeType": 1
        },
        {
            "CourseId": 514,
            "RootId": 46,
            "ChildNodes": [
                {
                    "CourseId": 883,
                    "RootId": 46,
                    "ChildNodes": [],
                    "Name": "進場投資前的正確心態",
                    "Description": "進場前務必了解遊戲規則是什麼？",
                    "IsActive": true,
                    "ParentCourseId": 514,
                    "SortIndex": 1,
                    "LevelIndex": [
                        4,
                        1
                    ],
                    "IsDelete": false,
                    "Percentage": 0,
                    "CourseNodeType": 2
                },
                {
                    "CourseId": 1345,
                    "RootId": 46,
                    "ChildNodes": [],
                    "Name": "別靠聽來的消息操作（真實案例）",
                    "Description": "聽消息就等於讓別人牽著鼻子走\n叫你往東不敢往西\n自己的資產自己顧才對！",
                    "IsActive": true,
                    "ParentCourseId": 514,
                    "SortIndex": 2,
                    "LevelIndex": [
                        4,
                        2
                    ],
                    "IsDelete": false,
                    "Percentage": 0,
                    "CourseNodeType": 2
                }
            ],
            "Name": "【投資心法】",
            "Description": "",
            "IsActive": true,
            "ParentCourseId": 0,
            "SortIndex": 4,
            "LevelIndex": [
                4
            ],
            "IsDelete": false,
            "Percentage": -1,
            "CourseNodeType": 1
        },
        {
            "CourseId": 513,
            "RootId": 46,
            "ChildNodes": [
                {
                    "CourseId": 523,
                    "RootId": 46,
                    "ChildNodes": [],
                    "Name": "簡單的操作法，卻有不簡單的報酬！",
                    "Description": "如果告訴三步路就可以到達的路\n何苦要再翻山越嶺繞一大圈?\n最終的結果不都是要判斷如何交易",
                    "IsActive": true,
                    "ParentCourseId": 513,
                    "SortIndex": 1,
                    "LevelIndex": [
                        5,
                        1
                    ],
                    "IsDelete": false,
                    "Percentage": 0,
                    "CourseNodeType": 2
                },
                {
                    "CourseId": 1343,
                    "RootId": 46,
                    "ChildNodes": [],
                    "Name": "用「均線」看出多空趨勢！",
                    "Description": "學會用均線判斷多空，一眼就能看穿多空走勢！",
                    "IsActive": true,
                    "ParentCourseId": 513,
                    "SortIndex": 2,
                    "LevelIndex": [
                        5,
                        2
                    ],
                    "IsDelete": false,
                    "Percentage": 0,
                    "CourseNodeType": 2
                },
                {
                    "CourseId": 588,
                    "RootId": 46,
                    "ChildNodes": [],
                    "Name": "用「趨勢線」、「型態」大幅提高選股勝率！",
                    "Description": "用20周均線可以找到長期投資的方向，但只有這樣還不夠！如果想要獲利更穩定，可以用趨勢線、型態，進一步提高投資的勝率！",
                    "IsActive": true,
                    "ParentCourseId": 513,
                    "SortIndex": 3,
                    "LevelIndex": [
                        5,
                        3
                    ],
                    "IsDelete": false,
                    "Percentage": 0,
                    "CourseNodeType": 2
                }
            ],
            "Name": "【投資法則】",
            "Description": "",
            "IsActive": true,
            "ParentCourseId": 0,
            "SortIndex": 5,
            "LevelIndex": [
                5
            ],
            "IsDelete": false,
            "Percentage": -1,
            "CourseNodeType": 1
        },
        {
            "CourseId": 2922,
            "RootId": 46,
            "ChildNodes": [
                {
                    "CourseId": 2923,
                    "RootId": 46,
                    "ChildNodes": [],
                    "Name": "四大法寶 詳細教學",
                    "Description": "恩如老師用20周均線可以找到長期投資的方向，但只有這樣還不夠！如果想要獲利更穩定，可以用趨勢線、型態、成交量，進一步提高投資的勝率",
                    "IsActive": true,
                    "ParentCourseId": 2922,
                    "SortIndex": 1,
                    "LevelIndex": [
                        6,
                        1
                    ],
                    "IsDelete": false,
                    "Percentage": 0,
                    "CourseNodeType": 2
                }
            ],
            "Name": "【四大法寶】",
            "Description": "",
            "IsActive": true,
            "ParentCourseId": 0,
            "SortIndex": 6,
            "LevelIndex": [
                6
            ],
            "IsDelete": false,
            "Percentage": -1,
            "CourseNodeType": 1
        },
        {
            "CourseId": 1386,
            "RootId": 46,
            "ChildNodes": [
                {
                    "CourseId": 1387,
                    "RootId": 46,
                    "ChildNodes": [],
                    "Name": "任何投資，先想「最大損失」！",
                    "Description": "沒有穩賺不賠的交易策略，交易賠錢是件很正常的事，一定要學會停損！\n",
                    "IsActive": true,
                    "ParentCourseId": 1386,
                    "SortIndex": 1,
                    "LevelIndex": [
                        7,
                        1
                    ],
                    "IsDelete": false,
                    "Percentage": 0,
                    "CourseNodeType": 2
                },
                {
                    "CourseId": 1389,
                    "RootId": 46,
                    "ChildNodes": [],
                    "Name": "出現這「５大停損」訊號，一定要趕快出場！",
                    "Description": "停損最重要的5大時機，機械化操作，該走就走，第一時間走人損失最小！",
                    "IsActive": true,
                    "ParentCourseId": 1386,
                    "SortIndex": 2,
                    "LevelIndex": [
                        7,
                        2
                    ],
                    "IsDelete": false,
                    "Percentage": 0,
                    "CourseNodeType": 2
                },
                {
                    "CourseId": 1388,
                    "RootId": 46,
                    "ChildNodes": [],
                    "Name": "股市上班族，掌握「出場時機」的免費小工具",
                    "Description": "交易不用盯盤，使用雲端控股，設定好條件後，自動發送手機簡訊通知出場！",
                    "IsActive": true,
                    "ParentCourseId": 1386,
                    "SortIndex": 3,
                    "LevelIndex": [
                        7,
                        3
                    ],
                    "IsDelete": false,
                    "Percentage": 0,
                    "CourseNodeType": 2
                }
            ],
            "Name": "【停損的重要】",
            "Description": "",
            "IsActive": true,
            "ParentCourseId": 0,
            "SortIndex": 7,
            "LevelIndex": [
                7
            ],
            "IsDelete": false,
            "Percentage": -1,
            "CourseNodeType": 1
        },
        {
            "CourseId": 1366,
            "RootId": 46,
            "ChildNodes": [
                {
                    "CourseId": 1368,
                    "RootId": 46,
                    "ChildNodes": [],
                    "Name": "節省時間的「自動化選股」",
                    "Description": "要賺錢就一定要比別人用功，分享均線投資法的自動化工具！",
                    "IsActive": true,
                    "ParentCourseId": 1366,
                    "SortIndex": 1,
                    "LevelIndex": [
                        8,
                        1
                    ],
                    "IsDelete": false,
                    "Percentage": 0,
                    "CourseNodeType": 2
                },
                {
                    "CourseId": 1367,
                    "RootId": 46,
                    "ChildNodes": [],
                    "Name": "跟著趨勢操作，多空都要會！",
                    "Description": "順勢交易，多空都要會操作！投資人一定要學會「放空」股票！",
                    "IsActive": true,
                    "ParentCourseId": 1366,
                    "SortIndex": 2,
                    "LevelIndex": [
                        8,
                        2
                    ],
                    "IsDelete": false,
                    "Percentage": 0,
                    "CourseNodeType": 2
                },
                {
                    "CourseId": 1383,
                    "RootId": 46,
                    "ChildNodes": [],
                    "Name": "教你趨吉避凶！手中持股健檢 SOP ",
                    "Description": "林恩如 - 檢查持股SOP",
                    "IsActive": true,
                    "ParentCourseId": 1366,
                    "SortIndex": 3,
                    "LevelIndex": [
                        8,
                        3
                    ],
                    "IsDelete": false,
                    "Percentage": 0,
                    "CourseNodeType": 2
                }
            ],
            "Name": "【想成為常勝軍 你可以這樣做】",
            "Description": "",
            "IsActive": true,
            "ParentCourseId": 0,
            "SortIndex": 8,
            "LevelIndex": [
                8
            ],
            "IsDelete": false,
            "Percentage": -1,
            "CourseNodeType": 1
        },
        {
            "CourseId": 2824,
            "RootId": 46,
            "ChildNodes": [
                {
                    "CourseId": 3344,
                    "RootId": 46,
                    "ChildNodes": [],
                    "Name": "股市盤後選股 SOP",
                    "Description": "",
                    "IsActive": true,
                    "ParentCourseId": 2824,
                    "SortIndex": 1,
                    "LevelIndex": [
                        9,
                        1
                    ],
                    "IsDelete": false,
                    "Percentage": 0,
                    "CourseNodeType": 2
                },
                {
                    "CourseId": 2825,
                    "RootId": 46,
                    "ChildNodes": [],
                    "Name": "上班族 15 分鐘選股法",
                    "Description": "",
                    "IsActive": true,
                    "ParentCourseId": 2824,
                    "SortIndex": 2,
                    "LevelIndex": [
                        9,
                        2
                    ],
                    "IsDelete": false,
                    "Percentage": 0,
                    "CourseNodeType": 2
                }
            ],
            "Name": "【長線聚寶盆軟體操作教學懶人包】",
            "Description": "",
            "IsActive": true,
            "ParentCourseId": 0,
            "SortIndex": 9,
            "LevelIndex": [
                9
            ],
            "IsDelete": false,
            "Percentage": -1,
            "CourseNodeType": 1
        },
        {
            "CourseId": 2422,
            "RootId": 46,
            "ChildNodes": [
                {
                    "CourseId": 2448,
                    "RootId": 46,
                    "ChildNodes": [],
                    "Name": "全職媽媽靠「這招」，1 個月獲利 26 %！看她如何在股市闖出一片天...月月賺飽育兒金！",
                    "Description": "",
                    "IsActive": true,
                    "ParentCourseId": 2422,
                    "SortIndex": 1,
                    "LevelIndex": [
                        10,
                        1
                    ],
                    "IsDelete": false,
                    "Percentage": 0,
                    "CourseNodeType": 2
                },
                {
                    "CourseId": 2450,
                    "RootId": 46,
                    "ChildNodes": [],
                    "Name": "30 歲工程師：我靠「一條均線」幫我賺錢！5 個月...滾出 135%獲利，不看盤輕鬆加薪！",
                    "Description": "",
                    "IsActive": true,
                    "ParentCourseId": 2422,
                    "SortIndex": 2,
                    "LevelIndex": [
                        10,
                        2
                    ],
                    "IsDelete": false,
                    "Percentage": 0,
                    "CourseNodeType": 2
                },
                {
                    "CourseId": 2451,
                    "RootId": 46,
                    "ChildNodes": [],
                    "Name": "薪水少也不怕！月薪 4 萬養一家三口，單薪爸爸投資靠「這招」，不看盤 獲利 139%！",
                    "Description": "",
                    "IsActive": true,
                    "ParentCourseId": 2422,
                    "SortIndex": 3,
                    "LevelIndex": [
                        10,
                        3
                    ],
                    "IsDelete": false,
                    "Percentage": 0,
                    "CourseNodeType": 2
                },
                {
                    "CourseId": 2453,
                    "RootId": 46,
                    "ChildNodes": [],
                    "Name": "小資女 離職空窗 學投資，買 6 檔賺 5 檔，短短幾週，報酬 84 % ，賺到買房基金！",
                    "Description": "",
                    "IsActive": true,
                    "ParentCourseId": 2422,
                    "SortIndex": 4,
                    "LevelIndex": [
                        10,
                        4
                    ],
                    "IsDelete": false,
                    "Percentage": 0,
                    "CourseNodeType": 2
                },
                {
                    "CourseId": 2455,
                    "RootId": 46,
                    "ChildNodes": [],
                    "Name": "放假就是加薪日！上班族 S 小姐靠「假日投資法」，獲利 50.6%...！",
                    "Description": "",
                    "IsActive": true,
                    "ParentCourseId": 2422,
                    "SortIndex": 5,
                    "LevelIndex": [
                        10,
                        5
                    ],
                    "IsDelete": false,
                    "Percentage": 0,
                    "CourseNodeType": 2
                },
                {
                    "CourseId": 2735,
                    "RootId": 46,
                    "ChildNodes": [],
                    "Name": "49 歲媽媽：學會簡單「這一招」，讓我一星期獲利 37000！不看盤輕鬆賺，你還在等甚麼？",
                    "Description": "",
                    "IsActive": true,
                    "ParentCourseId": 2422,
                    "SortIndex": 6,
                    "LevelIndex": [
                        10,
                        6
                    ],
                    "IsDelete": false,
                    "Percentage": 0,
                    "CourseNodeType": 2
                },
                {
                    "CourseId": 2736,
                    "RootId": 46,
                    "ChildNodes": [],
                    "Name": "驚！26K 接單小弟，偷學「大戶投資術」，一出手獲利 57%，從此告別營業台！(學員分享)",
                    "Description": "",
                    "IsActive": true,
                    "ParentCourseId": 2422,
                    "SortIndex": 7,
                    "LevelIndex": [
                        10,
                        7
                    ],
                    "IsDelete": false,
                    "Percentage": 0,
                    "CourseNodeType": 2
                },
                {
                    "CourseId": 2737,
                    "RootId": 46,
                    "ChildNodes": [],
                    "Name": "搶救零存款！26K 服務業窮忙姐，初入股市一個月就獲利 33%...她說：這方法，打敗定存！",
                    "Description": "",
                    "IsActive": true,
                    "ParentCourseId": 2422,
                    "SortIndex": 8,
                    "LevelIndex": [
                        10,
                        8
                    ],
                    "IsDelete": false,
                    "Percentage": 0,
                    "CourseNodeType": 2
                },
                {
                    "CourseId": 2741,
                    "RootId": 46,
                    "ChildNodes": [],
                    "Name": "工作不穩，日賺2000元有何用？油漆工:「1條均線」大賺智冠(5478)70%，終於能彩繪自己的人生",
                    "Description": "",
                    "IsActive": true,
                    "ParentCourseId": 2422,
                    "SortIndex": 9,
                    "LevelIndex": [
                        10,
                        9
                    ],
                    "IsDelete": false,
                    "Percentage": 0,
                    "CourseNodeType": 2
                }
            ],
            "Name": "長線聚寶盆 - 實際案例",
            "Description": "",
            "IsActive": true,
            "ParentCourseId": 0,
            "SortIndex": 10,
            "LevelIndex": [
                10
            ],
            "IsDelete": false,
            "Percentage": -1,
            "CourseNodeType": 1
        },
        {
            "CourseId": 2826,
            "RootId": 46,
            "ChildNodes": [
                {
                    "CourseId": 3345,
                    "RootId": 46,
                    "ChildNodes": [],
                    "Name": "股市「盤中」選股SOP",
                    "Description": "",
                    "IsActive": true,
                    "ParentCourseId": 2826,
                    "SortIndex": 1,
                    "LevelIndex": [
                        11,
                        1
                    ],
                    "IsDelete": false,
                    "Percentage": 0,
                    "CourseNodeType": 2
                },
                {
                    "CourseId": 2827,
                    "RootId": 46,
                    "ChildNodes": [],
                    "Name": "買進「飆股」超簡單！",
                    "Description": "",
                    "IsActive": true,
                    "ParentCourseId": 2826,
                    "SortIndex": 2,
                    "LevelIndex": [
                        11,
                        2
                    ],
                    "IsDelete": false,
                    "Percentage": 0,
                    "CourseNodeType": 2
                }
            ],
            "Name": "【強棒旺旺來 軟體操作教學 懶人包】",
            "Description": "",
            "IsActive": true,
            "ParentCourseId": 0,
            "SortIndex": 11,
            "LevelIndex": [
                11
            ],
            "IsDelete": false,
            "Percentage": -1,
            "CourseNodeType": 1
        },
        {
            "CourseId": 2427,
            "RootId": 46,
            "ChildNodes": [
                {
                    "CourseId": 2454,
                    "RootId": 46,
                    "ChildNodes": [],
                    "Name": "別再當「窮忙族」了！辦公室小資女，花 3 分鐘學會「聰明選股法」，一天加薪 4600 元！",
                    "Description": "",
                    "IsActive": true,
                    "ParentCourseId": 2427,
                    "SortIndex": 1,
                    "LevelIndex": [
                        12,
                        1
                    ],
                    "IsDelete": false,
                    "Percentage": 0,
                    "CourseNodeType": 2
                },
                {
                    "CourseId": 2456,
                    "RootId": 46,
                    "ChildNodes": [],
                    "Name": "下班賺更多！35 歲銀行行員下班後學投資，用「簡單選股法」，短短 8 天加薪 13000 元！",
                    "Description": "",
                    "IsActive": true,
                    "ParentCourseId": 2427,
                    "SortIndex": 2,
                    "LevelIndex": [
                        12,
                        2
                    ],
                    "IsDelete": false,
                    "Percentage": 0,
                    "CourseNodeType": 2
                },
                {
                    "CourseId": 2733,
                    "RootId": 46,
                    "ChildNodes": [],
                    "Name": "誰說女人不能投資！新手媽媽只靠『____』投資，1 個月就大賺 52%...奶粉錢輕鬆到手！",
                    "Description": "",
                    "IsActive": true,
                    "ParentCourseId": 2427,
                    "SortIndex": 3,
                    "LevelIndex": [
                        12,
                        3
                    ],
                    "IsDelete": false,
                    "Percentage": 0,
                    "CourseNodeType": 2
                },
                {
                    "CourseId": 2738,
                    "RootId": 46,
                    "ChildNodes": [],
                    "Name": "投資金翻倍！就靠這「飆股雷達」，2 個月內大賺 170%！學員：根本為上班族量身設計...",
                    "Description": "",
                    "IsActive": true,
                    "ParentCourseId": 2427,
                    "SortIndex": 4,
                    "LevelIndex": [
                        12,
                        4
                    ],
                    "IsDelete": false,
                    "Percentage": 0,
                    "CourseNodeType": 2
                },
                {
                    "CourseId": 2739,
                    "RootId": 46,
                    "ChildNodes": [],
                    "Name": "北上打拼，第 1 桶金難存？26 歲白領女：簡單 5步抓到中租-KY(5871)，1季大漲 35%！",
                    "Description": "",
                    "IsActive": true,
                    "ParentCourseId": 2427,
                    "SortIndex": 5,
                    "LevelIndex": [
                        12,
                        5
                    ],
                    "IsDelete": false,
                    "Percentage": 0,
                    "CourseNodeType": 2
                },
                {
                    "CourseId": 2740,
                    "RootId": 46,
                    "ChildNodes": [],
                    "Name": "低薪OUT！7 年級上班族佳佳：「之前選出 1 檔股票，抱了 2 個月...獲利80%！」內附對帳單",
                    "Description": "",
                    "IsActive": true,
                    "ParentCourseId": 2427,
                    "SortIndex": 6,
                    "LevelIndex": [
                        12,
                        6
                    ],
                    "IsDelete": false,
                    "Percentage": 0,
                    "CourseNodeType": 2
                },
                {
                    "CourseId": 2742,
                    "RootId": 46,
                    "ChildNodes": [],
                    "Name": "締造 309% 高績效！均線達人林恩如「高獲利選股」大公開，教你挖出黑馬股...大賺 90%！【真實對帳單】",
                    "Description": "",
                    "IsActive": true,
                    "ParentCourseId": 2427,
                    "SortIndex": 7,
                    "LevelIndex": [
                        12,
                        7
                    ],
                    "IsDelete": false,
                    "Percentage": 0,
                    "CourseNodeType": 2
                },
                {
                    "CourseId": 2743,
                    "RootId": 46,
                    "ChildNodes": [],
                    "Name": "擺脫死薪水，創造 22% 高獲利！31 歲軟體工程師 ─ 阿光：「一個月了..之前買的股票還在漲！」",
                    "Description": "",
                    "IsActive": true,
                    "ParentCourseId": 2427,
                    "SortIndex": 8,
                    "LevelIndex": [
                        12,
                        8
                    ],
                    "IsDelete": false,
                    "Percentage": 0,
                    "CourseNodeType": 2
                }
            ],
            "Name": "強棒旺旺來 - 實際案例 ",
            "Description": "",
            "IsActive": true,
            "ParentCourseId": 0,
            "SortIndex": 12,
            "LevelIndex": [
                12
            ],
            "IsDelete": false,
            "Percentage": -1,
            "CourseNodeType": 1
        },
        {
            "CourseId": 2859,
            "RootId": 46,
            "ChildNodes": [
                {
                    "CourseId": 2860,
                    "RootId": 46,
                    "ChildNodes": [],
                    "Name": "如何加入 VIP LINE 群",
                    "Description": "",
                    "IsActive": true,
                    "ParentCourseId": 2859,
                    "SortIndex": 1,
                    "LevelIndex": [
                        13,
                        1
                    ],
                    "IsDelete": false,
                    "Percentage": 0,
                    "CourseNodeType": 2
                }
            ],
            "Name": "加入 VIP-LINE 群",
            "Description": "",
            "IsActive": true,
            "ParentCourseId": 0,
            "SortIndex": 13,
            "LevelIndex": [
                13
            ],
            "IsDelete": false,
            "Percentage": -1,
            "CourseNodeType": 1
        }
    ]
}