{
    "Root": {
        "RootId": 48,
        "MemberId": 114696,
        "Title": "股票籌碼面分析",
        "Description": "新手看價、老手看量、高手看籌碼！想跟著法人大戶操作，先學會籌碼面分析吧！",
        "ImgURL": "learnImg8EB67047.jpg",
        "LogoImgURL": "learnLogo4051617F.png",
        "AuthorName": "",
        "AuthorURL": "",
        "DomainName": "michelle",
        "VisualColor": "#0095ed",
        "IsShowLevelIndex": true,
        "IsActive": true,
        "TotalViewCount": 2702409,
        "IsRecommend": true,
        "CategoryList": [
            {
                "CategoryId": 1,
                "CategoryName": "理財小學堂"
            }
        ],
        "TagIdList": [],
        "CourseCount": 0,
        "CompletionRate": 0,
        "MapBlock": 0,
        "PromptContent": ""
    },
    "ChildNodes": [
        {
            "CourseId": 657,
            "RootId": 48,
            "ChildNodes": [
                {
                    "CourseId": 1245,
                    "RootId": 48,
                    "ChildNodes": [],
                    "Name": "什麼是籌碼面？",
                    "Description": "籌碼面分析，就是觀察股市到底誰在買賣。\n當我們掌握大戶、小戶、贏家、輸家、主力的動向，\n投資獲利的可能性才會提高。",
                    "IsActive": true,
                    "ParentCourseId": 657,
                    "SortIndex": 2,
                    "LevelIndex": [
                        1,
                        1
                    ],
                    "IsDelete": false,
                    "Percentage": 0,
                    "CourseNodeType": 2
                }
            ],
            "Name": "三分鐘了解籌碼面",
            "Description": "",
            "IsActive": true,
            "ParentCourseId": 0,
            "SortIndex": 1,
            "LevelIndex": [
                1
            ],
            "IsDelete": false,
            "Percentage": -1,
            "CourseNodeType": 1
        },
        {
            "CourseId": 664,
            "RootId": 48,
            "ChildNodes": [
                {
                    "CourseId": 539,
                    "RootId": 48,
                    "ChildNodes": [],
                    "Name": "三大法人到底是怎麼影響股市的！",
                    "Description": "大家常常在說，外資倒貨、投信連續5日買超，三大法人買超金額。\n外資到底是誰？投信、自營商又是誰？其實他們都是市場上的「重要人物」！\n這篇讓我們了解三大法人到底是怎麼影響股市的！",
                    "IsActive": true,
                    "ParentCourseId": 664,
                    "SortIndex": 1,
                    "LevelIndex": [
                        2,
                        1
                    ],
                    "IsDelete": false,
                    "Percentage": 0,
                    "CourseNodeType": 2
                },
                {
                    "CourseId": 665,
                    "RootId": 48,
                    "ChildNodes": [],
                    "Name": "每當外資大買，台股有超過 7 成機率會上漲！隔天繼續買的機率竟高達 74%？太犯規了！",
                    "Description": "外資就是境外機構投資人，本章節將帶領各位認識外資的操盤特性",
                    "IsActive": true,
                    "ParentCourseId": 664,
                    "SortIndex": 2,
                    "LevelIndex": [
                        2,
                        2
                    ],
                    "IsDelete": false,
                    "Percentage": 0,
                    "CourseNodeType": 2
                },
                {
                    "CourseId": 728,
                    "RootId": 48,
                    "ChildNodes": [],
                    "Name": "有一群神秘人士，專門操作「小型飆股」！跟著他們買，絕對...易漲難跌！",
                    "Description": "投信就是基金公司，理解投信的選股邏輯，能幫助投資人掌握市場動向，本章課程將為大家介紹投信的習性",
                    "IsActive": true,
                    "ParentCourseId": 664,
                    "SortIndex": 3,
                    "LevelIndex": [
                        2,
                        3
                    ],
                    "IsDelete": false,
                    "Percentage": 0,
                    "CourseNodeType": 2
                },
                {
                    "CourseId": 729,
                    "RootId": 48,
                    "ChildNodes": [],
                    "Name": "自營商「操盤手」操作祕密大公開",
                    "Description": "自營商來是券商自己的投資部門，對整體市場影響較其他法人小，但對個股仍有影響力，本章課程將為大家一起認識自營商的特性。",
                    "IsActive": true,
                    "ParentCourseId": 664,
                    "SortIndex": 4,
                    "LevelIndex": [
                        2,
                        4
                    ],
                    "IsDelete": false,
                    "Percentage": 0,
                    "CourseNodeType": 2
                }
            ],
            "Name": "什麼是三大法人?",
            "Description": "",
            "IsActive": true,
            "ParentCourseId": 0,
            "SortIndex": 2,
            "LevelIndex": [
                2
            ],
            "IsDelete": false,
            "Percentage": -1,
            "CourseNodeType": 1
        },
        {
            "CourseId": 666,
            "RootId": 48,
            "ChildNodes": [
                {
                    "CourseId": 542,
                    "RootId": 48,
                    "ChildNodes": [],
                    "Name": "千線萬線，不如一條「內線」！原來他們都這樣玩股票！網友驚：真的太邪惡了！",
                    "Description": "為什麼要了解關鍵內部人\n\n常見思維與操盤特性\n",
                    "IsActive": true,
                    "ParentCourseId": 666,
                    "SortIndex": 1,
                    "LevelIndex": [
                        3,
                        1
                    ],
                    "IsDelete": false,
                    "Percentage": 0,
                    "CourseNodeType": 2
                },
                {
                    "CourseId": 667,
                    "RootId": 48,
                    "ChildNodes": [],
                    "Name": "一檔股票 是漲是跌？關鍵就在「它」的持股比例，就是這麼簡單！",
                    "Description": "內部人持股比率暴增或暴減，可以猜測公司未來走向，本章課程將帶大家認識內部人常見的操作行為。",
                    "IsActive": true,
                    "ParentCourseId": 666,
                    "SortIndex": 2,
                    "LevelIndex": [
                        3,
                        2
                    ],
                    "IsDelete": false,
                    "Percentage": 0,
                    "CourseNodeType": 2
                }
            ],
            "Name": "誰是關鍵內部人?",
            "Description": "",
            "IsActive": true,
            "ParentCourseId": 0,
            "SortIndex": 3,
            "LevelIndex": [
                3
            ],
            "IsDelete": false,
            "Percentage": -1,
            "CourseNodeType": 1
        },
        {
            "CourseId": 669,
            "RootId": 48,
            "ChildNodes": [
                {
                    "CourseId": 670,
                    "RootId": 48,
                    "ChildNodes": [],
                    "Name": "看穿他們打的算盤，很容易！2 步驟，教你跟著「大戶」搶先布局！",
                    "Description": "「千張大戶」顧名思義就是擁有公司股票超過一千張的大戶，如果一家公司的大多數股票，都集中在這些主力的手上，\n主力就很有本錢和機會來炒作這一支股票。而本章，就是要帶大家認識千張大戶的操作特性，",
                    "IsActive": true,
                    "ParentCourseId": 669,
                    "SortIndex": 1,
                    "LevelIndex": [
                        4,
                        1
                    ],
                    "IsDelete": false,
                    "Percentage": 0,
                    "CourseNodeType": 2
                }
            ],
            "Name": "誰是千張大戶",
            "Description": "",
            "IsActive": true,
            "ParentCourseId": 0,
            "SortIndex": 4,
            "LevelIndex": [
                4
            ],
            "IsDelete": false,
            "Percentage": -1,
            "CourseNodeType": 1
        },
        {
            "CourseId": 662,
            "RootId": 48,
            "ChildNodes": [
                {
                    "CourseId": 543,
                    "RootId": 48,
                    "ChildNodes": [],
                    "Name": "情報就是力量！摸清「融資餘額、融券餘額」2 指標，神預測 散戶新動向！",
                    "Description": "融資餘額、融券餘額是市場 2 個特殊的指標，本章課程將帶大家認識融資餘額、融券餘額的影響力。",
                    "IsActive": true,
                    "ParentCourseId": 662,
                    "SortIndex": 1,
                    "LevelIndex": [
                        5,
                        1
                    ],
                    "IsDelete": false,
                    "Percentage": 0,
                    "CourseNodeType": 2
                },
                {
                    "CourseId": 663,
                    "RootId": 48,
                    "ChildNodes": [],
                    "Name": "總是買在最高點？因為你忽略了「這個指標」...老是接到法人空單！",
                    "Description": "借券， 是法人主放空的指標之一。本章課程將帶大家認識，什麼是借券。",
                    "IsActive": true,
                    "ParentCourseId": 662,
                    "SortIndex": 2,
                    "LevelIndex": [
                        5,
                        2
                    ],
                    "IsDelete": false,
                    "Percentage": 0,
                    "CourseNodeType": 2
                }
            ],
            "Name": "了解融資融券與借券",
            "Description": "",
            "IsActive": true,
            "ParentCourseId": 0,
            "SortIndex": 5,
            "LevelIndex": [
                5
            ],
            "IsDelete": false,
            "Percentage": -1,
            "CourseNodeType": 1
        },
        {
            "CourseId": 672,
            "RootId": 48,
            "ChildNodes": [
                {
                    "CourseId": 674,
                    "RootId": 48,
                    "ChildNodes": [],
                    "Name": "一眼看穿「股價暴跌」的秘密！抓住大戶行蹤 就靠「這個工具」，幫自己多賺 100 萬！",
                    "Description": "券商會四處開分公司，這就是所謂的「券商分點」，若一個分點的買進、或賣出量很大，通常稱之為主力，本章將帶大家認識什麼是券商分點，又該如何追蹤。\n",
                    "IsActive": true,
                    "ParentCourseId": 672,
                    "SortIndex": 1,
                    "LevelIndex": [
                        6,
                        1
                    ],
                    "IsDelete": false,
                    "Percentage": 0,
                    "CourseNodeType": 2
                },
                {
                    "CourseId": 1049,
                    "RootId": 48,
                    "ChildNodes": [],
                    "Name": "地利之便有玄機，三個月內 竟大賺 800 萬元！？原來，是靠「這個」！",
                    "Description": "「地緣券商」是指因為員工在公司附近的券商開戶，因而有機會獲得內線交易的券商。本章課程將帶大家了解地緣券商和操作訣竅。",
                    "IsActive": true,
                    "ParentCourseId": 672,
                    "SortIndex": 2,
                    "LevelIndex": [
                        6,
                        2
                    ],
                    "IsDelete": false,
                    "Percentage": 0,
                    "CourseNodeType": 2
                },
                {
                    "CourseId": 676,
                    "RootId": 48,
                    "ChildNodes": [],
                    "Name": "該跟進還是要逃跑？觀察 2 大「關鍵指標」，教你見招拆招！",
                    "Description": "了解主力買賣超和教一家數的功用",
                    "IsActive": true,
                    "ParentCourseId": 672,
                    "SortIndex": 3,
                    "LevelIndex": [
                        6,
                        3
                    ],
                    "IsDelete": false,
                    "Percentage": 0,
                    "CourseNodeType": 2
                }
            ],
            "Name": "什麼是分點?",
            "Description": "",
            "IsActive": true,
            "ParentCourseId": 0,
            "SortIndex": 6,
            "LevelIndex": [
                6
            ],
            "IsDelete": false,
            "Percentage": -1,
            "CourseNodeType": 1
        },
        {
            "CourseId": 677,
            "RootId": 48,
            "ChildNodes": [
                {
                    "CourseId": 679,
                    "RootId": 48,
                    "ChildNodes": [],
                    "Name": "超過 35 萬投資人愛用，15 秒看懂如何選股！學會「這一招」，早退休十年 ...",
                    "Description": "本章將介紹籌碼K線的選股功能與應用",
                    "IsActive": true,
                    "ParentCourseId": 677,
                    "SortIndex": 1,
                    "LevelIndex": [
                        7,
                        1
                    ],
                    "IsDelete": false,
                    "Percentage": 0,
                    "CourseNodeType": 2
                },
                {
                    "CourseId": 658,
                    "RootId": 48,
                    "ChildNodes": [],
                    "Name": "還在傻傻盲從買股票嗎？跟著這「 6 大密技 」，人人都能輕鬆收服「金雞母」！",
                    "Description": "本章重點\n1.千張大戶持股\n2.內部人持股\n3.佔股本比重\n4.籌碼集中(％)\n5.主力買賣超\n6.買賣家數差",
                    "IsActive": true,
                    "ParentCourseId": 677,
                    "SortIndex": 3,
                    "LevelIndex": [
                        7,
                        2
                    ],
                    "IsDelete": false,
                    "Percentage": 0,
                    "CourseNodeType": 2
                }
            ],
            "Name": "一般投資人實戰演練",
            "Description": "",
            "IsActive": true,
            "ParentCourseId": 0,
            "SortIndex": 7,
            "LevelIndex": [
                7
            ],
            "IsDelete": false,
            "Percentage": -1,
            "CourseNodeType": 1
        },
        {
            "CourseId": 683,
            "RootId": 48,
            "ChildNodes": [
                {
                    "CourseId": 561,
                    "RootId": 48,
                    "ChildNodes": [],
                    "Name": "這都是誰的陰謀 ... 大戶炒股的 3 大步驟，別傻傻地落入圈套！！",
                    "Description": "",
                    "IsActive": true,
                    "ParentCourseId": 683,
                    "SortIndex": 1,
                    "LevelIndex": [
                        8,
                        1
                    ],
                    "IsDelete": false,
                    "Percentage": 0,
                    "CourseNodeType": 2
                }
            ],
            "Name": "大戶常見圈套",
            "Description": "",
            "IsActive": true,
            "ParentCourseId": 0,
            "SortIndex": 8,
            "LevelIndex": [
                8
            ],
            "IsDelete": false,
            "Percentage": -1,
            "CourseNodeType": 1
        },
        {
            "CourseId": 1018,
            "RootId": 48,
            "ChildNodes": [
                {
                    "CourseId": 1019,
                    "RootId": 48,
                    "ChildNodes": [],
                    "Name": "你敢借錢嗎？別了吧！讓你慘賠的 2 大地雷 ... 搞到傾家蕩產，太恐怖了吧 ... ",
                    "Description": "",
                    "IsActive": true,
                    "ParentCourseId": 1018,
                    "SortIndex": 1,
                    "LevelIndex": [
                        9,
                        1
                    ],
                    "IsDelete": false,
                    "Percentage": 0,
                    "CourseNodeType": 2
                }
            ],
            "Name": "籌碼面專有名詞介紹",
            "Description": "",
            "IsActive": true,
            "ParentCourseId": 0,
            "SortIndex": 9,
            "LevelIndex": [
                9
            ],
            "IsDelete": false,
            "Percentage": -1,
            "CourseNodeType": 1
        }
    ]
}