{
    "Root": {
        "RootId": 50,
        "MemberId": 114693,
        "Title": "股票基本面",
        "Description": "價值投資好夯，那是什麼東西？財務報表看不懂，怎麼辦？別擔心，基本面分析告訴你！\n運用循序漸進的方式，從最簡單的看懂財報、到各式各樣的財務比率教學，輕鬆幽默的舉例說明，保證每天5分鐘，你也能輕鬆學會基本面分析！\n讓我們從最簡單的基本面介紹開始，一起來學習股票的基本面分析吧！",
        "ImgURL": "learnImgF5EE4CE0.jpg",
        "LogoImgURL": "learnLogo2BE73EEF.png",
        "AuthorName": "",
        "AuthorURL": "",
        "DomainName": "0520",
        "VisualColor": "#0095ed",
        "IsShowLevelIndex": true,
        "IsActive": true,
        "TotalViewCount": 7098025,
        "IsRecommend": true,
        "CategoryList": [
            {
                "CategoryId": 1,
                "CategoryName": "理財小學堂"
            }
        ],
        "TagIdList": [],
        "CourseCount": 0,
        "CompletionRate": 0,
        "MapBlock": 0,
        "PromptContent": ""
    },
    "ChildNodes": [
        {
            "CourseId": 673,
            "RootId": 50,
            "ChildNodes": [
                {
                    "CourseId": 678,
                    "RootId": 50,
                    "ChildNodes": [],
                    "Name": "什麼是 基本面 ？",
                    "Description": "投資有三大面向，\n技術面就是看線圖、指標等等；\n消息面看就是看特定事件，\n那基本面又是以甚麼為依據來做買賣決策呢?",
                    "IsActive": true,
                    "ParentCourseId": 673,
                    "SortIndex": 1,
                    "LevelIndex": [
                        1,
                        1
                    ],
                    "IsDelete": false,
                    "Percentage": 0,
                    "CourseNodeType": 2
                },
                {
                    "CourseId": 680,
                    "RootId": 50,
                    "ChildNodes": [],
                    "Name": "為什麼基本分析有用？",
                    "Description": "其實股價在激情的追高殺低後，還是得回歸到公司的價值。\n所以基本面分析對於交易決策還是相當有幫助的！",
                    "IsActive": true,
                    "ParentCourseId": 673,
                    "SortIndex": 2,
                    "LevelIndex": [
                        1,
                        2
                    ],
                    "IsDelete": false,
                    "Percentage": 0,
                    "CourseNodeType": 2
                },
                {
                    "CourseId": 1324,
                    "RootId": 50,
                    "ChildNodes": [],
                    "Name": "你是「價值型」OR「成長型」投資人？",
                    "Description": "基本面投資，又區分為價值型投資和成長型投資。\n這兩種的差別可大了！不僅分析方法不同，風險也不同。\n趕快來看看自己適合哪一種投資方式吧！",
                    "IsActive": true,
                    "ParentCourseId": 673,
                    "SortIndex": 3,
                    "LevelIndex": [
                        1,
                        3
                    ],
                    "IsDelete": false,
                    "Percentage": 0,
                    "CourseNodeType": 2
                }
            ],
            "Name": "認識基本面",
            "Description": "",
            "IsActive": true,
            "ParentCourseId": 0,
            "SortIndex": 1,
            "LevelIndex": [
                1
            ],
            "IsDelete": false,
            "Percentage": -1,
            "CourseNodeType": 1
        },
        {
            "CourseId": 644,
            "RootId": 50,
            "ChildNodes": [
                {
                    "CourseId": 1124,
                    "RootId": 50,
                    "ChildNodes": [
                        {
                            "CourseId": 651,
                            "RootId": 50,
                            "ChildNodes": [],
                            "Name": "損益表簡介",
                            "Description": "損益表位於財務報表的第二個部分，揭露獲利(虧損)狀況。\n我們最關注的EPS都在這裡！快來看看這篇，關注營收盈餘資料到底要注意什麼。",
                            "IsActive": true,
                            "ParentCourseId": 1124,
                            "SortIndex": 1,
                            "LevelIndex": [
                                2,
                                1,
                                1
                            ],
                            "IsDelete": false,
                            "Percentage": 0,
                            "CourseNodeType": 2
                        },
                        {
                            "CourseId": 1085,
                            "RootId": 50,
                            "ChildNodes": [],
                            "Name": "損益表科目簡介",
                            "Description": "損益表裡，有大家最常見的營收、成本、費用、毛利、淨利、營業外收入等...\n到底盈餘是怎麼算出來的？成本和費用又有甚麼區別?趕快來看看！",
                            "IsActive": true,
                            "ParentCourseId": 1124,
                            "SortIndex": 2,
                            "LevelIndex": [
                                2,
                                1,
                                2
                            ],
                            "IsDelete": false,
                            "Percentage": 0,
                            "CourseNodeType": 2
                        }
                    ],
                    "Name": "損益表",
                    "Description": "",
                    "IsActive": true,
                    "ParentCourseId": 644,
                    "SortIndex": 1,
                    "LevelIndex": [
                        2,
                        1
                    ],
                    "IsDelete": false,
                    "Percentage": -1,
                    "CourseNodeType": 1
                },
                {
                    "CourseId": 1125,
                    "RootId": 50,
                    "ChildNodes": [
                        {
                            "CourseId": 687,
                            "RootId": 50,
                            "ChildNodes": [],
                            "Name": "資產負債表簡介",
                            "Description": "資產負債表裡面，包含資產、負債、股東權益。\n常常以T字帳來表達。\n這表有甚麼作用?趕快來看看！",
                            "IsActive": true,
                            "ParentCourseId": 1125,
                            "SortIndex": 1,
                            "LevelIndex": [
                                2,
                                2,
                                1
                            ],
                            "IsDelete": false,
                            "Percentage": 0,
                            "CourseNodeType": 2
                        },
                        {
                            "CourseId": 1082,
                            "RootId": 50,
                            "ChildNodes": [],
                            "Name": "流動資產科目",
                            "Description": "流動性資產除了現金外，又包含金融資產、應收票據、應收帳款等。\n流動性資產用處很多，除了觀察營運狀況。也可以用來評估償債能力哦！\n趕快來看看！",
                            "IsActive": true,
                            "ParentCourseId": 1125,
                            "SortIndex": 2,
                            "LevelIndex": [
                                2,
                                2,
                                2
                            ],
                            "IsDelete": false,
                            "Percentage": 0,
                            "CourseNodeType": 2
                        },
                        {
                            "CourseId": 1127,
                            "RootId": 50,
                            "ChildNodes": [],
                            "Name": "非流動資產科目",
                            "Description": "非流動資產裡面包含很多項目，\n除了不動產、廠房及設備外，還有商譽、無形資產、天然資源、生物資產等等\n這裡面每一項都藏有重大資訊呢！",
                            "IsActive": true,
                            "ParentCourseId": 1125,
                            "SortIndex": 3,
                            "LevelIndex": [
                                2,
                                2,
                                3
                            ],
                            "IsDelete": false,
                            "Percentage": 0,
                            "CourseNodeType": 2
                        },
                        {
                            "CourseId": 1241,
                            "RootId": 50,
                            "ChildNodes": [],
                            "Name": "負債科目",
                            "Description": "負債就是槓桿，槓桿可以提升效率，也能增加風險。\n流動負債和非流動負債，賦予的意義也不一樣。\n來看看要怎麼用這２個資訊，分析公司吧!",
                            "IsActive": true,
                            "ParentCourseId": 1125,
                            "SortIndex": 4,
                            "LevelIndex": [
                                2,
                                2,
                                4
                            ],
                            "IsDelete": false,
                            "Percentage": 0,
                            "CourseNodeType": 2
                        },
                        {
                            "CourseId": 1244,
                            "RootId": 50,
                            "ChildNodes": [],
                            "Name": "股東權益＆盈餘科目",
                            "Description": "股東權益，裡面包含資本公積、保留盈餘、還有「股本」。\n庫藏股、ROE、股價淨值比都與股東權益有關哦！",
                            "IsActive": true,
                            "ParentCourseId": 1125,
                            "SortIndex": 5,
                            "LevelIndex": [
                                2,
                                2,
                                5
                            ],
                            "IsDelete": false,
                            "Percentage": 0,
                            "CourseNodeType": 2
                        }
                    ],
                    "Name": "資產負債表",
                    "Description": "",
                    "IsActive": true,
                    "ParentCourseId": 644,
                    "SortIndex": 2,
                    "LevelIndex": [
                        2,
                        2
                    ],
                    "IsDelete": false,
                    "Percentage": -1,
                    "CourseNodeType": 1
                },
                {
                    "CourseId": 1126,
                    "RootId": 50,
                    "ChildNodes": [
                        {
                            "CourseId": 686,
                            "RootId": 50,
                            "ChildNodes": [],
                            "Name": "現金流量表",
                            "Description": "現金流量表，包含營業現金流量、融資現金流量、投資現金流量。\n這三者賦予公司的意義都不一樣。\n線流表更是抓出假帳的重要工具，趕快來看看吧！",
                            "IsActive": true,
                            "ParentCourseId": 1126,
                            "SortIndex": 1,
                            "LevelIndex": [
                                2,
                                3,
                                1
                            ],
                            "IsDelete": false,
                            "Percentage": 0,
                            "CourseNodeType": 2
                        }
                    ],
                    "Name": "現金流量表",
                    "Description": "",
                    "IsActive": true,
                    "ParentCourseId": 644,
                    "SortIndex": 3,
                    "LevelIndex": [
                        2,
                        3
                    ],
                    "IsDelete": false,
                    "Percentage": -1,
                    "CourseNodeType": 1
                }
            ],
            "Name": "財務報表",
            "Description": "",
            "IsActive": true,
            "ParentCourseId": 0,
            "SortIndex": 2,
            "LevelIndex": [
                2
            ],
            "IsDelete": false,
            "Percentage": -1,
            "CourseNodeType": 1
        },
        {
            "CourseId": 648,
            "RootId": 50,
            "ChildNodes": [
                {
                    "CourseId": 756,
                    "RootId": 50,
                    "ChildNodes": [
                        {
                            "CourseId": 941,
                            "RootId": 50,
                            "ChildNodes": [],
                            "Name": "為什麼要評估企業獲利能力?",
                            "Description": "驅動股價上漲的動力就是獲利能力，\n以及對獲利能力的預期。\n這之中最實際的數字就是財務比率。",
                            "IsActive": true,
                            "ParentCourseId": 756,
                            "SortIndex": 1,
                            "LevelIndex": [
                                3,
                                1,
                                1
                            ],
                            "IsDelete": false,
                            "Percentage": 0,
                            "CourseNodeType": 2
                        },
                        {
                            "CourseId": 762,
                            "RootId": 50,
                            "ChildNodes": [],
                            "Name": "營收成長率",
                            "Description": "營收成長率每個月都會公布。\n常見的種類有YoY、MoM。QoQ也有人在看。\n不同產業需要不同的分析方法，趕快來看看吧！",
                            "IsActive": true,
                            "ParentCourseId": 756,
                            "SortIndex": 2,
                            "LevelIndex": [
                                3,
                                1,
                                2
                            ],
                            "IsDelete": false,
                            "Percentage": 0,
                            "CourseNodeType": 2
                        },
                        {
                            "CourseId": 656,
                            "RootId": 50,
                            "ChildNodes": [],
                            "Name": "毛利率",
                            "Description": "毛利率決定最基礎的獲利能力。\n進入紅籌戰略的公司，毛利率低到被稱為毛三到四。\n毛利率又跟營收、營業成本有關。趕快來看看吧！",
                            "IsActive": true,
                            "ParentCourseId": 756,
                            "SortIndex": 3,
                            "LevelIndex": [
                                3,
                                1,
                                3
                            ],
                            "IsDelete": false,
                            "Percentage": 0,
                            "CourseNodeType": 2
                        },
                        {
                            "CourseId": 876,
                            "RootId": 50,
                            "ChildNodes": [],
                            "Name": "營業利益率",
                            "Description": "營業利益率讓我們了解企業本業的獲利能力。\n它又跟銷貨毛利、管銷費用有關。\n肥貓條款也是為了改善這個數字哦！",
                            "IsActive": true,
                            "ParentCourseId": 756,
                            "SortIndex": 4,
                            "LevelIndex": [
                                3,
                                1,
                                4
                            ],
                            "IsDelete": false,
                            "Percentage": 0,
                            "CourseNodeType": 2
                        },
                        {
                            "CourseId": 877,
                            "RootId": 50,
                            "ChildNodes": [],
                            "Name": "稅後純益率",
                            "Description": "稅後純益率直接影響稅後盈餘。\n業外損益也是重要的影響成分。\n除了觀察稅後純益率外，還需注意盈餘品質哦！",
                            "IsActive": true,
                            "ParentCourseId": 756,
                            "SortIndex": 5,
                            "LevelIndex": [
                                3,
                                1,
                                5
                            ],
                            "IsDelete": false,
                            "Percentage": 0,
                            "CourseNodeType": 2
                        },
                        {
                            "CourseId": 760,
                            "RootId": 50,
                            "ChildNodes": [],
                            "Name": "股東權益報酬率(ROE)",
                            "Description": "股東權益報酬率(ROE)，代表企業替股東獲利的效率。\n比本益比還有參考價值，連巴菲特都以ROE作為選股的標準。\n但ROE究竟要多少才算好呢?趕快來看看要怎麼用！",
                            "IsActive": true,
                            "ParentCourseId": 756,
                            "SortIndex": 6,
                            "LevelIndex": [
                                3,
                                1,
                                6
                            ],
                            "IsDelete": false,
                            "Percentage": 0,
                            "CourseNodeType": 2
                        },
                        {
                            "CourseId": 1115,
                            "RootId": 50,
                            "ChildNodes": [],
                            "Name": "杜邦方程式",
                            "Description": "杜邦方程式，裡面包含總資產周轉率、稅後純益率、和權益乘數。\n拆解開來，可以明白一間公司的股東權益報酬率(ROE)來自哪裡。\n是分析獲利能力最好用的工具之一哦！",
                            "IsActive": true,
                            "ParentCourseId": 756,
                            "SortIndex": 7,
                            "LevelIndex": [
                                3,
                                1,
                                7
                            ],
                            "IsDelete": false,
                            "Percentage": 0,
                            "CourseNodeType": 2
                        },
                        {
                            "CourseId": 1131,
                            "RootId": 50,
                            "ChildNodes": [],
                            "Name": "權益乘數",
                            "Description": "權益乘數，也就是財務槓桿。\n風險和報酬是一體兩面的抵換關係。企業負債越高，權益成數越高，\n風險越大，報酬也越高！",
                            "IsActive": true,
                            "ParentCourseId": 756,
                            "SortIndex": 8,
                            "LevelIndex": [
                                3,
                                1,
                                8
                            ],
                            "IsDelete": false,
                            "Percentage": 0,
                            "CourseNodeType": 2
                        },
                        {
                            "CourseId": 761,
                            "RootId": 50,
                            "ChildNodes": [],
                            "Name": "資產報酬率",
                            "Description": "從總資產報酬率，可以看出企業整體的經營效率。\n使用稅前息前利益計算ROA，\n所以股票投資人和債券投資人，都重視這個指標哦！",
                            "IsActive": true,
                            "ParentCourseId": 756,
                            "SortIndex": 9,
                            "LevelIndex": [
                                3,
                                1,
                                9
                            ],
                            "IsDelete": false,
                            "Percentage": 0,
                            "CourseNodeType": 2
                        }
                    ],
                    "Name": "評估企業獲利能力",
                    "Description": "",
                    "IsActive": true,
                    "ParentCourseId": 648,
                    "SortIndex": 1,
                    "LevelIndex": [
                        3,
                        1
                    ],
                    "IsDelete": false,
                    "Percentage": -1,
                    "CourseNodeType": 1
                },
                {
                    "CourseId": 757,
                    "RootId": 50,
                    "ChildNodes": [
                        {
                            "CourseId": 652,
                            "RootId": 50,
                            "ChildNodes": [],
                            "Name": "為什麼要評估企業償債能力?",
                            "Description": "評估償債能力，是價值投資的第1個步驟。\n黑字倒閉的現象也時有所聞。\n確認公司沒有財務危機後，才能進一步衡量獲利能力哦！",
                            "IsActive": true,
                            "ParentCourseId": 757,
                            "SortIndex": 1,
                            "LevelIndex": [
                                3,
                                2,
                                1
                            ],
                            "IsDelete": false,
                            "Percentage": 0,
                            "CourseNodeType": 2
                        },
                        {
                            "CourseId": 759,
                            "RootId": 50,
                            "ChildNodes": [],
                            "Name": "流動比 速動比",
                            "Description": "流動比和速動比，比較短期內可以變現的流動資產和短期負債，\n是拿來衡量短期風險的方便工具之一！",
                            "IsActive": true,
                            "ParentCourseId": 757,
                            "SortIndex": 2,
                            "LevelIndex": [
                                3,
                                2,
                                2
                            ],
                            "IsDelete": false,
                            "Percentage": 0,
                            "CourseNodeType": 2
                        },
                        {
                            "CourseId": 773,
                            "RootId": 50,
                            "ChildNodes": [],
                            "Name": "負債比",
                            "Description": "負債比，跟權益成數、財務槓桿等...為一體兩面。\n另外在閱讀財務比率資料的時候，\n需要注意財務槓桿度、財務槓桿指數、財務槓桿比率的差別哦！",
                            "IsActive": true,
                            "ParentCourseId": 757,
                            "SortIndex": 3,
                            "LevelIndex": [
                                3,
                                2,
                                3
                            ],
                            "IsDelete": false,
                            "Percentage": 0,
                            "CourseNodeType": 2
                        },
                        {
                            "CourseId": 776,
                            "RootId": 50,
                            "ChildNodes": [],
                            "Name": "利息保障倍數",
                            "Description": "利息保障倍數衡量稅前息前收入(EBIT)覆蓋利息費用的程度，\n也是銀行評斷是否貸款給企業的關鍵指標之一。",
                            "IsActive": true,
                            "ParentCourseId": 757,
                            "SortIndex": 4,
                            "LevelIndex": [
                                3,
                                2,
                                4
                            ],
                            "IsDelete": false,
                            "Percentage": 0,
                            "CourseNodeType": 2
                        },
                        {
                            "CourseId": 859,
                            "RootId": 50,
                            "ChildNodes": [],
                            "Name": "營業活動現金流量",
                            "Description": "營業活動現金流量(OCF)，代表企業靠本業賺得的現金。\n跟營收、稅後利潤相比，營業活動現金流量最真實、最不易遭控制，\n最能反映本業的經營狀況。",
                            "IsActive": true,
                            "ParentCourseId": 757,
                            "SortIndex": 5,
                            "LevelIndex": [
                                3,
                                2,
                                5
                            ],
                            "IsDelete": false,
                            "Percentage": 0,
                            "CourseNodeType": 2
                        },
                        {
                            "CourseId": 695,
                            "RootId": 50,
                            "ChildNodes": [],
                            "Name": "營業現金流量對流動負債比",
                            "Description": "營業活動現金流量對流動負債比，代表企業靠本業的償債能力。\n這兩者的比值，隱含企業本業的經營效益。",
                            "IsActive": true,
                            "ParentCourseId": 757,
                            "SortIndex": 6,
                            "LevelIndex": [
                                3,
                                2,
                                6
                            ],
                            "IsDelete": false,
                            "Percentage": 0,
                            "CourseNodeType": 2
                        },
                        {
                            "CourseId": 696,
                            "RootId": 50,
                            "ChildNodes": [],
                            "Name": "自由現金流量",
                            "Description": "自由現金流量(FCF) 最常被拿來衡量一間企業的價值。\n營業現金流量(OCF)減掉必要資本支出後，就是屬於股東的現金了。",
                            "IsActive": true,
                            "ParentCourseId": 757,
                            "SortIndex": 7,
                            "LevelIndex": [
                                3,
                                2,
                                7
                            ],
                            "IsDelete": false,
                            "Percentage": 0,
                            "CourseNodeType": 2
                        },
                        {
                            "CourseId": 1022,
                            "RootId": 50,
                            "ChildNodes": [],
                            "Name": "Z分數 / 財務信評",
                            "Description": "財務信評、Z分數把所有評量償債能力的指標，整合成一個數字。\n只需要看這個數字就能了解一間企業的最近會不會倒閉！",
                            "IsActive": true,
                            "ParentCourseId": 757,
                            "SortIndex": 8,
                            "LevelIndex": [
                                3,
                                2,
                                8
                            ],
                            "IsDelete": false,
                            "Percentage": 0,
                            "CourseNodeType": 2
                        },
                        {
                            "CourseId": 774,
                            "RootId": 50,
                            "ChildNodes": [],
                            "Name": "固定資產比率",
                            "Description": "固定資產比率比現金流量表更能反映資金靈活程度。\n也會因產業不一樣而有不同的標準哦！",
                            "IsActive": true,
                            "ParentCourseId": 757,
                            "SortIndex": 10,
                            "LevelIndex": [
                                3,
                                2,
                                9
                            ],
                            "IsDelete": false,
                            "Percentage": 0,
                            "CourseNodeType": 2
                        },
                        {
                            "CourseId": 775,
                            "RootId": 50,
                            "ChildNodes": [],
                            "Name": "長期資金占固定資產比率",
                            "Description": "長期資金站固定資產比率，資金來源不同，也要有不同用處。\n以長支長、以短支短是好現象；\n以長之短、以短支長則不是好現象。",
                            "IsActive": true,
                            "ParentCourseId": 757,
                            "SortIndex": 11,
                            "LevelIndex": [
                                3,
                                2,
                                10
                            ],
                            "IsDelete": false,
                            "Percentage": 0,
                            "CourseNodeType": 2
                        }
                    ],
                    "Name": "評估企業償債能力",
                    "Description": "",
                    "IsActive": true,
                    "ParentCourseId": 648,
                    "SortIndex": 2,
                    "LevelIndex": [
                        3,
                        2
                    ],
                    "IsDelete": false,
                    "Percentage": -1,
                    "CourseNodeType": 1
                },
                {
                    "CourseId": 758,
                    "RootId": 50,
                    "ChildNodes": [
                        {
                            "CourseId": 942,
                            "RootId": 50,
                            "ChildNodes": [],
                            "Name": "為什麼要評估企業經營效率?",
                            "Description": "企業經營效率中，用杜邦方程式拆解ROE出來的總資產周轉率，\n是重要的指標。存貨周轉率、應收帳款周轉率、應付賬款周轉率、固定資產周轉率，\n則分別代表銷售部、信用部、採購部、製造部等細部的效率。",
                            "IsActive": true,
                            "ParentCourseId": 758,
                            "SortIndex": 1,
                            "LevelIndex": [
                                3,
                                3,
                                1
                            ],
                            "IsDelete": false,
                            "Percentage": 0,
                            "CourseNodeType": 2
                        },
                        {
                            "CourseId": 763,
                            "RootId": 50,
                            "ChildNodes": [],
                            "Name": "存貨周轉率",
                            "Description": "投資、小學堂、存貨周轉率、基本面分析",
                            "IsActive": true,
                            "ParentCourseId": 758,
                            "SortIndex": 2,
                            "LevelIndex": [
                                3,
                                3,
                                2
                            ],
                            "IsDelete": false,
                            "Percentage": 0,
                            "CourseNodeType": 2
                        },
                        {
                            "CourseId": 764,
                            "RootId": 50,
                            "ChildNodes": [],
                            "Name": "應收帳款周轉率",
                            "Description": "應收帳款周轉率、應付帳款週轉天數，影響淨營運資金週期(現金週期)。\n收帳速度也隱含對客戶的議價能力。",
                            "IsActive": true,
                            "ParentCourseId": 758,
                            "SortIndex": 3,
                            "LevelIndex": [
                                3,
                                3,
                                3
                            ],
                            "IsDelete": false,
                            "Percentage": 0,
                            "CourseNodeType": 2
                        },
                        {
                            "CourseId": 765,
                            "RootId": 50,
                            "ChildNodes": [],
                            "Name": "應付帳款周轉率",
                            "Description": "應付帳款周轉率、應付賬款週轉天數，影響 淨營運資金週期(現金週期)。\n可以從折扣率推算出年化利率。\n也隱含對供應商的議價能力。",
                            "IsActive": true,
                            "ParentCourseId": 758,
                            "SortIndex": 4,
                            "LevelIndex": [
                                3,
                                3,
                                4
                            ],
                            "IsDelete": false,
                            "Percentage": 0,
                            "CourseNodeType": 2
                        },
                        {
                            "CourseId": 766,
                            "RootId": 50,
                            "ChildNodes": [],
                            "Name": "固定資產周轉率",
                            "Description": "固定資產周轉率，代表整體的營運、資產使用效率。\n不動產、廠房與設備的使用效率，也代表製造部門的效率。",
                            "IsActive": true,
                            "ParentCourseId": 758,
                            "SortIndex": 5,
                            "LevelIndex": [
                                3,
                                3,
                                5
                            ],
                            "IsDelete": false,
                            "Percentage": 0,
                            "CourseNodeType": 2
                        },
                        {
                            "CourseId": 767,
                            "RootId": 50,
                            "ChildNodes": [],
                            "Name": "總資產周轉率",
                            "Description": "總資產周轉率，包在股東權益報酬率(ROE)，\n可以用杜邦方程式拆解。\n整體營運效率評估，將依產業差異而有不同評估基準。",
                            "IsActive": true,
                            "ParentCourseId": 758,
                            "SortIndex": 6,
                            "LevelIndex": [
                                3,
                                3,
                                6
                            ],
                            "IsDelete": false,
                            "Percentage": 0,
                            "CourseNodeType": 2
                        }
                    ],
                    "Name": "評估企業經營效率",
                    "Description": "",
                    "IsActive": true,
                    "ParentCourseId": 648,
                    "SortIndex": 3,
                    "LevelIndex": [
                        3,
                        3
                    ],
                    "IsDelete": false,
                    "Percentage": -1,
                    "CourseNodeType": 1
                }
            ],
            "Name": "財務比率",
            "Description": "",
            "IsActive": true,
            "ParentCourseId": 0,
            "SortIndex": 3,
            "LevelIndex": [
                3
            ],
            "IsDelete": false,
            "Percentage": -1,
            "CourseNodeType": 1
        },
        {
            "CourseId": 655,
            "RootId": 50,
            "ChildNodes": [
                {
                    "CourseId": 699,
                    "RootId": 50,
                    "ChildNodes": [],
                    "Name": "股價 & 估價是什麼？",
                    "Description": "股價評估(pricing)，包含帳面價值法、本益比、現金股利折現法。\n高登模式最常使用、用到CAPM。注意價值和價格的差異。\n另外需要注意安全邊際。",
                    "IsActive": true,
                    "ParentCourseId": 655,
                    "SortIndex": 1,
                    "LevelIndex": [
                        4,
                        1
                    ],
                    "IsDelete": false,
                    "Percentage": 0,
                    "CourseNodeType": 2
                },
                {
                    "CourseId": 771,
                    "RootId": 50,
                    "ChildNodes": [],
                    "Name": "帳面價值法",
                    "Description": "帳面價值法，也就是股價淨值比(股淨比、PB ratio)。\n看股東權益：淨值股價的對比，通常用於資產股、金融股。",
                    "IsActive": true,
                    "ParentCourseId": 655,
                    "SortIndex": 2,
                    "LevelIndex": [
                        4,
                        2
                    ],
                    "IsDelete": false,
                    "Percentage": 0,
                    "CourseNodeType": 2
                },
                {
                    "CourseId": 689,
                    "RootId": 50,
                    "ChildNodes": [],
                    "Name": "什麼是本益比？",
                    "Description": "理財最常用的比率，本益比 P/E ratio，股價 除以 每股盈餘(EPS)\n隱含每年報酬率，並與銀行定存利率比較。",
                    "IsActive": true,
                    "ParentCourseId": 655,
                    "SortIndex": 3,
                    "LevelIndex": [
                        4,
                        3
                    ],
                    "IsDelete": false,
                    "Percentage": 0,
                    "CourseNodeType": 2
                },
                {
                    "CourseId": 1017,
                    "RootId": 50,
                    "ChildNodes": [],
                    "Name": "現金股利折現法",
                    "Description": "現金股利折現法，使用折現率折現，隱含成長、價值、風險。\n重點在於折現率估算，估價(pricing)方法有 CAPM、WACC、高登模式(Golden model)，\n另外成長率也需要估計、ROE、股利發放率。",
                    "IsActive": true,
                    "ParentCourseId": 655,
                    "SortIndex": 4,
                    "LevelIndex": [
                        4,
                        4
                    ],
                    "IsDelete": false,
                    "Percentage": 0,
                    "CourseNodeType": 2
                },
                {
                    "CourseId": 768,
                    "RootId": 50,
                    "ChildNodes": [],
                    "Name": "安全邊際",
                    "Description": "安全邊際，跟個人資金配置、帳戶 有關。\n參考券商報告、買進定存股時更要注意。\n用本益比、股淨比等估價時，可以參考便宜價、合理價、昂貴價。",
                    "IsActive": true,
                    "ParentCourseId": 655,
                    "SortIndex": 5,
                    "LevelIndex": [
                        4,
                        5
                    ],
                    "IsDelete": false,
                    "Percentage": 0,
                    "CourseNodeType": 2
                }
            ],
            "Name": "股票估價法",
            "Description": "",
            "IsActive": true,
            "ParentCourseId": 0,
            "SortIndex": 4,
            "LevelIndex": [
                4
            ],
            "IsDelete": false,
            "Percentage": -1,
            "CourseNodeType": 1
        },
        {
            "CourseId": 690,
            "RootId": 50,
            "ChildNodes": [
                {
                    "CourseId": 691,
                    "RootId": 50,
                    "ChildNodes": [],
                    "Name": "IFRS 制度",
                    "Description": "IFRSs會計制度，全名為國際會計準則。\nGAAP，2012改成IFRS。資產重估、淨值、非常損益改變、營收認列、財報公布時間改變。\n基本面投資、資產負債表、損益表、現金流量表、股東權益變動表。",
                    "IsActive": true,
                    "ParentCourseId": 690,
                    "SortIndex": 1,
                    "LevelIndex": [
                        5,
                        1
                    ],
                    "IsDelete": false,
                    "Percentage": 0,
                    "CourseNodeType": 2
                },
                {
                    "CourseId": 692,
                    "RootId": 50,
                    "ChildNodes": [],
                    "Name": "會計師核閱(查核)報告",
                    "Description": "會計師查核報告、會計師核閱報告、審計、簽證報告。\n四大會計師事務所、簽證會計師事務所",
                    "IsActive": true,
                    "ParentCourseId": 690,
                    "SortIndex": 2,
                    "LevelIndex": [
                        5,
                        2
                    ],
                    "IsDelete": false,
                    "Percentage": 0,
                    "CourseNodeType": 2
                },
                {
                    "CourseId": 693,
                    "RootId": 50,
                    "ChildNodes": [],
                    "Name": "特殊產業: 營建 金融業",
                    "Description": "金融業注意：ROE、股價淨值比(PB ratio)、財務槓桿(leverage)、\n逾放比、資本適足率、BASEL II(巴賽爾合約)。\n營建業注意：存貨、存貨周轉率、完工全部認列、在建工程。",
                    "IsActive": true,
                    "ParentCourseId": 690,
                    "SortIndex": 3,
                    "LevelIndex": [
                        5,
                        3
                    ],
                    "IsDelete": false,
                    "Percentage": 0,
                    "CourseNodeType": 2
                }
            ],
            "Name": "會計制度",
            "Description": "",
            "IsActive": true,
            "ParentCourseId": 0,
            "SortIndex": 5,
            "LevelIndex": [
                5
            ],
            "IsDelete": false,
            "Percentage": -1,
            "CourseNodeType": 1
        },
        {
            "CourseId": 965,
            "RootId": 50,
            "ChildNodes": [
                {
                    "CourseId": 966,
                    "RootId": 50,
                    "ChildNodes": [],
                    "Name": "磐石理論",
                    "Description": "磐石理論，主張買入股票後長期持有，注重企業真實價值。\n以現金股利、獲利成長率、營運風險程度 來衡量企業價值。\n價值型投資人、成長型投資人都注重，巴菲特也是代表人物之一。",
                    "IsActive": true,
                    "ParentCourseId": 965,
                    "SortIndex": 1,
                    "LevelIndex": [
                        6,
                        1
                    ],
                    "IsDelete": false,
                    "Percentage": 0,
                    "CourseNodeType": 2
                },
                {
                    "CourseId": 1010,
                    "RootId": 50,
                    "ChildNodes": [],
                    "Name": "價值型投資",
                    "Description": "價值型投資為基本面投資的方法之一。\n代表人物為班傑明‧葛拉漢(Benjamin Graham)；\n另一位為 華倫‧巴菲特(Warrant Buffett)。",
                    "IsActive": true,
                    "ParentCourseId": 965,
                    "SortIndex": 2,
                    "LevelIndex": [
                        6,
                        2
                    ],
                    "IsDelete": false,
                    "Percentage": 0,
                    "CourseNodeType": 2
                },
                {
                    "CourseId": 1011,
                    "RootId": 50,
                    "ChildNodes": [],
                    "Name": "成長型投資",
                    "Description": "成長型投資人，基本面投資的方法之一。\n給予高本益比，看營收成長率。\n代表人物為：飛利浦‧費雪(Philip Fisher)",
                    "IsActive": true,
                    "ParentCourseId": 965,
                    "SortIndex": 3,
                    "LevelIndex": [
                        6,
                        3
                    ],
                    "IsDelete": false,
                    "Percentage": 0,
                    "CourseNodeType": 2
                },
                {
                    "CourseId": 1232,
                    "RootId": 50,
                    "ChildNodes": [],
                    "Name": "什麼是配股配息? 股利怎麼算?",
                    "Description": "除權 除息，分別代表去除 配股 和 配息 的權利。\n除權參考價、除息參考價算法。\n每股盈餘(EPS)、現金股利、股本膨脹、股票殖利率。",
                    "IsActive": true,
                    "ParentCourseId": 965,
                    "SortIndex": 4,
                    "LevelIndex": [
                        6,
                        4
                    ],
                    "IsDelete": false,
                    "Percentage": 0,
                    "CourseNodeType": 2
                },
                {
                    "CourseId": 1299,
                    "RootId": 50,
                    "ChildNodes": [],
                    "Name": "現金殖利率",
                    "Description": "現金股利殖利率，可以篩選出高價值股。\n殖利率高於4%，被視為高殖利率。\n也是華倫‧巴菲特(Warrent Buffett)的投資準則之一。",
                    "IsActive": true,
                    "ParentCourseId": 965,
                    "SortIndex": 6,
                    "LevelIndex": [
                        6,
                        5
                    ],
                    "IsDelete": false,
                    "Percentage": 0,
                    "CourseNodeType": 2
                },
                {
                    "CourseId": 1078,
                    "RootId": 50,
                    "ChildNodes": [],
                    "Name": "什麼是除權除息？投資台股必須了解的事",
                    "Description": "除權參考價、除息參考價，股價一定會蒸發。\n除權息前後對股價有哪些反應？\n例如：軋空行情、融券強制回補、股利扣抵稅額、兩稅合一。",
                    "IsActive": true,
                    "ParentCourseId": 965,
                    "SortIndex": 7,
                    "LevelIndex": [
                        6,
                        6
                    ],
                    "IsDelete": false,
                    "Percentage": 0,
                    "CourseNodeType": 2
                },
                {
                    "CourseId": 1079,
                    "RootId": 50,
                    "ChildNodes": [],
                    "Name": "集保庫存與股權分散表",
                    "Description": "集保庫存、股權分散表，反應籌碼集中程度。\n公開發行公司的股票都放在集保公司，交易不須背書轉讓。\n也可以透過股東結構分析表分析籌碼分配。",
                    "IsActive": true,
                    "ParentCourseId": 965,
                    "SortIndex": 8,
                    "LevelIndex": [
                        6,
                        7
                    ],
                    "IsDelete": false,
                    "Percentage": 0,
                    "CourseNodeType": 2
                },
                {
                    "CourseId": 1080,
                    "RootId": 50,
                    "ChildNodes": [],
                    "Name": "什麼是股東會？股市固定事件藏有賺錢機會，6個重要日期、4個影響記下來！",
                    "Description": "股東會分為股東常會、股東臨時會。\n注意這6個重要日期：股東會日期、停止過戶日、最後過戶日、融券最後回補日、停資停券日。\n並留意4個影響股價的重要關鍵！",
                    "IsActive": true,
                    "ParentCourseId": 965,
                    "SortIndex": 9,
                    "LevelIndex": [
                        6,
                        8
                    ],
                    "IsDelete": false,
                    "Percentage": 0,
                    "CourseNodeType": 2
                },
                {
                    "CourseId": 1160,
                    "RootId": 50,
                    "ChildNodes": [],
                    "Name": "什麼是折舊？",
                    "Description": "折舊(depreciation)和折耗(deduction)不同。\n沒有現金支出，但可以產生稅盾來抵稅\n有分直線折舊法、加速折舊法。折舊可以為企業費用的主要來源。",
                    "IsActive": true,
                    "ParentCourseId": 965,
                    "SortIndex": 10,
                    "LevelIndex": [
                        6,
                        9
                    ],
                    "IsDelete": false,
                    "Percentage": 0,
                    "CourseNodeType": 2
                }
            ],
            "Name": "名詞解釋",
            "Description": "",
            "IsActive": true,
            "ParentCourseId": 0,
            "SortIndex": 6,
            "LevelIndex": [
                6
            ],
            "IsDelete": false,
            "Percentage": -1,
            "CourseNodeType": 1
        }
    ]
}