{
    "Root": {
        "RootId": 53,
        "MemberId": 114703,
        "Title": "權證小學堂",
        "Description": "想要弄懂什麼是權證？想要瞭解如何投資權證？你一定不能錯過權證學習網！\n有最容易理解的輕鬆實例、最淺白易懂的圖文說明、還有能夠馬上複習的課後習題，讓你知道瞭解權證真的沒有這麼難！\n權證學習網幫投資朋友們設計了深入淺出的課程內容，讓我們一天一堂課、一步步來學習權證！",
        "ImgURL": "learnImgCC39865A.jpg",
        "LogoImgURL": "learnLogo63119A16.png",
        "AuthorName": "",
        "AuthorURL": "",
        "DomainName": "moreknowledge103",
        "VisualColor": "#0095ed",
        "IsShowLevelIndex": true,
        "IsActive": true,
        "TotalViewCount": 901227,
        "IsRecommend": true,
        "CategoryList": [
            {
                "CategoryId": 1,
                "CategoryName": "理財小學堂"
            }
        ],
        "TagIdList": [],
        "CourseCount": 0,
        "CompletionRate": 0,
        "MapBlock": 0,
        "PromptContent": ""
    },
    "ChildNodes": [
        {
            "CourseId": 661,
            "RootId": 53,
            "ChildNodes": [],
            "Name": "只要一分鐘 ... 馬上搞懂「權證」是什麼！",
            "Description": "一張權證只要一兩千塊，因為廣告指說賺得快\n所以吸引了很多股民同胞下去一搏翻身的機會\n但你真的了解什麼是權證嗎?\n本章課程將以圖解方式，帶大家理解到底什麼是權證。",
            "IsActive": true,
            "ParentCourseId": 0,
            "SortIndex": 1,
            "LevelIndex": [
                1
            ],
            "IsDelete": false,
            "Percentage": 0,
            "CourseNodeType": 2
        },
        {
            "CourseId": 884,
            "RootId": 53,
            "ChildNodes": [],
            "Name": "什麼是認購權證？什麼是認售權證？",
            "Description": "權證又分為認購權證與認售權證，兩者有什麼不同呢?\n本章課程將帶大家認識認購權證與認售權證。",
            "IsActive": true,
            "ParentCourseId": 0,
            "SortIndex": 2,
            "LevelIndex": [
                2
            ],
            "IsDelete": false,
            "Percentage": 0,
            "CourseNodeType": 2
        },
        {
            "CourseId": 964,
            "RootId": 53,
            "ChildNodes": [],
            "Name": "投資前的「暖身操」...「權證」適合我嗎？",
            "Description": "權證特色之一就是因人而宜，想要找到最適合自己操作企圖的權證，首先要了解權證的特質。",
            "IsActive": true,
            "ParentCourseId": 0,
            "SortIndex": 3,
            "LevelIndex": [
                3
            ],
            "IsDelete": false,
            "Percentage": 0,
            "CourseNodeType": 2
        },
        {
            "CourseId": 700,
            "RootId": 53,
            "ChildNodes": [],
            "Name": "第一次投資「權證」就上手 ... 5 個祕訣教你開始第一張權證！",
            "Description": "本章節將帶領大家從零開始，一步步認識買賣權證的步驟及要訣。",
            "IsActive": true,
            "ParentCourseId": 0,
            "SortIndex": 4,
            "LevelIndex": [
                4
            ],
            "IsDelete": false,
            "Percentage": 0,
            "CourseNodeType": 2
        },
        {
            "CourseId": 1215,
            "RootId": 53,
            "ChildNodes": [],
            "Name": "小資族投資權證，一定要先看懂這「5件事」！否則買錯了...會晚10年退休阿！",
            "Description": "權證的理論價格大多受 5 個因素影響，\n包含了履約價格、標的股價、市場利率、標的波動率和存續期間，\n本章課程將帶領大家認識影響權證價格的因素。",
            "IsActive": true,
            "ParentCourseId": 0,
            "SortIndex": 5,
            "LevelIndex": [
                5
            ],
            "IsDelete": false,
            "Percentage": 0,
            "CourseNodeType": 2
        },
        {
            "CourseId": 977,
            "RootId": 53,
            "ChildNodes": [],
            "Name": "投資達人「十萬賺千萬」，原來就靠「這工具」！只要 3步...看懂到底「怎麼賺」",
            "Description": "本章課程將帶大家一步步從權證的計價、設定價格、賣出獲利等等步驟，\n帶大家認識權證如何獲利。",
            "IsActive": true,
            "ParentCourseId": 0,
            "SortIndex": 6,
            "LevelIndex": [
                6
            ],
            "IsDelete": false,
            "Percentage": 0,
            "CourseNodeType": 2
        },
        {
            "CourseId": 623,
            "RootId": 53,
            "ChildNodes": [
                {
                    "CourseId": 713,
                    "RootId": 53,
                    "ChildNodes": [],
                    "Name": "權利金",
                    "Description": "",
                    "IsActive": true,
                    "ParentCourseId": 623,
                    "SortIndex": 1,
                    "LevelIndex": [
                        7,
                        1
                    ],
                    "IsDelete": false,
                    "Percentage": 0,
                    "CourseNodeType": 2
                },
                {
                    "CourseId": 705,
                    "RootId": 53,
                    "ChildNodes": [],
                    "Name": "履約價格",
                    "Description": "",
                    "IsActive": true,
                    "ParentCourseId": 623,
                    "SortIndex": 2,
                    "LevelIndex": [
                        7,
                        2
                    ],
                    "IsDelete": false,
                    "Percentage": 0,
                    "CourseNodeType": 2
                },
                {
                    "CourseId": 725,
                    "RootId": 53,
                    "ChildNodes": [],
                    "Name": "行使比例",
                    "Description": "",
                    "IsActive": true,
                    "ParentCourseId": 623,
                    "SortIndex": 3,
                    "LevelIndex": [
                        7,
                        3
                    ],
                    "IsDelete": false,
                    "Percentage": 0,
                    "CourseNodeType": 2
                },
                {
                    "CourseId": 720,
                    "RootId": 53,
                    "ChildNodes": [],
                    "Name": "歷史波動率VS隱含波動率",
                    "Description": "",
                    "IsActive": true,
                    "ParentCourseId": 623,
                    "SortIndex": 4,
                    "LevelIndex": [
                        7,
                        4
                    ],
                    "IsDelete": false,
                    "Percentage": 0,
                    "CourseNodeType": 2
                },
                {
                    "CourseId": 715,
                    "RootId": 53,
                    "ChildNodes": [],
                    "Name": "實質槓桿",
                    "Description": "",
                    "IsActive": true,
                    "ParentCourseId": 623,
                    "SortIndex": 6,
                    "LevelIndex": [
                        7,
                        5
                    ],
                    "IsDelete": false,
                    "Percentage": 0,
                    "CourseNodeType": 2
                },
                {
                    "CourseId": 707,
                    "RootId": 53,
                    "ChildNodes": [],
                    "Name": "價差比",
                    "Description": "",
                    "IsActive": true,
                    "ParentCourseId": 623,
                    "SortIndex": 7,
                    "LevelIndex": [
                        7,
                        6
                    ],
                    "IsDelete": false,
                    "Percentage": 0,
                    "CourseNodeType": 2
                },
                {
                    "CourseId": 709,
                    "RootId": 53,
                    "ChildNodes": [],
                    "Name": "溢價比",
                    "Description": "",
                    "IsActive": true,
                    "ParentCourseId": 623,
                    "SortIndex": 8,
                    "LevelIndex": [
                        7,
                        7
                    ],
                    "IsDelete": false,
                    "Percentage": 0,
                    "CourseNodeType": 2
                },
                {
                    "CourseId": 717,
                    "RootId": 53,
                    "ChildNodes": [],
                    "Name": "Delta",
                    "Description": "",
                    "IsActive": true,
                    "ParentCourseId": 623,
                    "SortIndex": 9,
                    "LevelIndex": [
                        7,
                        8
                    ],
                    "IsDelete": false,
                    "Percentage": 0,
                    "CourseNodeType": 2
                },
                {
                    "CourseId": 718,
                    "RootId": 53,
                    "ChildNodes": [],
                    "Name": "Theta",
                    "Description": "",
                    "IsActive": true,
                    "ParentCourseId": 623,
                    "SortIndex": 10,
                    "LevelIndex": [
                        7,
                        9
                    ],
                    "IsDelete": false,
                    "Percentage": 0,
                    "CourseNodeType": 2
                },
                {
                    "CourseId": 911,
                    "RootId": 53,
                    "ChildNodes": [],
                    "Name": "美式權證與歐式權證",
                    "Description": "",
                    "IsActive": true,
                    "ParentCourseId": 623,
                    "SortIndex": 11,
                    "LevelIndex": [
                        7,
                        10
                    ],
                    "IsDelete": false,
                    "Percentage": 0,
                    "CourseNodeType": 2
                }
            ],
            "Name": "權證名詞介紹",
            "Description": "",
            "IsActive": true,
            "ParentCourseId": 0,
            "SortIndex": 7,
            "LevelIndex": [
                7
            ],
            "IsDelete": false,
            "Percentage": -1,
            "CourseNodeType": 1
        }
    ]
}