{
    "Root": {
        "RootId": 64,
        "MemberId": 114696,
        "Title": "債券小學堂",
        "Description": "",
        "ImgURL": "learnImgB557F196.jpg",
        "LogoImgURL": "learnLogo0CB9D24C.png",
        "AuthorName": "",
        "AuthorURL": "",
        "DomainName": "michelle2",
        "VisualColor": "#0095ed",
        "IsShowLevelIndex": true,
        "IsActive": true,
        "TotalViewCount": 561924,
        "IsRecommend": true,
        "CategoryList": [
            {
                "CategoryId": 1,
                "CategoryName": "理財小學堂"
            }
        ],
        "TagIdList": [
            22,
            23
        ],
        "CourseCount": 0,
        "CompletionRate": 0,
        "MapBlock": 0,
        "PromptContent": ""
    },
    "ChildNodes": [
        {
            "CourseId": 1068,
            "RootId": 64,
            "ChildNodes": [],
            "Name": "什麼是債券?",
            "Description": "國債VS 公司債 ",
            "IsActive": true,
            "ParentCourseId": 0,
            "SortIndex": 2,
            "LevelIndex": [
                1
            ],
            "IsDelete": false,
            "Percentage": 0,
            "CourseNodeType": 2
        },
        {
            "CourseId": 1069,
            "RootId": 64,
            "ChildNodes": [],
            "Name": "債券的好處與風險",
            "Description": "",
            "IsActive": true,
            "ParentCourseId": 0,
            "SortIndex": 3,
            "LevelIndex": [
                2
            ],
            "IsDelete": false,
            "Percentage": 0,
            "CourseNodeType": 2
        },
        {
            "CourseId": 1130,
            "RootId": 64,
            "ChildNodes": [],
            "Name": "投資債券的賺錢方法",
            "Description": "",
            "IsActive": true,
            "ParentCourseId": 0,
            "SortIndex": 4,
            "LevelIndex": [
                3
            ],
            "IsDelete": false,
            "Percentage": 0,
            "CourseNodeType": 2
        },
        {
            "CourseId": 1072,
            "RootId": 64,
            "ChildNodes": [],
            "Name": "影響債券價格的主要因素- 利率",
            "Description": "",
            "IsActive": true,
            "ParentCourseId": 0,
            "SortIndex": 5,
            "LevelIndex": [
                4
            ],
            "IsDelete": false,
            "Percentage": 0,
            "CourseNodeType": 2
        },
        {
            "CourseId": 1071,
            "RootId": 64,
            "ChildNodes": [],
            "Name": "什麼是債券評等?",
            "Description": "",
            "IsActive": true,
            "ParentCourseId": 0,
            "SortIndex": 6,
            "LevelIndex": [
                5
            ],
            "IsDelete": false,
            "Percentage": 0,
            "CourseNodeType": 2
        },
        {
            "CourseId": 1185,
            "RootId": 64,
            "ChildNodes": [
                {
                    "CourseId": 1073,
                    "RootId": 64,
                    "ChildNodes": [],
                    "Name": "可轉換公司債",
                    "Description": "",
                    "IsActive": true,
                    "ParentCourseId": 1185,
                    "SortIndex": 1,
                    "LevelIndex": [
                        6,
                        1
                    ],
                    "IsDelete": false,
                    "Percentage": 0,
                    "CourseNodeType": 2
                },
                {
                    "CourseId": 1156,
                    "RootId": 64,
                    "ChildNodes": [],
                    "Name": "附認股權證公司債",
                    "Description": "",
                    "IsActive": true,
                    "ParentCourseId": 1185,
                    "SortIndex": 3,
                    "LevelIndex": [
                        6,
                        2
                    ],
                    "IsDelete": false,
                    "Percentage": 0,
                    "CourseNodeType": 2
                },
                {
                    "CourseId": 1166,
                    "RootId": 64,
                    "ChildNodes": [],
                    "Name": "零息債券",
                    "Description": "",
                    "IsActive": true,
                    "ParentCourseId": 1185,
                    "SortIndex": 4,
                    "LevelIndex": [
                        6,
                        3
                    ],
                    "IsDelete": false,
                    "Percentage": 0,
                    "CourseNodeType": 2
                },
                {
                    "CourseId": 1158,
                    "RootId": 64,
                    "ChildNodes": [],
                    "Name": "永續債券",
                    "Description": "",
                    "IsActive": true,
                    "ParentCourseId": 1185,
                    "SortIndex": 5,
                    "LevelIndex": [
                        6,
                        4
                    ],
                    "IsDelete": false,
                    "Percentage": 0,
                    "CourseNodeType": 2
                }
            ],
            "Name": "常見債券種類",
            "Description": "",
            "IsActive": true,
            "ParentCourseId": 0,
            "SortIndex": 7,
            "LevelIndex": [
                6
            ],
            "IsDelete": false,
            "Percentage": -1,
            "CourseNodeType": 1
        }
    ]
}