{
    "Root": {
        "RootId": 71,
        "MemberId": 114690,
        "Title": "經濟指標入門",
        "Description": "",
        "ImgURL": "learnImgB8029B76.jpg",
        "LogoImgURL": "learnLogo037FBADD.png",
        "AuthorName": "",
        "AuthorURL": "",
        "DomainName": "economic",
        "VisualColor": "#0095ed",
        "IsShowLevelIndex": true,
        "IsActive": true,
        "TotalViewCount": 641331,
        "IsRecommend": true,
        "CategoryList": [
            {
                "CategoryId": 1,
                "CategoryName": "理財小學堂"
            }
        ],
        "TagIdList": [],
        "CourseCount": 0,
        "CompletionRate": 0,
        "MapBlock": 0,
        "PromptContent": ""
    },
    "ChildNodes": [
        {
            "CourseId": 1188,
            "RootId": 71,
            "ChildNodes": [
                {
                    "CourseId": 1190,
                    "RootId": 71,
                    "ChildNodes": [],
                    "Name": "什麼是經濟指標？",
                    "Description": "經濟指標 透露了整體經濟 的 好壞及變化\n依時間點分為先行指標、同期指標、落後指標\n有官方編制、民間編制等\n",
                    "IsActive": true,
                    "ParentCourseId": 1188,
                    "SortIndex": 1,
                    "LevelIndex": [
                        1,
                        1
                    ],
                    "IsDelete": false,
                    "Percentage": 0,
                    "CourseNodeType": 2
                },
                {
                    "CourseId": 1192,
                    "RootId": 71,
                    "ChildNodes": [],
                    "Name": "經濟指標 的 4 大功用",
                    "Description": "分析 經濟指標幫我們生活及投資更順利\n從經濟趨勢的變化中 抓準制勝機會\n1. 預測整體經濟的走向2. 察覺政府的政策方向3. 提高投資勝率4. 訂定更靈活的理財策略",
                    "IsActive": true,
                    "ParentCourseId": 1188,
                    "SortIndex": 2,
                    "LevelIndex": [
                        1,
                        2
                    ],
                    "IsDelete": false,
                    "Percentage": 0,
                    "CourseNodeType": 2
                },
                {
                    "CourseId": 1193,
                    "RootId": 71,
                    "ChildNodes": [],
                    "Name": "投資人該如何使用經濟指標？",
                    "Description": "用經濟指標，掌握股市變化\n觀察整體景氣好壞、觀察 先行指標 變化 \n長期觀察、勤作筆記",
                    "IsActive": true,
                    "ParentCourseId": 1188,
                    "SortIndex": 3,
                    "LevelIndex": [
                        1,
                        3
                    ],
                    "IsDelete": false,
                    "Percentage": 0,
                    "CourseNodeType": 2
                }
            ],
            "Name": "經濟指標簡介",
            "Description": "",
            "IsActive": true,
            "ParentCourseId": 0,
            "SortIndex": 1,
            "LevelIndex": [
                1
            ],
            "IsDelete": false,
            "Percentage": -1,
            "CourseNodeType": 1
        },
        {
            "CourseId": 1189,
            "RootId": 71,
            "ChildNodes": [
                {
                    "CourseId": 1210,
                    "RootId": 71,
                    "ChildNodes": [
                        {
                            "CourseId": 1213,
                            "RootId": 71,
                            "ChildNodes": [],
                            "Name": "景氣對策信號 - 不同顏色燈號，提醒投資者該買股 or 賣股",
                            "Description": "現在應該要買股還是賣股？\n景氣指標：觀察國家景氣的好壞\n景氣對策信號：不同顏色燈號，表示目前國內景氣好壞",
                            "IsActive": true,
                            "ParentCourseId": 1210,
                            "SortIndex": 1,
                            "LevelIndex": [
                                2,
                                1,
                                1
                            ],
                            "IsDelete": false,
                            "Percentage": 0,
                            "CourseNodeType": 2
                        },
                        {
                            "CourseId": 1212,
                            "RootId": 71,
                            "ChildNodes": [],
                            "Name": "國內生產毛額 & 國民生產毛額 - 數值越高，代表景氣越好",
                            "Description": "國內生產毛額( GDP )：\n反映國家經濟力的指標，數值愈高，代表景氣愈好\nGDP與股市變化的關係",
                            "IsActive": true,
                            "ParentCourseId": 1210,
                            "SortIndex": 2,
                            "LevelIndex": [
                                2,
                                1,
                                2
                            ],
                            "IsDelete": false,
                            "Percentage": 0,
                            "CourseNodeType": 2
                        },
                        {
                            "CourseId": 1214,
                            "RootId": 71,
                            "ChildNodes": [],
                            "Name": "美國領先指標 - 影響全球未來景氣",
                            "Description": "美國領先指標：預測未來 3 - 6 個月的景氣方向\n3D 法則：從領先指標持續上升或下降的時間、深度、擴散度，3 層面來判斷景氣表現\n美國領先指標與台股的關係",
                            "IsActive": true,
                            "ParentCourseId": 1210,
                            "SortIndex": 3,
                            "LevelIndex": [
                                2,
                                1,
                                3
                            ],
                            "IsDelete": false,
                            "Percentage": 0,
                            "CourseNodeType": 2
                        }
                    ],
                    "Name": "景氣指標",
                    "Description": "",
                    "IsActive": true,
                    "ParentCourseId": 1189,
                    "SortIndex": 1,
                    "LevelIndex": [
                        2,
                        1
                    ],
                    "IsDelete": false,
                    "Percentage": -1,
                    "CourseNodeType": 1
                },
                {
                    "CourseId": 1194,
                    "RootId": 71,
                    "ChildNodes": [
                        {
                            "CourseId": 1199,
                            "RootId": 71,
                            "ChildNodes": [],
                            "Name": "ISM製造業與非製造業指數 - 預測全球未來景氣",
                            "Description": "製造業相關指標：觀察國家 製造業現況，並預測未來景氣趨勢\nISM 製造業與非製造業指數反映了出亞洲等國的出口狀況，\n是股市重要的先行指標",
                            "IsActive": true,
                            "ParentCourseId": 1194,
                            "SortIndex": 1,
                            "LevelIndex": [
                                2,
                                2,
                                1
                            ],
                            "IsDelete": false,
                            "Percentage": 0,
                            "CourseNodeType": 2
                        },
                        {
                            "CourseId": 1200,
                            "RootId": 71,
                            "ChildNodes": [],
                            "Name": "SEMI北美半導體B/B值 - 影響全球 半導體產業的股價",
                            "Description": "SEMI北美半導體B/B值：影響台灣半導體產業股價走勢\nB/B值 判讀方式\n判斷相關廠商的股價走勢、幫助投資人做出投資決策",
                            "IsActive": true,
                            "ParentCourseId": 1194,
                            "SortIndex": 2,
                            "LevelIndex": [
                                2,
                                2,
                                2
                            ],
                            "IsDelete": false,
                            "Percentage": 0,
                            "CourseNodeType": 2
                        }
                    ],
                    "Name": "製造業相關指標",
                    "Description": "",
                    "IsActive": true,
                    "ParentCourseId": 1189,
                    "SortIndex": 2,
                    "LevelIndex": [
                        2,
                        2
                    ],
                    "IsDelete": false,
                    "Percentage": -1,
                    "CourseNodeType": 1
                },
                {
                    "CourseId": 1195,
                    "RootId": 71,
                    "ChildNodes": [
                        {
                            "CourseId": 1202,
                            "RootId": 71,
                            "ChildNodes": [],
                            "Name": "失業率 - 持續上漲時，股市可能會大跌",
                            "Description": "觀察失業率，可以預估你的投資勝算\n就業相關指標：直接影響民眾的消費能力，是需要重點關注的經濟指標！\n失業率的 4 個判讀方式反映國家的景氣狀況",
                            "IsActive": true,
                            "ParentCourseId": 1195,
                            "SortIndex": 1,
                            "LevelIndex": [
                                2,
                                3,
                                1
                            ],
                            "IsDelete": false,
                            "Percentage": 0,
                            "CourseNodeType": 2
                        },
                        {
                            "CourseId": 1205,
                            "RootId": 71,
                            "ChildNodes": [],
                            "Name": "非農業就業人口 - 上漲，股市也會跟著漲",
                            "Description": "非農業就業數據代表全美 9 成以上的就業人口可以從中推知美國景氣狀態。\n當 非農業就業數據 上升，台股表現會變好！",
                            "IsActive": true,
                            "ParentCourseId": 1195,
                            "SortIndex": 2,
                            "LevelIndex": [
                                2,
                                3,
                                2
                            ],
                            "IsDelete": false,
                            "Percentage": 0,
                            "CourseNodeType": 2
                        },
                        {
                            "CourseId": 1204,
                            "RootId": 71,
                            "ChildNodes": [],
                            "Name": "上週初次申請失業救濟金人數 - 走勢與股市 相反",
                            "Description": "上週初次申請失業救濟金人數 與股市漲跌的關聯\n每周都會更新，美國初次申請失業救濟金人數與美股走勢「相反」",
                            "IsActive": true,
                            "ParentCourseId": 1195,
                            "SortIndex": 3,
                            "LevelIndex": [
                                2,
                                3,
                                3
                            ],
                            "IsDelete": false,
                            "Percentage": 0,
                            "CourseNodeType": 2
                        }
                    ],
                    "Name": "就業相關指標",
                    "Description": "",
                    "IsActive": true,
                    "ParentCourseId": 1189,
                    "SortIndex": 3,
                    "LevelIndex": [
                        2,
                        3
                    ],
                    "IsDelete": false,
                    "Percentage": -1,
                    "CourseNodeType": 1
                },
                {
                    "CourseId": 1197,
                    "RootId": 71,
                    "ChildNodes": [
                        {
                            "CourseId": 1209,
                            "RootId": 71,
                            "ChildNodes": [],
                            "Name": "零售銷售指數 - 預測全球景氣的好壞",
                            "Description": "央行降息刺激消費，會影響到股市\n當 消費相關指標上揚，股市表現就會變好！\n零售銷售、個人消費支出、消費者信心指數\n美國零售銷售額 與 美股 的關係",
                            "IsActive": true,
                            "ParentCourseId": 1197,
                            "SortIndex": 1,
                            "LevelIndex": [
                                2,
                                4,
                                1
                            ],
                            "IsDelete": false,
                            "Percentage": 0,
                            "CourseNodeType": 2
                        },
                        {
                            "CourseId": 1208,
                            "RootId": 71,
                            "ChildNodes": [],
                            "Name": "個人消費支出 - 影響景氣，也影響股市",
                            "Description": "美國個人消費支出越高，美股表現通常越好\n美國個人消費支出成長，會帶動台灣出口總金額跟著提高",
                            "IsActive": true,
                            "ParentCourseId": 1197,
                            "SortIndex": 2,
                            "LevelIndex": [
                                2,
                                4,
                                2
                            ],
                            "IsDelete": false,
                            "Percentage": 0,
                            "CourseNodeType": 2
                        }
                    ],
                    "Name": "消費相關指標",
                    "Description": "",
                    "IsActive": true,
                    "ParentCourseId": 1189,
                    "SortIndex": 4,
                    "LevelIndex": [
                        2,
                        4
                    ],
                    "IsDelete": false,
                    "Percentage": -1,
                    "CourseNodeType": 1
                }
            ],
            "Name": "投資股票要觀察的經濟指標",
            "Description": "",
            "IsActive": true,
            "ParentCourseId": 0,
            "SortIndex": 2,
            "LevelIndex": [
                2
            ],
            "IsDelete": false,
            "Percentage": -1,
            "CourseNodeType": 1
        }
    ]
}